ISO-10303-21;
HEADER;
FILE_DESCRIPTION((''),'2;1');
FILE_NAME('POINTY_ENDED_A','2026-07-23T',('leo86'),(''),
'PRO/ENGINEER BY PARAMETRIC TECHNOLOGY CORPORATION, 2013230',
'PRO/ENGINEER BY PARAMETRIC TECHNOLOGY CORPORATION, 2013230','');
FILE_SCHEMA(('CONFIG_CONTROL_DESIGN'));
ENDSEC;
DATA;
#1=DIRECTION('',(0.E0,-8.670758668596E-1,-4.981761145516E-1));
#2=VECTOR('',#1,4.387506748076E1);
#3=CARTESIAN_POINT('',(-2.45E1,4.664644093989E1,-9.742489356748E0));
#4=LINE('',#3,#2);
#5=CARTESIAN_POINT('',(-2.45E1,6.208990049099E1,-3.662184122940E1));
#6=DIRECTION('',(1.E0,0.E0,0.E0));
#7=DIRECTION('',(0.E0,-1.893961407134E-1,9.819007596916E-1));
#8=AXIS2_PLACEMENT_3D('',#5,#6,#7);
#10=DIRECTION('',(0.E0,-9.819007596905E-1,-1.893961407189E-1));
#11=VECTOR('',#10,2.014600729726E1);
#12=CARTESIAN_POINT('',(-2.45E1,7.599999999879E1,-2.367341645960E0));
#13=LINE('',#12,#11);
#14=DIRECTION('',(0.E0,5.131857379673E-10,1.E0));
#15=VECTOR('',#14,2.367341645960E0);
#16=CARTESIAN_POINT('',(-2.45E1,7.599999999879E1,-2.367341645960E0));
#17=LINE('',#16,#15);
#18=DIRECTION('',(0.E0,-1.E0,0.E0));
#19=VECTOR('',#18,1.E1);
#20=CARTESIAN_POINT('',(-2.45E1,7.6E1,0.E0));
#21=LINE('',#20,#19);
#22=DIRECTION('',(0.E0,-1.E0,0.E0));
#23=VECTOR('',#22,5.E0);
#24=CARTESIAN_POINT('',(-2.45E1,5.E0,-6.E0));
#25=LINE('',#24,#23);
#26=DIRECTION('',(2.039609291089E-13,-1.E0,0.E0));
#27=VECTOR('',#26,6.862928089035E0);
#28=CARTESIAN_POINT('',(-2.25E1,6.862928089035E0,-3.36E1));
#29=LINE('',#28,#27);
#30=CARTESIAN_POINT('',(-2.45E1,8.603428770486E0,-3.16E1));
#31=CARTESIAN_POINT('',(-2.449999997705E1,8.549388722586E0,-3.166207668613E1));
#32=CARTESIAN_POINT('',(-2.449418110854E1,8.439636474795E0,-3.178821913833E1));
#33=CARTESIAN_POINT('',(-2.446676996910E1,8.271855332096E0,-3.198100628616E1));
#34=CARTESIAN_POINT('',(-2.441776597256E1,8.098654956013E0,-3.218003055537E1));
#35=CARTESIAN_POINT('',(-2.434777856539E1,7.929327757960E0,-3.237460267144E1));
#36=CARTESIAN_POINT('',(-2.425792764041E1,7.766988291441E0,-3.256114532109E1));
#37=CARTESIAN_POINT('',(-2.415144720583E1,7.616542193278E0,-3.273402210287E1));
#38=CARTESIAN_POINT('',(-2.403302268848E1,7.481571717734E0,-3.288911684440E1));
#39=CARTESIAN_POINT('',(-2.390827770078E1,7.364349412010E0,-3.302381702517E1));
#40=CARTESIAN_POINT('',(-2.378041205324E1,7.263714368971E0,-3.313945622888E1));
#41=CARTESIAN_POINT('',(-2.364988414896E1,7.177073766653E0,-3.323901516176E1));
#42=CARTESIAN_POINT('',(-2.351744488107E1,7.102981647341E0,-3.332415534317E1));
#43=CARTESIAN_POINT('',(-2.338479475224E1,7.040760347085E0,-3.339565512400E1));
#44=CARTESIAN_POINT('',(-2.325334404493E1,6.989584548208E0,-3.345446203247E1));
#45=CARTESIAN_POINT('',(-2.312483514146E1,6.948685094724E0,-3.350146035648E1));
#46=CARTESIAN_POINT('',(-2.299917323111E1,6.916800092238E0,-3.353809830387E1));
#47=CARTESIAN_POINT('',(-2.287897882067E1,6.893418971441E0,-3.356496557732E1));
#48=CARTESIAN_POINT('',(-2.276363594761E1,6.877116977928E0,-3.358369524794E1));
#49=CARTESIAN_POINT('',(-2.264211537480E1,6.866098790850E0,-3.359636056467E1));
#50=CARTESIAN_POINT('',(-2.254888952887E1,6.862927417986E0,-3.360000008562E1));
#51=CARTESIAN_POINT('',(-2.25E1,6.862928089035E0,-3.36E1));
#53=DIRECTION('',(0.E0,1.E0,-3.344826994675E-14));
#54=VECTOR('',#53,8.603428770486E0);
#55=CARTESIAN_POINT('',(-2.45E1,0.E0,-3.16E1));
#56=LINE('',#55,#54);
#57=DIRECTION('',(1.E0,0.E0,0.E0));
#58=VECTOR('',#57,3.E0);
#59=CARTESIAN_POINT('',(-1.5E0,6.862928089035E0,-3.36E1));
#60=LINE('',#59,#58);
#61=DIRECTION('',(0.E0,1.E0,0.E0));
#62=VECTOR('',#61,1.862928089035E0);
#63=CARTESIAN_POINT('',(-1.5E0,5.E0,-3.36E1));
#64=LINE('',#63,#62);
#65=DIRECTION('',(1.E0,2.131628207279E-14,0.E0));
#66=VECTOR('',#65,2.000000000001E0);
#67=CARTESIAN_POINT('',(-2.25E1,6.862928089035E0,-3.36E1));
#68=LINE('',#67,#66);
#69=CARTESIAN_POINT('',(-3.55E1,5.507654562083E0,-3.36E1));
#70=DIRECTION('',(0.E0,0.E0,1.E0));
#71=DIRECTION('',(1.E0,0.E0,0.E0));
#72=AXIS2_PLACEMENT_3D('',#69,#70,#71);
#74=DIRECTION('',(1.E0,1.443665274076E-8,1.441993928527E-11));
#75=VECTOR('',#74,2.000565640476E0);
#76=CARTESIAN_POINT('',(2.048359789856E1,6.862928089035E0,-3.36E1));
#77=LINE('',#76,#75);
#78=CARTESIAN_POINT('',(-3.55E1,5.507654562083E0,-3.36E1));
#79=DIRECTION('',(0.E0,0.E0,-1.E0));
#80=DIRECTION('',(9.997071053313E-1,2.420131298128E-2,0.E0));
#81=AXIS2_PLACEMENT_3D('',#78,#79,#80);
#83=DIRECTION('',(-2.099486901613E-14,-1.E0,0.E0));
#84=VECTOR('',#83,5.076545620844E-1);
#85=CARTESIAN_POINT('',(2.05E1,5.507654562084E0,-3.36E1));
#86=LINE('',#85,#84);
#87=DIRECTION('',(0.E0,0.E0,-1.E0));
#88=VECTOR('',#87,7.5E0);
#89=CARTESIAN_POINT('',(-2.05E1,5.E0,-4.E0));
#90=LINE('',#89,#88);
#91=DIRECTION('',(1.E0,0.E0,0.E0));
#92=VECTOR('',#91,1.9E1);
#93=CARTESIAN_POINT('',(-2.05E1,5.E0,-1.15E1));
#94=LINE('',#93,#92);
#95=DIRECTION('',(0.E0,0.E0,-1.E0));
#96=VECTOR('',#95,7.5E0);
#97=CARTESIAN_POINT('',(-1.5E0,5.E0,-4.E0));
#98=LINE('',#97,#96);
#99=DIRECTION('',(1.E0,0.E0,0.E0));
#100=VECTOR('',#99,1.9E1);
#101=CARTESIAN_POINT('',(-2.05E1,5.E0,-4.E0));
#102=LINE('',#101,#100);
#103=DIRECTION('',(0.E0,0.E0,-1.E0));
#104=VECTOR('',#103,1.609013173790E1);
#105=CARTESIAN_POINT('',(-2.05E1,5.E0,-1.750986826210E1));
#106=LINE('',#105,#104);
#107=DIRECTION('',(-1.E0,0.E0,0.E0));
#108=VECTOR('',#107,1.9E1);
#109=CARTESIAN_POINT('',(-1.5E0,5.E0,-3.36E1));
#110=LINE('',#109,#108);
#111=DIRECTION('',(0.E0,0.E0,-1.E0));
#112=VECTOR('',#111,1.609013173790E1);
#113=CARTESIAN_POINT('',(-1.5E0,5.E0,-1.750986826210E1));
#114=LINE('',#113,#112);
#115=DIRECTION('',(1.E0,0.E0,0.E0));
#116=VECTOR('',#115,1.9E1);
#117=CARTESIAN_POINT('',(-2.05E1,5.E0,-1.750986826210E1));
#118=LINE('',#117,#116);
#119=DIRECTION('',(0.E0,0.E0,-1.E0));
#120=VECTOR('',#119,7.5E0);
#121=CARTESIAN_POINT('',(2.05E1,5.E0,-4.E0));
#122=LINE('',#121,#120);
#123=DIRECTION('',(1.E0,0.E0,0.E0));
#124=VECTOR('',#123,1.9E1);
#125=CARTESIAN_POINT('',(1.5E0,5.E0,-4.E0));
#126=LINE('',#125,#124);
#127=DIRECTION('',(0.E0,0.E0,-1.E0));
#128=VECTOR('',#127,7.5E0);
#129=CARTESIAN_POINT('',(1.5E0,5.E0,-4.E0));
#130=LINE('',#129,#128);
#131=DIRECTION('',(1.E0,0.E0,0.E0));
#132=VECTOR('',#131,1.9E1);
#133=CARTESIAN_POINT('',(1.5E0,5.E0,-1.15E1));
#134=LINE('',#133,#132);
#135=DIRECTION('',(0.E0,0.E0,-1.E0));
#136=VECTOR('',#135,1.609013173790E1);
#137=CARTESIAN_POINT('',(2.05E1,5.E0,-1.750986826210E1));
#138=LINE('',#137,#136);
#139=DIRECTION('',(1.E0,0.E0,0.E0));
#140=VECTOR('',#139,1.9E1);
#141=CARTESIAN_POINT('',(1.5E0,5.E0,-1.750986826210E1));
#142=LINE('',#141,#140);
#143=DIRECTION('',(0.E0,0.E0,-1.E0));
#144=VECTOR('',#143,1.609013173790E1);
#145=CARTESIAN_POINT('',(1.5E0,5.E0,-1.750986826210E1));
#146=LINE('',#145,#144);
#147=DIRECTION('',(-1.E0,0.E0,0.E0));
#148=VECTOR('',#147,1.9E1);
#149=CARTESIAN_POINT('',(2.05E1,5.E0,-3.36E1));
#150=LINE('',#149,#148);
#151=CARTESIAN_POINT('',(7.5E0,5.E0,-2.96E1));
#152=DIRECTION('',(0.E0,1.E0,0.E0));
#153=DIRECTION('',(-1.E0,0.E0,0.E0));
#154=AXIS2_PLACEMENT_3D('',#151,#152,#153);
#156=DIRECTION('',(0.E0,-1.E0,0.E0));
#157=VECTOR('',#156,3.E0);
#158=CARTESIAN_POINT('',(4.5E0,5.E0,-2.96E1));
#159=LINE('',#158,#157);
#160=CARTESIAN_POINT('',(7.5E0,5.E0,-2.96E1));
#161=DIRECTION('',(0.E0,1.E0,0.E0));
#162=DIRECTION('',(1.E0,0.E0,0.E0));
#163=AXIS2_PLACEMENT_3D('',#160,#161,#162);
#165=DIRECTION('',(0.E0,-1.E0,0.E0));
#166=VECTOR('',#165,3.E0);
#167=CARTESIAN_POINT('',(1.05E1,5.E0,-2.96E1));
#168=LINE('',#167,#166);
#169=CARTESIAN_POINT('',(7.5E0,2.E0,-2.96E1));
#170=DIRECTION('',(0.E0,1.E0,0.E0));
#171=DIRECTION('',(-1.E0,0.E0,0.E0));
#172=AXIS2_PLACEMENT_3D('',#169,#170,#171);
#174=CARTESIAN_POINT('',(7.5E0,2.E0,-2.96E1));
#175=DIRECTION('',(0.E0,1.E0,0.E0));
#176=DIRECTION('',(1.E0,0.E0,0.E0));
#177=AXIS2_PLACEMENT_3D('',#174,#175,#176);
#179=CARTESIAN_POINT('',(-7.5E0,2.E0,-2.96E1));
#180=DIRECTION('',(0.E0,1.E0,0.E0));
#181=DIRECTION('',(-1.E0,0.E0,0.E0));
#182=AXIS2_PLACEMENT_3D('',#179,#180,#181);
#184=CARTESIAN_POINT('',(-7.5E0,2.E0,-2.96E1));
#185=DIRECTION('',(0.E0,1.E0,0.E0));
#186=DIRECTION('',(1.E0,0.E0,0.E0));
#187=AXIS2_PLACEMENT_3D('',#184,#185,#186);
#189=CARTESIAN_POINT('',(-7.5E0,2.E0,-8.E0));
#190=DIRECTION('',(0.E0,1.E0,0.E0));
#191=DIRECTION('',(-1.E0,0.E0,0.E0));
#192=AXIS2_PLACEMENT_3D('',#189,#190,#191);
#194=CARTESIAN_POINT('',(-7.5E0,2.E0,-8.E0));
#195=DIRECTION('',(0.E0,1.E0,0.E0));
#196=DIRECTION('',(1.E0,0.E0,0.E0));
#197=AXIS2_PLACEMENT_3D('',#194,#195,#196);
#199=CARTESIAN_POINT('',(7.5E0,2.E0,-8.E0));
#200=DIRECTION('',(0.E0,1.E0,0.E0));
#201=DIRECTION('',(-1.E0,0.E0,0.E0));
#202=AXIS2_PLACEMENT_3D('',#199,#200,#201);
#204=CARTESIAN_POINT('',(7.5E0,2.E0,-8.E0));
#205=DIRECTION('',(0.E0,1.E0,0.E0));
#206=DIRECTION('',(1.E0,0.E0,0.E0));
#207=AXIS2_PLACEMENT_3D('',#204,#205,#206);
#209=CARTESIAN_POINT('',(7.5E0,2.E0,-2.96E1));
#210=DIRECTION('',(0.E0,1.E0,0.E0));
#211=DIRECTION('',(0.E0,0.E0,1.E0));
#212=AXIS2_PLACEMENT_3D('',#209,#210,#211);
#214=CARTESIAN_POINT('',(7.5E0,2.E0,-2.96E1));
#215=DIRECTION('',(0.E0,1.E0,0.E0));
#216=DIRECTION('',(0.E0,0.E0,-1.E0));
#217=AXIS2_PLACEMENT_3D('',#214,#215,#216);
#219=CARTESIAN_POINT('',(-7.5E0,2.E0,-2.96E1));
#220=DIRECTION('',(0.E0,1.E0,0.E0));
#221=DIRECTION('',(0.E0,0.E0,1.E0));
#222=AXIS2_PLACEMENT_3D('',#219,#220,#221);
#224=CARTESIAN_POINT('',(-7.5E0,2.E0,-2.96E1));
#225=DIRECTION('',(0.E0,1.E0,0.E0));
#226=DIRECTION('',(0.E0,0.E0,-1.E0));
#227=AXIS2_PLACEMENT_3D('',#224,#225,#226);
#229=CARTESIAN_POINT('',(7.5E0,2.E0,-8.E0));
#230=DIRECTION('',(0.E0,1.E0,0.E0));
#231=DIRECTION('',(0.E0,0.E0,1.E0));
#232=AXIS2_PLACEMENT_3D('',#229,#230,#231);
#234=CARTESIAN_POINT('',(7.5E0,2.E0,-8.E0));
#235=DIRECTION('',(0.E0,1.E0,0.E0));
#236=DIRECTION('',(0.E0,0.E0,-1.E0));
#237=AXIS2_PLACEMENT_3D('',#234,#235,#236);
#239=CARTESIAN_POINT('',(-7.5E0,2.E0,-8.E0));
#240=DIRECTION('',(0.E0,1.E0,0.E0));
#241=DIRECTION('',(0.E0,0.E0,1.E0));
#242=AXIS2_PLACEMENT_3D('',#239,#240,#241);
#244=CARTESIAN_POINT('',(-7.5E0,2.E0,-8.E0));
#245=DIRECTION('',(0.E0,1.E0,0.E0));
#246=DIRECTION('',(0.E0,0.E0,-1.E0));
#247=AXIS2_PLACEMENT_3D('',#244,#245,#246);
#249=CARTESIAN_POINT('',(-7.5E0,5.E0,-2.96E1));
#250=DIRECTION('',(0.E0,1.E0,0.E0));
#251=DIRECTION('',(-1.E0,0.E0,0.E0));
#252=AXIS2_PLACEMENT_3D('',#249,#250,#251);
#254=DIRECTION('',(0.E0,-1.E0,0.E0));
#255=VECTOR('',#254,3.E0);
#256=CARTESIAN_POINT('',(-1.05E1,5.E0,-2.96E1));
#257=LINE('',#256,#255);
#258=CARTESIAN_POINT('',(-7.5E0,5.E0,-2.96E1));
#259=DIRECTION('',(0.E0,1.E0,0.E0));
#260=DIRECTION('',(1.E0,0.E0,0.E0));
#261=AXIS2_PLACEMENT_3D('',#258,#259,#260);
#263=DIRECTION('',(0.E0,-1.E0,0.E0));
#264=VECTOR('',#263,3.E0);
#265=CARTESIAN_POINT('',(-4.5E0,5.E0,-2.96E1));
#266=LINE('',#265,#264);
#267=CARTESIAN_POINT('',(-7.5E0,5.E0,-8.E0));
#268=DIRECTION('',(0.E0,1.E0,0.E0));
#269=DIRECTION('',(-1.E0,0.E0,0.E0));
#270=AXIS2_PLACEMENT_3D('',#267,#268,#269);
#272=DIRECTION('',(0.E0,-1.E0,0.E0));
#273=VECTOR('',#272,3.E0);
#274=CARTESIAN_POINT('',(-1.05E1,5.E0,-8.E0));
#275=LINE('',#274,#273);
#276=CARTESIAN_POINT('',(-7.5E0,5.E0,-8.E0));
#277=DIRECTION('',(0.E0,1.E0,0.E0));
#278=DIRECTION('',(1.E0,0.E0,0.E0));
#279=AXIS2_PLACEMENT_3D('',#276,#277,#278);
#281=DIRECTION('',(0.E0,-1.E0,0.E0));
#282=VECTOR('',#281,3.E0);
#283=CARTESIAN_POINT('',(-4.5E0,5.E0,-8.E0));
#284=LINE('',#283,#282);
#285=CARTESIAN_POINT('',(7.5E0,5.E0,-8.E0));
#286=DIRECTION('',(0.E0,1.E0,0.E0));
#287=DIRECTION('',(-1.E0,0.E0,0.E0));
#288=AXIS2_PLACEMENT_3D('',#285,#286,#287);
#290=DIRECTION('',(0.E0,-1.E0,0.E0));
#291=VECTOR('',#290,3.E0);
#292=CARTESIAN_POINT('',(4.5E0,5.E0,-8.E0));
#293=LINE('',#292,#291);
#294=CARTESIAN_POINT('',(7.5E0,5.E0,-8.E0));
#295=DIRECTION('',(0.E0,1.E0,0.E0));
#296=DIRECTION('',(1.E0,0.E0,0.E0));
#297=AXIS2_PLACEMENT_3D('',#294,#295,#296);
#299=DIRECTION('',(0.E0,-1.E0,0.E0));
#300=VECTOR('',#299,3.E0);
#301=CARTESIAN_POINT('',(1.05E1,5.E0,-8.E0));
#302=LINE('',#301,#300);
#303=DIRECTION('',(0.E0,-1.E0,0.E0));
#304=VECTOR('',#303,2.E0);
#305=CARTESIAN_POINT('',(7.5E0,2.E0,-2.79E1));
#306=LINE('',#305,#304);
#307=CARTESIAN_POINT('',(7.5E0,0.E0,-2.96E1));
#308=DIRECTION('',(0.E0,1.E0,0.E0));
#309=DIRECTION('',(0.E0,0.E0,1.E0));
#310=AXIS2_PLACEMENT_3D('',#307,#308,#309);
#312=DIRECTION('',(0.E0,-1.E0,0.E0));
#313=VECTOR('',#312,2.E0);
#314=CARTESIAN_POINT('',(7.5E0,2.E0,-3.13E1));
#315=LINE('',#314,#313);
#316=CARTESIAN_POINT('',(7.5E0,0.E0,-2.96E1));
#317=DIRECTION('',(0.E0,1.E0,0.E0));
#318=DIRECTION('',(0.E0,0.E0,-1.E0));
#319=AXIS2_PLACEMENT_3D('',#316,#317,#318);
#321=DIRECTION('',(0.E0,0.E0,-1.E0));
#322=VECTOR('',#321,9.6E0);
#323=CARTESIAN_POINT('',(2.45E1,0.E0,-2.2E1));
#324=LINE('',#323,#322);
#325=CARTESIAN_POINT('',(2.25E1,0.E0,-3.16E1));
#326=DIRECTION('',(0.E0,-1.E0,0.E0));
#327=DIRECTION('',(1.243449787580E-14,0.E0,-1.E0));
#328=AXIS2_PLACEMENT_3D('',#325,#326,#327);
#330=DIRECTION('',(-1.E0,0.E0,0.E0));
#331=VECTOR('',#330,4.5E1);
#332=CARTESIAN_POINT('',(2.25E1,0.E0,-3.36E1));
#333=LINE('',#332,#331);
#334=CARTESIAN_POINT('',(-2.25E1,-2.842170943040E-14,-3.16E1));
#335=DIRECTION('',(0.E0,-1.E0,0.E0));
#336=DIRECTION('',(-1.E0,0.E0,0.E0));
#337=AXIS2_PLACEMENT_3D('',#334,#335,#336);
#339=DIRECTION('',(0.E0,0.E0,1.E0));
#340=VECTOR('',#339,2.56E1);
#341=CARTESIAN_POINT('',(-2.45E1,0.E0,-3.16E1));
#342=LINE('',#341,#340);
#343=CARTESIAN_POINT('',(-2.25E1,0.E0,-6.E0));
#344=DIRECTION('',(0.E0,-1.E0,0.E0));
#345=DIRECTION('',(0.E0,0.E0,1.E0));
#346=AXIS2_PLACEMENT_3D('',#343,#344,#345);
#348=DIRECTION('',(1.E0,0.E0,0.E0));
#349=VECTOR('',#348,3.5E1);
#350=CARTESIAN_POINT('',(-2.25E1,0.E0,-4.E0));
#351=LINE('',#350,#349);
#352=DIRECTION('',(0.E0,0.E0,-1.E0));
#353=VECTOR('',#352,1.8E1);
#354=CARTESIAN_POINT('',(1.25E1,0.E0,-4.E0));
#355=LINE('',#354,#353);
#356=DIRECTION('',(0.E0,-1.E0,0.E0));
#357=VECTOR('',#356,3.E0);
#358=CARTESIAN_POINT('',(1.25E1,3.E0,-4.E0));
#359=LINE('',#358,#357);
#360=DIRECTION('',(0.E0,4.472135955E-1,8.944271909999E-1));
#361=VECTOR('',#360,3.354101966250E0);
#362=CARTESIAN_POINT('',(1.25E1,1.5E0,-7.E0));
#363=LINE('',#362,#361);
#364=DIRECTION('',(0.E0,0.E0,1.E0));
#365=VECTOR('',#364,1.5E1);
#366=CARTESIAN_POINT('',(1.25E1,1.5E0,-2.2E1));
#367=LINE('',#366,#365);
#368=DIRECTION('',(0.E0,1.E0,0.E0));
#369=VECTOR('',#368,1.5E0);
#370=CARTESIAN_POINT('',(1.25E1,0.E0,-2.2E1));
#371=LINE('',#370,#369);
#372=DIRECTION('',(-1.E0,0.E0,0.E0));
#373=VECTOR('',#372,2.E0);
#374=CARTESIAN_POINT('',(-2.05E1,5.E0,-4.E0));
#375=LINE('',#374,#373);
#376=DIRECTION('',(-1.E0,0.E0,0.E0));
#377=VECTOR('',#376,3.E0);
#378=CARTESIAN_POINT('',(1.5E0,5.E0,-4.E0));
#379=LINE('',#378,#377);
#380=DIRECTION('',(-1.E0,0.E0,0.E0));
#381=VECTOR('',#380,2.E0);
#382=CARTESIAN_POINT('',(2.25E1,5.E0,-4.E0));
#383=LINE('',#382,#381);
#384=DIRECTION('',(0.E0,-1.E0,0.E0));
#385=VECTOR('',#384,2.E0);
#386=CARTESIAN_POINT('',(2.25E1,5.E0,-4.E0));
#387=LINE('',#386,#385);
#388=DIRECTION('',(0.E0,-1.E0,0.E0));
#389=VECTOR('',#388,5.E0);
#390=CARTESIAN_POINT('',(-2.25E1,5.E0,-4.E0));
#391=LINE('',#390,#389);
#392=DIRECTION('',(-1.E0,1.776356839400E-14,0.E0));
#393=VECTOR('',#392,2.E0);
#394=CARTESIAN_POINT('',(-2.25E1,5.E0,-4.E0));
#395=LINE('',#394,#393);
#396=DIRECTION('',(0.E0,-9.978569490503E-1,-6.543324256068E-2));
#397=VECTOR('',#396,6.113100686231E1);
#398=CARTESIAN_POINT('',(-2.45E1,6.6E1,0.E0));
#399=LINE('',#398,#397);
#400=DIRECTION('',(1.E0,0.E0,0.E0));
#401=VECTOR('',#400,1.751424671090E1);
#402=CARTESIAN_POINT('',(-2.45E1,6.6E1,0.E0));
#403=LINE('',#402,#401);
#404=CARTESIAN_POINT('',(6.586376039926E0,4.827138863461E1,-1.162531892812E0));
#405=CARTESIAN_POINT('',(1.228003576106E0,5.354488692388E1,-8.167287263028E-1));
#406=CARTESIAN_POINT('',(-3.295562406007E0,5.945478777693E1,
-4.291942441359E-1));
#407=CARTESIAN_POINT('',(-6.985753289101E0,6.6E1,0.E0));
#409=CARTESIAN_POINT('',(6.586376039926E0,4.827138863461E1,-1.162531892812E0));
#410=CARTESIAN_POINT('',(9.573601233001E0,4.533147972538E1,-1.355312804893E0));
#411=CARTESIAN_POINT('',(1.468270631344E1,3.909049132837E1,-1.764557945681E0));
#412=CARTESIAN_POINT('',(2.018449792206E1,2.882670719704E1,-2.437592970686E0));
#413=CARTESIAN_POINT('',(2.363735834260E1,1.770775732120E1,-3.166704437954E0));
#414=CARTESIAN_POINT('',(2.449999518090E1,9.694413562993E0,-3.692169602427E0));
#415=CARTESIAN_POINT('',(2.449999999996E1,5.507723624677E0,-3.966706647562E0));
#417=DIRECTION('',(1.396595064053E-14,9.978569490503E-1,6.543324256068E-2));
#418=VECTOR('',#417,5.087678984758E-1);
#419=CARTESIAN_POINT('',(2.45E1,5.E0,-4.E0));
#420=LINE('',#419,#418);
#421=DIRECTION('',(-1.E0,0.E0,0.E0));
#422=VECTOR('',#421,2.E0);
#423=CARTESIAN_POINT('',(2.45E1,5.E0,-4.E0));
#424=LINE('',#423,#422);
#425=DIRECTION('',(1.396658396146E-14,9.978569490503E-1,6.543324256068E-2));
#426=VECTOR('',#425,5.087448281706E-1);
#427=CARTESIAN_POINT('',(2.05E1,5.E0,-4.E0));
#428=LINE('',#427,#426);
#429=CARTESIAN_POINT('',(1.699808062519E1,2.5E1,-2.688524590164E0));
#430=CARTESIAN_POINT('',(1.816553852427E1,2.185572477115E1,-2.894706572383E0));
#431=CARTESIAN_POINT('',(1.990259124720E1,1.546021010091E1,-3.314084583547E0));
#432=CARTESIAN_POINT('',(2.05E1,8.860800718134E0,-3.746832739794E0));
#433=CARTESIAN_POINT('',(2.05E1,5.507654562084E0,-3.966711176257E0));
#435=DIRECTION('',(-1.E0,0.E0,0.E0));
#436=VECTOR('',#435,1.549808062519E1);
#437=CARTESIAN_POINT('',(1.699808062519E1,2.5E1,-2.688524590164E0));
#438=LINE('',#437,#436);
#439=DIRECTION('',(0.E0,9.978569490503E-1,6.543324256068E-2));
#440=VECTOR('',#439,2.004295306961E1);
#441=CARTESIAN_POINT('',(1.5E0,5.E0,-4.E0));
#442=LINE('',#441,#440);
#443=DIRECTION('',(0.E0,9.978569490503E-1,6.543324256068E-2));
#444=VECTOR('',#443,2.004295306961E1);
#445=CARTESIAN_POINT('',(-1.5E0,5.E0,-4.E0));
#446=LINE('',#445,#444);
#447=DIRECTION('',(-1.E0,0.E0,0.E0));
#448=VECTOR('',#447,1.9E1);
#449=CARTESIAN_POINT('',(-1.5E0,2.5E1,-2.688524590164E0));
#450=LINE('',#449,#448);
#451=DIRECTION('',(0.E0,9.978569490503E-1,6.543324256068E-2));
#452=VECTOR('',#451,2.004295306961E1);
#453=CARTESIAN_POINT('',(-2.05E1,5.E0,-4.E0));
#454=LINE('',#453,#452);
#455=DIRECTION('',(0.E0,0.E0,1.E0));
#456=VECTOR('',#455,2.E0);
#457=CARTESIAN_POINT('',(-2.45E1,5.E0,-6.E0));
#458=LINE('',#457,#456);
#459=CARTESIAN_POINT('',(-2.25E1,5.E0,-6.E0));
#460=DIRECTION('',(0.E0,-1.E0,0.E0));
#461=DIRECTION('',(0.E0,0.E0,1.E0));
#462=AXIS2_PLACEMENT_3D('',#459,#460,#461);
#464=CARTESIAN_POINT('',(2.25E1,5.E0,-6.E0));
#465=DIRECTION('',(0.E0,-1.E0,0.E0));
#466=DIRECTION('',(1.E0,0.E0,0.E0));
#467=AXIS2_PLACEMENT_3D('',#464,#465,#466);
#469=DIRECTION('',(0.E0,0.E0,1.E0));
#470=VECTOR('',#469,2.E0);
#471=CARTESIAN_POINT('',(2.45E1,5.E0,-6.E0));
#472=LINE('',#471,#470);
#473=DIRECTION('',(0.E0,-8.330844542952E-7,-9.999999999997E-1));
#474=VECTOR('',#473,2.763329033332E1);
#475=CARTESIAN_POINT('',(2.45E1,5.507677582948E0,-3.966709666692E0));
#476=LINE('',#475,#474);
#477=DIRECTION('',(0.E0,-1.E0,0.E0));
#478=VECTOR('',#477,3.E0);
#479=CARTESIAN_POINT('',(2.45E1,5.E0,-6.E0));
#480=LINE('',#479,#478);
#481=CARTESIAN_POINT('',(7.508657156834E0,4.734370850561E1,-9.742489356748E0));
#482=CARTESIAN_POINT('',(7.407977263213E0,4.744721030870E1,-9.684013786473E0));
#483=CARTESIAN_POINT('',(7.205416951272E0,4.765395298977E1,-9.568747755617E0));
#484=CARTESIAN_POINT('',(6.897986526236E0,4.796321248956E1,-9.400820293453E0));
#485=CARTESIAN_POINT('',(6.690643331035E0,4.816877288958E1,-9.292125797354E0));
#486=CARTESIAN_POINT('',(6.586376039924E0,4.827138863461E1,-9.238579151162E0));
#488=CARTESIAN_POINT('',(2.441734768568E1,8.655899519775E0,-3.160000000001E1));
#489=CARTESIAN_POINT('',(2.429857985422E1,1.091615831034E1,-3.032301845152E1));
#490=CARTESIAN_POINT('',(2.381441989135E1,1.521578521065E1,-2.789385104103E1));
#491=CARTESIAN_POINT('',(2.258560180858E1,2.088168621194E1,-2.469277872831E1));
#492=CARTESIAN_POINT('',(2.097024310528E1,2.599605226753E1,-2.180330730995E1));
#493=CARTESIAN_POINT('',(1.913003304474E1,3.045978324427E1,-1.928142647496E1));
#494=CARTESIAN_POINT('',(1.715023927049E1,3.438053697322E1,-1.706631220008E1));
#495=CARTESIAN_POINT('',(1.515870104985E1,3.773044638818E1,-1.517370877558E1));
#496=CARTESIAN_POINT('',(1.309075511487E1,4.077080250139E1,-1.345599413618E1));
#497=CARTESIAN_POINT('',(1.070254510437E1,4.386503435749E1,-1.170784104890E1));
#498=CARTESIAN_POINT('',(8.651241096188E0,4.616909728299E1,-1.040611180202E1));
#499=CARTESIAN_POINT('',(7.508657156834E0,4.734370850561E1,-9.742489356748E0));
#501=CARTESIAN_POINT('',(-3.55E1,5.507654562083E0,-3.16E1));
#502=DIRECTION('',(0.E0,0.E0,1.E0));
#503=DIRECTION('',(1.E0,0.E0,0.E0));
#504=AXIS2_PLACEMENT_3D('',#501,#502,#503);
#506=DIRECTION('',(6.367660918213E-14,-7.126501338518E-14,1.E0));
#507=VECTOR('',#506,8.076047258350E0);
#508=CARTESIAN_POINT('',(6.586376039924E0,4.827138863461E1,-9.238579151162E0));
#509=LINE('',#508,#507);
#510=CARTESIAN_POINT('',(6.791846204253E0,4.664644093985E1,-9.742489356768E0));
#511=DIRECTION('',(6.447305432494E-1,-6.628013944772E-1,-3.808107641341E-1));
#512=DIRECTION('',(-6.288303211477E-13,4.981761145522E-1,-8.670758668592E-1));
#513=AXIS2_PLACEMENT_3D('',#510,#511,#512);
#515=CARTESIAN_POINT('',(5.884936439260E0,4.802740943526E1,-1.012191018594E1));
#516=CARTESIAN_POINT('',(5.250772451651E0,4.863139653400E1,-9.801398602288E0));
#517=CARTESIAN_POINT('',(3.995576029518E0,4.986886797024E1,-9.200504862053E0));
#518=CARTESIAN_POINT('',(2.283280681553E0,5.166491461954E1,-8.466473016384E0));
#519=CARTESIAN_POINT('',(3.616372382003E-1,5.381572762398E1,-7.751171245382E0));
#520=CARTESIAN_POINT('',(-1.026778582628E0,5.549845412352E1,-7.340262763328E0));
#521=CARTESIAN_POINT('',(-1.742455228021E0,5.640801626958E1,-7.164818438649E0));
#523=DIRECTION('',(-1.E0,-8.632948164278E-14,-1.790877544717E-14));
#524=VECTOR('',#523,3.868378211618E0);
#525=CARTESIAN_POINT('',(-1.742455228021E0,5.640801626958E1,-7.164818438649E0));
#526=LINE('',#525,#524);
#527=CARTESIAN_POINT('',(-5.610833439640E0,5.640801626958E1,-7.164818438649E0));
#528=CARTESIAN_POINT('',(-5.309875655885E0,5.598742639074E1,-7.245944865214E0));
#529=CARTESIAN_POINT('',(-4.701723883600E0,5.515394748456E1,-7.425391967578E0));
#530=CARTESIAN_POINT('',(-3.771819933959E0,5.392749452089E1,-7.744421402235E0));
#531=CARTESIAN_POINT('',(-2.826441985465E0,5.272682943441E1,-8.111256216804E0));
#532=CARTESIAN_POINT('',(-1.867299640980E0,5.155309055097E1,-8.524031739242E0));
#533=CARTESIAN_POINT('',(-8.963904055320E-1,5.040757949778E1,
-8.980817172701E0));
#534=CARTESIAN_POINT('',(8.536608873281E-2,4.929019642550E1,-9.480297182270E0));
#535=CARTESIAN_POINT('',(1.076844244741E0,4.820106417865E1,-1.002126783203E1));
#536=CARTESIAN_POINT('',(1.743821161968E0,4.749359503243E1,-1.040906086201E1));
#537=CARTESIAN_POINT('',(2.078534895258E0,4.714461705444E1,-1.060956522361E1));
#539=CARTESIAN_POINT('',(6.791846204220E0,4.714461705444E1,-1.060956522361E1));
#540=CARTESIAN_POINT('',(6.692845217574E0,4.724310980272E1,-1.055297647942E1));
#541=CARTESIAN_POINT('',(6.493659463938E0,4.743985023753E1,-1.044142789219E1));
#542=CARTESIAN_POINT('',(6.191353936099E0,4.773414454179E1,-1.027891801144E1));
#543=CARTESIAN_POINT('',(5.987465091713E0,4.792975977680E1,-1.017372909265E1));
#544=CARTESIAN_POINT('',(5.884936439260E0,4.802740943526E1,-1.012191018594E1));
#546=CARTESIAN_POINT('',(5.884936439560E0,4.755865973311E1,-9.238579151320E0));
#547=DIRECTION('',(6.679558604925E-1,-6.573757444751E-1,-3.488439464999E-1));
#548=DIRECTION('',(-5.336175945558E-12,4.687497018628E-1,-8.833310347789E-1));
#549=AXIS2_PLACEMENT_3D('',#546,#547,#548);
#551=CARTESIAN_POINT('',(-9.468502981285E-1,5.682443593878E1,
-6.182917678957E0));
#552=CARTESIAN_POINT('',(-1.472417186018E0,5.751465182430E1,-6.048119651302E0));
#553=CARTESIAN_POINT('',(-2.471468102147E0,5.887263793237E1,-5.782907223621E0));
#554=CARTESIAN_POINT('',(-3.846654552374E0,6.086987782450E1,-5.392849577128E0));
#555=CARTESIAN_POINT('',(-5.035278846878E0,6.270817652377E1,-5.033832885149E0));
#556=CARTESIAN_POINT('',(-6.122707594198E0,6.448862442759E1,-4.686114358323E0));
#557=CARTESIAN_POINT('',(-7.228941162686E0,6.641152670874E1,-4.310574725901E0));
#558=CARTESIAN_POINT('',(-8.376982221809E0,6.854748160700E1,-3.893426273599E0));
#559=CARTESIAN_POINT('',(-9.564157889511E0,7.093463865243E1,-3.427218448728E0));
#560=CARTESIAN_POINT('',(-1.078359926757E1,7.361709361222E1,-2.903339455610E0));
#561=CARTESIAN_POINT('',(-1.161128500592E1,7.564313612610E1,-2.507656671566E0));
#562=CARTESIAN_POINT('',(-1.202095059954E1,7.671438293956E1,-2.298443964555E0));
#564=CARTESIAN_POINT('',(6.586376039924E0,4.827138863461E1,-9.238579151162E0));
#565=CARTESIAN_POINT('',(5.959731992927E0,4.888810763405E1,-8.907221340866E0));
#566=CARTESIAN_POINT('',(4.720471341278E0,5.015061352298E1,-8.286532300419E0));
#567=CARTESIAN_POINT('',(3.029193104843E0,5.198371643961E1,-7.527952537373E0));
#568=CARTESIAN_POINT('',(1.131103789445E0,5.417902449773E1,-6.788776387320E0));
#569=CARTESIAN_POINT('',(-2.396368493650E-1,5.589566867148E1,
-6.364307126893E0));
#570=CARTESIAN_POINT('',(-9.468502981285E-1,5.682443593878E1,
-6.182917678957E0));
#572=CARTESIAN_POINT('',(6.270154409316E1,1.052897007313E2,0.E0));
#573=DIRECTION('',(0.E0,0.E0,-1.E0));
#574=DIRECTION('',(-8.710912172782E-1,-4.911212591415E-1,0.E0));
#575=AXIS2_PLACEMENT_3D('',#572,#573,#574);
#577=DIRECTION('',(8.496239423340E-10,-2.221584494376E-9,-1.E0));
#578=VECTOR('',#577,2.298443964555E0);
#579=CARTESIAN_POINT('',(-1.202095060149E1,7.671438294467E1,0.E0));
#580=LINE('',#579,#578);
#581=CARTESIAN_POINT('',(-1.742455228039E0,5.621862012889E1,-6.182917678953E0));
#582=DIRECTION('',(5.988057253777E-1,-7.863987359974E-1,-1.516862923159E-1));
#583=DIRECTION('',(0.E0,1.893961407134E-1,-9.819007596916E-1));
#584=AXIS2_PLACEMENT_3D('',#581,#582,#583);
#586=DIRECTION('',(0.E0,-9.819007596916E-1,-1.893961407134E-1));
#587=VECTOR('',#586,2.014600729847E1);
#588=CARTESIAN_POINT('',(-2.35E1,7.618939614071E1,-3.349242405533E0));
#589=LINE('',#588,#587);
#590=DIRECTION('',(-1.E0,1.752672081542E-12,3.380999184325E-13));
#591=VECTOR('',#590,3.E0);
#592=CARTESIAN_POINT('',(-2.05E1,5.640801626958E1,-7.164818438649E0));
#593=LINE('',#592,#591);
#594=CARTESIAN_POINT('',(-5.610833439640E0,5.640801626958E1,-7.164818438649E0));
#595=CARTESIAN_POINT('',(-6.652841051757E0,5.786422667180E1,-6.883934013696E0));
#596=CARTESIAN_POINT('',(-7.646711549772E0,5.935145519980E1,-6.597066587653E0));
#597=CARTESIAN_POINT('',(-8.592599203408E0,6.086960244677E1,-6.304235334828E0));
#599=CARTESIAN_POINT('',(-1.742455228021E0,5.640801626958E1,-7.164818438649E0));
#600=CARTESIAN_POINT('',(-2.274735414211E0,5.710704873570E1,-7.029983985463E0));
#601=CARTESIAN_POINT('',(-3.286064049876E0,5.848173310755E1,-6.764824893637E0));
#602=CARTESIAN_POINT('',(-4.678524933964E0,6.050404973824E1,-6.374745792685E0));
#603=CARTESIAN_POINT('',(-5.881984244160E0,6.236529705482E1,-6.015734909880E0));
#604=CARTESIAN_POINT('',(-6.983012399715E0,6.416800978353E1,-5.668014602824E0));
#605=CARTESIAN_POINT('',(-8.103070480100E0,6.611494155505E1,-5.292476280721E0));
#606=CARTESIAN_POINT('',(-9.265469134481E0,6.827761381616E1,-4.875324368190E0));
#607=CARTESIAN_POINT('',(-1.046745957747E1,7.069454540598E1,-4.409129071770E0));
#608=CARTESIAN_POINT('',(-1.170223657342E1,7.341077280173E1,-3.885203430533E0));
#609=CARTESIAN_POINT('',(-1.254003806133E1,7.546153946073E1,-3.489636679888E0));
#610=CARTESIAN_POINT('',(-1.295498178517E1,7.654658761305E1,-3.280344723473E0));
#612=CARTESIAN_POINT('',(-1.295498178517E1,7.654658761305E1,-3.280344723473E0));
#613=CARTESIAN_POINT('',(-1.298894367914E1,7.663536490428E1,-3.263220715597E0));
#614=CARTESIAN_POINT('',(-1.307623100573E1,7.679108476800E1,-3.233184338774E0));
#615=CARTESIAN_POINT('',(-1.325310309051E1,7.697316284949E1,-3.198063797719E0));
#616=CARTESIAN_POINT('',(-1.343824581198E1,7.709002299053E1,-3.175522966074E0));
#617=CARTESIAN_POINT('',(-1.363744049027E1,7.716604431441E1,-3.160859421706E0));
#618=CARTESIAN_POINT('',(-1.380115349473E1,7.718939104019E1,-3.156356135893E0));
#619=CARTESIAN_POINT('',(-1.388901296886E1,7.718939614071E1,-3.156355152067E0));
#621=DIRECTION('',(-1.E0,0.E0,0.E0));
#622=VECTOR('',#621,8.610987031142E0);
#623=CARTESIAN_POINT('',(-1.388901296886E1,7.718939614071E1,-3.156355152067E0));
#624=LINE('',#623,#622);
#625=CARTESIAN_POINT('',(-2.25E1,7.718939614071E1,-3.156355152067E0));
#626=CARTESIAN_POINT('',(-2.258152152015E1,7.718938950053E1,-3.156356432874E0));
#627=CARTESIAN_POINT('',(-2.273844196209E1,7.716973495714E1,-3.160147543765E0));
#628=CARTESIAN_POINT('',(-2.295629513853E1,7.708943621891E1,-3.175636146840E0));
#629=CARTESIAN_POINT('',(-2.315420413028E1,7.695804818898E1,-3.200979223071E0));
#630=CARTESIAN_POINT('',(-2.331095286623E1,7.678793524357E1,-3.233791841892E0));
#631=CARTESIAN_POINT('',(-2.341387707680E1,7.661067597697E1,-3.267982894978E0));
#632=CARTESIAN_POINT('',(-2.347990854130E1,7.642308886625E1,-3.304166057550E0));
#633=CARTESIAN_POINT('',(-2.349999546444E1,7.627074026872E1,-3.333552160097E0));
#634=CARTESIAN_POINT('',(-2.35E1,7.618939614071E1,-3.349242405533E0));
#636=CARTESIAN_POINT('',(-2.35E1,7.6E1,-2.367341645842E0));
#637=DIRECTION('',(0.E0,9.819007596916E-1,1.893961407134E-1));
#638=DIRECTION('',(0.E0,1.893961407134E-1,-9.819007596916E-1));
#639=AXIS2_PLACEMENT_3D('',#636,#637,#638);
#641=CARTESIAN_POINT('',(-2.250000007835E1,7.699999999999E1,-2.174454392377E0));
#642=DIRECTION('',(1.E0,7.835301635374E-8,1.511329812527E-8));
#643=DIRECTION('',(0.E0,1.893961407198E-1,-9.819007596903E-1));
#644=AXIS2_PLACEMENT_3D('',#641,#642,#643);
#646=CARTESIAN_POINT('',(-1.388901296886E1,7.7E1,-2.174454392375E0));
#647=DIRECTION('',(1.E0,0.E0,0.E0));
#648=DIRECTION('',(0.E0,1.893961407134E-1,-9.819007596916E-1));
#649=AXIS2_PLACEMENT_3D('',#646,#647,#648);
#651=CARTESIAN_POINT('',(-1.295498196293E1,7.635719193698E1,-2.298443874157E0));
#652=DIRECTION('',(3.515323731205E-1,-9.192316569295E-1,-1.773080696044E-1));
#653=DIRECTION('',(5.379341416756E-11,1.893961407332E-1,-9.819007596877E-1));
#654=AXIS2_PLACEMENT_3D('',#651,#652,#653);
#656=CARTESIAN_POINT('',(-1.202095059954E1,7.671438293956E1,-2.298443964555E0));
#657=CARTESIAN_POINT('',(-1.208769262784E1,7.688889864471E1,-2.281693873562E0));
#658=CARTESIAN_POINT('',(-1.226401808148E1,7.720478608583E1,-2.251081995632E0));
#659=CARTESIAN_POINT('',(-1.261697055149E1,7.756715585400E1,-2.216228125589E0));
#660=CARTESIAN_POINT('',(-1.298780175326E1,7.780135634943E1,-2.193595026797E0));
#661=CARTESIAN_POINT('',(-1.338479725066E1,7.795326279548E1,-2.178975683387E0));
#662=CARTESIAN_POINT('',(-1.371557751558E1,7.799999976705E1,-2.174453574125E0));
#663=CARTESIAN_POINT('',(-1.388901297167E1,7.8E1,-2.174454392409E0));
#665=CARTESIAN_POINT('',(-2.25E1,7.6E1,0.E0));
#666=DIRECTION('',(0.E0,0.E0,-1.E0));
#667=DIRECTION('',(-1.E0,0.E0,0.E0));
#668=AXIS2_PLACEMENT_3D('',#665,#666,#667);
#670=DIRECTION('',(1.E0,0.E0,0.E0));
#671=VECTOR('',#670,8.610987031142E0);
#672=CARTESIAN_POINT('',(-2.25E1,7.8E1,0.E0));
#673=LINE('',#672,#671);
#674=CARTESIAN_POINT('',(-1.388901296886E1,7.6E1,2.842170943040E-14));
#675=DIRECTION('',(0.E0,0.E0,-1.E0));
#676=DIRECTION('',(-1.332267629550E-14,1.E0,0.E0));
#677=AXIS2_PLACEMENT_3D('',#674,#675,#676);
#679=CARTESIAN_POINT('',(-2.249999999934E1,7.8E1,-2.174454392561E0));
#680=CARTESIAN_POINT('',(-2.266030736563E1,7.799999826375E1,-2.174454304998E0));
#681=CARTESIAN_POINT('',(-2.297815335568E1,7.796067109640E1,-2.178255340849E0));
#682=CARTESIAN_POINT('',(-2.341225035629E1,7.780008582023E1,-2.193726627999E0));
#683=CARTESIAN_POINT('',(-2.380849914484E1,7.753728765620E1,-2.219088705510E0));
#684=CARTESIAN_POINT('',(-2.412188124254E1,7.719713904514E1,-2.251877228692E0));
#685=CARTESIAN_POINT('',(-2.432776119689E1,7.684233279823E1,-2.286128002298E0));
#686=CARTESIAN_POINT('',(-2.445981210148E1,7.646823491682E1,-2.322131030004E0));
#687=CARTESIAN_POINT('',(-2.449999892760E1,7.616085281850E1,-2.351883830844E0));
#688=CARTESIAN_POINT('',(-2.45E1,7.599999999879E1,-2.367341645960E0));
#690=DIRECTION('',(-1.E0,0.E0,-1.770578250166E-11));
#691=VECTOR('',#690,8.610987027668E0);
#692=CARTESIAN_POINT('',(-1.388901297167E1,7.8E1,-2.174454392409E0));
#693=LINE('',#692,#691);
#694=DIRECTION('',(-1.293973822097E-9,0.E0,-1.E0));
#695=VECTOR('',#694,2.174454392409E0);
#696=CARTESIAN_POINT('',(-1.388901296886E1,7.8E1,0.E0));
#697=LINE('',#696,#695);
#698=DIRECTION('',(-3.036625008891E-10,0.E0,1.E0));
#699=VECTOR('',#698,2.174454392561E0);
#700=CARTESIAN_POINT('',(-2.249999999934E1,7.8E1,-2.174454392561E0));
#701=LINE('',#700,#699);
#702=CARTESIAN_POINT('',(-2.35E1,5.621862012887E1,-6.182917678957E0));
#703=DIRECTION('',(0.E0,9.819007596916E-1,1.893961407134E-1));
#704=DIRECTION('',(0.E0,1.893961407134E-1,-9.819007596916E-1));
#705=AXIS2_PLACEMENT_3D('',#702,#703,#704);
#707=CARTESIAN_POINT('',(-2.35E1,6.208990049099E1,-3.662184122940E1));
#708=DIRECTION('',(1.E0,0.E0,0.E0));
#709=DIRECTION('',(0.E0,-1.893961407134E-1,9.819007596916E-1));
#710=AXIS2_PLACEMENT_3D('',#707,#708,#709);
#712=CARTESIAN_POINT('',(-2.05E1,6.208990049099E1,-3.662184122940E1));
#713=DIRECTION('',(1.E0,0.E0,0.E0));
#714=DIRECTION('',(0.E0,-1.893961407134E-1,9.819007596916E-1));
#715=AXIS2_PLACEMENT_3D('',#712,#713,#714);
#717=DIRECTION('',(0.E0,-8.670758668596E-1,-4.981761145516E-1));
#718=VECTOR('',#717,4.387506748075E1);
#719=CARTESIAN_POINT('',(-2.35E1,4.714461705444E1,-1.060956522361E1));
#720=LINE('',#719,#718);
#721=CARTESIAN_POINT('',(-2.35E1,9.101604885038E0,-3.246707586686E1));
#722=CARTESIAN_POINT('',(-2.349999993851E1,9.047472960664E0,-3.249817721887E1));
#723=CARTESIAN_POINT('',(-2.349709051662E1,8.937856819325E0,-3.256115687898E1));
#724=CARTESIAN_POINT('',(-2.348338495514E1,8.770020237875E0,-3.265758693686E1));
#725=CARTESIAN_POINT('',(-2.345888281610E1,8.596835669542E0,-3.275708966626E1));
#726=CARTESIAN_POINT('',(-2.342388903443E1,8.427504639217E0,-3.285437835574E1));
#727=CARTESIAN_POINT('',(-2.337896342191E1,8.265166814357E0,-3.294764911776E1));
#728=CARTESIAN_POINT('',(-2.332572313562E1,8.114720525392E0,-3.303408762972E1));
#729=CARTESIAN_POINT('',(-2.326651094085E1,7.979749713201E0,-3.311163474799E1));
#730=CARTESIAN_POINT('',(-2.320413851467E1,7.862527055379E0,-3.317898471175E1));
#731=CARTESIAN_POINT('',(-2.314020568262E1,7.761892084420E0,-3.323680426450E1));
#732=CARTESIAN_POINT('',(-2.307494182727E1,7.675251092305E0,-3.328658361422E1));
#733=CARTESIAN_POINT('',(-2.300872238927E1,7.601158070004E0,-3.332915356153E1));
#734=CARTESIAN_POINT('',(-2.294239753574E1,7.538935551054E0,-3.336490334296E1));
#735=CARTESIAN_POINT('',(-2.287667232191E1,7.487758873065E0,-3.339430676609E1));
#736=CARTESIAN_POINT('',(-2.281241784661E1,7.446858554622E0,-3.341780593439E1));
#737=CARTESIAN_POINT('',(-2.274958707198E1,7.414974266562E0,-3.343612496661E1));
#738=CARTESIAN_POINT('',(-2.268948863391E1,7.391592961501E0,-3.344955863274E1));
#739=CARTESIAN_POINT('',(-2.263182144354E1,7.375293446435E0,-3.345892347542E1));
#740=CARTESIAN_POINT('',(-2.257104482791E1,7.364271332571E0,-3.346525620139E1));
#741=CARTESIAN_POINT('',(-2.252447267709E1,7.361104349926E0,-3.346707578278E1));
#742=CARTESIAN_POINT('',(-2.25E1,7.361104203587E0,-3.346707586686E1));
#744=DIRECTION('',(1.E0,0.E0,0.E0));
#745=VECTOR('',#744,2.E0);
#746=CARTESIAN_POINT('',(-2.25E1,7.361104203587E0,-3.346707586686E1));
#747=LINE('',#746,#745);
#748=DIRECTION('',(0.E0,8.670758668596E-1,4.981761145516E-1));
#749=VECTOR('',#748,2.034296705812E1);
#750=CARTESIAN_POINT('',(-2.05E1,7.361104203587E0,-3.346707586686E1));
#751=LINE('',#750,#749);
#752=DIRECTION('',(-1.E0,0.E0,0.E0));
#753=VECTOR('',#752,1.9E1);
#754=CARTESIAN_POINT('',(-1.5E0,2.5E1,-2.333269557940E1));
#755=LINE('',#754,#753);
#756=DIRECTION('',(1.E0,0.E0,0.E0));
#757=VECTOR('',#756,3.E0);
#758=CARTESIAN_POINT('',(-1.5E0,7.361104203587E0,-3.346707586686E1));
#759=LINE('',#758,#757);
#760=DIRECTION('',(-1.E0,0.E0,0.E0));
#761=VECTOR('',#760,1.549808062519E1);
#762=CARTESIAN_POINT('',(1.699808062519E1,2.5E1,-2.333269557940E1));
#763=LINE('',#762,#761);
#764=CARTESIAN_POINT('',(2.046931949226E1,7.361104203587E0,-3.346707586686E1));
#765=CARTESIAN_POINT('',(2.026989024011E1,1.338334472190E1,-3.000701372354E1));
#766=CARTESIAN_POINT('',(1.912740924115E1,1.926515060928E1,-2.662763792089E1));
#767=CARTESIAN_POINT('',(1.699808062519E1,2.5E1,-2.333269557940E1));
#769=DIRECTION('',(1.E0,0.E0,0.E0));
#770=VECTOR('',#769,2.014844153234E0);
#771=CARTESIAN_POINT('',(2.046931949226E1,7.361104203587E0,-3.346707586686E1));
#772=LINE('',#771,#770);
#773=CARTESIAN_POINT('',(2.248416364549E1,7.361104203587E0,-3.346707586686E1));
#774=CARTESIAN_POINT('',(2.254871069461E1,7.361110969808E0,-3.346707197935E1));
#775=CARTESIAN_POINT('',(2.267804377329E1,7.381616676433E0,-3.345529048058E1));
#776=CARTESIAN_POINT('',(2.288467258168E1,7.493388512735E0,-3.339107227171E1));
#777=CARTESIAN_POINT('',(2.306911319975E1,7.684478738766E0,-3.328128189468E1));
#778=CARTESIAN_POINT('',(2.320661833956E1,7.912637174478E0,-3.315019407717E1));
#779=CARTESIAN_POINT('',(2.329760547448E1,8.135099535221E0,-3.302237892426E1));
#780=CARTESIAN_POINT('',(2.335760196404E1,8.346134742723E0,-3.290112921160E1));
#781=CARTESIAN_POINT('',(2.339458340792E1,8.541805706205E0,-3.278870698416E1));
#782=CARTESIAN_POINT('',(2.341489155222E1,8.718459627397E0,-3.268721094737E1));
#783=CARTESIAN_POINT('',(2.342426734953E1,8.896404608147E0,-3.258497313578E1));
#784=CARTESIAN_POINT('',(2.342241577626E1,9.031362817864E0,-3.250743325823E1));
#785=CARTESIAN_POINT('',(2.341872522425E1,9.101604885038E0,-3.246707586686E1));
#787=CARTESIAN_POINT('',(2.341872522425E1,9.101604885038E0,-3.246707586686E1));
#788=CARTESIAN_POINT('',(2.330169159987E1,1.132872839051E1,-3.118748802802E1));
#789=CARTESIAN_POINT('',(2.282596009803E1,1.555005412747E1,-2.876213664382E1));
#790=CARTESIAN_POINT('',(2.161747775086E1,2.112419267407E1,-2.555953028692E1));
#791=CARTESIAN_POINT('',(2.002908131496E1,2.615260318758E1,-2.267047050826E1));
#792=CARTESIAN_POINT('',(1.821952746737E1,3.054213396009E1,-2.014847737187E1));
#793=CARTESIAN_POINT('',(1.627274646725E1,3.439747661612E1,-1.793340058557E1));
#794=CARTESIAN_POINT('',(1.431434965061E1,3.769161962490E1,-1.604075955193E1));
#795=CARTESIAN_POINT('',(1.228105688073E1,4.068110662425E1,-1.432315781169E1));
#796=CARTESIAN_POINT('',(9.931951643803E0,4.372448862046E1,-1.257459084550E1));
#797=CARTESIAN_POINT('',(7.916574426274E0,4.598835965034E1,-1.127388981505E1));
#798=CARTESIAN_POINT('',(6.791846204220E0,4.714461705444E1,-1.060956522361E1));
#800=DIRECTION('',(-1.E0,4.371818024807E-14,2.449725617348E-14));
#801=VECTOR('',#800,4.713311308962E0);
#802=CARTESIAN_POINT('',(6.791846204220E0,4.714461705444E1,-1.060956522361E1));
#803=LINE('',#802,#801);
#804=CARTESIAN_POINT('',(3.780617637263E0,4.542047302978E1,-1.160016755030E1));
#805=CARTESIAN_POINT('',(3.203791678161E0,4.598816232892E1,-1.127400318554E1));
#806=CARTESIAN_POINT('',(2.636469283112E0,4.656290559428E1,-1.094378598339E1));
#807=CARTESIAN_POINT('',(2.078534895258E0,4.714461705444E1,-1.060956522361E1));
#809=CARTESIAN_POINT('',(3.780617637263E0,4.542047302978E1,-1.160016755030E1));
#810=CARTESIAN_POINT('',(6.260740848817E0,4.297963383810E1,-1.300254516365E1));
#811=CARTESIAN_POINT('',(1.062772077521E1,3.778138230068E1,-1.598918664723E1));
#812=CARTESIAN_POINT('',(1.393866171830E1,3.201961741200E1,-1.929959321592E1));
#813=CARTESIAN_POINT('',(1.533413917660E1,2.9E1,-2.103450630396E1));
#815=DIRECTION('',(1.E0,0.E0,0.E0));
#816=VECTOR('',#815,3.583413917660E1);
#817=CARTESIAN_POINT('',(-2.05E1,2.9E1,-2.103450630396E1));
#818=LINE('',#817,#816);
#819=DIRECTION('',(-1.E0,-1.281345400154E-12,-7.354117315117E-13));
#820=VECTOR('',#819,3.E0);
#821=CARTESIAN_POINT('',(-2.05E1,4.714461705444E1,-1.060956522361E1));
#822=LINE('',#821,#820);
#823=CARTESIAN_POINT('',(-2.35E1,4.664644093989E1,-9.742489356748E0));
#824=DIRECTION('',(0.E0,8.670758668596E-1,4.981761145516E-1));
#825=DIRECTION('',(0.E0,4.981761145516E-1,-8.670758668596E-1));
#826=AXIS2_PLACEMENT_3D('',#823,#824,#825);
#828=CARTESIAN_POINT('',(-2.35E1,8.603428766422E0,-3.160000000234E1));
#829=DIRECTION('',(-1.163354382711E-9,8.670758668596E-1,4.981761145516E-1));
#830=DIRECTION('',(0.E0,4.981761145516E-1,-8.670758668596E-1));
#831=AXIS2_PLACEMENT_3D('',#828,#829,#830);
#833=CARTESIAN_POINT('',(-2.25E1,6.862928089035E0,-3.26E1));
#834=DIRECTION('',(-1.E0,0.E0,0.E0));
#835=DIRECTION('',(0.E0,4.981761145516E-1,-8.670758668596E-1));
#836=AXIS2_PLACEMENT_3D('',#833,#834,#835);
#838=DIRECTION('',(0.E0,0.E0,-1.E0));
#839=VECTOR('',#838,1.290168722219E1);
#840=CARTESIAN_POINT('',(-2.05E1,2.9E1,-8.132819081774E0));
#841=LINE('',#840,#839);
#842=DIRECTION('',(0.E0,-9.983579902801E-1,-5.728283550788E-2));
#843=VECTOR('',#842,3.192201871178E1);
#844=CARTESIAN_POINT('',(-2.05E1,6.086960244677E1,-6.304235334828E0));
#845=LINE('',#844,#843);
#846=DIRECTION('',(0.E0,9.819007596916E-1,1.893961407134E-1));
#847=VECTOR('',#846,4.543825975437E0);
#848=CARTESIAN_POINT('',(-2.05E1,5.640801626958E1,-7.164818438649E0));
#849=LINE('',#848,#847);
#850=DIRECTION('',(0.E0,8.670758668596E-1,4.981761145516E-1));
#851=VECTOR('',#850,2.092621620315E1);
#852=CARTESIAN_POINT('',(-2.05E1,2.9E1,-2.103450630396E1));
#853=LINE('',#852,#851);
#854=DIRECTION('',(0.E0,9.983579902801E-1,5.728283550788E-2));
#855=VECTOR('',#854,2.003289420701E1);
#856=CARTESIAN_POINT('',(-2.05E1,5.E0,-1.15E1));
#857=LINE('',#856,#855);
#858=DIRECTION('',(0.E0,1.E0,0.E0));
#859=VECTOR('',#858,1.862928089035E0);
#860=CARTESIAN_POINT('',(-2.05E1,5.E0,-3.36E1));
#861=LINE('',#860,#859);
#862=DIRECTION('',(0.E0,-9.983579902801E-1,-5.728283550788E-2));
#863=VECTOR('',#862,2.003289420701E1);
#864=CARTESIAN_POINT('',(-2.05E1,2.5E1,-1.636232727849E1));
#865=LINE('',#864,#863);
#866=DIRECTION('',(0.E0,0.E0,-1.E0));
#867=VECTOR('',#866,6.970368300901E0);
#868=CARTESIAN_POINT('',(-2.05E1,2.5E1,-1.636232727849E1));
#869=LINE('',#868,#867);
#870=CARTESIAN_POINT('',(-2.05E1,6.862928089035E0,-3.26E1));
#871=DIRECTION('',(-1.E0,0.E0,0.E0));
#872=DIRECTION('',(0.E0,4.981761145516E-1,-8.670758668596E-1));
#873=AXIS2_PLACEMENT_3D('',#870,#871,#872);
#875=DIRECTION('',(0.E0,0.E0,1.E0));
#876=VECTOR('',#875,1.290168722219E1);
#877=CARTESIAN_POINT('',(1.533413917660E1,2.9E1,-2.103450630396E1));
#878=LINE('',#877,#876);
#879=DIRECTION('',(4.300392380613E-14,-4.673025912423E-14,1.E0));
#880=VECTOR('',#879,4.409506757124E0);
#881=CARTESIAN_POINT('',(3.780617637263E0,4.542047302978E1,-1.160016755030E1));
#882=LINE('',#881,#880);
#883=CARTESIAN_POINT('',(1.699808062519E1,2.5E1,-1.035245901639E1));
#884=CARTESIAN_POINT('',(1.816550313625E1,2.185582008054E1,-1.053286278226E1));
#885=CARTESIAN_POINT('',(1.990255629574E1,1.546040468760E1,-1.089981284579E1));
#886=CARTESIAN_POINT('',(2.05E1,8.860902338614E0,-1.127847281664E1));
#887=CARTESIAN_POINT('',(2.05E1,5.507654562083E0,-1.147087227922E1));
#889=CARTESIAN_POINT('',(2.048359789856E1,6.862928089035E0,-3.36E1));
#890=CARTESIAN_POINT('',(2.048144742805E1,6.951759659591E0,-3.36E1));
#891=CARTESIAN_POINT('',(2.047686750088E1,7.123523306399E0,-3.357673295812E1));
#892=CARTESIAN_POINT('',(2.047187065076E1,7.284065905881E0,-3.351133801426E1));
#893=CARTESIAN_POINT('',(2.046931949226E1,7.361104203587E0,-3.346707586686E1));
#895=DIRECTION('',(0.E0,0.E0,1.E0));
#896=VECTOR('',#895,6.970368300901E0);
#897=CARTESIAN_POINT('',(1.699808062519E1,2.5E1,-2.333269557940E1));
#898=LINE('',#897,#896);
#899=CARTESIAN_POINT('',(1.699808062519E1,2.5E1,-1.636232727849E1));
#900=CARTESIAN_POINT('',(1.816550313625E1,2.185582008054E1,-1.654273104437E1));
#901=CARTESIAN_POINT('',(1.990255629574E1,1.546040468760E1,-1.690968110790E1));
#902=CARTESIAN_POINT('',(2.05E1,8.860902338614E0,-1.728834107874E1));
#903=CARTESIAN_POINT('',(2.05E1,5.507654562083E0,-1.748074054133E1));
#905=DIRECTION('',(0.E0,7.096937719172E-14,-1.E0));
#906=VECTOR('',#905,1.611925945867E1);
#907=CARTESIAN_POINT('',(2.05E1,5.507654562083E0,-1.748074054133E1));
#908=LINE('',#907,#906);
#909=DIRECTION('',(1.E0,0.E0,0.E0));
#910=VECTOR('',#909,3.583413917660E1);
#911=CARTESIAN_POINT('',(-2.05E1,2.9E1,-8.132819081774E0));
#912=LINE('',#911,#910);
#913=CARTESIAN_POINT('',(3.780617637263E0,4.542047302978E1,-7.190660793180E0));
#914=CARTESIAN_POINT('',(6.205548265334E0,4.303395219625E1,-7.327592316415E0));
#915=CARTESIAN_POINT('',(1.054356419960E1,3.790191759919E1,-7.622053317886E0));
#916=CARTESIAN_POINT('',(1.390762373693E1,3.208677924856E1,-7.955708797020E0));
#917=CARTESIAN_POINT('',(1.533413917660E1,2.9E1,-8.132819081774E0));
#919=CARTESIAN_POINT('',(3.780617637263E0,4.542047302978E1,-7.190660793180E0));
#920=CARTESIAN_POINT('',(-9.556542285870E-1,5.008172451066E1,
-6.923211937720E0));
#921=CARTESIAN_POINT('',(-5.079830364198E0,5.523161751063E1,-6.627726273787E0));
#922=CARTESIAN_POINT('',(-8.592599203408E0,6.086960244677E1,-6.304235334828E0));
#924=DIRECTION('',(1.E0,0.E0,0.E0));
#925=VECTOR('',#924,1.190740079659E1);
#926=CARTESIAN_POINT('',(-2.05E1,6.086960244677E1,-6.304235334828E0));
#927=LINE('',#926,#925);
#928=DIRECTION('',(-2.096039523718E-14,-9.983579902801E-1,-5.728283550788E-2));
#929=VECTOR('',#928,5.084895067958E-1);
#930=CARTESIAN_POINT('',(2.05E1,5.507654562083E0,-1.147087227922E1));
#931=LINE('',#930,#929);
#932=DIRECTION('',(0.E0,2.521028010997E-14,1.E0));
#933=VECTOR('',#932,7.504161102968E0);
#934=CARTESIAN_POINT('',(2.05E1,5.507654562083E0,-1.147087227922E1));
#935=LINE('',#934,#933);
#936=DIRECTION('',(-1.397359682479E-14,-9.983579902801E-1,-5.728283550788E-2));
#937=VECTOR('',#936,5.084895067958E-1);
#938=CARTESIAN_POINT('',(2.05E1,5.507654562083E0,-1.748074054133E1));
#939=LINE('',#938,#937);
#940=DIRECTION('',(1.E0,0.E0,0.E0));
#941=VECTOR('',#940,1.9E1);
#942=CARTESIAN_POINT('',(-2.05E1,2.5E1,-1.035245901639E1));
#943=LINE('',#942,#941);
#944=DIRECTION('',(0.E0,9.983579902801E-1,5.728283550788E-2));
#945=VECTOR('',#944,2.003289420701E1);
#946=CARTESIAN_POINT('',(-1.5E0,5.E0,-1.15E1));
#947=LINE('',#946,#945);
#948=DIRECTION('',(0.E0,9.983579902801E-1,5.728283550788E-2));
#949=VECTOR('',#948,2.003289420701E1);
#950=CARTESIAN_POINT('',(1.5E0,5.E0,-1.15E1));
#951=LINE('',#950,#949);
#952=DIRECTION('',(1.E0,0.E0,0.E0));
#953=VECTOR('',#952,1.549808062519E1);
#954=CARTESIAN_POINT('',(1.5E0,2.5E1,-1.035245901639E1));
#955=LINE('',#954,#953);
#956=DIRECTION('',(0.E0,0.E0,-1.E0));
#957=VECTOR('',#956,7.663934426230E0);
#958=CARTESIAN_POINT('',(1.699808062519E1,2.5E1,-2.688524590164E0));
#959=LINE('',#958,#957);
#960=DIRECTION('',(0.E0,0.E0,1.E0));
#961=VECTOR('',#960,7.663934426230E0);
#962=CARTESIAN_POINT('',(1.5E0,2.5E1,-1.035245901639E1));
#963=LINE('',#962,#961);
#964=DIRECTION('',(0.E0,0.E0,-1.E0));
#965=VECTOR('',#964,7.663934426230E0);
#966=CARTESIAN_POINT('',(-1.5E0,2.5E1,-2.688524590164E0));
#967=LINE('',#966,#965);
#968=DIRECTION('',(0.E0,0.E0,1.E0));
#969=VECTOR('',#968,7.663934426230E0);
#970=CARTESIAN_POINT('',(-2.05E1,2.5E1,-1.035245901639E1));
#971=LINE('',#970,#969);
#972=DIRECTION('',(0.E0,-9.983579902801E-1,-5.728283550788E-2));
#973=VECTOR('',#972,2.003289420701E1);
#974=CARTESIAN_POINT('',(-1.5E0,2.5E1,-1.636232727849E1));
#975=LINE('',#974,#973);
#976=DIRECTION('',(1.E0,0.E0,0.E0));
#977=VECTOR('',#976,1.9E1);
#978=CARTESIAN_POINT('',(-2.05E1,2.5E1,-1.636232727849E1));
#979=LINE('',#978,#977);
#980=DIRECTION('',(1.E0,0.E0,0.E0));
#981=VECTOR('',#980,1.549808062519E1);
#982=CARTESIAN_POINT('',(1.5E0,2.5E1,-1.636232727849E1));
#983=LINE('',#982,#981);
#984=DIRECTION('',(0.E0,-9.983579902801E-1,-5.728283550788E-2));
#985=VECTOR('',#984,2.003289420701E1);
#986=CARTESIAN_POINT('',(1.5E0,2.5E1,-1.636232727849E1));
#987=LINE('',#986,#985);
#988=CARTESIAN_POINT('',(-1.5E0,6.862928089035E0,-3.26E1));
#989=DIRECTION('',(1.E0,0.E0,0.E0));
#990=DIRECTION('',(0.E0,-1.687538997430E-14,-1.E0));
#991=AXIS2_PLACEMENT_3D('',#988,#989,#990);
#993=DIRECTION('',(0.E0,8.670758668596E-1,4.981761145516E-1));
#994=VECTOR('',#993,2.034296705812E1);
#995=CARTESIAN_POINT('',(-1.5E0,7.361104203587E0,-3.346707586686E1));
#996=LINE('',#995,#994);
#997=DIRECTION('',(0.E0,0.E0,-1.E0));
#998=VECTOR('',#997,6.970368300901E0);
#999=CARTESIAN_POINT('',(-1.5E0,2.5E1,-1.636232727849E1));
#1000=LINE('',#999,#998);
#1001=DIRECTION('',(0.E0,0.E0,-1.E0));
#1002=VECTOR('',#1001,6.970368300901E0);
#1003=CARTESIAN_POINT('',(1.5E0,2.5E1,-1.636232727849E1));
#1004=LINE('',#1003,#1002);
#1005=DIRECTION('',(0.E0,-8.670758668596E-1,-4.981761145516E-1));
#1006=VECTOR('',#1005,2.034296705812E1);
#1007=CARTESIAN_POINT('',(1.5E0,2.5E1,-2.333269557940E1));
#1008=LINE('',#1007,#1006);
#1009=CARTESIAN_POINT('',(1.5E0,6.862928089035E0,-3.26E1));
#1010=DIRECTION('',(-1.E0,0.E0,0.E0));
#1011=DIRECTION('',(0.E0,4.981761145516E-1,-8.670758668596E-1));
#1012=AXIS2_PLACEMENT_3D('',#1009,#1010,#1011);
#1014=DIRECTION('',(0.E0,1.E0,0.E0));
#1015=VECTOR('',#1014,1.862928089035E0);
#1016=CARTESIAN_POINT('',(1.5E0,5.E0,-3.36E1));
#1017=LINE('',#1016,#1015);
#1018=CARTESIAN_POINT('',(2.248416545935E1,6.862928089228E0,-3.259999999989E1));
#1019=DIRECTION('',(-9.999999999934E-1,-3.154759003744E-6,-1.812558323150E-6));
#1020=DIRECTION('',(0.E0,4.981761143642E-1,-8.670758669672E-1));
#1021=AXIS2_PLACEMENT_3D('',#1018,#1019,#1020);
#1023=CARTESIAN_POINT('',(2.248416353903E1,6.862928117917E0,-3.359999999997E1));
#1024=CARTESIAN_POINT('',(2.261093013959E1,6.864290277845E0,-3.360002775186E1));
#1025=CARTESIAN_POINT('',(2.287329077140E1,6.888449555004E0,-3.357641484748E1));
#1026=CARTESIAN_POINT('',(2.328775449613E1,7.005398230901E0,-3.344804057834E1));
#1027=CARTESIAN_POINT('',(2.366215666512E1,7.202723099828E0,-3.322829865104E1));
#1028=CARTESIAN_POINT('',(2.394362080487E1,7.438310801434E0,-3.296625167754E1));
#1029=CARTESIAN_POINT('',(2.413311497692E1,7.667017958260E0,-3.271057347605E1));
#1030=CARTESIAN_POINT('',(2.426088141925E1,7.883824068113E0,-3.246810939449E1));
#1031=CARTESIAN_POINT('',(2.434277391304E1,8.084408294927E0,-3.224326065216E1));
#1032=CARTESIAN_POINT('',(2.439108238309E1,8.265225701871E0,-3.204025213511E1));
#1033=CARTESIAN_POINT('',(2.441810179723E1,8.446914817642E0,-3.183586770403E1));
#1034=CARTESIAN_POINT('',(2.442109516913E1,8.584576337102E0,-3.168055353513E1));
#1035=CARTESIAN_POINT('',(2.441734768568E1,8.655899519775E0,-3.160000000001E1));
#1037=CARTESIAN_POINT('',(2.25E1,5.507654562083E0,-3.16E1));
#1038=DIRECTION('',(0.E0,-1.E0,0.E0));
#1039=DIRECTION('',(-1.421085471520E-14,0.E0,-1.E0));
#1040=AXIS2_PLACEMENT_3D('',#1037,#1038,#1039);
#1042=DIRECTION('',(0.E0,-1.E0,0.E0));
#1043=VECTOR('',#1042,5.507654562083E0);
#1044=CARTESIAN_POINT('',(2.45E1,5.507654562083E0,-3.16E1));
#1045=LINE('',#1044,#1043);
#1046=DIRECTION('',(0.E0,1.E0,0.E0));
#1047=VECTOR('',#1046,5.507654562083E0);
#1048=CARTESIAN_POINT('',(2.25E1,0.E0,-3.36E1));
#1049=LINE('',#1048,#1047);
#1050=CARTESIAN_POINT('',(2.341872522421E1,8.603428771144E0,-3.159999999962E1));
#1051=DIRECTION('',(4.551167176207E-2,-8.661774089322E-1,-4.976599079582E-1));
#1052=DIRECTION('',(0.E0,4.981761145516E-1,-8.670758668596E-1));
#1053=AXIS2_PLACEMENT_3D('',#1050,#1051,#1052);
#1055=DIRECTION('',(1.E0,0.E0,0.E0));
#1056=VECTOR('',#1055,1.2E1);
#1057=CARTESIAN_POINT('',(1.25E1,0.E0,-2.2E1));
#1058=LINE('',#1057,#1056);
#1059=DIRECTION('',(0.E0,1.E0,0.E0));
#1060=VECTOR('',#1059,1.5E0);
#1061=CARTESIAN_POINT('',(2.45E1,0.E0,-2.2E1));
#1062=LINE('',#1061,#1060);
#1063=DIRECTION('',(0.E0,0.E0,1.E0));
#1064=VECTOR('',#1063,1.5E1);
#1065=CARTESIAN_POINT('',(2.45E1,1.5E0,-2.2E1));
#1066=LINE('',#1065,#1064);
#1067=DIRECTION('',(-1.E0,0.E0,0.E0));
#1068=VECTOR('',#1067,1.2E1);
#1069=CARTESIAN_POINT('',(2.45E1,1.5E0,-2.2E1));
#1070=LINE('',#1069,#1068);
#1071=DIRECTION('',(1.E0,0.E0,0.E0));
#1072=VECTOR('',#1071,1.E1);
#1073=CARTESIAN_POINT('',(1.25E1,3.E0,-4.E0));
#1074=LINE('',#1073,#1072);
#1075=CARTESIAN_POINT('',(2.45E1,2.E0,-6.E0));
#1076=CARTESIAN_POINT('',(2.45E1,2.157868932583E0,-5.684262134833E0));
#1077=CARTESIAN_POINT('',(2.436686067158E1,2.414065079983E0,-5.171869840034E0));
#1078=CARTESIAN_POINT('',(2.396817517362E1,2.709374302716E0,-4.581251394567E0));
#1079=CARTESIAN_POINT('',(2.338302768175E1,2.921295186733E0,-4.157409626533E0));
#1080=CARTESIAN_POINT('',(2.285300566479E1,3.E0,-4.E0));
#1081=CARTESIAN_POINT('',(2.25E1,3.E0,-4.E0));
#1083=DIRECTION('',(0.E0,4.472135955E-1,8.944271909999E-1));
#1084=VECTOR('',#1083,1.118033988750E0);
#1085=CARTESIAN_POINT('',(2.45E1,1.5E0,-7.E0));
#1086=LINE('',#1085,#1084);
#1087=DIRECTION('',(-1.E0,0.E0,0.E0));
#1088=VECTOR('',#1087,1.2E1);
#1089=CARTESIAN_POINT('',(2.45E1,1.5E0,-7.E0));
#1090=LINE('',#1089,#1088);
#1091=DIRECTION('',(0.E0,-1.E0,0.E0));
#1092=VECTOR('',#1091,2.E0);
#1093=CARTESIAN_POINT('',(-7.5E0,2.E0,-2.79E1));
#1094=LINE('',#1093,#1092);
#1095=CARTESIAN_POINT('',(-7.5E0,0.E0,-2.96E1));
#1096=DIRECTION('',(0.E0,1.E0,0.E0));
#1097=DIRECTION('',(0.E0,0.E0,1.E0));
#1098=AXIS2_PLACEMENT_3D('',#1095,#1096,#1097);
#1100=DIRECTION('',(0.E0,-1.E0,0.E0));
#1101=VECTOR('',#1100,2.E0);
#1102=CARTESIAN_POINT('',(-7.5E0,2.E0,-3.13E1));
#1103=LINE('',#1102,#1101);
#1104=CARTESIAN_POINT('',(-7.5E0,0.E0,-2.96E1));
#1105=DIRECTION('',(0.E0,1.E0,0.E0));
#1106=DIRECTION('',(0.E0,0.E0,-1.E0));
#1107=AXIS2_PLACEMENT_3D('',#1104,#1105,#1106);
#1109=DIRECTION('',(0.E0,-1.E0,0.E0));
#1110=VECTOR('',#1109,2.E0);
#1111=CARTESIAN_POINT('',(7.5E0,2.E0,-6.3E0));
#1112=LINE('',#1111,#1110);
#1113=CARTESIAN_POINT('',(7.5E0,0.E0,-8.E0));
#1114=DIRECTION('',(0.E0,1.E0,0.E0));
#1115=DIRECTION('',(0.E0,0.E0,1.E0));
#1116=AXIS2_PLACEMENT_3D('',#1113,#1114,#1115);
#1118=DIRECTION('',(0.E0,-1.E0,0.E0));
#1119=VECTOR('',#1118,2.E0);
#1120=CARTESIAN_POINT('',(7.5E0,2.E0,-9.7E0));
#1121=LINE('',#1120,#1119);
#1122=CARTESIAN_POINT('',(7.5E0,0.E0,-8.E0));
#1123=DIRECTION('',(0.E0,1.E0,0.E0));
#1124=DIRECTION('',(0.E0,0.E0,-1.E0));
#1125=AXIS2_PLACEMENT_3D('',#1122,#1123,#1124);
#1127=DIRECTION('',(0.E0,-1.E0,0.E0));
#1128=VECTOR('',#1127,2.E0);
#1129=CARTESIAN_POINT('',(-7.5E0,2.E0,-6.3E0));
#1130=LINE('',#1129,#1128);
#1131=CARTESIAN_POINT('',(-7.5E0,0.E0,-8.E0));
#1132=DIRECTION('',(0.E0,1.E0,0.E0));
#1133=DIRECTION('',(0.E0,0.E0,1.E0));
#1134=AXIS2_PLACEMENT_3D('',#1131,#1132,#1133);
#1136=DIRECTION('',(0.E0,-1.E0,0.E0));
#1137=VECTOR('',#1136,2.E0);
#1138=CARTESIAN_POINT('',(-7.5E0,2.E0,-9.7E0));
#1139=LINE('',#1138,#1137);
#1140=CARTESIAN_POINT('',(-7.5E0,0.E0,-8.E0));
#1141=DIRECTION('',(0.E0,1.E0,0.E0));
#1142=DIRECTION('',(0.E0,0.E0,-1.E0));
#1143=AXIS2_PLACEMENT_3D('',#1140,#1141,#1142);
#1145=CARTESIAN_POINT('',(-2.05E1,5.640801626958E1,-7.164818438649E0));
#1146=CARTESIAN_POINT('',(-2.05E1,4.714461705444E1,-1.060956522361E1));
#1147=VERTEX_POINT('',#1145);
#1148=VERTEX_POINT('',#1146);
#1149=VERTEX_POINT('',#527);
#1150=VERTEX_POINT('',#537);
#1151=VERTEX_POINT('',#804);
#1152=CARTESIAN_POINT('',(-2.05E1,6.086960244677E1,-6.304235334828E0));
#1153=VERTEX_POINT('',#1152);
#1154=VERTEX_POINT('',#919);
#1155=VERTEX_POINT('',#922);
#1156=CARTESIAN_POINT('',(-2.05E1,2.9E1,-8.132819081774E0));
#1157=CARTESIAN_POINT('',(-2.05E1,2.9E1,-2.103450630396E1));
#1158=VERTEX_POINT('',#1156);
#1159=VERTEX_POINT('',#1157);
#1160=CARTESIAN_POINT('',(-2.05E1,2.5E1,-1.636232727849E1));
#1161=CARTESIAN_POINT('',(-2.05E1,2.5E1,-2.333269557940E1));
#1162=VERTEX_POINT('',#1160);
#1163=VERTEX_POINT('',#1161);
#1164=CARTESIAN_POINT('',(1.533413917660E1,2.9E1,-8.132819081774E0));
#1165=VERTEX_POINT('',#1164);
#1166=CARTESIAN_POINT('',(1.533413917660E1,2.9E1,-2.103450630396E1));
#1167=VERTEX_POINT('',#1166);
#1168=CARTESIAN_POINT('',(1.699808062519E1,2.5E1,-2.333269557940E1));
#1169=CARTESIAN_POINT('',(1.699808062519E1,2.5E1,-1.636232727849E1));
#1170=VERTEX_POINT('',#1168);
#1171=VERTEX_POINT('',#1169);
#1172=CARTESIAN_POINT('',(-1.5E0,2.5E1,-1.636232727849E1));
#1173=VERTEX_POINT('',#1172);
#1174=CARTESIAN_POINT('',(1.5E0,2.5E1,-1.636232727849E1));
#1175=VERTEX_POINT('',#1174);
#1176=CARTESIAN_POINT('',(-2.05E1,2.5E1,-1.035245901639E1));
#1177=CARTESIAN_POINT('',(-1.5E0,2.5E1,-1.035245901639E1));
#1178=VERTEX_POINT('',#1176);
#1179=VERTEX_POINT('',#1177);
#1180=CARTESIAN_POINT('',(1.5E0,2.5E1,-1.035245901639E1));
#1181=CARTESIAN_POINT('',(1.699808062519E1,2.5E1,-1.035245901639E1));
#1182=VERTEX_POINT('',#1180);
#1183=VERTEX_POINT('',#1181);
#1184=CARTESIAN_POINT('',(1.5E0,2.5E1,-2.333269557940E1));
#1185=VERTEX_POINT('',#1184);
#1186=CARTESIAN_POINT('',(-1.5E0,2.5E1,-2.333269557940E1));
#1187=VERTEX_POINT('',#1186);
#1188=VERTEX_POINT('',#903);
#1189=VERTEX_POINT('',#887);
#1190=VERTEX_POINT('',#429);
#1191=VERTEX_POINT('',#433);
#1192=CARTESIAN_POINT('',(1.5E0,2.5E1,-2.688524590164E0));
#1193=VERTEX_POINT('',#1192);
#1194=CARTESIAN_POINT('',(-1.5E0,2.5E1,-2.688524590164E0));
#1195=CARTESIAN_POINT('',(-2.05E1,2.5E1,-2.688524590164E0));
#1196=VERTEX_POINT('',#1194);
#1197=VERTEX_POINT('',#1195);
#1198=CARTESIAN_POINT('',(2.05E1,5.507654562084E0,-3.36E1));
#1199=VERTEX_POINT('',#1198);
#1200=CARTESIAN_POINT('',(2.25E1,5.507654562083E0,-3.36E1));
#1201=CARTESIAN_POINT('',(2.45E1,5.507654562083E0,-3.16E1));
#1202=VERTEX_POINT('',#1200);
#1203=VERTEX_POINT('',#1201);
#1204=CARTESIAN_POINT('',(-2.35E1,4.714461705444E1,-1.060956522361E1));
#1205=CARTESIAN_POINT('',(-2.35E1,9.101604885038E0,-3.246707586686E1));
#1206=VERTEX_POINT('',#1204);
#1207=VERTEX_POINT('',#1205);
#1208=CARTESIAN_POINT('',(-2.45E1,4.664644093989E1,-9.742489356748E0));
#1209=CARTESIAN_POINT('',(-2.45E1,8.603428770486E0,-3.16E1));
#1210=VERTEX_POINT('',#1208);
#1211=VERTEX_POINT('',#1209);
#1212=CARTESIAN_POINT('',(-2.35E1,5.640801626958E1,-7.164818438649E0));
#1213=VERTEX_POINT('',#1212);
#1214=CARTESIAN_POINT('',(-2.45E1,5.621862012887E1,-6.182917678957E0));
#1215=VERTEX_POINT('',#1214);
#1216=CARTESIAN_POINT('',(-2.35E1,7.618939614071E1,-3.349242405533E0));
#1217=VERTEX_POINT('',#1216);
#1218=CARTESIAN_POINT('',(-2.45E1,7.599999999879E1,-2.367341645960E0));
#1219=VERTEX_POINT('',#1218);
#1220=VERTEX_POINT('',#625);
#1221=VERTEX_POINT('',#679);
#1222=CARTESIAN_POINT('',(-1.388901296886E1,7.718939614071E1,
-3.156355152067E0));
#1223=VERTEX_POINT('',#1222);
#1224=CARTESIAN_POINT('',(-1.388901297167E1,7.8E1,-2.174454392409E0));
#1225=VERTEX_POINT('',#1224);
#1226=VERTEX_POINT('',#612);
#1227=VERTEX_POINT('',#656);
#1228=VERTEX_POINT('',#599);
#1229=VERTEX_POINT('',#551);
#1230=VERTEX_POINT('',#515);
#1231=VERTEX_POINT('',#564);
#1232=VERTEX_POINT('',#539);
#1233=VERTEX_POINT('',#481);
#1234=VERTEX_POINT('',#787);
#1235=VERTEX_POINT('',#488);
#1236=VERTEX_POINT('',#773);
#1237=VERTEX_POINT('',#1023);
#1238=CARTESIAN_POINT('',(-2.05E1,7.361104203587E0,-3.346707586686E1));
#1239=VERTEX_POINT('',#1238);
#1240=CARTESIAN_POINT('',(2.048359789856E1,6.862928089035E0,-3.36E1));
#1241=VERTEX_POINT('',#1240);
#1242=VERTEX_POINT('',#764);
#1243=CARTESIAN_POINT('',(-1.5E0,7.361104203587E0,-3.346707586686E1));
#1244=VERTEX_POINT('',#1243);
#1245=CARTESIAN_POINT('',(1.5E0,7.361104203587E0,-3.346707586686E1));
#1246=VERTEX_POINT('',#1245);
#1247=CARTESIAN_POINT('',(-2.05E1,6.862928089035E0,-3.36E1));
#1248=VERTEX_POINT('',#1247);
#1249=CARTESIAN_POINT('',(-2.25E1,6.862928089035E0,-3.36E1));
#1250=VERTEX_POINT('',#1249);
#1251=CARTESIAN_POINT('',(-2.25E1,7.361104203587E0,-3.346707586686E1));
#1252=VERTEX_POINT('',#1251);
#1253=CARTESIAN_POINT('',(1.5E0,6.862928089035E0,-3.36E1));
#1254=VERTEX_POINT('',#1253);
#1255=CARTESIAN_POINT('',(-1.5E0,6.862928089035E0,-3.36E1));
#1256=VERTEX_POINT('',#1255);
#1257=CARTESIAN_POINT('',(-2.25E1,0.E0,-4.E0));
#1258=CARTESIAN_POINT('',(-2.45E1,0.E0,-6.E0));
#1259=VERTEX_POINT('',#1257);
#1260=VERTEX_POINT('',#1258);
#1261=CARTESIAN_POINT('',(2.25E1,0.E0,-3.36E1));
#1262=CARTESIAN_POINT('',(2.45E1,0.E0,-3.16E1));
#1263=VERTEX_POINT('',#1261);
#1264=VERTEX_POINT('',#1262);
#1265=CARTESIAN_POINT('',(-2.45E1,-2.842170943040E-14,-3.16E1));
#1266=CARTESIAN_POINT('',(-2.25E1,-2.842170943040E-14,-3.36E1));
#1267=VERTEX_POINT('',#1265);
#1268=VERTEX_POINT('',#1266);
#1269=CARTESIAN_POINT('',(1.25E1,3.E0,-4.E0));
#1270=CARTESIAN_POINT('',(1.25E1,0.E0,-4.E0));
#1271=VERTEX_POINT('',#1269);
#1272=VERTEX_POINT('',#1270);
#1273=CARTESIAN_POINT('',(7.5E0,0.E0,-2.79E1));
#1274=CARTESIAN_POINT('',(7.5E0,0.E0,-3.13E1));
#1275=VERTEX_POINT('',#1273);
#1276=VERTEX_POINT('',#1274);
#1277=CARTESIAN_POINT('',(-7.5E0,0.E0,-2.79E1));
#1278=CARTESIAN_POINT('',(-7.5E0,0.E0,-3.13E1));
#1279=VERTEX_POINT('',#1277);
#1280=VERTEX_POINT('',#1278);
#1281=CARTESIAN_POINT('',(7.5E0,0.E0,-6.3E0));
#1282=CARTESIAN_POINT('',(7.5E0,0.E0,-9.7E0));
#1283=VERTEX_POINT('',#1281);
#1284=VERTEX_POINT('',#1282);
#1285=CARTESIAN_POINT('',(-7.5E0,0.E0,-6.3E0));
#1286=CARTESIAN_POINT('',(-7.5E0,0.E0,-9.7E0));
#1287=VERTEX_POINT('',#1285);
#1288=VERTEX_POINT('',#1286);
#1289=CARTESIAN_POINT('',(4.5E0,2.E0,-2.96E1));
#1290=CARTESIAN_POINT('',(1.05E1,2.E0,-2.96E1));
#1291=VERTEX_POINT('',#1289);
#1292=VERTEX_POINT('',#1290);
#1293=CARTESIAN_POINT('',(-1.05E1,2.E0,-2.96E1));
#1294=CARTESIAN_POINT('',(-4.5E0,2.E0,-2.96E1));
#1295=VERTEX_POINT('',#1293);
#1296=VERTEX_POINT('',#1294);
#1297=CARTESIAN_POINT('',(-1.05E1,2.E0,-8.E0));
#1298=CARTESIAN_POINT('',(-4.5E0,2.E0,-8.E0));
#1299=VERTEX_POINT('',#1297);
#1300=VERTEX_POINT('',#1298);
#1301=CARTESIAN_POINT('',(4.5E0,2.E0,-8.E0));
#1302=CARTESIAN_POINT('',(1.05E1,2.E0,-8.E0));
#1303=VERTEX_POINT('',#1301);
#1304=VERTEX_POINT('',#1302);
#1305=CARTESIAN_POINT('',(7.5E0,2.E0,-2.79E1));
#1306=CARTESIAN_POINT('',(7.5E0,2.E0,-3.13E1));
#1307=VERTEX_POINT('',#1305);
#1308=VERTEX_POINT('',#1306);
#1309=CARTESIAN_POINT('',(-7.5E0,2.E0,-2.79E1));
#1310=CARTESIAN_POINT('',(-7.5E0,2.E0,-3.13E1));
#1311=VERTEX_POINT('',#1309);
#1312=VERTEX_POINT('',#1310);
#1313=CARTESIAN_POINT('',(7.5E0,2.E0,-6.3E0));
#1314=CARTESIAN_POINT('',(7.5E0,2.E0,-9.7E0));
#1315=VERTEX_POINT('',#1313);
#1316=VERTEX_POINT('',#1314);
#1317=CARTESIAN_POINT('',(-7.5E0,2.E0,-6.3E0));
#1318=CARTESIAN_POINT('',(-7.5E0,2.E0,-9.7E0));
#1319=VERTEX_POINT('',#1317);
#1320=VERTEX_POINT('',#1318);
#1321=CARTESIAN_POINT('',(4.5E0,5.E0,-2.96E1));
#1322=CARTESIAN_POINT('',(1.05E1,5.E0,-2.96E1));
#1323=VERTEX_POINT('',#1321);
#1324=VERTEX_POINT('',#1322);
#1325=CARTESIAN_POINT('',(-1.05E1,5.E0,-2.96E1));
#1326=CARTESIAN_POINT('',(-4.5E0,5.E0,-2.96E1));
#1327=VERTEX_POINT('',#1325);
#1328=VERTEX_POINT('',#1326);
#1329=CARTESIAN_POINT('',(-1.05E1,5.E0,-8.E0));
#1330=CARTESIAN_POINT('',(-4.5E0,5.E0,-8.E0));
#1331=VERTEX_POINT('',#1329);
#1332=VERTEX_POINT('',#1330);
#1333=CARTESIAN_POINT('',(4.5E0,5.E0,-8.E0));
#1334=CARTESIAN_POINT('',(1.05E1,5.E0,-8.E0));
#1335=VERTEX_POINT('',#1333);
#1336=VERTEX_POINT('',#1334);
#1337=CARTESIAN_POINT('',(1.25E1,0.E0,-2.2E1));
#1338=VERTEX_POINT('',#1337);
#1339=CARTESIAN_POINT('',(2.45E1,0.E0,-2.2E1));
#1340=VERTEX_POINT('',#1339);
#1341=CARTESIAN_POINT('',(1.25E1,1.5E0,-2.2E1));
#1342=CARTESIAN_POINT('',(1.25E1,1.5E0,-7.E0));
#1343=VERTEX_POINT('',#1341);
#1344=VERTEX_POINT('',#1342);
#1345=CARTESIAN_POINT('',(2.45E1,1.5E0,-2.2E1));
#1346=VERTEX_POINT('',#1345);
#1347=CARTESIAN_POINT('',(2.45E1,1.5E0,-7.E0));
#1348=VERTEX_POINT('',#1347);
#1349=CARTESIAN_POINT('',(2.25E1,3.E0,-4.E0));
#1350=VERTEX_POINT('',#1349);
#1351=CARTESIAN_POINT('',(2.45E1,2.E0,-6.E0));
#1352=VERTEX_POINT('',#1351);
#1353=CARTESIAN_POINT('',(-2.05E1,5.E0,-4.E0));
#1354=CARTESIAN_POINT('',(-2.05E1,5.E0,-1.15E1));
#1355=VERTEX_POINT('',#1353);
#1356=VERTEX_POINT('',#1354);
#1357=CARTESIAN_POINT('',(-2.05E1,5.E0,-1.750986826210E1));
#1358=CARTESIAN_POINT('',(-2.05E1,5.E0,-3.36E1));
#1359=VERTEX_POINT('',#1357);
#1360=VERTEX_POINT('',#1358);
#1361=CARTESIAN_POINT('',(2.05E1,5.E0,-4.E0));
#1362=CARTESIAN_POINT('',(2.05E1,5.E0,-1.15E1));
#1363=VERTEX_POINT('',#1361);
#1364=VERTEX_POINT('',#1362);
#1365=CARTESIAN_POINT('',(2.05E1,5.E0,-1.750986826210E1));
#1366=CARTESIAN_POINT('',(2.05E1,5.E0,-3.36E1));
#1367=VERTEX_POINT('',#1365);
#1368=VERTEX_POINT('',#1366);
#1369=CARTESIAN_POINT('',(-1.5E0,5.E0,-1.750986826210E1));
#1370=VERTEX_POINT('',#1369);
#1371=CARTESIAN_POINT('',(1.5E0,5.E0,-1.750986826210E1));
#1372=VERTEX_POINT('',#1371);
#1373=CARTESIAN_POINT('',(-1.5E0,5.E0,-1.15E1));
#1374=VERTEX_POINT('',#1373);
#1375=CARTESIAN_POINT('',(1.5E0,5.E0,-1.15E1));
#1376=VERTEX_POINT('',#1375);
#1377=CARTESIAN_POINT('',(-1.5E0,5.E0,-4.E0));
#1378=VERTEX_POINT('',#1377);
#1379=CARTESIAN_POINT('',(-1.5E0,5.E0,-3.36E1));
#1380=VERTEX_POINT('',#1379);
#1381=CARTESIAN_POINT('',(1.5E0,5.E0,-4.E0));
#1382=VERTEX_POINT('',#1381);
#1383=CARTESIAN_POINT('',(1.5E0,5.E0,-3.36E1));
#1384=VERTEX_POINT('',#1383);
#1385=CARTESIAN_POINT('',(-2.25E1,5.E0,-4.E0));
#1386=VERTEX_POINT('',#1385);
#1387=CARTESIAN_POINT('',(2.25E1,5.E0,-4.E0));
#1388=VERTEX_POINT('',#1387);
#1389=CARTESIAN_POINT('',(-2.45E1,5.E0,-6.E0));
#1390=VERTEX_POINT('',#1389);
#1391=CARTESIAN_POINT('',(2.45E1,5.E0,-6.E0));
#1392=VERTEX_POINT('',#1391);
#1393=CARTESIAN_POINT('',(-2.45E1,7.6E1,0.E0));
#1394=CARTESIAN_POINT('',(-2.25E1,7.8E1,0.E0));
#1395=VERTEX_POINT('',#1393);
#1396=VERTEX_POINT('',#1394);
#1397=CARTESIAN_POINT('',(-1.388901296886E1,7.8E1,2.842170943040E-14));
#1398=CARTESIAN_POINT('',(-1.202095060149E1,7.671438294467E1,
2.820124937254E-14));
#1399=VERTEX_POINT('',#1397);
#1400=VERTEX_POINT('',#1398);
#1401=CARTESIAN_POINT('',(-2.45E1,6.6E1,0.E0));
#1402=CARTESIAN_POINT('',(-2.45E1,5.E0,-4.E0));
#1403=VERTEX_POINT('',#1401);
#1404=VERTEX_POINT('',#1402);
#1405=CARTESIAN_POINT('',(-6.985753289102E0,6.6E1,0.E0));
#1406=VERTEX_POINT('',#1405);
#1407=VERTEX_POINT('',#404);
#1408=VERTEX_POINT('',#415);
#1409=CARTESIAN_POINT('',(2.45E1,5.E0,-4.E0));
#1410=VERTEX_POINT('',#1409);
#1411=CARTESIAN_POINT('',(-2.45E1,0.E0,0.E0));
#1412=DIRECTION('',(1.E0,0.E0,0.E0));
#1413=DIRECTION('',(0.E0,0.E0,-1.E0));
#1414=AXIS2_PLACEMENT_3D('',#1411,#1412,#1413);
#1415=PLANE('',#1414);
#1417=ORIENTED_EDGE('',*,*,#1416,.T.);
#1419=ORIENTED_EDGE('',*,*,#1418,.F.);
#1421=ORIENTED_EDGE('',*,*,#1420,.F.);
#1423=ORIENTED_EDGE('',*,*,#1422,.F.);
#1425=ORIENTED_EDGE('',*,*,#1424,.T.);
#1427=ORIENTED_EDGE('',*,*,#1426,.T.);
#1429=ORIENTED_EDGE('',*,*,#1428,.T.);
#1431=ORIENTED_EDGE('',*,*,#1430,.F.);
#1433=ORIENTED_EDGE('',*,*,#1432,.T.);
#1435=ORIENTED_EDGE('',*,*,#1434,.F.);
#1436=EDGE_LOOP('',(#1417,#1419,#1421,#1423,#1425,#1427,#1429,#1431,#1433,
#1435));
#1437=FACE_OUTER_BOUND('',#1436,.F.);
#1438=ADVANCED_FACE('',(#1437),#1415,.F.);
#1439=CARTESIAN_POINT('',(-2.25E1,1.796808E2,-3.16E1));
#1440=DIRECTION('',(0.E0,1.E0,0.E0));
#1441=DIRECTION('',(0.E0,0.E0,-1.E0));
#1442=AXIS2_PLACEMENT_3D('',#1439,#1440,#1441);
#1443=CYLINDRICAL_SURFACE('',#1442,2.E0);
#1445=ORIENTED_EDGE('',*,*,#1444,.F.);
#1447=ORIENTED_EDGE('',*,*,#1446,.F.);
#1448=ORIENTED_EDGE('',*,*,#1416,.F.);
#1450=ORIENTED_EDGE('',*,*,#1449,.T.);
#1451=EDGE_LOOP('',(#1445,#1447,#1448,#1450));
#1452=FACE_OUTER_BOUND('',#1451,.F.);
#1453=ADVANCED_FACE('',(#1452),#1443,.T.);
#1454=CARTESIAN_POINT('',(-1.5E0,0.E0,-3.36E1));
#1455=DIRECTION('',(0.E0,0.E0,1.E0));
#1456=DIRECTION('',(1.E0,0.E0,0.E0));
#1457=AXIS2_PLACEMENT_3D('',#1454,#1455,#1456);
#1458=PLANE('',#1457);
#1460=ORIENTED_EDGE('',*,*,#1459,.T.);
#1462=ORIENTED_EDGE('',*,*,#1461,.T.);
#1464=ORIENTED_EDGE('',*,*,#1463,.F.);
#1466=ORIENTED_EDGE('',*,*,#1465,.F.);
#1468=ORIENTED_EDGE('',*,*,#1467,.T.);
#1470=ORIENTED_EDGE('',*,*,#1469,.T.);
#1472=ORIENTED_EDGE('',*,*,#1471,.F.);
#1473=ORIENTED_EDGE('',*,*,#1444,.T.);
#1475=ORIENTED_EDGE('',*,*,#1474,.F.);
#1477=ORIENTED_EDGE('',*,*,#1476,.T.);
#1479=ORIENTED_EDGE('',*,*,#1478,.T.);
#1481=ORIENTED_EDGE('',*,*,#1480,.F.);
#1483=ORIENTED_EDGE('',*,*,#1482,.T.);
#1485=ORIENTED_EDGE('',*,*,#1484,.T.);
#1486=EDGE_LOOP('',(#1460,#1462,#1464,#1466,#1468,#1470,#1472,#1473,#1475,#1477,
#1479,#1481,#1483,#1485));
#1487=FACE_OUTER_BOUND('',#1486,.F.);
#1488=ADVANCED_FACE('',(#1487),#1458,.F.);
#1489=CARTESIAN_POINT('',(0.E0,5.E0,-1.88E1));
#1490=DIRECTION('',(0.E0,1.E0,0.E0));
#1491=DIRECTION('',(1.E0,0.E0,0.E0));
#1492=AXIS2_PLACEMENT_3D('',#1489,#1490,#1491);
#1493=PLANE('',#1492);
#1495=ORIENTED_EDGE('',*,*,#1494,.T.);
#1497=ORIENTED_EDGE('',*,*,#1496,.T.);
#1499=ORIENTED_EDGE('',*,*,#1498,.F.);
#1501=ORIENTED_EDGE('',*,*,#1500,.F.);
#1502=EDGE_LOOP('',(#1495,#1497,#1499,#1501));
#1503=FACE_OUTER_BOUND('',#1502,.F.);
#1505=ORIENTED_EDGE('',*,*,#1504,.T.);
#1507=ORIENTED_EDGE('',*,*,#1506,.T.);
#1508=EDGE_LOOP('',(#1505,#1507));
#1509=FACE_BOUND('',#1508,.F.);
#1510=ADVANCED_FACE('',(#1503,#1509),#1493,.T.);
#1511=CARTESIAN_POINT('',(0.E0,5.E0,-1.88E1));
#1512=DIRECTION('',(0.E0,1.E0,0.E0));
#1513=DIRECTION('',(1.E0,0.E0,0.E0));
#1514=AXIS2_PLACEMENT_3D('',#1511,#1512,#1513);
#1515=PLANE('',#1514);
#1517=ORIENTED_EDGE('',*,*,#1516,.T.);
#1518=ORIENTED_EDGE('',*,*,#1467,.F.);
#1520=ORIENTED_EDGE('',*,*,#1519,.F.);
#1522=ORIENTED_EDGE('',*,*,#1521,.F.);
#1523=EDGE_LOOP('',(#1517,#1518,#1520,#1522));
#1524=FACE_OUTER_BOUND('',#1523,.F.);
#1526=ORIENTED_EDGE('',*,*,#1525,.T.);
#1528=ORIENTED_EDGE('',*,*,#1527,.T.);
#1529=EDGE_LOOP('',(#1526,#1528));
#1530=FACE_BOUND('',#1529,.F.);
#1531=ADVANCED_FACE('',(#1524,#1530),#1515,.T.);
#1532=CARTESIAN_POINT('',(0.E0,5.E0,-1.88E1));
#1533=DIRECTION('',(0.E0,1.E0,0.E0));
#1534=DIRECTION('',(1.E0,0.E0,0.E0));
#1535=AXIS2_PLACEMENT_3D('',#1532,#1533,#1534);
#1536=PLANE('',#1535);
#1538=ORIENTED_EDGE('',*,*,#1537,.F.);
#1540=ORIENTED_EDGE('',*,*,#1539,.F.);
#1542=ORIENTED_EDGE('',*,*,#1541,.T.);
#1544=ORIENTED_EDGE('',*,*,#1543,.T.);
#1545=EDGE_LOOP('',(#1538,#1540,#1542,#1544));
#1546=FACE_OUTER_BOUND('',#1545,.F.);
#1548=ORIENTED_EDGE('',*,*,#1547,.T.);
#1550=ORIENTED_EDGE('',*,*,#1549,.T.);
#1551=EDGE_LOOP('',(#1548,#1550));
#1552=FACE_BOUND('',#1551,.F.);
#1553=ADVANCED_FACE('',(#1546,#1552),#1536,.T.);
#1554=CARTESIAN_POINT('',(0.E0,5.E0,-1.88E1));
#1555=DIRECTION('',(0.E0,1.E0,0.E0));
#1556=DIRECTION('',(1.E0,0.E0,0.E0));
#1557=AXIS2_PLACEMENT_3D('',#1554,#1555,#1556);
#1558=PLANE('',#1557);
#1560=ORIENTED_EDGE('',*,*,#1559,.F.);
#1562=ORIENTED_EDGE('',*,*,#1561,.F.);
#1564=ORIENTED_EDGE('',*,*,#1563,.T.);
#1565=ORIENTED_EDGE('',*,*,#1459,.F.);
#1566=EDGE_LOOP('',(#1560,#1562,#1564,#1565));
#1567=FACE_OUTER_BOUND('',#1566,.F.);
#1569=ORIENTED_EDGE('',*,*,#1568,.T.);
#1571=ORIENTED_EDGE('',*,*,#1570,.T.);
#1572=EDGE_LOOP('',(#1569,#1571));
#1573=FACE_BOUND('',#1572,.F.);
#1574=ADVANCED_FACE('',(#1567,#1573),#1558,.T.);
#1575=CARTESIAN_POINT('',(7.5E0,5.E0,-2.96E1));
#1576=DIRECTION('',(0.E0,1.E0,0.E0));
#1577=DIRECTION('',(-1.E0,0.E0,0.E0));
#1578=AXIS2_PLACEMENT_3D('',#1575,#1576,#1577);
#1579=CYLINDRICAL_SURFACE('',#1578,3.E0);
#1580=ORIENTED_EDGE('',*,*,#1568,.F.);
#1582=ORIENTED_EDGE('',*,*,#1581,.T.);
#1584=ORIENTED_EDGE('',*,*,#1583,.T.);
#1586=ORIENTED_EDGE('',*,*,#1585,.F.);
#1587=EDGE_LOOP('',(#1580,#1582,#1584,#1586));
#1588=FACE_OUTER_BOUND('',#1587,.F.);
#1589=ADVANCED_FACE('',(#1588),#1579,.F.);
#1590=CARTESIAN_POINT('',(7.5E0,5.E0,-2.96E1));
#1591=DIRECTION('',(0.E0,1.E0,0.E0));
#1592=DIRECTION('',(-1.E0,0.E0,0.E0));
#1593=AXIS2_PLACEMENT_3D('',#1590,#1591,#1592);
#1594=CYLINDRICAL_SURFACE('',#1593,3.E0);
#1595=ORIENTED_EDGE('',*,*,#1570,.F.);
#1596=ORIENTED_EDGE('',*,*,#1585,.T.);
#1598=ORIENTED_EDGE('',*,*,#1597,.T.);
#1599=ORIENTED_EDGE('',*,*,#1581,.F.);
#1600=EDGE_LOOP('',(#1595,#1596,#1598,#1599));
#1601=FACE_OUTER_BOUND('',#1600,.F.);
#1602=ADVANCED_FACE('',(#1601),#1594,.F.);
#1603=CARTESIAN_POINT('',(0.E0,2.E0,-1.88E1));
#1604=DIRECTION('',(0.E0,1.E0,0.E0));
#1605=DIRECTION('',(-1.E0,0.E0,0.E0));
#1606=AXIS2_PLACEMENT_3D('',#1603,#1604,#1605);
#1607=PLANE('',#1606);
#1608=ORIENTED_EDGE('',*,*,#1583,.F.);
#1609=ORIENTED_EDGE('',*,*,#1597,.F.);
#1610=EDGE_LOOP('',(#1608,#1609));
#1611=FACE_OUTER_BOUND('',#1610,.F.);
#1613=ORIENTED_EDGE('',*,*,#1612,.T.);
#1615=ORIENTED_EDGE('',*,*,#1614,.T.);
#1616=EDGE_LOOP('',(#1613,#1615));
#1617=FACE_BOUND('',#1616,.F.);
#1618=ADVANCED_FACE('',(#1611,#1617),#1607,.T.);
#1619=CARTESIAN_POINT('',(0.E0,2.E0,-1.88E1));
#1620=DIRECTION('',(0.E0,1.E0,0.E0));
#1621=DIRECTION('',(-1.E0,0.E0,0.E0));
#1622=AXIS2_PLACEMENT_3D('',#1619,#1620,#1621);
#1623=PLANE('',#1622);
#1625=ORIENTED_EDGE('',*,*,#1624,.F.);
#1627=ORIENTED_EDGE('',*,*,#1626,.F.);
#1628=EDGE_LOOP('',(#1625,#1627));
#1629=FACE_OUTER_BOUND('',#1628,.F.);
#1631=ORIENTED_EDGE('',*,*,#1630,.T.);
#1633=ORIENTED_EDGE('',*,*,#1632,.T.);
#1634=EDGE_LOOP('',(#1631,#1633));
#1635=FACE_BOUND('',#1634,.F.);
#1636=ADVANCED_FACE('',(#1629,#1635),#1623,.T.);
#1637=CARTESIAN_POINT('',(0.E0,2.E0,-1.88E1));
#1638=DIRECTION('',(0.E0,1.E0,0.E0));
#1639=DIRECTION('',(-1.E0,0.E0,0.E0));
#1640=AXIS2_PLACEMENT_3D('',#1637,#1638,#1639);
#1641=PLANE('',#1640);
#1643=ORIENTED_EDGE('',*,*,#1642,.F.);
#1645=ORIENTED_EDGE('',*,*,#1644,.F.);
#1646=EDGE_LOOP('',(#1643,#1645));
#1647=FACE_OUTER_BOUND('',#1646,.F.);
#1649=ORIENTED_EDGE('',*,*,#1648,.T.);
#1651=ORIENTED_EDGE('',*,*,#1650,.T.);
#1652=EDGE_LOOP('',(#1649,#1651));
#1653=FACE_BOUND('',#1652,.F.);
#1654=ADVANCED_FACE('',(#1647,#1653),#1641,.T.);
#1655=CARTESIAN_POINT('',(0.E0,2.E0,-1.88E1));
#1656=DIRECTION('',(0.E0,1.E0,0.E0));
#1657=DIRECTION('',(-1.E0,0.E0,0.E0));
#1658=AXIS2_PLACEMENT_3D('',#1655,#1656,#1657);
#1659=PLANE('',#1658);
#1661=ORIENTED_EDGE('',*,*,#1660,.F.);
#1663=ORIENTED_EDGE('',*,*,#1662,.F.);
#1664=EDGE_LOOP('',(#1661,#1663));
#1665=FACE_OUTER_BOUND('',#1664,.F.);
#1667=ORIENTED_EDGE('',*,*,#1666,.T.);
#1669=ORIENTED_EDGE('',*,*,#1668,.T.);
#1670=EDGE_LOOP('',(#1667,#1669));
#1671=FACE_BOUND('',#1670,.F.);
#1672=ADVANCED_FACE('',(#1665,#1671),#1659,.T.);
#1673=CARTESIAN_POINT('',(-7.5E0,5.E0,-2.96E1));
#1674=DIRECTION('',(0.E0,1.E0,0.E0));
#1675=DIRECTION('',(-1.E0,0.E0,0.E0));
#1676=AXIS2_PLACEMENT_3D('',#1673,#1674,#1675);
#1677=CYLINDRICAL_SURFACE('',#1676,3.E0);
#1678=ORIENTED_EDGE('',*,*,#1525,.F.);
#1680=ORIENTED_EDGE('',*,*,#1679,.T.);
#1681=ORIENTED_EDGE('',*,*,#1624,.T.);
#1683=ORIENTED_EDGE('',*,*,#1682,.F.);
#1684=EDGE_LOOP('',(#1678,#1680,#1681,#1683));
#1685=FACE_OUTER_BOUND('',#1684,.F.);
#1686=ADVANCED_FACE('',(#1685),#1677,.F.);
#1687=CARTESIAN_POINT('',(-7.5E0,5.E0,-2.96E1));
#1688=DIRECTION('',(0.E0,1.E0,0.E0));
#1689=DIRECTION('',(-1.E0,0.E0,0.E0));
#1690=AXIS2_PLACEMENT_3D('',#1687,#1688,#1689);
#1691=CYLINDRICAL_SURFACE('',#1690,3.E0);
#1692=ORIENTED_EDGE('',*,*,#1527,.F.);
#1693=ORIENTED_EDGE('',*,*,#1682,.T.);
#1694=ORIENTED_EDGE('',*,*,#1626,.T.);
#1695=ORIENTED_EDGE('',*,*,#1679,.F.);
#1696=EDGE_LOOP('',(#1692,#1693,#1694,#1695));
#1697=FACE_OUTER_BOUND('',#1696,.F.);
#1698=ADVANCED_FACE('',(#1697),#1691,.F.);
#1699=CARTESIAN_POINT('',(-7.5E0,5.E0,-8.E0));
#1700=DIRECTION('',(0.E0,1.E0,0.E0));
#1701=DIRECTION('',(-1.E0,0.E0,0.E0));
#1702=AXIS2_PLACEMENT_3D('',#1699,#1700,#1701);
#1703=CYLINDRICAL_SURFACE('',#1702,3.E0);
#1704=ORIENTED_EDGE('',*,*,#1504,.F.);
#1706=ORIENTED_EDGE('',*,*,#1705,.T.);
#1707=ORIENTED_EDGE('',*,*,#1642,.T.);
#1709=ORIENTED_EDGE('',*,*,#1708,.F.);
#1710=EDGE_LOOP('',(#1704,#1706,#1707,#1709));
#1711=FACE_OUTER_BOUND('',#1710,.F.);
#1712=ADVANCED_FACE('',(#1711),#1703,.F.);
#1713=CARTESIAN_POINT('',(-7.5E0,5.E0,-8.E0));
#1714=DIRECTION('',(0.E0,1.E0,0.E0));
#1715=DIRECTION('',(-1.E0,0.E0,0.E0));
#1716=AXIS2_PLACEMENT_3D('',#1713,#1714,#1715);
#1717=CYLINDRICAL_SURFACE('',#1716,3.E0);
#1718=ORIENTED_EDGE('',*,*,#1506,.F.);
#1719=ORIENTED_EDGE('',*,*,#1708,.T.);
#1720=ORIENTED_EDGE('',*,*,#1644,.T.);
#1721=ORIENTED_EDGE('',*,*,#1705,.F.);
#1722=EDGE_LOOP('',(#1718,#1719,#1720,#1721));
#1723=FACE_OUTER_BOUND('',#1722,.F.);
#1724=ADVANCED_FACE('',(#1723),#1717,.F.);
#1725=CARTESIAN_POINT('',(7.5E0,5.E0,-8.E0));
#1726=DIRECTION('',(0.E0,1.E0,0.E0));
#1727=DIRECTION('',(-1.E0,0.E0,0.E0));
#1728=AXIS2_PLACEMENT_3D('',#1725,#1726,#1727);
#1729=CYLINDRICAL_SURFACE('',#1728,3.E0);
#1730=ORIENTED_EDGE('',*,*,#1547,.F.);
#1732=ORIENTED_EDGE('',*,*,#1731,.T.);
#1733=ORIENTED_EDGE('',*,*,#1660,.T.);
#1735=ORIENTED_EDGE('',*,*,#1734,.F.);
#1736=EDGE_LOOP('',(#1730,#1732,#1733,#1735));
#1737=FACE_OUTER_BOUND('',#1736,.F.);
#1738=ADVANCED_FACE('',(#1737),#1729,.F.);
#1739=CARTESIAN_POINT('',(7.5E0,5.E0,-8.E0));
#1740=DIRECTION('',(0.E0,1.E0,0.E0));
#1741=DIRECTION('',(-1.E0,0.E0,0.E0));
#1742=AXIS2_PLACEMENT_3D('',#1739,#1740,#1741);
#1743=CYLINDRICAL_SURFACE('',#1742,3.E0);
#1744=ORIENTED_EDGE('',*,*,#1549,.F.);
#1745=ORIENTED_EDGE('',*,*,#1734,.T.);
#1746=ORIENTED_EDGE('',*,*,#1662,.T.);
#1747=ORIENTED_EDGE('',*,*,#1731,.F.);
#1748=EDGE_LOOP('',(#1744,#1745,#1746,#1747));
#1749=FACE_OUTER_BOUND('',#1748,.F.);
#1750=ADVANCED_FACE('',(#1749),#1743,.F.);
#1751=CARTESIAN_POINT('',(7.5E0,5.E0,-2.96E1));
#1752=DIRECTION('',(0.E0,1.E0,0.E0));
#1753=DIRECTION('',(0.E0,0.E0,1.E0));
#1754=AXIS2_PLACEMENT_3D('',#1751,#1752,#1753);
#1755=CYLINDRICAL_SURFACE('',#1754,1.7E0);
#1756=ORIENTED_EDGE('',*,*,#1612,.F.);
#1758=ORIENTED_EDGE('',*,*,#1757,.T.);
#1760=ORIENTED_EDGE('',*,*,#1759,.T.);
#1762=ORIENTED_EDGE('',*,*,#1761,.F.);
#1763=EDGE_LOOP('',(#1756,#1758,#1760,#1762));
#1764=FACE_OUTER_BOUND('',#1763,.F.);
#1765=ADVANCED_FACE('',(#1764),#1755,.F.);
#1766=CARTESIAN_POINT('',(7.5E0,5.E0,-2.96E1));
#1767=DIRECTION('',(0.E0,1.E0,0.E0));
#1768=DIRECTION('',(0.E0,0.E0,1.E0));
#1769=AXIS2_PLACEMENT_3D('',#1766,#1767,#1768);
#1770=CYLINDRICAL_SURFACE('',#1769,1.7E0);
#1771=ORIENTED_EDGE('',*,*,#1614,.F.);
#1772=ORIENTED_EDGE('',*,*,#1761,.T.);
#1774=ORIENTED_EDGE('',*,*,#1773,.T.);
#1775=ORIENTED_EDGE('',*,*,#1757,.F.);
#1776=EDGE_LOOP('',(#1771,#1772,#1774,#1775));
#1777=FACE_OUTER_BOUND('',#1776,.F.);
#1778=ADVANCED_FACE('',(#1777),#1770,.F.);
#1779=CARTESIAN_POINT('',(0.E0,0.E0,-1.88E1));
#1780=DIRECTION('',(0.E0,1.E0,0.E0));
#1781=DIRECTION('',(1.E0,0.E0,0.E0));
#1782=AXIS2_PLACEMENT_3D('',#1779,#1780,#1781);
#1783=PLANE('',#1782);
#1785=ORIENTED_EDGE('',*,*,#1784,.T.);
#1787=ORIENTED_EDGE('',*,*,#1786,.T.);
#1789=ORIENTED_EDGE('',*,*,#1788,.T.);
#1791=ORIENTED_EDGE('',*,*,#1790,.F.);
#1792=ORIENTED_EDGE('',*,*,#1474,.T.);
#1793=ORIENTED_EDGE('',*,*,#1449,.F.);
#1794=ORIENTED_EDGE('',*,*,#1434,.T.);
#1796=ORIENTED_EDGE('',*,*,#1795,.F.);
#1798=ORIENTED_EDGE('',*,*,#1797,.T.);
#1799=EDGE_LOOP('',(#1785,#1787,#1789,#1791,#1792,#1793,#1794,#1796,#1798));
#1800=FACE_OUTER_BOUND('',#1799,.F.);
#1801=ORIENTED_EDGE('',*,*,#1759,.F.);
#1802=ORIENTED_EDGE('',*,*,#1773,.F.);
#1803=EDGE_LOOP('',(#1801,#1802));
#1804=FACE_BOUND('',#1803,.F.);
#1806=ORIENTED_EDGE('',*,*,#1805,.F.);
#1808=ORIENTED_EDGE('',*,*,#1807,.F.);
#1809=EDGE_LOOP('',(#1806,#1808));
#1810=FACE_BOUND('',#1809,.F.);
#1812=ORIENTED_EDGE('',*,*,#1811,.F.);
#1814=ORIENTED_EDGE('',*,*,#1813,.F.);
#1815=EDGE_LOOP('',(#1812,#1814));
#1816=FACE_BOUND('',#1815,.F.);
#1818=ORIENTED_EDGE('',*,*,#1817,.F.);
#1820=ORIENTED_EDGE('',*,*,#1819,.F.);
#1821=EDGE_LOOP('',(#1818,#1820));
#1822=FACE_BOUND('',#1821,.F.);
#1823=ADVANCED_FACE('',(#1800,#1804,#1810,#1816,#1822),#1783,.F.);
#1824=CARTESIAN_POINT('',(1.25E1,0.E0,-1.88E1));
#1825=DIRECTION('',(1.E0,0.E0,0.E0));
#1826=DIRECTION('',(0.E0,-1.E0,0.E0));
#1827=AXIS2_PLACEMENT_3D('',#1824,#1825,#1826);
#1828=PLANE('',#1827);
#1829=ORIENTED_EDGE('',*,*,#1784,.F.);
#1831=ORIENTED_EDGE('',*,*,#1830,.F.);
#1833=ORIENTED_EDGE('',*,*,#1832,.F.);
#1835=ORIENTED_EDGE('',*,*,#1834,.F.);
#1837=ORIENTED_EDGE('',*,*,#1836,.F.);
#1838=EDGE_LOOP('',(#1829,#1831,#1833,#1835,#1837));
#1839=FACE_OUTER_BOUND('',#1838,.F.);
#1840=ADVANCED_FACE('',(#1839),#1828,.T.);
#1841=CARTESIAN_POINT('',(-2.45E1,0.E0,-4.E0));
#1842=DIRECTION('',(0.E0,0.E0,1.E0));
#1843=DIRECTION('',(1.E0,0.E0,0.E0));
#1844=AXIS2_PLACEMENT_3D('',#1841,#1842,#1843);
#1845=PLANE('',#1844);
#1847=ORIENTED_EDGE('',*,*,#1846,.F.);
#1848=ORIENTED_EDGE('',*,*,#1500,.T.);
#1850=ORIENTED_EDGE('',*,*,#1849,.F.);
#1851=ORIENTED_EDGE('',*,*,#1539,.T.);
#1853=ORIENTED_EDGE('',*,*,#1852,.F.);
#1855=ORIENTED_EDGE('',*,*,#1854,.T.);
#1857=ORIENTED_EDGE('',*,*,#1856,.F.);
#1858=ORIENTED_EDGE('',*,*,#1830,.T.);
#1859=ORIENTED_EDGE('',*,*,#1797,.F.);
#1861=ORIENTED_EDGE('',*,*,#1860,.F.);
#1862=EDGE_LOOP('',(#1847,#1848,#1850,#1851,#1853,#1855,#1857,#1858,#1859,
#1861));
#1863=FACE_OUTER_BOUND('',#1862,.F.);
#1864=ADVANCED_FACE('',(#1863),#1845,.T.);
#1865=CARTESIAN_POINT('',(2.45E1,6.6E1,0.E0));
#1866=DIRECTION('',(0.E0,6.543324256068E-2,-9.978569490503E-1));
#1867=DIRECTION('',(0.E0,-9.978569490503E-1,-6.543324256068E-2));
#1868=AXIS2_PLACEMENT_3D('',#1865,#1866,#1867);
#1869=PLANE('',#1868);
#1870=ORIENTED_EDGE('',*,*,#1846,.T.);
#1872=ORIENTED_EDGE('',*,*,#1871,.T.);
#1873=ORIENTED_EDGE('',*,*,#1428,.F.);
#1875=ORIENTED_EDGE('',*,*,#1874,.T.);
#1877=ORIENTED_EDGE('',*,*,#1876,.F.);
#1879=ORIENTED_EDGE('',*,*,#1878,.T.);
#1881=ORIENTED_EDGE('',*,*,#1880,.F.);
#1883=ORIENTED_EDGE('',*,*,#1882,.T.);
#1884=ORIENTED_EDGE('',*,*,#1852,.T.);
#1886=ORIENTED_EDGE('',*,*,#1885,.T.);
#1888=ORIENTED_EDGE('',*,*,#1887,.F.);
#1890=ORIENTED_EDGE('',*,*,#1889,.T.);
#1892=ORIENTED_EDGE('',*,*,#1891,.F.);
#1893=ORIENTED_EDGE('',*,*,#1849,.T.);
#1895=ORIENTED_EDGE('',*,*,#1894,.T.);
#1897=ORIENTED_EDGE('',*,*,#1896,.T.);
#1899=ORIENTED_EDGE('',*,*,#1898,.F.);
#1900=EDGE_LOOP('',(#1870,#1872,#1873,#1875,#1877,#1879,#1881,#1883,#1884,#1886,
#1888,#1890,#1892,#1893,#1895,#1897,#1899));
#1901=FACE_OUTER_BOUND('',#1900,.F.);
#1902=ADVANCED_FACE('',(#1901),#1869,.F.);
#1903=CARTESIAN_POINT('',(-2.45E1,5.E0,-3.5E0));
#1904=DIRECTION('',(0.E0,1.E0,0.E0));
#1905=DIRECTION('',(0.E0,0.E0,-1.E0));
#1906=AXIS2_PLACEMENT_3D('',#1903,#1904,#1905);
#1907=PLANE('',#1906);
#1909=ORIENTED_EDGE('',*,*,#1908,.T.);
#1910=ORIENTED_EDGE('',*,*,#1430,.T.);
#1911=ORIENTED_EDGE('',*,*,#1871,.F.);
#1912=EDGE_LOOP('',(#1909,#1910,#1911));
#1913=FACE_OUTER_BOUND('',#1912,.F.);
#1914=ADVANCED_FACE('',(#1913),#1907,.F.);
#1915=CARTESIAN_POINT('',(-2.45E1,5.E0,-3.5E0));
#1916=DIRECTION('',(0.E0,1.E0,0.E0));
#1917=DIRECTION('',(0.E0,0.E0,-1.E0));
#1918=AXIS2_PLACEMENT_3D('',#1915,#1916,#1917);
#1919=PLANE('',#1918);
#1921=ORIENTED_EDGE('',*,*,#1920,.T.);
#1922=ORIENTED_EDGE('',*,*,#1882,.F.);
#1924=ORIENTED_EDGE('',*,*,#1923,.F.);
#1925=EDGE_LOOP('',(#1921,#1922,#1924));
#1926=FACE_OUTER_BOUND('',#1925,.F.);
#1927=ADVANCED_FACE('',(#1926),#1919,.F.);
#1928=CARTESIAN_POINT('',(-2.25E1,1.1518E1,-6.E0));
#1929=DIRECTION('',(0.E0,-1.E0,0.E0));
#1930=DIRECTION('',(0.E0,0.E0,1.E0));
#1931=AXIS2_PLACEMENT_3D('',#1928,#1929,#1930);
#1932=CYLINDRICAL_SURFACE('',#1931,2.E0);
#1933=ORIENTED_EDGE('',*,*,#1432,.F.);
#1934=ORIENTED_EDGE('',*,*,#1908,.F.);
#1935=ORIENTED_EDGE('',*,*,#1860,.T.);
#1936=ORIENTED_EDGE('',*,*,#1795,.T.);
#1937=EDGE_LOOP('',(#1933,#1934,#1935,#1936));
#1938=FACE_OUTER_BOUND('',#1937,.F.);
#1939=ADVANCED_FACE('',(#1938),#1932,.T.);
#1940=CARTESIAN_POINT('',(2.25E1,1.1518E1,-6.E0));
#1941=DIRECTION('',(0.E0,-1.E0,0.E0));
#1942=DIRECTION('',(1.E0,0.E0,0.E0));
#1943=AXIS2_PLACEMENT_3D('',#1940,#1941,#1942);
#1944=CYLINDRICAL_SURFACE('',#1943,2.E0);
#1945=ORIENTED_EDGE('',*,*,#1854,.F.);
#1946=ORIENTED_EDGE('',*,*,#1920,.F.);
#1948=ORIENTED_EDGE('',*,*,#1947,.T.);
#1950=ORIENTED_EDGE('',*,*,#1949,.T.);
#1951=EDGE_LOOP('',(#1945,#1946,#1948,#1950));
#1952=FACE_OUTER_BOUND('',#1951,.F.);
#1953=ADVANCED_FACE('',(#1952),#1944,.T.);
#1954=CARTESIAN_POINT('',(2.45E1,5.507654562083E0,-3.31E1));
#1955=DIRECTION('',(-1.E0,0.E0,0.E0));
#1956=DIRECTION('',(0.E0,-1.E0,0.E0));
#1957=AXIS2_PLACEMENT_3D('',#1954,#1955,#1956);
#1958=PLANE('',#1957);
#1959=ORIENTED_EDGE('',*,*,#1923,.T.);
#1960=ORIENTED_EDGE('',*,*,#1880,.T.);
#1962=ORIENTED_EDGE('',*,*,#1961,.T.);
#1964=ORIENTED_EDGE('',*,*,#1963,.T.);
#1965=ORIENTED_EDGE('',*,*,#1788,.F.);
#1967=ORIENTED_EDGE('',*,*,#1966,.T.);
#1969=ORIENTED_EDGE('',*,*,#1968,.T.);
#1971=ORIENTED_EDGE('',*,*,#1970,.T.);
#1972=ORIENTED_EDGE('',*,*,#1947,.F.);
#1973=EDGE_LOOP('',(#1959,#1960,#1962,#1964,#1965,#1967,#1969,#1971,#1972));
#1974=FACE_OUTER_BOUND('',#1973,.F.);
#1975=ADVANCED_FACE('',(#1974),#1958,.F.);
#1976=CARTESIAN_POINT('',(-3.55E1,5.507654562083E0,-3.31E1));
#1977=DIRECTION('',(0.E0,0.E0,-1.E0));
#1978=DIRECTION('',(-1.E0,0.E0,0.E0));
#1979=AXIS2_PLACEMENT_3D('',#1976,#1977,#1978);
#1980=CYLINDRICAL_SURFACE('',#1979,6.E1);
#1982=ORIENTED_EDGE('',*,*,#1981,.F.);
#1984=ORIENTED_EDGE('',*,*,#1983,.F.);
#1986=ORIENTED_EDGE('',*,*,#1985,.F.);
#1987=ORIENTED_EDGE('',*,*,#1961,.F.);
#1988=ORIENTED_EDGE('',*,*,#1878,.F.);
#1990=ORIENTED_EDGE('',*,*,#1989,.F.);
#1991=EDGE_LOOP('',(#1982,#1984,#1986,#1987,#1988,#1990));
#1992=FACE_OUTER_BOUND('',#1991,.F.);
#1993=ADVANCED_FACE('',(#1992),#1980,.T.);
#1994=CARTESIAN_POINT('',(7.576790479333E0,4.726101318553E1,-9.643394302992E0));
#1995=CARTESIAN_POINT('',(7.563647780975E0,4.727460982363E1,-9.635913028230E0));
#1996=CARTESIAN_POINT('',(7.449413041035E0,4.739267800837E1,-9.571064695771E0));
#1997=CARTESIAN_POINT('',(7.232636518658E0,4.761489149285E1,-9.450912489542E0));
#1998=CARTESIAN_POINT('',(6.923738328670E0,4.792692648348E1,-9.286802696259E0));
#1999=CARTESIAN_POINT('',(6.701893411465E0,4.814774686968E1,-9.173859386021E0));
#2000=CARTESIAN_POINT('',(6.583449312676E0,4.826466072558E1,-9.114995489054E0));
#2001=CARTESIAN_POINT('',(6.569802775586E0,4.827811798353E1,-9.108232380112E0));
#2002=CARTESIAN_POINT('',(7.485745859563E0,4.745671936499E1,-1.013618595881E1));
#2003=CARTESIAN_POINT('',(7.472637508976E0,4.747003756546E1,-1.012882160801E1));
#2004=CARTESIAN_POINT('',(7.358701234426E0,4.758568809592E1,-1.006498611759E1));
#2005=CARTESIAN_POINT('',(7.142489750501E0,4.780335457438E1,-9.946699650484E0));
#2006=CARTESIAN_POINT('',(6.834393160206E0,4.810901278037E1,-9.785111244231E0));
#2007=CARTESIAN_POINT('',(6.613121277823E0,4.832532638696E1,-9.673883956576E0));
#2008=CARTESIAN_POINT('',(6.494982290448E0,4.843985593013E1,-9.615908616008E0));
#2009=CARTESIAN_POINT('',(6.481370895693E0,4.845303876814E1,-9.609247518848E0));
#2010=CARTESIAN_POINT('',(7.149489359950E0,4.736673425674E1,-1.054639065677E1));
#2011=CARTESIAN_POINT('',(7.136507866516E0,4.737971947295E1,-1.053905724891E1));
#2012=CARTESIAN_POINT('',(7.023673918800E0,4.749247931061E1,-1.047548718390E1));
#2013=CARTESIAN_POINT('',(6.809549300113E0,4.770471874077E1,-1.035764686401E1));
#2014=CARTESIAN_POINT('',(6.504413270337E0,4.800279054441E1,-1.019655479361E1));
#2015=CARTESIAN_POINT('',(6.285257786306E0,4.821376031781E1,-1.008558833493E1));
#2016=CARTESIAN_POINT('',(6.168245671625E0,4.832546816150E1,-1.002772458249E1));
#2017=CARTESIAN_POINT('',(6.154764068600E0,4.833832631168E1,-1.002107597867E1));
#2018=CARTESIAN_POINT('',(6.740624569526E0,4.703724805387E1,-1.066344650979E1));
#2019=CARTESIAN_POINT('',(6.727797325672E0,4.705001666310E1,-1.065604218054E1));
#2020=CARTESIAN_POINT('',(6.616303731616E0,4.716089658893E1,-1.059185387897E1));
#2021=CARTESIAN_POINT('',(6.404716597613E0,4.736961468290E1,-1.047281110288E1));
#2022=CARTESIAN_POINT('',(6.103180405931E0,4.766278463737E1,-1.030993554336E1));
#2023=CARTESIAN_POINT('',(5.886598316821E0,4.787031656330E1,-1.019764083410E1));
#2024=CARTESIAN_POINT('',(5.770956401879E0,4.798021372536E1,-1.013905442229E1));
#2025=CARTESIAN_POINT('',(5.757632616676E0,4.799286358508E1,-1.013232238042E1));
#2026=(BOUNDED_SURFACE()B_SPLINE_SURFACE(3,3,((#1994,#1995,#1996,#1997,#1998,
#1999,#2000,#2001),(#2002,#2003,#2004,#2005,#2006,#2007,#2008,#2009),(#2010,
#2011,#2012,#2013,#2014,#2015,#2016,#2017),(#2018,#2019,#2020,#2021,#2022,#2023,
#2024,#2025)),.UNSPECIFIED.,.F.,.F.,.F.)B_SPLINE_SURFACE_WITH_KNOTS((4,4),(4,1,
1,1,1,4),(0.E0,1.E0),(-4.337405684118E-2,0.E0,3.333321273670E-1,
6.666500968069E-1,1.E0,1.043372958510E0),.UNSPECIFIED.)GEOMETRIC_REPRESENTATION_ITEM()RATIONAL_B_SPLINE_SURFACE(((1.147219626345E0,1.147219626345E0,
1.147219626345E0,1.147219626345E0,1.147219626345E0,1.147219626345E0,
1.147219626345E0,1.147219626345E0),(9.509267912183E-1,9.509267912183E-1,
9.509267912183E-1,9.509267912183E-1,9.509267912183E-1,9.509267912183E-1,
9.509267912183E-1,9.509267912183E-1),(9.509267912183E-1,9.509267912183E-1,
9.509267912183E-1,9.509267912183E-1,9.509267912183E-1,9.509267912183E-1,
9.509267912183E-1,9.509267912183E-1),(1.147219626345E0,1.147219626345E0,
1.147219626345E0,1.147219626345E0,1.147219626345E0,1.147219626345E0,
1.147219626345E0,1.147219626345E0)))REPRESENTATION_ITEM('')SURFACE());
#2028=ORIENTED_EDGE('',*,*,#2027,.F.);
#2030=ORIENTED_EDGE('',*,*,#2029,.T.);
#2031=ORIENTED_EDGE('',*,*,#1981,.T.);
#2033=ORIENTED_EDGE('',*,*,#2032,.F.);
#2034=EDGE_LOOP('',(#2028,#2030,#2031,#2033));
#2035=FACE_OUTER_BOUND('',#2034,.F.);
#2036=ADVANCED_FACE('',(#2035),#2026,.T.);
#2037=CARTESIAN_POINT('',(2.45E1,6.208990049099E1,-3.662184122940E1));
#2038=DIRECTION('',(1.E0,0.E0,0.E0));
#2039=DIRECTION('',(0.E0,0.E0,-1.E0));
#2040=AXIS2_PLACEMENT_3D('',#2037,#2038,#2039);
#2041=CYLINDRICAL_SURFACE('',#2040,3.E1);
#2043=ORIENTED_EDGE('',*,*,#2042,.T.);
#2045=ORIENTED_EDGE('',*,*,#2044,.T.);
#2047=ORIENTED_EDGE('',*,*,#2046,.T.);
#2049=ORIENTED_EDGE('',*,*,#2048,.F.);
#2050=ORIENTED_EDGE('',*,*,#2027,.T.);
#2051=EDGE_LOOP('',(#2043,#2045,#2047,#2049,#2050));
#2052=FACE_OUTER_BOUND('',#2051,.F.);
#2053=ADVANCED_FACE('',(#2052),#2041,.F.);
#2054=CARTESIAN_POINT('',(6.708585838566E0,4.806844051196E1,-8.963010653047E0));
#2055=CARTESIAN_POINT('',(6.682092757451E0,4.809474533541E1,-8.949679414330E0));
#2056=CARTESIAN_POINT('',(6.032998061719E0,4.874009156740E1,-8.623774593088E0));
#2057=CARTESIAN_POINT('',(4.788983985736E0,5.001794446723E1,-8.033244668190E0));
#2058=CARTESIAN_POINT('',(2.946381916700E0,5.203453890417E1,-7.260810379318E0));
#2059=CARTESIAN_POINT('',(1.028700170997E0,5.427910072572E1,-6.578313443727E0));
#2060=CARTESIAN_POINT('',(-2.941879167266E-1,5.595131136056E1,
-6.213139415683E0));
#2061=CARTESIAN_POINT('',(-9.888547317658E-1,5.686847184204E1,
-6.056158314970E0));
#2062=CARTESIAN_POINT('',(-1.012471438530E0,5.689969906913E1,
-6.050862725801E0));
#2063=CARTESIAN_POINT('',(6.709862651304E0,4.837262171163E1,-9.529837723082E0));
#2064=CARTESIAN_POINT('',(6.683369804447E0,4.839838448148E1,-9.516797367568E0));
#2065=CARTESIAN_POINT('',(6.034280874756E0,4.903043134782E1,-9.198004879404E0));
#2066=CARTESIAN_POINT('',(4.790279099889E0,5.028190457261E1,-8.620419195743E0));
#2067=CARTESIAN_POINT('',(2.947698670710E0,5.225673507400E1,-7.865085874377E0));
#2068=CARTESIAN_POINT('',(1.030043129772E0,5.445466243032E1,-7.197913132986E0));
#2069=CARTESIAN_POINT('',(-2.928240473600E-1,5.609201019835E1,
-6.841144800114E0));
#2070=CARTESIAN_POINT('',(-9.874790911385E-1,5.699001406667E1,
-6.687859820986E0));
#2071=CARTESIAN_POINT('',(-1.011095396773E0,5.702058901471E1,
-6.682689036273E0));
#2072=CARTESIAN_POINT('',(6.352649068976E0,4.829119407796E1,-1.005859925801E1));
#2073=CARTESIAN_POINT('',(6.326090683898E0,4.831651573893E1,-1.004544669208E1));
#2074=CARTESIAN_POINT('',(5.675388590174E0,4.893776061627E1,-9.723886153650E0));
#2075=CARTESIAN_POINT('',(4.427945335149E0,5.016879037441E1,-9.140103367911E0));
#2076=CARTESIAN_POINT('',(2.579310728645E0,5.211413822812E1,-8.373146035291E0));
#2077=CARTESIAN_POINT('',(6.543238871123E-1,5.428234984066E1,
-7.691252092935E0));
#2078=CARTESIAN_POINT('',(-6.743934409517E-1,5.590004949816E1,
-7.322321764583E0));
#2079=CARTESIAN_POINT('',(-1.372341727417E0,5.678801010105E1,
-7.162091927928E0));
#2080=CARTESIAN_POINT('',(-1.396070257215E0,5.681824392883E1,
-7.156684379409E0));
#2081=CARTESIAN_POINT('',(5.877485481692E0,4.787898932994E1,-1.019323795157E1));
#2082=CARTESIAN_POINT('',(5.850839918024E0,4.790426786054E1,-1.017964564181E1));
#2083=CARTESIAN_POINT('',(5.197992002173E0,4.852448196609E1,-9.847300618753E0));
#2084=CARTESIAN_POINT('',(3.945970908740E0,4.975477068230E1,-9.242352390623E0));
#2085=CARTESIAN_POINT('',(2.089283068098E0,5.170277019390E1,-8.442873441695E0));
#2086=CARTESIAN_POINT('',(1.545441699178E-1,5.387819476401E1,
-7.726125861725E0));
#2087=CARTESIAN_POINT('',(-1.181954997473E0,5.550469170685E1,
-7.332655488626E0));
#2088=CARTESIAN_POINT('',(-1.884283937659E0,5.639848532355E1,
-7.159516341706E0));
#2089=CARTESIAN_POINT('',(-1.908161747437E0,5.642891889333E1,
-7.153669893067E0));
#2090=(BOUNDED_SURFACE()B_SPLINE_SURFACE(3,3,((#2054,#2055,#2056,#2057,#2058,
#2059,#2060,#2061,#2062),(#2063,#2064,#2065,#2066,#2067,#2068,#2069,#2070,
#2071),(#2072,#2073,#2074,#2075,#2076,#2077,#2078,#2079,#2080),(#2081,#2082,
#2083,#2084,#2085,#2086,#2087,#2088,#2089)),.UNSPECIFIED.,.F.,.F.,.F.)B_SPLINE_SURFACE_WITH_KNOTS((4,4),(4,1,1,1,1,1,4),(0.E0,1.E0),(-9.994777646657E-3,0.E0,
2.349689194845E-1,4.636174792428E-1,7.162675157504E-1,1.E0,1.009993997680E0),
.UNSPECIFIED.)GEOMETRIC_REPRESENTATION_ITEM()RATIONAL_B_SPLINE_SURFACE(((
1.202421584208E0,1.202421584208E0,1.202421584208E0,1.202421584208E0,
1.202421584208E0,1.202421584208E0,1.202421584208E0,1.202421584208E0,
1.202421584208E0),(9.325261385972E-1,9.325261385972E-1,9.325261385972E-1,
9.325261385972E-1,9.325261385972E-1,9.325261385972E-1,9.325261385972E-1,
9.325261385972E-1,9.325261385972E-1),(9.325261385972E-1,9.325261385972E-1,
9.325261385972E-1,9.325261385972E-1,9.325261385972E-1,9.325261385972E-1,
9.325261385972E-1,9.325261385972E-1,9.325261385972E-1),(1.202421584208E0,
1.202421584208E0,1.202421584208E0,1.202421584208E0,1.202421584208E0,
1.202421584208E0,1.202421584208E0,1.202421584208E0,1.202421584208E0)))REPRESENTATION_ITEM('')SURFACE());
#2091=ORIENTED_EDGE('',*,*,#2042,.F.);
#2092=ORIENTED_EDGE('',*,*,#2032,.T.);
#2094=ORIENTED_EDGE('',*,*,#2093,.T.);
#2096=ORIENTED_EDGE('',*,*,#2095,.F.);
#2097=EDGE_LOOP('',(#2091,#2092,#2094,#2096));
#2098=FACE_OUTER_BOUND('',#2097,.F.);
#2099=ADVANCED_FACE('',(#2098),#2090,.T.);
#2100=CARTESIAN_POINT('',(6.270154409316E1,1.052897007313E2,-3.31E1));
#2101=DIRECTION('',(0.E0,0.E0,-1.E0));
#2102=DIRECTION('',(-1.E0,0.E0,0.E0));
#2103=AXIS2_PLACEMENT_3D('',#2100,#2101,#2102);
#2104=CYLINDRICAL_SURFACE('',#2103,8.E1);
#2106=ORIENTED_EDGE('',*,*,#2105,.F.);
#2107=ORIENTED_EDGE('',*,*,#2093,.F.);
#2108=ORIENTED_EDGE('',*,*,#1989,.T.);
#2109=ORIENTED_EDGE('',*,*,#1876,.T.);
#2111=ORIENTED_EDGE('',*,*,#2110,.T.);
#2113=ORIENTED_EDGE('',*,*,#2112,.T.);
#2114=EDGE_LOOP('',(#2106,#2107,#2108,#2109,#2111,#2113));
#2115=FACE_OUTER_BOUND('',#2114,.F.);
#2116=ADVANCED_FACE('',(#2115),#2104,.F.);
#2117=CARTESIAN_POINT('',(-8.025683059228E-1,5.662416546535E1,
-6.102417090527E0));
#2118=CARTESIAN_POINT('',(-8.489877809359E-1,5.668473863594E1,
-6.090586235790E0));
#2119=CARTESIAN_POINT('',(-1.408622907264E0,5.741717997877E1,
-5.947529430956E0));
#2120=CARTESIAN_POINT('',(-2.430908377111E0,5.880418474052E1,
-5.676627609235E0));
#2121=CARTESIAN_POINT('',(-3.785000980796E0,6.076531752384E1,
-5.293593154402E0));
#2122=CARTESIAN_POINT('',(-5.007504905665E0,6.264983146068E1,
-4.925525873567E0));
#2123=CARTESIAN_POINT('',(-6.148632800645E0,6.451788106844E1,
-4.560676658986E0));
#2124=CARTESIAN_POINT('',(-7.274952643517E0,6.647980157292E1,
-4.177496057964E0));
#2125=CARTESIAN_POINT('',(-8.429840700316E0,6.863448919733E1,
-3.756669369403E0));
#2126=CARTESIAN_POINT('',(-9.622786880790E0,7.104149295567E1,
-3.286567232879E0));
#2127=CARTESIAN_POINT('',(-1.084703239370E1,7.374676833952E1,
-2.758215643965E0));
#2128=CARTESIAN_POINT('',(-1.165804105256E1,7.574242553206E1,
-2.368459410183E0));
#2129=CARTESIAN_POINT('',(-1.207418964615E1,7.683443488314E1,
-2.155188831055E0));
#2130=CARTESIAN_POINT('',(-1.210114475460E1,7.690547140054E1,
-2.141315329581E0));
#2131=CARTESIAN_POINT('',(-8.013772828111E-1,5.675134136167E1,
-6.757014991962E0));
#2132=CARTESIAN_POINT('',(-8.477189524421E-1,5.681197021325E1,
-6.745173178446E0));
#2133=CARTESIAN_POINT('',(-1.406411333263E0,5.754508217710E1,
-6.601984113262E0));
#2134=CARTESIAN_POINT('',(-2.426867993929E0,5.893329639581E1,
-6.330837673992E0));
#2135=CARTESIAN_POINT('',(-3.778272315374E0,6.089598168286E1,
-5.947472544492E0));
#2136=CARTESIAN_POINT('',(-4.998108317125E0,6.278184346013E1,
-5.579101374710E0));
#2137=CARTESIAN_POINT('',(-6.136518939499E0,6.465109297587E1,
-5.213964019401E0));
#2138=CARTESIAN_POINT('',(-7.259914560344E0,6.661412816736E1,
-4.830494773973E0));
#2139=CARTESIAN_POINT('',(-8.411515922735E0,6.876986672859E1,
-4.409367700280E0));
#2140=CARTESIAN_POINT('',(-9.600708617205E0,7.117782969894E1,
-3.938950577463E0));
#2141=CARTESIAN_POINT('',(-1.082064750482E1,7.388391326129E1,
-3.410270784838E0));
#2142=CARTESIAN_POINT('',(-1.162841942270E1,7.587994299475E1,
-3.020293799266E0));
#2143=CARTESIAN_POINT('',(-1.204278252053E1,7.697208588887E1,
-2.806909129240E0));
#2144=CARTESIAN_POINT('',(-1.206962142133E1,7.704313079783E1,
-2.793028233450E0));
#2145=CARTESIAN_POINT('',(-1.207667384838E0,5.653302421441E1,
-7.238615984766E0));
#2146=CARTESIAN_POINT('',(-1.254249349612E0,5.659408247037E1,
-7.226766108654E0));
#2147=CARTESIAN_POINT('',(-1.815835260318E0,5.733238476162E1,
-7.083479736839E0));
#2148=CARTESIAN_POINT('',(-2.841498912268E0,5.873038320050E1,
-6.812153327461E0));
#2149=CARTESIAN_POINT('',(-4.199604355766E0,6.070678660625E1,
-6.428544913882E0));
#2150=CARTESIAN_POINT('',(-5.425312777518E0,6.260572443952E1,
-6.059950166821E0));
#2151=CARTESIAN_POINT('',(-6.569037699743E0,6.448783544230E1,
-5.694600820516E0));
#2152=CARTESIAN_POINT('',(-7.697500183915E0,6.646427119482E1,
-5.310919213526E0));
#2153=CARTESIAN_POINT('',(-8.854084489452E0,6.863459930240E1,
-4.889571140381E0));
#2154=CARTESIAN_POINT('',(-1.004816018477E1,7.105870200002E1,
-4.418922275740E0));
#2155=CARTESIAN_POINT('',(-1.127277516987E1,7.378272642022E1,
-3.890001016969E0));
#2156=CARTESIAN_POINT('',(-1.208336199655E1,7.579182616792E1,
-3.499861619814E0));
#2157=CARTESIAN_POINT('',(-1.249907764895E1,7.689106907296E1,
-3.286393010792E0));
#2158=CARTESIAN_POINT('',(-1.252600374872E1,7.696257562835E1,
-3.272506674853E0));
#2159=CARTESIAN_POINT('',(-1.733323468493E0,5.612403068263E1,
-7.205699223455E0));
#2160=CARTESIAN_POINT('',(-1.780293426879E0,5.618558756006E1,
-7.193849898410E0));
#2161=CARTESIAN_POINT('',(-2.346557235187E0,5.692991923447E1,
-7.050570177370E0));
#2162=CARTESIAN_POINT('',(-3.380771211278E0,5.833933830900E1,
-6.779256068700E0));
#2163=CARTESIAN_POINT('',(-4.750215170843E0,6.033189742965E1,
-6.395664283250E0));
#2164=CARTESIAN_POINT('',(-5.986172008311E0,6.224636682583E1,
-6.027084817387E0));
#2165=CARTESIAN_POINT('',(-7.139474238815E0,6.414388034472E1,
-5.661749960373E0));
#2166=CARTESIAN_POINT('',(-8.277401573910E0,6.613649970526E1,
-5.278082868002E0));
#2167=CARTESIAN_POINT('',(-9.443704873253E0,6.832460998878E1,
-4.856749899864E0));
#2168=CARTESIAN_POINT('',(-1.064783734210E1,7.076858765914E1,
-4.386116874456E0));
#2169=CARTESIAN_POINT('',(-1.188279515602E1,7.351496309929E1,
-3.857212119561E0));
#2170=CARTESIAN_POINT('',(-1.270025238671E1,7.554056191030E1,
-3.467083823013E0));
#2171=CARTESIAN_POINT('',(-1.311949949818E1,7.664883641721E1,
-3.253620951106E0));
#2172=CARTESIAN_POINT('',(-1.314665436758E1,7.672093050355E1,
-3.239734986994E0));
#2173=(BOUNDED_SURFACE()B_SPLINE_SURFACE(3,3,((#2117,#2118,#2119,#2120,#2121,
#2122,#2123,#2124,#2125,#2126,#2127,#2128,#2129,#2130),(#2131,#2132,#2133,#2134,
#2135,#2136,#2137,#2138,#2139,#2140,#2141,#2142,#2143,#2144),(#2145,#2146,#2147,
#2148,#2149,#2150,#2151,#2152,#2153,#2154,#2155,#2156,#2157,#2158),(#2159,#2160,
#2161,#2162,#2163,#2164,#2165,#2166,#2167,#2168,#2169,#2170,#2171,#2172)),
.UNSPECIFIED.,.F.,.F.,.F.)B_SPLINE_SURFACE_WITH_KNOTS((4,4),(4,1,1,1,1,1,1,1,1,
1,1,4),(0.E0,1.E0),(-1.000019072291E-2,0.E0,1.107904473122E-1,2.158161473066E-1,
3.125141223796E-1,4.055011261712E-1,5.031395676985E-1,6.095724847248E-1,
7.266507081878E-1,8.561965629805E-1,1.E0,1.009999925714E0),.UNSPECIFIED.)GEOMETRIC_REPRESENTATION_ITEM()RATIONAL_B_SPLINE_SURFACE(((1.215486454451E0,
1.215486454451E0,1.215486454451E0,1.215486454451E0,1.215486454451E0,
1.215486454451E0,1.215486454451E0,1.215486454451E0,1.215486454451E0,
1.215486454451E0,1.215486454451E0,1.215486454451E0,1.215486454451E0,
1.215486454451E0),(9.281711818496E-1,9.281711818496E-1,9.281711818496E-1,
9.281711818496E-1,9.281711818496E-1,9.281711818496E-1,9.281711818496E-1,
9.281711818496E-1,9.281711818496E-1,9.281711818496E-1,9.281711818496E-1,
9.281711818496E-1,9.281711818496E-1,9.281711818496E-1),(9.281711818496E-1,
9.281711818496E-1,9.281711818496E-1,9.281711818496E-1,9.281711818496E-1,
9.281711818496E-1,9.281711818496E-1,9.281711818496E-1,9.281711818496E-1,
9.281711818496E-1,9.281711818496E-1,9.281711818496E-1,9.281711818496E-1,
9.281711818496E-1),(1.215486454451E0,1.215486454451E0,1.215486454451E0,
1.215486454451E0,1.215486454451E0,1.215486454451E0,1.215486454451E0,
1.215486454451E0,1.215486454451E0,1.215486454451E0,1.215486454451E0,
1.215486454451E0,1.215486454451E0,1.215486454451E0)))REPRESENTATION_ITEM('')SURFACE());
#2175=ORIENTED_EDGE('',*,*,#2174,.F.);
#2176=ORIENTED_EDGE('',*,*,#2095,.T.);
#2177=ORIENTED_EDGE('',*,*,#2105,.T.);
#2179=ORIENTED_EDGE('',*,*,#2178,.F.);
#2180=EDGE_LOOP('',(#2175,#2176,#2177,#2179));
#2181=FACE_OUTER_BOUND('',#2180,.F.);
#2182=ADVANCED_FACE('',(#2181),#2173,.T.);
#2183=CARTESIAN_POINT('',(-2.45E1,5.148867948833E1,-8.113695799261E0));
#2184=DIRECTION('',(0.E0,-1.893961407134E-1,9.819007596916E-1));
#2185=DIRECTION('',(0.E0,9.819007596916E-1,1.893961407134E-1));
#2186=AXIS2_PLACEMENT_3D('',#2183,#2184,#2185);
#2187=PLANE('',#2186);
#2189=ORIENTED_EDGE('',*,*,#2188,.T.);
#2191=ORIENTED_EDGE('',*,*,#2190,.F.);
#2193=ORIENTED_EDGE('',*,*,#2192,.T.);
#2195=ORIENTED_EDGE('',*,*,#2194,.T.);
#2197=ORIENTED_EDGE('',*,*,#2196,.F.);
#2198=ORIENTED_EDGE('',*,*,#2044,.F.);
#2199=ORIENTED_EDGE('',*,*,#2174,.T.);
#2201=ORIENTED_EDGE('',*,*,#2200,.T.);
#2203=ORIENTED_EDGE('',*,*,#2202,.T.);
#2205=ORIENTED_EDGE('',*,*,#2204,.T.);
#2206=EDGE_LOOP('',(#2189,#2191,#2193,#2195,#2197,#2198,#2199,#2201,#2203,
#2205));
#2207=FACE_OUTER_BOUND('',#2206,.F.);
#2208=ADVANCED_FACE('',(#2207),#2187,.F.);
#2209=CARTESIAN_POINT('',(-2.35E1,7.626514370102E1,-2.316198805579E0));
#2210=DIRECTION('',(0.E0,9.819007596916E-1,1.893961407134E-1));
#2211=DIRECTION('',(0.E0,1.893961407134E-1,-9.819007596916E-1));
#2212=AXIS2_PLACEMENT_3D('',#2209,#2210,#2211);
#2213=CYLINDRICAL_SURFACE('',#2212,1.E0);
#2214=ORIENTED_EDGE('',*,*,#2188,.F.);
#2216=ORIENTED_EDGE('',*,*,#2215,.T.);
#2217=ORIENTED_EDGE('',*,*,#1422,.T.);
#2219=ORIENTED_EDGE('',*,*,#2218,.F.);
#2220=EDGE_LOOP('',(#2214,#2216,#2217,#2219));
#2221=FACE_OUTER_BOUND('',#2220,.F.);
#2222=ADVANCED_FACE('',(#2221),#2213,.T.);
#2223=CARTESIAN_POINT('',(-2.238103186907E1,7.794930880450E1,
-1.871791329924E0));
#2224=CARTESIAN_POINT('',(-2.242060108865E1,7.795169305570E1,
-1.871331438259E0));
#2225=CARTESIAN_POINT('',(-2.261931358902E1,7.795763412367E1,
-1.870185481975E0));
#2226=CARTESIAN_POINT('',(-2.297496514080E1,7.791514857031E1,
-1.878380403676E0));
#2227=CARTESIAN_POINT('',(-2.341929529154E1,7.775070035641E1,
-1.910100367993E0));
#2228=CARTESIAN_POINT('',(-2.380543619514E1,7.749347712103E1,
-1.959715451392E0));
#2229=CARTESIAN_POINT('',(-2.410896148811E1,7.716948204268E1,
-2.022209972191E0));
#2230=CARTESIAN_POINT('',(-2.432403933689E1,7.680743613236E1,
-2.092044013462E0));
#2231=CARTESIAN_POINT('',(-2.446064203822E1,7.640963376687E1,
-2.168775019164E0));
#2232=CARTESIAN_POINT('',(-2.449744401859E1,7.608881371031E1,
-2.230657118731E0));
#2233=CARTESIAN_POINT('',(-2.449197873529E1,7.590201528954E1,
-2.266688153065E0));
#2234=CARTESIAN_POINT('',(-2.448975653254E1,7.586425493437E1,
-2.273971644262E0));
#2235=CARTESIAN_POINT('',(-2.237607086043E1,7.816198719328E1,
-2.540348395090E0));
#2236=CARTESIAN_POINT('',(-2.241729004053E1,7.816447120452E1,
-2.539869260984E0));
#2237=CARTESIAN_POINT('',(-2.262428916505E1,7.817066092596E1,
-2.538675342616E0));
#2238=CARTESIAN_POINT('',(-2.299477143240E1,7.812640161823E1,
-2.547212398924E0));
#2239=CARTESIAN_POINT('',(-2.345757255324E1,7.795511219828E1,
-2.580251944687E0));
#2240=CARTESIAN_POINT('',(-2.385967787585E1,7.768724613725E1,
-2.631919893495E0));
#2241=CARTESIAN_POINT('',(-2.417567006710E1,7.734993375449E1,
-2.696983152567E0));
#2242=CARTESIAN_POINT('',(-2.439953027560E1,7.697309547389E1,
-2.769670453512E0));
#2243=CARTESIAN_POINT('',(-2.454168600235E1,7.655911206494E1,
-2.849522576245E0));
#2244=CARTESIAN_POINT('',(-2.457998016831E1,7.622527768873E1,
-2.913914972186E0));
#2245=CARTESIAN_POINT('',(-2.457429287034E1,7.603090172686E1,
-2.951407617611E0));
#2246=CARTESIAN_POINT('',(-2.457198050368E1,7.599160947821E1,
-2.958986591535E0));
#2247=CARTESIAN_POINT('',(-2.240595392368E1,7.776972794864E1,
-3.121252323216E0));
#2248=CARTESIAN_POINT('',(-2.243723442435E1,7.777161104667E1,
-3.120889097611E0));
#2249=CARTESIAN_POINT('',(-2.259431835387E1,7.777630298253E1,
-3.119984082989E0));
#2250=CARTESIAN_POINT('',(-2.287546652724E1,7.774272803714E1,
-3.126460261991E0));
#2251=CARTESIAN_POINT('',(-2.322700616700E1,7.761264721171E1,
-3.151551195137E0));
#2252=CARTESIAN_POINT('',(-2.353294843525E1,7.740888912863E1,
-3.190853532152E0));
#2253=CARTESIAN_POINT('',(-2.377384518976E1,7.715179467728E1,
-3.240443774756E0));
#2254=CARTESIAN_POINT('',(-2.394480409726E1,7.686405951445E1,
-3.295944220039E0));
#2255=CARTESIAN_POINT('',(-2.405351069660E1,7.654754401595E1,
-3.356996025224E0));
#2256=CARTESIAN_POINT('',(-2.408281655399E1,7.629210251631E1,
-3.406267434512E0));
#2257=CARTESIAN_POINT('',(-2.407846658052E1,7.614337052662E1,
-3.434955939505E0));
#2258=CARTESIAN_POINT('',(-2.407669732397E1,7.611330577046E1,
-3.440755047746E0));
#2259=CARTESIAN_POINT('',(-2.244792276131E1,7.707126726471E1,
-3.172099191353E0));
#2260=CARTESIAN_POINT('',(-2.246524502686E1,7.707230641883E1,
-3.171898751771E0));
#2261=CARTESIAN_POINT('',(-2.255222627992E1,7.707489481132E1,
-3.171399483852E0));
#2262=CARTESIAN_POINT('',(-2.270791047210E1,7.705632536467E1,
-3.174981293414E0));
#2263=CARTESIAN_POINT('',(-2.290319052775E1,7.698411935611E1,
-3.188908912090E0));
#2264=CARTESIAN_POINT('',(-2.307407797977E1,7.687039679903E1,
-3.210844543781E0));
#2265=CARTESIAN_POINT('',(-2.320950803009E1,7.672596326569E1,
-3.238703931336E0));
#2266=CARTESIAN_POINT('',(-2.330617046760E1,7.656336769285E1,
-3.270066544806E0));
#2267=CARTESIAN_POINT('',(-2.336789992186E1,7.638373959691E1,
-3.304714514878E0));
#2268=CARTESIAN_POINT('',(-2.338458227878E1,7.623839584332E1,
-3.332749472317E0));
#2269=CARTESIAN_POINT('',(-2.338211049144E1,7.615376787274E1,
-3.349073129128E0));
#2270=CARTESIAN_POINT('',(-2.338110399806E1,7.613666253547E1,
-3.352372530653E0));
#2271=(BOUNDED_SURFACE()B_SPLINE_SURFACE(3,3,((#2223,#2224,#2225,#2226,#2227,
#2228,#2229,#2230,#2231,#2232,#2233,#2234),(#2235,#2236,#2237,#2238,#2239,#2240,
#2241,#2242,#2243,#2244,#2245,#2246),(#2247,#2248,#2249,#2250,#2251,#2252,#2253,
#2254,#2255,#2256,#2257,#2258),(#2259,#2260,#2261,#2262,#2263,#2264,#2265,#2266,
#2267,#2268,#2269,#2270)),.UNSPECIFIED.,.F.,.F.,.F.)B_SPLINE_SURFACE_WITH_KNOTS(
(4,4),(4,1,1,1,1,1,1,1,1,4),(0.E0,1.E0),(-3.759220134782E-2,0.E0,
1.506448357943E-1,2.980203449995E-1,4.467002230085E-1,5.909422101449E-1,
7.232039047343E-1,8.536576477394E-1,1.E0,1.037200969593E0),.UNSPECIFIED.)GEOMETRIC_REPRESENTATION_ITEM()RATIONAL_B_SPLINE_SURFACE(((1.235169652565E0,
1.235169652565E0,1.235169652565E0,1.235169652565E0,1.235169652565E0,
1.235169652565E0,1.235169652565E0,1.235169652565E0,1.235169652565E0,
1.235169652565E0,1.235169652565E0,1.235169652565E0),(9.216101158117E-1,
9.216101158117E-1,9.216101158117E-1,9.216101158117E-1,9.216101158117E-1,
9.216101158117E-1,9.216101158117E-1,9.216101158117E-1,9.216101158117E-1,
9.216101158117E-1,9.216101158117E-1,9.216101158117E-1),(9.216101158117E-1,
9.216101158117E-1,9.216101158117E-1,9.216101158117E-1,9.216101158117E-1,
9.216101158117E-1,9.216101158117E-1,9.216101158117E-1,9.216101158117E-1,
9.216101158117E-1,9.216101158117E-1,9.216101158117E-1),(1.235169652565E0,
1.235169652565E0,1.235169652565E0,1.235169652565E0,1.235169652565E0,
1.235169652565E0,1.235169652565E0,1.235169652565E0,1.235169652565E0,
1.235169652565E0,1.235169652565E0,1.235169652565E0)))REPRESENTATION_ITEM('')SURFACE());
#2272=ORIENTED_EDGE('',*,*,#2204,.F.);
#2274=ORIENTED_EDGE('',*,*,#2273,.T.);
#2276=ORIENTED_EDGE('',*,*,#2275,.T.);
#2277=ORIENTED_EDGE('',*,*,#2215,.F.);
#2278=EDGE_LOOP('',(#2272,#2274,#2276,#2277));
#2279=FACE_OUTER_BOUND('',#2278,.F.);
#2280=ADVANCED_FACE('',(#2279),#2271,.T.);
#2281=CARTESIAN_POINT('',(-1.373541875462E1,7.7E1,-2.174454392375E0));
#2282=DIRECTION('',(1.E0,0.E0,0.E0));
#2283=DIRECTION('',(0.E0,1.893961407134E-1,-9.819007596916E-1));
#2284=AXIS2_PLACEMENT_3D('',#2281,#2282,#2283);
#2285=CYLINDRICAL_SURFACE('',#2284,1.E0);
#2286=ORIENTED_EDGE('',*,*,#2202,.F.);
#2288=ORIENTED_EDGE('',*,*,#2287,.T.);
#2290=ORIENTED_EDGE('',*,*,#2289,.T.);
#2291=ORIENTED_EDGE('',*,*,#2273,.F.);
#2292=EDGE_LOOP('',(#2286,#2288,#2290,#2291));
#2293=FACE_OUTER_BOUND('',#2292,.F.);
#2294=ADVANCED_FACE('',(#2293),#2285,.T.);
#2295=CARTESIAN_POINT('',(-1.198224031731E1,7.658435738343E1,
-2.203768267874E0));
#2296=CARTESIAN_POINT('',(-1.199372591147E1,7.662069565458E1,
-2.196759078556E0));
#2297=CARTESIAN_POINT('',(-1.206440384072E1,7.682316662960E1,
-2.157705008277E0));
#2298=CARTESIAN_POINT('',(-1.224787746773E1,7.715965026410E1,
-2.092801604183E0));
#2299=CARTESIAN_POINT('',(-1.258800890831E1,7.751844814685E1,
-2.023594066029E0));
#2300=CARTESIAN_POINT('',(-1.297601790612E1,7.777081054849E1,
-1.974916575499E0));
#2301=CARTESIAN_POINT('',(-1.341022180405E1,7.793238004779E1,
-1.943751878535E0));
#2302=CARTESIAN_POINT('',(-1.376356685257E1,7.797615779985E1,
-1.935307708178E0));
#2303=CARTESIAN_POINT('',(-1.396843632559E1,7.797003056826E1,
-1.936489573049E0));
#2304=CARTESIAN_POINT('',(-1.400800876352E1,7.796764451445E1,
-1.936949812417E0));
#2305=CARTESIAN_POINT('',(-1.195044638061E1,7.672021709595E1,
-2.855845538322E0));
#2306=CARTESIAN_POINT('',(-1.196212024077E1,7.675715118095E1,
-2.848721424108E0));
#2307=CARTESIAN_POINT('',(-1.203395725361E1,7.696294370861E1,
-2.809026668664E0));
#2308=CARTESIAN_POINT('',(-1.222044788676E1,7.730496527216E1,
-2.743055068644E0));
#2309=CARTESIAN_POINT('',(-1.256621249452E1,7.766971087505E1,
-2.672700291089E0));
#2310=CARTESIAN_POINT('',(-1.296069126337E1,7.792628414882E1,
-2.623210576998E0));
#2311=CARTESIAN_POINT('',(-1.340217211963E1,7.809056323188E1,
-2.591523235866E0));
#2312=CARTESIAN_POINT('',(-1.376145770359E1,7.813507789257E1,
-2.582936925226E0));
#2313=CARTESIAN_POINT('',(-1.396977167452E1,7.812884728689E1,
-2.584138729642E0));
#2314=CARTESIAN_POINT('',(-1.401000939697E1,7.812642098578E1,
-2.584606732200E0));
#2315=CARTESIAN_POINT('',(-1.241561945953E1,7.666422692134E1,
-3.330334953861E0));
#2316=CARTESIAN_POINT('',(-1.242453882353E1,7.669244372908E1,
-3.324892291315E0));
#2317=CARTESIAN_POINT('',(-1.247941743054E1,7.684963903893E1,
-3.294571319739E0));
#2318=CARTESIAN_POINT('',(-1.262176662733E1,7.711063586072E1,
-3.244228359621E0));
#2319=CARTESIAN_POINT('',(-1.288511307636E1,7.738836112032E1,
-3.190658697078E0));
#2320=CARTESIAN_POINT('',(-1.318493344087E1,7.758332565481E1,
-3.153052523497E0));
#2321=CARTESIAN_POINT('',(-1.351994603732E1,7.770796115967E1,
-3.129011923280E0));
#2322=CARTESIAN_POINT('',(-1.379231639635E1,7.774169420303E1,
-3.122505249196E0));
#2323=CARTESIAN_POINT('',(-1.395023435263E1,7.773697605066E1,
-3.123415320647E0));
#2324=CARTESIAN_POINT('',(-1.398073838128E1,7.773513860266E1,
-3.123769740946E0));
#2325=CARTESIAN_POINT('',(-1.304788834196E1,7.645609153641E1,
-3.290758747985E0));
#2326=CARTESIAN_POINT('',(-1.305306376142E1,7.647245971533E1,
-3.287601534909E0));
#2327=CARTESIAN_POINT('',(-1.308489229786E1,7.656360109820E1,
-3.270021523889E0));
#2328=CARTESIAN_POINT('',(-1.316724391977E1,7.671446810972E1,
-3.240921200400E0));
#2329=CARTESIAN_POINT('',(-1.331856660930E1,7.687391426484E1,
-3.210166069462E0));
#2330=CARTESIAN_POINT('',(-1.348972612426E1,7.698513945477E1,
-3.188712148060E0));
#2331=CARTESIAN_POINT('',(-1.368002577257E1,7.705589092804E1,
-3.175065090702E0));
#2332=CARTESIAN_POINT('',(-1.383425990527E1,7.707496946654E1,
-3.171385083811E0));
#2333=CARTESIAN_POINT('',(-1.392367898809E1,7.707230705903E1,
-3.171898628283E0));
#2334=CARTESIAN_POINT('',(-1.394095286227E1,7.707126998731E1,
-3.172098666198E0));
#2335=(BOUNDED_SURFACE()B_SPLINE_SURFACE(3,3,((#2295,#2296,#2297,#2298,#2299,
#2300,#2301,#2302,#2303,#2304),(#2305,#2306,#2307,#2308,#2309,#2310,#2311,#2312,
#2313,#2314),(#2315,#2316,#2317,#2318,#2319,#2320,#2321,#2322,#2323,#2324),(
#2325,#2326,#2327,#2328,#2329,#2330,#2331,#2332,#2333,#2334)),.UNSPECIFIED.,.F.,
.F.,.F.)B_SPLINE_SURFACE_WITH_KNOTS((4,4),(4,1,1,1,1,1,1,4),(0.E0,1.E0),(
-4.862563041632E-2,0.E0,2.243958185781E-1,4.308090434216E-1,6.152576352839E-1,
7.963355202331E-1,1.E0,1.048943431532E0),.UNSPECIFIED.)GEOMETRIC_REPRESENTATION_ITEM()RATIONAL_B_SPLINE_SURFACE(((1.215486454512E0,1.215486454512E0,
1.215486454512E0,1.215486454512E0,1.215486454512E0,1.215486454512E0,
1.215486454512E0,1.215486454512E0,1.215486454512E0,1.215486454512E0),(
9.281711818292E-1,9.281711818292E-1,9.281711818292E-1,9.281711818292E-1,
9.281711818292E-1,9.281711818292E-1,9.281711818292E-1,9.281711818292E-1,
9.281711818292E-1,9.281711818292E-1),(9.281711818292E-1,9.281711818292E-1,
9.281711818292E-1,9.281711818292E-1,9.281711818292E-1,9.281711818292E-1,
9.281711818292E-1,9.281711818292E-1,9.281711818292E-1,9.281711818292E-1),(
1.215486454512E0,1.215486454512E0,1.215486454512E0,1.215486454512E0,
1.215486454512E0,1.215486454512E0,1.215486454512E0,1.215486454512E0,
1.215486454512E0,1.215486454512E0)))REPRESENTATION_ITEM('')SURFACE());
#2336=ORIENTED_EDGE('',*,*,#2200,.F.);
#2337=ORIENTED_EDGE('',*,*,#2178,.T.);
#2339=ORIENTED_EDGE('',*,*,#2338,.T.);
#2340=ORIENTED_EDGE('',*,*,#2287,.F.);
#2341=EDGE_LOOP('',(#2336,#2337,#2339,#2340));
#2342=FACE_OUTER_BOUND('',#2341,.F.);
#2343=ADVANCED_FACE('',(#2342),#2335,.T.);
#2344=CARTESIAN_POINT('',(-1.388901296886E1,7.6E1,1.1939832E2));
#2345=DIRECTION('',(0.E0,0.E0,1.E0));
#2346=DIRECTION('',(9.340311836831E-1,3.571914723332E-1,0.E0));
#2347=AXIS2_PLACEMENT_3D('',#2344,#2345,#2346);
#2348=CYLINDRICAL_SURFACE('',#2347,2.E0);
#2349=ORIENTED_EDGE('',*,*,#2338,.F.);
#2350=ORIENTED_EDGE('',*,*,#2112,.F.);
#2352=ORIENTED_EDGE('',*,*,#2351,.F.);
#2354=ORIENTED_EDGE('',*,*,#2353,.T.);
#2355=EDGE_LOOP('',(#2349,#2350,#2352,#2354));
#2356=FACE_OUTER_BOUND('',#2355,.F.);
#2357=ADVANCED_FACE('',(#2356),#2348,.T.);
#2358=CARTESIAN_POINT('',(-2.45E1,7.8E1,0.E0));
#2359=DIRECTION('',(0.E0,0.E0,-1.E0));
#2360=DIRECTION('',(0.E0,-1.E0,0.E0));
#2361=AXIS2_PLACEMENT_3D('',#2358,#2359,#2360);
#2362=PLANE('',#2361);
#2363=ORIENTED_EDGE('',*,*,#1874,.F.);
#2364=ORIENTED_EDGE('',*,*,#1426,.F.);
#2366=ORIENTED_EDGE('',*,*,#2365,.T.);
#2368=ORIENTED_EDGE('',*,*,#2367,.T.);
#2369=ORIENTED_EDGE('',*,*,#2351,.T.);
#2370=ORIENTED_EDGE('',*,*,#2110,.F.);
#2371=EDGE_LOOP('',(#2363,#2364,#2366,#2368,#2369,#2370));
#2372=FACE_OUTER_BOUND('',#2371,.F.);
#2373=ADVANCED_FACE('',(#2372),#2362,.F.);
#2374=CARTESIAN_POINT('',(-2.25E1,7.6E1,-1.1939832E2));
#2375=DIRECTION('',(0.E0,0.E0,-1.E0));
#2376=DIRECTION('',(-1.E0,0.E0,0.E0));
#2377=AXIS2_PLACEMENT_3D('',#2374,#2375,#2376);
#2378=CYLINDRICAL_SURFACE('',#2377,2.E0);
#2379=ORIENTED_EDGE('',*,*,#2275,.F.);
#2381=ORIENTED_EDGE('',*,*,#2380,.T.);
#2382=ORIENTED_EDGE('',*,*,#2365,.F.);
#2383=ORIENTED_EDGE('',*,*,#1424,.F.);
#2384=EDGE_LOOP('',(#2379,#2381,#2382,#2383));
#2385=FACE_OUTER_BOUND('',#2384,.F.);
#2386=ADVANCED_FACE('',(#2385),#2378,.T.);
#2387=CARTESIAN_POINT('',(-2.45E1,7.8E1,-3.E0));
#2388=DIRECTION('',(0.E0,-1.E0,0.E0));
#2389=DIRECTION('',(0.E0,0.E0,1.E0));
#2390=AXIS2_PLACEMENT_3D('',#2387,#2388,#2389);
#2391=PLANE('',#2390);
#2392=ORIENTED_EDGE('',*,*,#2289,.F.);
#2393=ORIENTED_EDGE('',*,*,#2353,.F.);
#2394=ORIENTED_EDGE('',*,*,#2367,.F.);
#2395=ORIENTED_EDGE('',*,*,#2380,.F.);
#2396=EDGE_LOOP('',(#2392,#2393,#2394,#2395));
#2397=FACE_OUTER_BOUND('',#2396,.F.);
#2398=ADVANCED_FACE('',(#2397),#2391,.F.);
#2399=CARTESIAN_POINT('',(-2.35E1,6.208990049099E1,-3.662184122940E1));
#2400=DIRECTION('',(1.E0,0.E0,0.E0));
#2401=DIRECTION('',(0.E0,-1.833322074881E-1,9.830510168336E-1));
#2402=AXIS2_PLACEMENT_3D('',#2399,#2400,#2401);
#2403=TOROIDAL_SURFACE('',#2402,3.1E1,1.E0);
#2405=ORIENTED_EDGE('',*,*,#2404,.F.);
#2406=ORIENTED_EDGE('',*,*,#2218,.T.);
#2407=ORIENTED_EDGE('',*,*,#1420,.T.);
#2409=ORIENTED_EDGE('',*,*,#2408,.F.);
#2410=EDGE_LOOP('',(#2405,#2406,#2407,#2409));
#2411=FACE_OUTER_BOUND('',#2410,.F.);
#2412=ADVANCED_FACE('',(#2411),#2403,.T.);
#2413=CARTESIAN_POINT('',(8.83764E1,6.208990049099E1,-3.662184122940E1));
#2414=DIRECTION('',(1.E0,0.E0,0.E0));
#2415=DIRECTION('',(0.E0,-1.893961407134E-1,9.819007596916E-1));
#2416=AXIS2_PLACEMENT_3D('',#2413,#2414,#2415);
#2417=CYLINDRICAL_SURFACE('',#2416,3.E1);
#2418=ORIENTED_EDGE('',*,*,#2404,.T.);
#2420=ORIENTED_EDGE('',*,*,#2419,.F.);
#2422=ORIENTED_EDGE('',*,*,#2421,.F.);
#2423=ORIENTED_EDGE('',*,*,#2190,.T.);
#2424=EDGE_LOOP('',(#2418,#2420,#2422,#2423));
#2425=FACE_OUTER_BOUND('',#2424,.F.);
#2426=ADVANCED_FACE('',(#2425),#2417,.F.);
#2427=CARTESIAN_POINT('',(-2.45E1,8.E0,-3.31E1));
#2428=DIRECTION('',(0.E0,-4.981761145516E-1,8.670758668596E-1));
#2429=DIRECTION('',(0.E0,8.670758668596E-1,4.981761145516E-1));
#2430=AXIS2_PLACEMENT_3D('',#2427,#2428,#2429);
#2431=PLANE('',#2430);
#2433=ORIENTED_EDGE('',*,*,#2432,.T.);
#2435=ORIENTED_EDGE('',*,*,#2434,.T.);
#2437=ORIENTED_EDGE('',*,*,#2436,.T.);
#2439=ORIENTED_EDGE('',*,*,#2438,.T.);
#2441=ORIENTED_EDGE('',*,*,#2440,.F.);
#2443=ORIENTED_EDGE('',*,*,#2442,.F.);
#2445=ORIENTED_EDGE('',*,*,#2444,.T.);
#2447=ORIENTED_EDGE('',*,*,#2446,.F.);
#2449=ORIENTED_EDGE('',*,*,#2448,.F.);
#2451=ORIENTED_EDGE('',*,*,#2450,.F.);
#2453=ORIENTED_EDGE('',*,*,#2452,.T.);
#2455=ORIENTED_EDGE('',*,*,#2454,.T.);
#2457=ORIENTED_EDGE('',*,*,#2456,.T.);
#2458=ORIENTED_EDGE('',*,*,#2048,.T.);
#2460=ORIENTED_EDGE('',*,*,#2459,.F.);
#2462=ORIENTED_EDGE('',*,*,#2461,.T.);
#2464=ORIENTED_EDGE('',*,*,#2463,.F.);
#2466=ORIENTED_EDGE('',*,*,#2465,.T.);
#2467=ORIENTED_EDGE('',*,*,#2419,.T.);
#2468=EDGE_LOOP('',(#2433,#2435,#2437,#2439,#2441,#2443,#2445,#2447,#2449,#2451,
#2453,#2455,#2457,#2458,#2460,#2462,#2464,#2466,#2467));
#2469=FACE_OUTER_BOUND('',#2468,.F.);
#2470=ADVANCED_FACE('',(#2469),#2431,.F.);
#2471=CARTESIAN_POINT('',(-2.35E1,4.679371109991E1,-9.657875681158E0));
#2472=DIRECTION('',(0.E0,8.670758668596E-1,4.981761145516E-1));
#2473=DIRECTION('',(0.E0,4.981761145516E-1,-8.670758668596E-1));
#2474=AXIS2_PLACEMENT_3D('',#2471,#2472,#2473);
#2475=CYLINDRICAL_SURFACE('',#2474,1.E0);
#2476=ORIENTED_EDGE('',*,*,#2432,.F.);
#2477=ORIENTED_EDGE('',*,*,#2408,.T.);
#2478=ORIENTED_EDGE('',*,*,#1418,.T.);
#2480=ORIENTED_EDGE('',*,*,#2479,.F.);
#2481=EDGE_LOOP('',(#2476,#2477,#2478,#2480));
#2482=FACE_OUTER_BOUND('',#2481,.F.);
#2483=ADVANCED_FACE('',(#2482),#2475,.T.);
#2484=CARTESIAN_POINT('',(-2.449234189265E1,8.620030910360E0,
-3.145507559267E1));
#2485=CARTESIAN_POINT('',(-2.449283756203E1,8.595004984623E0,
-3.146945417120E1));
#2486=CARTESIAN_POINT('',(-2.449376379087E1,8.501677198842E0,
-3.152307540030E1));
#2487=CARTESIAN_POINT('',(-2.448933563887E1,8.338153348449E0,
-3.161702759011E1));
#2488=CARTESIAN_POINT('',(-2.447192242721E1,8.127386891253E0,
-3.173812289300E1));
#2489=CARTESIAN_POINT('',(-2.444148885069E1,7.912781877433E0,
-3.186142362830E1));
#2490=CARTESIAN_POINT('',(-2.439726857059E1,7.697854090280E0,
-3.198490981216E1));
#2491=CARTESIAN_POINT('',(-2.433951611803E1,7.487867180412E0,
-3.210555722822E1));
#2492=CARTESIAN_POINT('',(-2.426913955287E1,7.287215256168E0,
-3.222084125332E1));
#2493=CARTESIAN_POINT('',(-2.418776214249E1,7.099693598508E0,
-3.232858131896E1));
#2494=CARTESIAN_POINT('',(-2.409712704219E1,6.927344661751E0,
-3.242760393848E1));
#2495=CARTESIAN_POINT('',(-2.399824085839E1,6.770006793430E0,
-3.251800198888E1));
#2496=CARTESIAN_POINT('',(-2.389094199975E1,6.626152378466E0,
-3.260065315730E1));
#2497=CARTESIAN_POINT('',(-2.377445170398E1,6.494483043818E0,
-3.267630342050E1));
#2498=CARTESIAN_POINT('',(-2.364821887164E1,6.374768128379E0,
-3.274508530419E1));
#2499=CARTESIAN_POINT('',(-2.351225469221E1,6.267632892662E0,
-3.280663956663E1));
#2500=CARTESIAN_POINT('',(-2.336701945910E1,6.174030639894E0,
-3.286041848999E1));
#2501=CARTESIAN_POINT('',(-2.321398519737E1,6.095300502688E0,
-3.290565267924E1));
#2502=CARTESIAN_POINT('',(-2.305456090379E1,6.032235160621E0,
-3.294188670244E1));
#2503=CARTESIAN_POINT('',(-2.288642171077E1,5.984244171386E0,
-3.296945979663E1));
#2504=CARTESIAN_POINT('',(-2.270149237370E1,5.951454808329E0,
-3.298829883726E1));
#2505=CARTESIAN_POINT('',(-2.250018147486E1,5.939118446382E0,
-3.299538666094E1));
#2506=CARTESIAN_POINT('',(-2.236150358522E1,5.947602342596E0,
-3.299051226112E1));
#2507=CARTESIAN_POINT('',(-2.229377167538E1,5.956334080980E0,
-3.298549546424E1));
#2508=CARTESIAN_POINT('',(-2.457468895193E1,8.968360398405E0,
-3.205849190846E1));
#2509=CARTESIAN_POINT('',(-2.457519268292E1,8.942923641307E0,
-3.207310652905E1));
#2510=CARTESIAN_POINT('',(-2.457613404450E1,8.848065439037E0,
-3.212760705484E1));
#2511=CARTESIAN_POINT('',(-2.457163356366E1,8.681860101665E0,
-3.222309988581E1));
#2512=CARTESIAN_POINT('',(-2.455393135415E1,8.467580613080E0,
-3.234621359146E1));
#2513=CARTESIAN_POINT('',(-2.452297535439E1,8.249274077464E0,
-3.247164102619E1));
#2514=CARTESIAN_POINT('',(-2.447795465068E1,8.030436103251E0,
-3.259737379754E1));
#2515=CARTESIAN_POINT('',(-2.441907940755E1,7.816345069782E0,
-3.272037922681E1));
#2516=CARTESIAN_POINT('',(-2.434720923667E1,7.611411776016E0,
-3.283812310129E1));
#2517=CARTESIAN_POINT('',(-2.426392330827E1,7.419469056736E0,
-3.294840327602E1));
#2518=CARTESIAN_POINT('',(-2.417092320283E1,7.242600511086E0,
-3.305002262472E1));
#2519=CARTESIAN_POINT('',(-2.406916184373E1,7.080666652100E0,
-3.314306128923E1));
#2520=CARTESIAN_POINT('',(-2.395839390873E1,6.932140715966E0,
-3.322839646762E1));
#2521=CARTESIAN_POINT('',(-2.383773441878E1,6.795738949772E0,
-3.330676573667E1));
#2522=CARTESIAN_POINT('',(-2.370653551546E1,6.671295381987E0,
-3.337826445489E1));
#2523=CARTESIAN_POINT('',(-2.356474850107E1,6.559554559786E0,
-3.344246484469E1));
#2524=CARTESIAN_POINT('',(-2.341282120660E1,6.461624230855E0,
-3.349873045262E1));
#2525=CARTESIAN_POINT('',(-2.325229659559E1,6.379028170486E0,
-3.354618579765E1));
#2526=CARTESIAN_POINT('',(-2.308469148643E1,6.312717269546E0,
-3.358428454800E1));
#2527=CARTESIAN_POINT('',(-2.290761829892E1,6.262169422245E0,
-3.361332667814E1));
#2528=CARTESIAN_POINT('',(-2.271261988810E1,6.227589367235E0,
-3.363319455603E1));
#2529=CARTESIAN_POINT('',(-2.250019172641E1,6.214569043020E0,
-3.364067534840E1));
#2530=CARTESIAN_POINT('',(-2.235385452500E1,6.223523432933E0,
-3.363553062768E1));
#2531=CARTESIAN_POINT('',(-2.228240831065E1,6.232744541479E0,
-3.363023266449E1));
#2532=CARTESIAN_POINT('',(-2.407866433816E1,9.208085260236E0,
-3.249290882067E1));
#2533=CARTESIAN_POINT('',(-2.407911950933E1,9.185123181275E0,
-3.250610162157E1));
#2534=CARTESIAN_POINT('',(-2.407996971757E1,9.099483574720E0,
-3.255530562791E1));
#2535=CARTESIAN_POINT('',(-2.407590491574E1,8.949430405439E0,
-3.264151827400E1));
#2536=CARTESIAN_POINT('',(-2.405994350965E1,8.756311964417E0,
-3.275247395652E1));
#2537=CARTESIAN_POINT('',(-2.403213437134E1,8.560301864578E0,
-3.286509103385E1));
#2538=CARTESIAN_POINT('',(-2.399193508835E1,8.365017239371E0,
-3.297729129167E1));
#2539=CARTESIAN_POINT('',(-2.393982307102E1,8.175647748382E0,
-3.308609302500E1));
#2540=CARTESIAN_POINT('',(-2.387694976299E1,7.996503653183E0,
-3.318901978458E1));
#2541=CARTESIAN_POINT('',(-2.380515995751E1,7.831191579878E0,
-3.328399939307E1));
#2542=CARTESIAN_POINT('',(-2.372640566452E1,7.681547288197E0,
-3.336997711964E1));
#2543=CARTESIAN_POINT('',(-2.364196317180E1,7.547297775376E0,
-3.344710981729E1));
#2544=CARTESIAN_POINT('',(-2.355209151746E1,7.426911149915E0,
-3.351627763018E1));
#2545=CARTESIAN_POINT('',(-2.345654552825E1,7.319015593304E0,
-3.357826873294E1));
#2546=CARTESIAN_POINT('',(-2.335526018179E1,7.223055470755E0,
-3.363340236407E1));
#2547=CARTESIAN_POINT('',(-2.324854751596E1,7.139056795962E0,
-3.368166357746E1));
#2548=CARTESIAN_POINT('',(-2.313693043023E1,7.067197007082E0,
-3.372295042650E1));
#2549=CARTESIAN_POINT('',(-2.302152458414E1,7.007887668308E0,
-3.375702644807E1));
#2550=CARTESIAN_POINT('',(-2.290319732323E1,6.961126671160E0,
-3.378389285361E1));
#2551=CARTESIAN_POINT('',(-2.277993882204E1,6.925980278944E0,
-3.380408611903E1));
#2552=CARTESIAN_POINT('',(-2.264559234538E1,6.902186611353E0,
-3.381775670695E1));
#2553=CARTESIAN_POINT('',(-2.250012997531E1,6.893286192855E0,
-3.382287041853E1));
#2554=CARTESIAN_POINT('',(-2.239992929897E1,6.899406523388E0,
-3.381935399903E1));
#2555=CARTESIAN_POINT('',(-2.235085651819E1,6.905679868557E0,
-3.381574966539E1));
#2556=CARTESIAN_POINT('',(-2.338202971603E1,9.156636203208E0,
-3.242748376349E1));
#2557=CARTESIAN_POINT('',(-2.338241668804E1,9.137149650302E0,
-3.243867971022E1));
#2558=CARTESIAN_POINT('',(-2.338313887730E1,9.064456967677E0,
-3.248044509612E1));
#2559=CARTESIAN_POINT('',(-2.337968595859E1,8.937088478155E0,
-3.255362432028E1));
#2560=CARTESIAN_POINT('',(-2.336616939877E1,8.773689365496E0,
-3.264750484236E1));
#2561=CARTESIAN_POINT('',(-2.334277982469E1,8.608993173638E0,
-3.274213059782E1));
#2562=CARTESIAN_POINT('',(-2.330935191656E1,8.446787710088E0,
-3.283532531201E1));
#2563=CARTESIAN_POINT('',(-2.326673841426E1,8.292138033250E0,
-3.292417886920E1));
#2564=CARTESIAN_POINT('',(-2.321650062062E1,8.149213206409E0,
-3.300629594526E1));
#2565=CARTESIAN_POINT('',(-2.316085637934E1,8.021302160153E0,
-3.307978689394E1));
#2566=CARTESIAN_POINT('',(-2.310210941240E1,7.909892579715E0,
-3.314379696967E1));
#2567=CARTESIAN_POINT('',(-2.304199015203E1,7.814523947991E0,
-3.319859076133E1));
#2568=CARTESIAN_POINT('',(-2.298146597801E1,7.733657171978E0,
-3.324505255068E1));
#2569=CARTESIAN_POINT('',(-2.292119028308E1,7.665796750700E0,
-3.328404157378E1));
#2570=CARTESIAN_POINT('',(-2.286191660055E1,7.609839792426E0,
-3.331619149413E1));
#2571=CARTESIAN_POINT('',(-2.280446359821E1,7.564803176856E0,
-3.334206716085E1));
#2572=CARTESIAN_POINT('',(-2.274945960437E1,7.529557782327E0,
-3.336231730778E1));
#2573=CARTESIAN_POINT('',(-2.269742015761E1,7.502953144184E0,
-3.337760293129E1));
#2574=CARTESIAN_POINT('',(-2.264830046066E1,7.483648727744E0,
-3.338869423200E1));
#2575=CARTESIAN_POINT('',(-2.260062122033E1,7.470132687219E0,
-3.339645983685E1));
#2576=CARTESIAN_POINT('',(-2.255145647873E1,7.461487806031E0,
-3.340142673016E1));
#2577=CARTESIAN_POINT('',(-2.250004324986E1,7.458373529757E0,
-3.340321602924E1));
#2578=CARTESIAN_POINT('',(-2.246463835145E1,7.460513606428E0,
-3.340198645393E1));
#2579=CARTESIAN_POINT('',(-2.244698761708E1,7.462647007792E0,
-3.340076071389E1));
#2580=(BOUNDED_SURFACE()B_SPLINE_SURFACE(3,3,((#2484,#2485,#2486,#2487,#2488,
#2489,#2490,#2491,#2492,#2493,#2494,#2495,#2496,#2497,#2498,#2499,#2500,#2501,
#2502,#2503,#2504,#2505,#2506,#2507),(#2508,#2509,#2510,#2511,#2512,#2513,#2514,
#2515,#2516,#2517,#2518,#2519,#2520,#2521,#2522,#2523,#2524,#2525,#2526,#2527,
#2528,#2529,#2530,#2531),(#2532,#2533,#2534,#2535,#2536,#2537,#2538,#2539,#2540,
#2541,#2542,#2543,#2544,#2545,#2546,#2547,#2548,#2549,#2550,#2551,#2552,#2553,
#2554,#2555),(#2556,#2557,#2558,#2559,#2560,#2561,#2562,#2563,#2564,#2565,#2566,
#2567,#2568,#2569,#2570,#2571,#2572,#2573,#2574,#2575,#2576,#2577,#2578,#2579)),
.UNSPECIFIED.,.F.,.F.,.F.)B_SPLINE_SURFACE_WITH_KNOTS((4,4),(4,1,1,1,1,1,1,1,1,
1,1,1,1,1,1,1,1,1,1,1,1,4),(0.E0,1.E0),(-2.668828065381E-2,0.E0,
7.283205151031E-2,1.476421657304E-1,2.246150722727E-1,3.013058091323E-1,
3.760891595844E-1,4.472795047185E-1,5.133987529767E-1,5.735502563869E-1,
6.280513444492E-1,6.779204750568E-1,7.238913844712E-1,7.663158078485E-1,
8.054774311647E-1,8.416471061170E-1,8.752273738632E-1,9.062915015094E-1,
9.357165515855E-1,9.661373098125E-1,1.E0,1.033753946928E0),.UNSPECIFIED.)GEOMETRIC_REPRESENTATION_ITEM()RATIONAL_B_SPLINE_SURFACE(((1.235169652428E0,
1.235169652428E0,1.235169652428E0,1.235169652428E0,1.235169652428E0,
1.235169652428E0,1.235169652428E0,1.235169652428E0,1.235169652428E0,
1.235169652428E0,1.235169652428E0,1.235169652428E0,1.235169652428E0,
1.235169652428E0,1.235169652428E0,1.235169652428E0,1.235169652428E0,
1.235169652428E0,1.235169652428E0,1.235169652428E0,1.235169652428E0,
1.235169652428E0,1.235169652428E0,1.235169652428E0),(9.216101158574E-1,
9.216101158574E-1,9.216101158574E-1,9.216101158574E-1,9.216101158574E-1,
9.216101158574E-1,9.216101158574E-1,9.216101158574E-1,9.216101158574E-1,
9.216101158574E-1,9.216101158574E-1,9.216101158574E-1,9.216101158574E-1,
9.216101158574E-1,9.216101158574E-1,9.216101158574E-1,9.216101158574E-1,
9.216101158574E-1,9.216101158574E-1,9.216101158574E-1,9.216101158574E-1,
9.216101158574E-1,9.216101158574E-1,9.216101158574E-1),(9.216101158574E-1,
9.216101158574E-1,9.216101158574E-1,9.216101158574E-1,9.216101158574E-1,
9.216101158574E-1,9.216101158574E-1,9.216101158574E-1,9.216101158574E-1,
9.216101158574E-1,9.216101158574E-1,9.216101158574E-1,9.216101158574E-1,
9.216101158574E-1,9.216101158574E-1,9.216101158574E-1,9.216101158574E-1,
9.216101158574E-1,9.216101158574E-1,9.216101158574E-1,9.216101158574E-1,
9.216101158574E-1,9.216101158574E-1,9.216101158574E-1),(1.235169652428E0,
1.235169652428E0,1.235169652428E0,1.235169652428E0,1.235169652428E0,
1.235169652428E0,1.235169652428E0,1.235169652428E0,1.235169652428E0,
1.235169652428E0,1.235169652428E0,1.235169652428E0,1.235169652428E0,
1.235169652428E0,1.235169652428E0,1.235169652428E0,1.235169652428E0,
1.235169652428E0,1.235169652428E0,1.235169652428E0,1.235169652428E0,
1.235169652428E0,1.235169652428E0,1.235169652428E0)))REPRESENTATION_ITEM('')SURFACE());
#2581=ORIENTED_EDGE('',*,*,#2434,.F.);
#2582=ORIENTED_EDGE('',*,*,#2479,.T.);
#2583=ORIENTED_EDGE('',*,*,#1446,.T.);
#2585=ORIENTED_EDGE('',*,*,#2584,.F.);
#2586=EDGE_LOOP('',(#2581,#2582,#2583,#2585));
#2587=FACE_OUTER_BOUND('',#2586,.F.);
#2588=ADVANCED_FACE('',(#2587),#2580,.T.);
#2589=CARTESIAN_POINT('',(-2.267664299599E1,6.862928089035E0,-3.26E1));
#2590=DIRECTION('',(-1.E0,0.E0,0.E0));
#2591=DIRECTION('',(0.E0,4.981761145516E-1,-8.670758668596E-1));
#2592=AXIS2_PLACEMENT_3D('',#2589,#2590,#2591);
#2593=CYLINDRICAL_SURFACE('',#2592,1.E0);
#2595=ORIENTED_EDGE('',*,*,#2594,.F.);
#2596=ORIENTED_EDGE('',*,*,#2436,.F.);
#2597=ORIENTED_EDGE('',*,*,#2584,.T.);
#2598=ORIENTED_EDGE('',*,*,#1471,.T.);
#2599=EDGE_LOOP('',(#2595,#2596,#2597,#2598));
#2600=FACE_OUTER_BOUND('',#2599,.F.);
#2601=ADVANCED_FACE('',(#2600),#2593,.T.);
#2602=CARTESIAN_POINT('',(-2.05E1,0.E0,0.E0));
#2603=DIRECTION('',(1.E0,0.E0,0.E0));
#2604=DIRECTION('',(0.E0,0.E0,-1.E0));
#2605=AXIS2_PLACEMENT_3D('',#2602,#2603,#2604);
#2606=PLANE('',#2605);
#2608=ORIENTED_EDGE('',*,*,#2607,.F.);
#2610=ORIENTED_EDGE('',*,*,#2609,.F.);
#2611=ORIENTED_EDGE('',*,*,#2192,.F.);
#2612=ORIENTED_EDGE('',*,*,#2421,.T.);
#2613=ORIENTED_EDGE('',*,*,#2465,.F.);
#2614=EDGE_LOOP('',(#2608,#2610,#2611,#2612,#2613));
#2615=FACE_OUTER_BOUND('',#2614,.F.);
#2616=ADVANCED_FACE('',(#2615),#2606,.T.);
#2617=CARTESIAN_POINT('',(-2.05E1,0.E0,0.E0));
#2618=DIRECTION('',(1.E0,0.E0,0.E0));
#2619=DIRECTION('',(0.E0,0.E0,-1.E0));
#2620=AXIS2_PLACEMENT_3D('',#2617,#2618,#2619);
#2621=PLANE('',#2620);
#2623=ORIENTED_EDGE('',*,*,#2622,.F.);
#2624=ORIENTED_EDGE('',*,*,#1494,.F.);
#2625=ORIENTED_EDGE('',*,*,#1898,.T.);
#2627=ORIENTED_EDGE('',*,*,#2626,.F.);
#2628=EDGE_LOOP('',(#2623,#2624,#2625,#2627));
#2629=FACE_OUTER_BOUND('',#2628,.F.);
#2630=ADVANCED_FACE('',(#2629),#2621,.T.);
#2631=CARTESIAN_POINT('',(-2.05E1,0.E0,0.E0));
#2632=DIRECTION('',(1.E0,0.E0,0.E0));
#2633=DIRECTION('',(0.E0,0.E0,-1.E0));
#2634=AXIS2_PLACEMENT_3D('',#2631,#2632,#2633);
#2635=PLANE('',#2634);
#2636=ORIENTED_EDGE('',*,*,#1469,.F.);
#2637=ORIENTED_EDGE('',*,*,#1516,.F.);
#2639=ORIENTED_EDGE('',*,*,#2638,.F.);
#2641=ORIENTED_EDGE('',*,*,#2640,.T.);
#2642=ORIENTED_EDGE('',*,*,#2438,.F.);
#2643=ORIENTED_EDGE('',*,*,#2594,.T.);
#2644=EDGE_LOOP('',(#2636,#2637,#2639,#2641,#2642,#2643));
#2645=FACE_OUTER_BOUND('',#2644,.F.);
#2646=ADVANCED_FACE('',(#2645),#2635,.T.);
#2647=CARTESIAN_POINT('',(-2.05E1,2.9E1,-3.31E1));
#2648=DIRECTION('',(0.E0,-1.E0,0.E0));
#2649=DIRECTION('',(1.E0,0.E0,0.E0));
#2650=AXIS2_PLACEMENT_3D('',#2647,#2648,#2649);
#2651=PLANE('',#2650);
#2652=ORIENTED_EDGE('',*,*,#2607,.T.);
#2653=ORIENTED_EDGE('',*,*,#2463,.T.);
#2655=ORIENTED_EDGE('',*,*,#2654,.T.);
#2657=ORIENTED_EDGE('',*,*,#2656,.F.);
#2658=EDGE_LOOP('',(#2652,#2653,#2655,#2657));
#2659=FACE_OUTER_BOUND('',#2658,.F.);
#2660=ADVANCED_FACE('',(#2659),#2651,.F.);
#2661=CARTESIAN_POINT('',(-3.55E1,5.507654562083E0,-3.31E1));
#2662=DIRECTION('',(0.E0,0.E0,-1.E0));
#2663=DIRECTION('',(-1.E0,0.E0,0.E0));
#2664=AXIS2_PLACEMENT_3D('',#2661,#2662,#2663);
#2665=CYLINDRICAL_SURFACE('',#2664,5.6E1);
#2666=ORIENTED_EDGE('',*,*,#2654,.F.);
#2667=ORIENTED_EDGE('',*,*,#2461,.F.);
#2669=ORIENTED_EDGE('',*,*,#2668,.T.);
#2671=ORIENTED_EDGE('',*,*,#2670,.T.);
#2672=EDGE_LOOP('',(#2666,#2667,#2669,#2671));
#2673=FACE_OUTER_BOUND('',#2672,.F.);
#2674=ADVANCED_FACE('',(#2673),#2665,.F.);
#2675=CARTESIAN_POINT('',(-3.55E1,5.507654562083E0,-3.31E1));
#2676=DIRECTION('',(0.E0,0.E0,-1.E0));
#2677=DIRECTION('',(-1.E0,0.E0,0.E0));
#2678=AXIS2_PLACEMENT_3D('',#2675,#2676,#2677);
#2679=CYLINDRICAL_SURFACE('',#2678,5.6E1);
#2680=ORIENTED_EDGE('',*,*,#1887,.T.);
#2682=ORIENTED_EDGE('',*,*,#2681,.F.);
#2684=ORIENTED_EDGE('',*,*,#2683,.F.);
#2686=ORIENTED_EDGE('',*,*,#2685,.F.);
#2687=EDGE_LOOP('',(#2680,#2682,#2684,#2686));
#2688=FACE_OUTER_BOUND('',#2687,.F.);
#2689=ADVANCED_FACE('',(#2688),#2679,.F.);
#2690=CARTESIAN_POINT('',(-3.55E1,5.507654562083E0,-3.31E1));
#2691=DIRECTION('',(0.E0,0.E0,-1.E0));
#2692=DIRECTION('',(-1.E0,0.E0,0.E0));
#2693=AXIS2_PLACEMENT_3D('',#2690,#2691,#2692);
#2694=CYLINDRICAL_SURFACE('',#2693,5.6E1);
#2695=ORIENTED_EDGE('',*,*,#1482,.F.);
#2697=ORIENTED_EDGE('',*,*,#2696,.T.);
#2698=ORIENTED_EDGE('',*,*,#2450,.T.);
#2700=ORIENTED_EDGE('',*,*,#2699,.T.);
#2702=ORIENTED_EDGE('',*,*,#2701,.T.);
#2704=ORIENTED_EDGE('',*,*,#2703,.T.);
#2705=EDGE_LOOP('',(#2695,#2697,#2698,#2700,#2702,#2704));
#2706=FACE_OUTER_BOUND('',#2705,.F.);
#2707=ADVANCED_FACE('',(#2706),#2694,.F.);
#2708=CARTESIAN_POINT('',(6.270154409316E1,1.052897007313E2,-3.31E1));
#2709=DIRECTION('',(0.E0,0.E0,-1.E0));
#2710=DIRECTION('',(-1.E0,0.E0,0.E0));
#2711=AXIS2_PLACEMENT_3D('',#2708,#2709,#2710);
#2712=CYLINDRICAL_SURFACE('',#2711,8.4E1);
#2714=ORIENTED_EDGE('',*,*,#2713,.F.);
#2715=ORIENTED_EDGE('',*,*,#2668,.F.);
#2716=ORIENTED_EDGE('',*,*,#2459,.T.);
#2717=ORIENTED_EDGE('',*,*,#2046,.F.);
#2718=ORIENTED_EDGE('',*,*,#2196,.T.);
#2719=EDGE_LOOP('',(#2714,#2715,#2716,#2717,#2718));
#2720=FACE_OUTER_BOUND('',#2719,.F.);
#2721=ADVANCED_FACE('',(#2720),#2712,.T.);
#2722=CARTESIAN_POINT('',(-2.05E1,6.086960244677E1,-6.304235334828E0));
#2723=DIRECTION('',(0.E0,-5.728283550788E-2,9.983579902801E-1));
#2724=DIRECTION('',(0.E0,-9.983579902801E-1,-5.728283550788E-2));
#2725=AXIS2_PLACEMENT_3D('',#2722,#2723,#2724);
#2726=PLANE('',#2725);
#2727=ORIENTED_EDGE('',*,*,#2656,.T.);
#2728=ORIENTED_EDGE('',*,*,#2670,.F.);
#2729=ORIENTED_EDGE('',*,*,#2713,.T.);
#2730=ORIENTED_EDGE('',*,*,#2194,.F.);
#2731=ORIENTED_EDGE('',*,*,#2609,.T.);
#2732=EDGE_LOOP('',(#2727,#2728,#2729,#2730,#2731));
#2733=FACE_OUTER_BOUND('',#2732,.F.);
#2734=ADVANCED_FACE('',(#2733),#2726,.F.);
#2735=CARTESIAN_POINT('',(2.05E1,5.507654562083E0,-3.31E1));
#2736=DIRECTION('',(-1.E0,0.E0,0.E0));
#2737=DIRECTION('',(0.E0,-1.E0,0.E0));
#2738=AXIS2_PLACEMENT_3D('',#2735,#2736,#2737);
#2739=PLANE('',#2738);
#2740=ORIENTED_EDGE('',*,*,#1537,.T.);
#2742=ORIENTED_EDGE('',*,*,#2741,.F.);
#2743=ORIENTED_EDGE('',*,*,#2681,.T.);
#2744=ORIENTED_EDGE('',*,*,#1885,.F.);
#2745=EDGE_LOOP('',(#2740,#2742,#2743,#2744));
#2746=FACE_OUTER_BOUND('',#2745,.F.);
#2747=ADVANCED_FACE('',(#2746),#2739,.T.);
#2748=CARTESIAN_POINT('',(2.05E1,5.507654562083E0,-3.31E1));
#2749=DIRECTION('',(-1.E0,0.E0,0.E0));
#2750=DIRECTION('',(0.E0,-1.E0,0.E0));
#2751=AXIS2_PLACEMENT_3D('',#2748,#2749,#2750);
#2752=PLANE('',#2751);
#2753=ORIENTED_EDGE('',*,*,#1559,.T.);
#2754=ORIENTED_EDGE('',*,*,#1484,.F.);
#2755=ORIENTED_EDGE('',*,*,#2703,.F.);
#2757=ORIENTED_EDGE('',*,*,#2756,.T.);
#2758=EDGE_LOOP('',(#2753,#2754,#2755,#2757));
#2759=FACE_OUTER_BOUND('',#2758,.F.);
#2760=ADVANCED_FACE('',(#2759),#2752,.T.);
#2761=CARTESIAN_POINT('',(-2.05E1,5.E0,-1.15E1));
#2762=DIRECTION('',(0.E0,5.728283550788E-2,-9.983579902801E-1));
#2763=DIRECTION('',(0.E0,9.983579902801E-1,5.728283550788E-2));
#2764=AXIS2_PLACEMENT_3D('',#2761,#2762,#2763);
#2765=PLANE('',#2764);
#2766=ORIENTED_EDGE('',*,*,#1496,.F.);
#2767=ORIENTED_EDGE('',*,*,#2622,.T.);
#2769=ORIENTED_EDGE('',*,*,#2768,.T.);
#2771=ORIENTED_EDGE('',*,*,#2770,.F.);
#2772=EDGE_LOOP('',(#2766,#2767,#2769,#2771));
#2773=FACE_OUTER_BOUND('',#2772,.F.);
#2774=ADVANCED_FACE('',(#2773),#2765,.F.);
#2775=CARTESIAN_POINT('',(-2.05E1,5.E0,-1.15E1));
#2776=DIRECTION('',(0.E0,5.728283550788E-2,-9.983579902801E-1));
#2777=DIRECTION('',(0.E0,9.983579902801E-1,5.728283550788E-2));
#2778=AXIS2_PLACEMENT_3D('',#2775,#2776,#2777);
#2779=PLANE('',#2778);
#2780=ORIENTED_EDGE('',*,*,#1543,.F.);
#2782=ORIENTED_EDGE('',*,*,#2781,.T.);
#2784=ORIENTED_EDGE('',*,*,#2783,.T.);
#2785=ORIENTED_EDGE('',*,*,#2683,.T.);
#2786=ORIENTED_EDGE('',*,*,#2741,.T.);
#2787=EDGE_LOOP('',(#2780,#2782,#2784,#2785,#2786));
#2788=FACE_OUTER_BOUND('',#2787,.F.);
#2789=ADVANCED_FACE('',(#2788),#2779,.F.);
#2790=CARTESIAN_POINT('',(1.699808062519E1,2.5E1,-3.31E1));
#2791=DIRECTION('',(0.E0,1.E0,0.E0));
#2792=DIRECTION('',(-1.E0,0.E0,0.E0));
#2793=AXIS2_PLACEMENT_3D('',#2790,#2791,#2792);
#2794=PLANE('',#2793);
#2795=ORIENTED_EDGE('',*,*,#2640,.F.);
#2797=ORIENTED_EDGE('',*,*,#2796,.T.);
#2799=ORIENTED_EDGE('',*,*,#2798,.T.);
#2800=ORIENTED_EDGE('',*,*,#2440,.T.);
#2801=EDGE_LOOP('',(#2795,#2797,#2799,#2800));
#2802=FACE_OUTER_BOUND('',#2801,.F.);
#2803=ADVANCED_FACE('',(#2802),#2794,.F.);
#2804=CARTESIAN_POINT('',(1.699808062519E1,2.5E1,-3.31E1));
#2805=DIRECTION('',(0.E0,1.E0,0.E0));
#2806=DIRECTION('',(-1.E0,0.E0,0.E0));
#2807=AXIS2_PLACEMENT_3D('',#2804,#2805,#2806);
#2808=PLANE('',#2807);
#2809=ORIENTED_EDGE('',*,*,#2699,.F.);
#2810=ORIENTED_EDGE('',*,*,#2448,.T.);
#2812=ORIENTED_EDGE('',*,*,#2811,.F.);
#2814=ORIENTED_EDGE('',*,*,#2813,.T.);
#2815=EDGE_LOOP('',(#2809,#2810,#2812,#2814));
#2816=FACE_OUTER_BOUND('',#2815,.F.);
#2817=ADVANCED_FACE('',(#2816),#2808,.F.);
#2818=CARTESIAN_POINT('',(1.699808062519E1,2.5E1,-3.31E1));
#2819=DIRECTION('',(0.E0,1.E0,0.E0));
#2820=DIRECTION('',(-1.E0,0.E0,0.E0));
#2821=AXIS2_PLACEMENT_3D('',#2818,#2819,#2820);
#2822=PLANE('',#2821);
#2823=ORIENTED_EDGE('',*,*,#1889,.F.);
#2824=ORIENTED_EDGE('',*,*,#2685,.T.);
#2825=ORIENTED_EDGE('',*,*,#2783,.F.);
#2827=ORIENTED_EDGE('',*,*,#2826,.T.);
#2828=EDGE_LOOP('',(#2823,#2824,#2825,#2827));
#2829=FACE_OUTER_BOUND('',#2828,.F.);
#2830=ADVANCED_FACE('',(#2829),#2822,.F.);
#2831=CARTESIAN_POINT('',(1.699808062519E1,2.5E1,-3.31E1));
#2832=DIRECTION('',(0.E0,1.E0,0.E0));
#2833=DIRECTION('',(-1.E0,0.E0,0.E0));
#2834=AXIS2_PLACEMENT_3D('',#2831,#2832,#2833);
#2835=PLANE('',#2834);
#2836=ORIENTED_EDGE('',*,*,#1896,.F.);
#2838=ORIENTED_EDGE('',*,*,#2837,.T.);
#2839=ORIENTED_EDGE('',*,*,#2768,.F.);
#2840=ORIENTED_EDGE('',*,*,#2626,.T.);
#2841=EDGE_LOOP('',(#2836,#2838,#2839,#2840));
#2842=FACE_OUTER_BOUND('',#2841,.F.);
#2843=ADVANCED_FACE('',(#2842),#2835,.F.);
#2844=CARTESIAN_POINT('',(-2.05E1,6.086960244677E1,-1.430423533483E1));
#2845=DIRECTION('',(0.E0,-5.728283550788E-2,9.983579902801E-1));
#2846=DIRECTION('',(0.E0,-9.983579902801E-1,-5.728283550788E-2));
#2847=AXIS2_PLACEMENT_3D('',#2844,#2845,#2846);
#2848=PLANE('',#2847);
#2849=ORIENTED_EDGE('',*,*,#1521,.T.);
#2851=ORIENTED_EDGE('',*,*,#2850,.F.);
#2852=ORIENTED_EDGE('',*,*,#2796,.F.);
#2853=ORIENTED_EDGE('',*,*,#2638,.T.);
#2854=EDGE_LOOP('',(#2849,#2851,#2852,#2853));
#2855=FACE_OUTER_BOUND('',#2854,.F.);
#2856=ADVANCED_FACE('',(#2855),#2848,.F.);
#2857=CARTESIAN_POINT('',(-2.05E1,6.086960244677E1,-1.430423533483E1));
#2858=DIRECTION('',(0.E0,-5.728283550788E-2,9.983579902801E-1));
#2859=DIRECTION('',(0.E0,-9.983579902801E-1,-5.728283550788E-2));
#2860=AXIS2_PLACEMENT_3D('',#2857,#2858,#2859);
#2861=PLANE('',#2860);
#2862=ORIENTED_EDGE('',*,*,#1561,.T.);
#2863=ORIENTED_EDGE('',*,*,#2756,.F.);
#2864=ORIENTED_EDGE('',*,*,#2701,.F.);
#2865=ORIENTED_EDGE('',*,*,#2813,.F.);
#2867=ORIENTED_EDGE('',*,*,#2866,.T.);
#2868=EDGE_LOOP('',(#2862,#2863,#2864,#2865,#2867));
#2869=FACE_OUTER_BOUND('',#2868,.F.);
#2870=ADVANCED_FACE('',(#2869),#2861,.F.);
#2871=CARTESIAN_POINT('',(-1.5E0,2.5E1,-3.31E1));
#2872=DIRECTION('',(1.E0,0.E0,0.E0));
#2873=DIRECTION('',(0.E0,-1.E0,0.E0));
#2874=AXIS2_PLACEMENT_3D('',#2871,#2872,#2873);
#2875=PLANE('',#2874);
#2876=ORIENTED_EDGE('',*,*,#1498,.T.);
#2877=ORIENTED_EDGE('',*,*,#2770,.T.);
#2878=ORIENTED_EDGE('',*,*,#2837,.F.);
#2879=ORIENTED_EDGE('',*,*,#1894,.F.);
#2880=EDGE_LOOP('',(#2876,#2877,#2878,#2879));
#2881=FACE_OUTER_BOUND('',#2880,.F.);
#2882=ADVANCED_FACE('',(#2881),#2875,.F.);
#2883=CARTESIAN_POINT('',(-1.5E0,2.5E1,-3.31E1));
#2884=DIRECTION('',(1.E0,0.E0,0.E0));
#2885=DIRECTION('',(0.E0,-1.E0,0.E0));
#2886=AXIS2_PLACEMENT_3D('',#2883,#2884,#2885);
#2887=PLANE('',#2886);
#2888=ORIENTED_EDGE('',*,*,#1519,.T.);
#2889=ORIENTED_EDGE('',*,*,#1465,.T.);
#2891=ORIENTED_EDGE('',*,*,#2890,.T.);
#2892=ORIENTED_EDGE('',*,*,#2442,.T.);
#2893=ORIENTED_EDGE('',*,*,#2798,.F.);
#2894=ORIENTED_EDGE('',*,*,#2850,.T.);
#2895=EDGE_LOOP('',(#2888,#2889,#2891,#2892,#2893,#2894));
#2896=FACE_OUTER_BOUND('',#2895,.F.);
#2897=ADVANCED_FACE('',(#2896),#2887,.F.);
#2898=CARTESIAN_POINT('',(-8.83764E1,6.862928089035E0,-3.26E1));
#2899=DIRECTION('',(-1.E0,0.E0,0.E0));
#2900=DIRECTION('',(0.E0,4.981761145516E-1,-8.670758668596E-1));
#2901=AXIS2_PLACEMENT_3D('',#2898,#2899,#2900);
#2902=CYLINDRICAL_SURFACE('',#2901,1.E0);
#2904=ORIENTED_EDGE('',*,*,#2903,.F.);
#2905=ORIENTED_EDGE('',*,*,#2444,.F.);
#2906=ORIENTED_EDGE('',*,*,#2890,.F.);
#2907=ORIENTED_EDGE('',*,*,#1463,.T.);
#2908=EDGE_LOOP('',(#2904,#2905,#2906,#2907));
#2909=FACE_OUTER_BOUND('',#2908,.F.);
#2910=ADVANCED_FACE('',(#2909),#2902,.T.);
#2911=CARTESIAN_POINT('',(1.5E0,5.E0,-3.31E1));
#2912=DIRECTION('',(-1.E0,0.E0,0.E0));
#2913=DIRECTION('',(0.E0,1.E0,0.E0));
#2914=AXIS2_PLACEMENT_3D('',#2911,#2912,#2913);
#2915=PLANE('',#2914);
#2916=ORIENTED_EDGE('',*,*,#1541,.F.);
#2917=ORIENTED_EDGE('',*,*,#1891,.T.);
#2918=ORIENTED_EDGE('',*,*,#2826,.F.);
#2919=ORIENTED_EDGE('',*,*,#2781,.F.);
#2920=EDGE_LOOP('',(#2916,#2917,#2918,#2919));
#2921=FACE_OUTER_BOUND('',#2920,.F.);
#2922=ADVANCED_FACE('',(#2921),#2915,.F.);
#2923=CARTESIAN_POINT('',(1.5E0,5.E0,-3.31E1));
#2924=DIRECTION('',(-1.E0,0.E0,0.E0));
#2925=DIRECTION('',(0.E0,1.E0,0.E0));
#2926=AXIS2_PLACEMENT_3D('',#2923,#2924,#2925);
#2927=PLANE('',#2926);
#2928=ORIENTED_EDGE('',*,*,#1563,.F.);
#2929=ORIENTED_EDGE('',*,*,#2866,.F.);
#2930=ORIENTED_EDGE('',*,*,#2811,.T.);
#2931=ORIENTED_EDGE('',*,*,#2446,.T.);
#2932=ORIENTED_EDGE('',*,*,#2903,.T.);
#2933=ORIENTED_EDGE('',*,*,#1461,.F.);
#2934=EDGE_LOOP('',(#2928,#2929,#2930,#2931,#2932,#2933));
#2935=FACE_OUTER_BOUND('',#2934,.F.);
#2936=ADVANCED_FACE('',(#2935),#2927,.F.);
#2937=CARTESIAN_POINT('',(-8.83764E1,6.862928089035E0,-3.26E1));
#2938=DIRECTION('',(-1.E0,0.E0,0.E0));
#2939=DIRECTION('',(0.E0,4.981761145516E-1,-8.670758668596E-1));
#2940=AXIS2_PLACEMENT_3D('',#2937,#2938,#2939);
#2941=CYLINDRICAL_SURFACE('',#2940,1.E0);
#2943=ORIENTED_EDGE('',*,*,#2942,.F.);
#2944=ORIENTED_EDGE('',*,*,#2452,.F.);
#2945=ORIENTED_EDGE('',*,*,#2696,.F.);
#2946=ORIENTED_EDGE('',*,*,#1480,.T.);
#2947=EDGE_LOOP('',(#2943,#2944,#2945,#2946));
#2948=FACE_OUTER_BOUND('',#2947,.F.);
#2949=ADVANCED_FACE('',(#2948),#2941,.T.);
#2950=CARTESIAN_POINT('',(2.227788286291E1,5.968606466310E0,-3.300842914973E1));
#2951=CARTESIAN_POINT('',(2.234580783878E1,5.958689794637E0,-3.301412674685E1));
#2952=CARTESIAN_POINT('',(2.261362051785E1,5.940622159273E0,-3.302450745830E1));
#2953=CARTESIAN_POINT('',(2.310934107643E1,6.034358611210E0,-3.297065143116E1));
#2954=CARTESIAN_POINT('',(2.358940559143E1,6.323305411888E0,-3.280463782154E1));
#2955=CARTESIAN_POINT('',(2.390878530084E1,6.667823636760E0,-3.260669579914E1));
#2956=CARTESIAN_POINT('',(2.411645514118E1,7.011400186964E0,-3.240929481340E1));
#2957=CARTESIAN_POINT('',(2.424860603522E1,7.329852670562E0,-3.222632879277E1));
#2958=CARTESIAN_POINT('',(2.433107651789E1,7.616043593951E0,-3.206189856505E1));
#2959=CARTESIAN_POINT('',(2.438083130228E1,7.873415224252E0,-3.191402638491E1));
#2960=CARTESIAN_POINT('',(2.440889145791E1,8.112768256678E0,-3.177650674187E1));
#2961=CARTESIAN_POINT('',(2.442080910914E1,8.351502518557E0,-3.163934261179E1));
#2962=CARTESIAN_POINT('',(2.441749480257E1,8.538019000461E0,-3.153218006719E1));
#2963=CARTESIAN_POINT('',(2.441060347948E1,8.647509846567E0,-3.146927239512E1));
#2964=CARTESIAN_POINT('',(2.440876216675E1,8.672640280378E0,-3.145483377175E1));
#2965=CARTESIAN_POINT('',(2.226921829375E1,6.256057218747E0,-3.363344846766E1));
#2966=CARTESIAN_POINT('',(2.233998623472E1,6.245698909340E0,-3.363939980655E1));
#2967=CARTESIAN_POINT('',(2.261906755485E1,6.226839961345E0,-3.365023516456E1));
#2968=CARTESIAN_POINT('',(2.313564814159E1,6.324638661023E0,-3.359404518387E1));
#2969=CARTESIAN_POINT('',(2.363333816466E1,6.624563989395E0,-3.342172389060E1));
#2970=CARTESIAN_POINT('',(2.396188442581E1,6.979312940914E0,-3.321790383164E1));
#2971=CARTESIAN_POINT('',(2.417426446060E1,7.330843797522E0,-3.301593272047E1));
#2972=CARTESIAN_POINT('',(2.430888626897E1,7.655345558365E0,-3.282949110382E1));
#2973=CARTESIAN_POINT('',(2.439270146890E1,7.946252622715E0,-3.266235122996E1));
#2974=CARTESIAN_POINT('',(2.444319300969E1,8.207468914774E0,-3.251227010971E1));
#2975=CARTESIAN_POINT('',(2.447164272245E1,8.450170436469E0,-3.237282660114E1));
#2976=CARTESIAN_POINT('',(2.448371818287E1,8.692102495203E0,-3.223382518545E1));
#2977=CARTESIAN_POINT('',(2.448035991170E1,8.881052138913E0,-3.212526467426E1));
#2978=CARTESIAN_POINT('',(2.447337910026E1,8.991965761787E0,-3.206153954961E1));
#2979=CARTESIAN_POINT('',(2.447151393514E1,9.017422783124E0,-3.204691328625E1));
#2980=CARTESIAN_POINT('',(2.233712827778E1,6.917446014605E0,-3.380715248516E1));
#2981=CARTESIAN_POINT('',(2.238561401276E1,6.910549113478E0,-3.381111508121E1));
#2982=CARTESIAN_POINT('',(2.257637550768E1,6.897892208212E0,-3.381838707219E1));
#2983=CARTESIAN_POINT('',(2.292946219733E1,6.963852373963E0,-3.378048983581E1));
#2984=CARTESIAN_POINT('',(2.328900940568E1,7.177731688235E0,-3.365760604924E1));
#2985=CARTESIAN_POINT('',(2.354571131191E1,7.452295639194E0,-3.349985606736E1));
#2986=CARTESIAN_POINT('',(2.372117442404E1,7.741483312804E0,-3.333370406484E1));
#2987=CARTESIAN_POINT('',(2.383643003553E1,8.018572869604E0,-3.317450300289E1));
#2988=CARTESIAN_POINT('',(2.390970579306E1,8.272516404515E0,-3.302860042577E1));
#2989=CARTESIAN_POINT('',(2.395442288453E1,8.503599528533E0,-3.289583223643E1));
#2990=CARTESIAN_POINT('',(2.397981937931E1,8.720056715567E0,-3.277146733997E1));
#2991=CARTESIAN_POINT('',(2.399065798428E1,8.936925516192E0,-3.264686595203E1));
#2992=CARTESIAN_POINT('',(2.398764429287E1,9.106804854584E0,-3.254926223363E1));
#2993=CARTESIAN_POINT('',(2.398136486104E1,9.206567230842E0,-3.249194402783E1));
#2994=CARTESIAN_POINT('',(2.397968664297E1,9.229464568798E0,-3.247878842369E1));
#2995=CARTESIAN_POINT('',(2.243128085575E1,7.462579925693E0,-3.340079925572E1));
#2996=CARTESIAN_POINT('',(2.244887382633E1,7.460482031923E0,-3.340200459496E1));
#2997=CARTESIAN_POINT('',(2.251718588547E1,7.456423837436E0,-3.340433621973E1));
#2998=CARTESIAN_POINT('',(2.264359939719E1,7.478242039515E0,-3.339180063022E1));
#2999=CARTESIAN_POINT('',(2.281162098056E1,7.572824402580E0,-3.333745858711E1));
#3000=CARTESIAN_POINT('',(2.296871557095E1,7.736217299313E0,-3.324358163637E1));
#3001=CARTESIAN_POINT('',(2.309299587854E1,7.938970386288E0,-3.312709039386E1));
#3002=CARTESIAN_POINT('',(2.318140157410E1,8.150326144126E0,-3.300565650987E1));
#3003=CARTESIAN_POINT('',(2.324006511095E1,8.353022257363E0,-3.288919800146E1));
#3004=CARTESIAN_POINT('',(2.327677632085E1,8.542327791621E0,-3.278043301431E1));
#3005=CARTESIAN_POINT('',(2.329793973638E1,8.722398992106E0,-3.267697358887E1));
#3006=CARTESIAN_POINT('',(2.330706352532E1,8.904519288562E0,-3.257233686083E1));
#3007=CARTESIAN_POINT('',(2.330452757034E1,9.047958944575E0,-3.248992399105E1));
#3008=CARTESIAN_POINT('',(2.329922055367E1,9.132260875192E0,-3.244148854284E1));
#3009=CARTESIAN_POINT('',(2.329780152498E1,9.151609386085E0,-3.243037190778E1));
#3010=(BOUNDED_SURFACE()B_SPLINE_SURFACE(3,3,((#2950,#2951,#2952,#2953,#2954,
#2955,#2956,#2957,#2958,#2959,#2960,#2961,#2962,#2963,#2964),(#2965,#2966,#2967,
#2968,#2969,#2970,#2971,#2972,#2973,#2974,#2975,#2976,#2977,#2978,#2979),(#2980,
#2981,#2982,#2983,#2984,#2985,#2986,#2987,#2988,#2989,#2990,#2991,#2992,#2993,
#2994),(#2995,#2996,#2997,#2998,#2999,#3000,#3001,#3002,#3003,#3004,#3005,#3006,
#3007,#3008,#3009)),.UNSPECIFIED.,.F.,.F.,.F.)B_SPLINE_SURFACE_WITH_KNOTS((4,4),
(4,1,1,1,1,1,1,1,1,1,1,1,4),(0.E0,1.E0),(-3.378994752841E-2,0.E0,
9.708276768971E-2,2.076030186397E-1,3.288385125590E-1,4.490616601108E-1,
5.587342341658E-1,6.579001991341E-1,7.473738450144E-1,8.287070321182E-1,
9.101692161508E-1,1.E0,1.026784300290E0),.UNSPECIFIED.)GEOMETRIC_REPRESENTATION_ITEM()RATIONAL_B_SPLINE_SURFACE(((1.227429485229E0,1.227429485229E0,
1.227429485229E0,1.227429485229E0,1.227429485229E0,1.227429485229E0,
1.227429485229E0,1.227429485229E0,1.227429485229E0,1.227429485229E0,
1.227429485229E0,1.227429485229E0,1.227429485229E0,1.227429485229E0,
1.227429485229E0),(9.241901715904E-1,9.241901715904E-1,9.241901715904E-1,
9.241901715904E-1,9.241901715904E-1,9.241901715904E-1,9.241901715904E-1,
9.241901715904E-1,9.241901715904E-1,9.241901715904E-1,9.241901715904E-1,
9.241901715904E-1,9.241901715904E-1,9.241901715904E-1,9.241901715904E-1),(
9.241901715904E-1,9.241901715904E-1,9.241901715904E-1,9.241901715904E-1,
9.241901715904E-1,9.241901715904E-1,9.241901715904E-1,9.241901715904E-1,
9.241901715904E-1,9.241901715904E-1,9.241901715904E-1,9.241901715904E-1,
9.241901715904E-1,9.241901715904E-1,9.241901715904E-1),(1.227429485229E0,
1.227429485229E0,1.227429485229E0,1.227429485229E0,1.227429485229E0,
1.227429485229E0,1.227429485229E0,1.227429485229E0,1.227429485229E0,
1.227429485229E0,1.227429485229E0,1.227429485229E0,1.227429485229E0,
1.227429485229E0,1.227429485229E0)))REPRESENTATION_ITEM('')SURFACE());
#3011=ORIENTED_EDGE('',*,*,#2454,.F.);
#3012=ORIENTED_EDGE('',*,*,#2942,.T.);
#3014=ORIENTED_EDGE('',*,*,#3013,.T.);
#3016=ORIENTED_EDGE('',*,*,#3015,.F.);
#3017=EDGE_LOOP('',(#3011,#3012,#3014,#3016));
#3018=FACE_OUTER_BOUND('',#3017,.F.);
#3019=ADVANCED_FACE('',(#3018),#3010,.T.);
#3020=CARTESIAN_POINT('',(-3.55E1,5.507654562083E0,-3.16E1));
#3021=DIRECTION('',(0.E0,0.E0,-1.E0));
#3022=DIRECTION('',(9.999912546698E-1,-4.182174552065E-3,0.E0));
#3023=AXIS2_PLACEMENT_3D('',#3020,#3021,#3022);
#3024=TOROIDAL_SURFACE('',#3023,5.8E1,2.E0);
#3025=ORIENTED_EDGE('',*,*,#3013,.F.);
#3026=ORIENTED_EDGE('',*,*,#1478,.F.);
#3028=ORIENTED_EDGE('',*,*,#3027,.T.);
#3029=ORIENTED_EDGE('',*,*,#1985,.T.);
#3030=EDGE_LOOP('',(#3025,#3026,#3028,#3029));
#3031=FACE_OUTER_BOUND('',#3030,.F.);
#3032=ADVANCED_FACE('',(#3031),#3024,.T.);
#3033=CARTESIAN_POINT('',(2.25E1,-1.016808E2,-3.16E1));
#3034=DIRECTION('',(0.E0,-1.E0,0.E0));
#3035=DIRECTION('',(0.E0,0.E0,-1.E0));
#3036=AXIS2_PLACEMENT_3D('',#3033,#3034,#3035);
#3037=CYLINDRICAL_SURFACE('',#3036,2.E0);
#3038=ORIENTED_EDGE('',*,*,#1963,.F.);
#3039=ORIENTED_EDGE('',*,*,#3027,.F.);
#3040=ORIENTED_EDGE('',*,*,#1476,.F.);
#3041=ORIENTED_EDGE('',*,*,#1790,.T.);
#3042=EDGE_LOOP('',(#3038,#3039,#3040,#3041));
#3043=FACE_OUTER_BOUND('',#3042,.F.);
#3044=ADVANCED_FACE('',(#3043),#3037,.T.);
#3045=CARTESIAN_POINT('',(2.443405108125E1,8.178198419162E0,-3.173891401750E1));
#3046=CARTESIAN_POINT('',(2.442769465584E1,8.317877140011E0,-3.165866198293E1));
#3047=CARTESIAN_POINT('',(2.431585477300E1,1.059904270758E1,-3.034802442221E1));
#3048=CARTESIAN_POINT('',(2.386821126656E1,1.479685078740E1,-2.793618504487E1));
#3049=CARTESIAN_POINT('',(2.265401185445E1,2.053020018984E1,-2.464210451761E1));
#3050=CARTESIAN_POINT('',(2.107223164191E1,2.561197455631E1,-2.172238468031E1));
#3051=CARTESIAN_POINT('',(1.924693933702E1,3.009567491046E1,-1.914628666326E1));
#3052=CARTESIAN_POINT('',(1.729016214341E1,3.401110818937E1,-1.689668497070E1));
#3053=CARTESIAN_POINT('',(1.525061511583E1,3.746966432789E1,-1.490958081419E1));
#3054=CARTESIAN_POINT('',(1.306760861E1,4.068172981090E1,-1.306409720293E1));
#3055=CARTESIAN_POINT('',(1.054857921083E1,4.391844790803E1,-1.120444949831E1));
#3056=CARTESIAN_POINT('',(8.526924956477E0,4.616470287172E1,-9.913869731455E0));
#3057=CARTESIAN_POINT('',(7.344167535873E0,4.737154578213E1,-9.220481372990E0));
#3058=CARTESIAN_POINT('',(7.239041951925E0,4.747801017134E1,-9.159312543617E0));
#3059=CARTESIAN_POINT('',(2.449688072225E1,8.521668445532E0,-3.233174761172E1));
#3060=CARTESIAN_POINT('',(2.449051926271E1,8.661457764586E0,-3.225143203326E1));
#3061=CARTESIAN_POINT('',(2.437859081537E1,1.094442978260E1,-3.093975658128E1));
#3062=CARTESIAN_POINT('',(2.393059279082E1,1.514556950262E1,-2.852600301899E1));
#3063=CARTESIAN_POINT('',(2.271541984328E1,2.088352412134E1,-2.522927657707E1));
#3064=CARTESIAN_POINT('',(2.113234901686E1,2.596945106636E1,-2.230717088689E1));
#3065=CARTESIAN_POINT('',(1.930553609803E1,3.045689137481E1,-1.972892408913E1));
#3066=CARTESIAN_POINT('',(1.734709166909E1,3.437566418498E1,-1.747740367783E1));
#3067=CARTESIAN_POINT('',(1.530576653615E1,3.783723810681E1,-1.548856566201E1));
#3068=CARTESIAN_POINT('',(1.312081248001E1,4.105217143856E1,-1.364143433595E1));
#3069=CARTESIAN_POINT('',(1.059947983798E1,4.429185162434E1,-1.178008477124E1));
#3070=CARTESIAN_POINT('',(8.575923494131E0,4.654022256211E1,-1.048828927715E1));
#3071=CARTESIAN_POINT('',(7.392032448736E0,4.774822219582E1,-9.794236326419E0));
#3072=CARTESIAN_POINT('',(7.286805947358E0,4.785478878869E1,-9.733008776204E0));
#3073=CARTESIAN_POINT('',(2.400444309042E1,8.743996980153E0,-3.275771252510E1));
#3074=CARTESIAN_POINT('',(2.399812108675E1,8.882919467609E0,-3.267789498240E1));
#3075=CARTESIAN_POINT('',(2.388688677821E1,1.115173313351E1,-3.137435417366E1));
#3076=CARTESIAN_POINT('',(2.344166734757E1,1.532676057621E1,-2.897560335030E1));
#3077=CARTESIAN_POINT('',(2.223412464387E1,2.102862105589E1,-2.569961469919E1));
#3078=CARTESIAN_POINT('',(2.066116921578E1,2.608200148442E1,-2.279620852281E1));
#3079=CARTESIAN_POINT('',(1.884627435843E1,3.054012928674E1,-2.023480314685E1));
#3080=CARTESIAN_POINT('',(1.690089716021E1,3.443272797205E1,-1.799832100881E1));
#3081=CARTESIAN_POINT('',(1.487350822016E1,3.787064952153E1,-1.602307240011E1));
#3082=CARTESIAN_POINT('',(1.270381840952E1,4.106310561768E1,-1.418885530949E1));
#3083=CARTESIAN_POINT('',(1.020053781166E1,4.427956994713E1,-1.234084435280E1));
#3084=CARTESIAN_POINT('',(8.191889406716E0,4.651135659041E1,-1.105857732064E1));
#3085=CARTESIAN_POINT('',(7.016883331830E0,4.771029021537E1,-1.036973322093E1));
#3086=CARTESIAN_POINT('',(6.912447787388E0,4.781605577024E1,-1.030896590495E1));
#3087=CARTESIAN_POINT('',(2.332171177797E1,8.680403675857E0,-3.270110188523E1));
#3088=CARTESIAN_POINT('',(2.331544447717E1,8.818124360208E0,-3.262197483529E1));
#3089=CARTESIAN_POINT('',(2.320517254491E1,1.106730843306E1,-3.132971215661E1));
#3090=CARTESIAN_POINT('',(2.276380544590E1,1.520613297772E1,-2.895176161125E1));
#3091=CARTESIAN_POINT('',(2.156684155676E1,2.085795138644E1,-2.570452449784E1));
#3092=CARTESIAN_POINT('',(2.000791044106E1,2.586620828158E1,-2.282704392658E1));
#3093=CARTESIAN_POINT('',(1.820953916606E1,3.028369628612E1,-2.028898803748E1));
#3094=CARTESIAN_POINT('',(1.628227879523E1,3.414000632599E1,-1.807335544338E1));
#3095=CARTESIAN_POINT('',(1.427421143956E1,3.754513546854E1,-1.611694762416E1));
#3096=CARTESIAN_POINT('',(1.212568446802E1,4.070642840499E1,-1.430063524340E1));
#3097=CARTESIAN_POINT('',(9.647431802661E0,4.389070552729E1,-1.247111736027E1));
#3098=CARTESIAN_POINT('',(7.659452241925E0,4.609949917327E1,-1.120206089306E1));
#3099=CARTESIAN_POINT('',(6.496764574863E0,4.728586339319E1,-1.052043851132E1));
#3100=CARTESIAN_POINT('',(6.393425638464E0,4.739051836330E1,-1.046030927884E1));
#3101=(BOUNDED_SURFACE()B_SPLINE_SURFACE(3,3,((#3045,#3046,#3047,#3048,#3049,
#3050,#3051,#3052,#3053,#3054,#3055,#3056,#3057,#3058),(#3059,#3060,#3061,#3062,
#3063,#3064,#3065,#3066,#3067,#3068,#3069,#3070,#3071,#3072),(#3073,#3074,#3075,
#3076,#3077,#3078,#3079,#3080,#3081,#3082,#3083,#3084,#3085,#3086),(#3087,#3088,
#3089,#3090,#3091,#3092,#3093,#3094,#3095,#3096,#3097,#3098,#3099,#3100)),
.UNSPECIFIED.,.F.,.F.,.F.)B_SPLINE_SURFACE_WITH_KNOTS((4,4),(4,1,1,1,1,1,1,1,1,
1,1,4),(0.E0,1.E0),(-9.999720398265E-3,0.E0,1.533243376753E-1,2.910605700721E-1,
4.164654455729E-1,5.293500363786E-1,6.307305387850E-1,7.212713280207E-1,
8.067822780079E-1,8.969498000528E-1,1.E0,1.010005238730E0),.UNSPECIFIED.)GEOMETRIC_REPRESENTATION_ITEM()RATIONAL_B_SPLINE_SURFACE(((1.227429485198E0,
1.227429485198E0,1.227429485198E0,1.227429485198E0,1.227429485198E0,
1.227429485198E0,1.227429485198E0,1.227429485198E0,1.227429485198E0,
1.227429485198E0,1.227429485198E0,1.227429485198E0,1.227429485198E0,
1.227429485198E0),(9.241901716008E-1,9.241901716008E-1,9.241901716008E-1,
9.241901716008E-1,9.241901716008E-1,9.241901716008E-1,9.241901716008E-1,
9.241901716008E-1,9.241901716008E-1,9.241901716008E-1,9.241901716008E-1,
9.241901716008E-1,9.241901716008E-1,9.241901716008E-1),(9.241901716008E-1,
9.241901716008E-1,9.241901716008E-1,9.241901716008E-1,9.241901716008E-1,
9.241901716008E-1,9.241901716008E-1,9.241901716008E-1,9.241901716008E-1,
9.241901716008E-1,9.241901716008E-1,9.241901716008E-1,9.241901716008E-1,
9.241901716008E-1),(1.227429485198E0,1.227429485198E0,1.227429485198E0,
1.227429485198E0,1.227429485198E0,1.227429485198E0,1.227429485198E0,
1.227429485198E0,1.227429485198E0,1.227429485198E0,1.227429485198E0,
1.227429485198E0,1.227429485198E0,1.227429485198E0)))REPRESENTATION_ITEM('')SURFACE());
#3102=ORIENTED_EDGE('',*,*,#2456,.F.);
#3103=ORIENTED_EDGE('',*,*,#3015,.T.);
#3104=ORIENTED_EDGE('',*,*,#1983,.T.);
#3105=ORIENTED_EDGE('',*,*,#2029,.F.);
#3106=EDGE_LOOP('',(#3102,#3103,#3104,#3105));
#3107=FACE_OUTER_BOUND('',#3106,.F.);
#3108=ADVANCED_FACE('',(#3107),#3101,.T.);
#3109=CARTESIAN_POINT('',(2.45E1,0.E0,-2.2E1));
#3110=DIRECTION('',(0.E0,0.E0,-1.E0));
#3111=DIRECTION('',(0.E0,1.E0,0.E0));
#3112=AXIS2_PLACEMENT_3D('',#3109,#3110,#3111);
#3113=PLANE('',#3112);
#3114=ORIENTED_EDGE('',*,*,#1786,.F.);
#3115=ORIENTED_EDGE('',*,*,#1836,.T.);
#3117=ORIENTED_EDGE('',*,*,#3116,.F.);
#3118=ORIENTED_EDGE('',*,*,#1966,.F.);
#3119=EDGE_LOOP('',(#3114,#3115,#3117,#3118));
#3120=FACE_OUTER_BOUND('',#3119,.F.);
#3121=ADVANCED_FACE('',(#3120),#3113,.F.);
#3122=CARTESIAN_POINT('',(2.45E1,1.5E0,-2.2E1));
#3123=DIRECTION('',(0.E0,1.E0,0.E0));
#3124=DIRECTION('',(0.E0,0.E0,1.E0));
#3125=AXIS2_PLACEMENT_3D('',#3122,#3123,#3124);
#3126=PLANE('',#3125);
#3127=ORIENTED_EDGE('',*,*,#1968,.F.);
#3128=ORIENTED_EDGE('',*,*,#3116,.T.);
#3129=ORIENTED_EDGE('',*,*,#1834,.T.);
#3131=ORIENTED_EDGE('',*,*,#3130,.F.);
#3132=EDGE_LOOP('',(#3127,#3128,#3129,#3131));
#3133=FACE_OUTER_BOUND('',#3132,.F.);
#3134=ADVANCED_FACE('',(#3133),#3126,.F.);
#3135=CARTESIAN_POINT('',(2.45E1,1.5E0,-7.E0));
#3136=DIRECTION('',(0.E0,8.944271909999E-1,-4.472135955E-1));
#3137=DIRECTION('',(0.E0,4.472135955E-1,8.944271909999E-1));
#3138=AXIS2_PLACEMENT_3D('',#3135,#3136,#3137);
#3139=PLANE('',#3138);
#3140=ORIENTED_EDGE('',*,*,#1856,.T.);
#3141=ORIENTED_EDGE('',*,*,#1949,.F.);
#3142=ORIENTED_EDGE('',*,*,#1970,.F.);
#3143=ORIENTED_EDGE('',*,*,#3130,.T.);
#3144=ORIENTED_EDGE('',*,*,#1832,.T.);
#3145=EDGE_LOOP('',(#3140,#3141,#3142,#3143,#3144));
#3146=FACE_OUTER_BOUND('',#3145,.F.);
#3147=ADVANCED_FACE('',(#3146),#3139,.F.);
#3148=CARTESIAN_POINT('',(-7.5E0,5.E0,-2.96E1));
#3149=DIRECTION('',(0.E0,1.E0,0.E0));
#3150=DIRECTION('',(0.E0,0.E0,1.E0));
#3151=AXIS2_PLACEMENT_3D('',#3148,#3149,#3150);
#3152=CYLINDRICAL_SURFACE('',#3151,1.7E0);
#3153=ORIENTED_EDGE('',*,*,#1630,.F.);
#3155=ORIENTED_EDGE('',*,*,#3154,.T.);
#3156=ORIENTED_EDGE('',*,*,#1805,.T.);
#3158=ORIENTED_EDGE('',*,*,#3157,.F.);
#3159=EDGE_LOOP('',(#3153,#3155,#3156,#3158));
#3160=FACE_OUTER_BOUND('',#3159,.F.);
#3161=ADVANCED_FACE('',(#3160),#3152,.F.);
#3162=CARTESIAN_POINT('',(-7.5E0,5.E0,-2.96E1));
#3163=DIRECTION('',(0.E0,1.E0,0.E0));
#3164=DIRECTION('',(0.E0,0.E0,1.E0));
#3165=AXIS2_PLACEMENT_3D('',#3162,#3163,#3164);
#3166=CYLINDRICAL_SURFACE('',#3165,1.7E0);
#3167=ORIENTED_EDGE('',*,*,#1632,.F.);
#3168=ORIENTED_EDGE('',*,*,#3157,.T.);
#3169=ORIENTED_EDGE('',*,*,#1807,.T.);
#3170=ORIENTED_EDGE('',*,*,#3154,.F.);
#3171=EDGE_LOOP('',(#3167,#3168,#3169,#3170));
#3172=FACE_OUTER_BOUND('',#3171,.F.);
#3173=ADVANCED_FACE('',(#3172),#3166,.F.);
#3174=CARTESIAN_POINT('',(7.5E0,5.E0,-8.E0));
#3175=DIRECTION('',(0.E0,1.E0,0.E0));
#3176=DIRECTION('',(0.E0,0.E0,1.E0));
#3177=AXIS2_PLACEMENT_3D('',#3174,#3175,#3176);
#3178=CYLINDRICAL_SURFACE('',#3177,1.7E0);
#3179=ORIENTED_EDGE('',*,*,#1666,.F.);
#3181=ORIENTED_EDGE('',*,*,#3180,.T.);
#3182=ORIENTED_EDGE('',*,*,#1811,.T.);
#3184=ORIENTED_EDGE('',*,*,#3183,.F.);
#3185=EDGE_LOOP('',(#3179,#3181,#3182,#3184));
#3186=FACE_OUTER_BOUND('',#3185,.F.);
#3187=ADVANCED_FACE('',(#3186),#3178,.F.);
#3188=CARTESIAN_POINT('',(7.5E0,5.E0,-8.E0));
#3189=DIRECTION('',(0.E0,1.E0,0.E0));
#3190=DIRECTION('',(0.E0,0.E0,1.E0));
#3191=AXIS2_PLACEMENT_3D('',#3188,#3189,#3190);
#3192=CYLINDRICAL_SURFACE('',#3191,1.7E0);
#3193=ORIENTED_EDGE('',*,*,#1668,.F.);
#3194=ORIENTED_EDGE('',*,*,#3183,.T.);
#3195=ORIENTED_EDGE('',*,*,#1813,.T.);
#3196=ORIENTED_EDGE('',*,*,#3180,.F.);
#3197=EDGE_LOOP('',(#3193,#3194,#3195,#3196));
#3198=FACE_OUTER_BOUND('',#3197,.F.);
#3199=ADVANCED_FACE('',(#3198),#3192,.F.);
#3200=CARTESIAN_POINT('',(-7.5E0,5.E0,-8.E0));
#3201=DIRECTION('',(0.E0,1.E0,0.E0));
#3202=DIRECTION('',(0.E0,0.E0,1.E0));
#3203=AXIS2_PLACEMENT_3D('',#3200,#3201,#3202);
#3204=CYLINDRICAL_SURFACE('',#3203,1.7E0);
#3205=ORIENTED_EDGE('',*,*,#1648,.F.);
#3207=ORIENTED_EDGE('',*,*,#3206,.T.);
#3208=ORIENTED_EDGE('',*,*,#1817,.T.);
#3210=ORIENTED_EDGE('',*,*,#3209,.F.);
#3211=EDGE_LOOP('',(#3205,#3207,#3208,#3210));
#3212=FACE_OUTER_BOUND('',#3211,.F.);
#3213=ADVANCED_FACE('',(#3212),#3204,.F.);
#3214=CARTESIAN_POINT('',(-7.5E0,5.E0,-8.E0));
#3215=DIRECTION('',(0.E0,1.E0,0.E0));
#3216=DIRECTION('',(0.E0,0.E0,1.E0));
#3217=AXIS2_PLACEMENT_3D('',#3214,#3215,#3216);
#3218=CYLINDRICAL_SURFACE('',#3217,1.7E0);
#3219=ORIENTED_EDGE('',*,*,#1650,.F.);
#3220=ORIENTED_EDGE('',*,*,#3209,.T.);
#3221=ORIENTED_EDGE('',*,*,#1819,.T.);
#3222=ORIENTED_EDGE('',*,*,#3206,.F.);
#3223=EDGE_LOOP('',(#3219,#3220,#3221,#3222));
#3224=FACE_OUTER_BOUND('',#3223,.F.);
#3225=ADVANCED_FACE('',(#3224),#3218,.F.);
#3226=CLOSED_SHELL('',(#1438,#1453,#1488,#1510,#1531,#1553,#1574,#1589,#1602,
#1618,#1636,#1654,#1672,#1686,#1698,#1712,#1724,#1738,#1750,#1765,#1778,#1823,
#1840,#1864,#1902,#1914,#1927,#1939,#1953,#1975,#1993,#2036,#2053,#2099,#2116,
#2182,#2208,#2222,#2280,#2294,#2343,#2357,#2373,#2386,#2398,#2412,#2426,#2470,
#2483,#2588,#2601,#2616,#2630,#2646,#2660,#2674,#2689,#2707,#2721,#2734,#2747,
#2760,#2774,#2789,#2803,#2817,#2830,#2843,#2856,#2870,#2882,#2897,#2910,#2922,
#2936,#2949,#3019,#3032,#3044,#3108,#3121,#3134,#3147,#3161,#3173,#3187,#3199,
#3213,#3225));
#3227=MANIFOLD_SOLID_BREP('',#3226);
#3229=DIMENSIONAL_EXPONENTS(0.E0,0.E0,0.E0,0.E0,0.E0,0.E0,0.E0);
#3231=PLANE_ANGLE_MEASURE_WITH_UNIT(PLANE_ANGLE_MEASURE(1.745329251994E-2),
#3230);
#3232=(CONVERSION_BASED_UNIT('DEGREE',#3231)NAMED_UNIT(*)PLANE_ANGLE_UNIT());
#3234=UNCERTAINTY_MEASURE_WITH_UNIT(LENGTH_MEASURE(9.804688112624E-3),#3228,
'closure',
'Maximum model space distance between geometric entities at asserted connectivities');
#3235=(GEOMETRIC_REPRESENTATION_CONTEXT(3)GLOBAL_UNCERTAINTY_ASSIGNED_CONTEXT((
#3234))GLOBAL_UNIT_ASSIGNED_CONTEXT((#3228,#3232,#3233))REPRESENTATION_CONTEXT(
'ID1','3'));
#3237=APPLICATION_CONTEXT(
'CONFIGURATION CONTROLLED 3D DESIGNS OF MECHANICAL PARTS AND ASSEMBLIES');
#3238=APPLICATION_PROTOCOL_DEFINITION('international standard',
'config_control_design',1994,#3237);
#3239=DESIGN_CONTEXT('',#3237,'design');
#3240=MECHANICAL_CONTEXT('',#3237,'mechanical');
#3241=PRODUCT('POINTY_ENDED_A','POINTY_ENDED_A','NOT SPECIFIED',(#3240));
#3242=PRODUCT_DEFINITION_FORMATION_WITH_SPECIFIED_SOURCE('1','LAST_VERSION',
#3241,.MADE.);
#3246=PRODUCT_CATEGORY('part','');
#3247=PRODUCT_RELATED_PRODUCT_CATEGORY('detail','',(#3241));
#3248=PRODUCT_CATEGORY_RELATIONSHIP('','',#3246,#3247);
#3249=SECURITY_CLASSIFICATION_LEVEL('unclassified');
#3250=SECURITY_CLASSIFICATION('','',#3249);
#3251=CC_DESIGN_SECURITY_CLASSIFICATION(#3250,(#3242));
#3252=APPROVAL_STATUS('approved');
#3253=APPROVAL(#3252,'');
#3254=CC_DESIGN_APPROVAL(#3253,(#3250,#3242,#3243));
#3255=CALENDAR_DATE(126,23,7);
#3256=COORDINATED_UNIVERSAL_TIME_OFFSET(8,0,.AHEAD.);
#3257=LOCAL_TIME(12,20,3.E0,#3256);
#3258=DATE_AND_TIME(#3255,#3257);
#3259=APPROVAL_DATE_TIME(#3258,#3253);
#3260=DATE_TIME_ROLE('creation_date');
#3261=CC_DESIGN_DATE_AND_TIME_ASSIGNMENT(#3258,#3260,(#3243));
#3262=DATE_TIME_ROLE('classification_date');
#3263=CC_DESIGN_DATE_AND_TIME_ASSIGNMENT(#3258,#3262,(#3250));
#3264=PERSON('UNSPECIFIED','UNSPECIFIED',$,$,$,$);
#3265=ORGANIZATION('UNSPECIFIED','UNSPECIFIED','UNSPECIFIED');
#3266=PERSON_AND_ORGANIZATION(#3264,#3265);
#3267=APPROVAL_ROLE('approver');
#3268=APPROVAL_PERSON_ORGANIZATION(#3266,#3253,#3267);
#3269=PERSON_AND_ORGANIZATION_ROLE('creator');
#3270=CC_DESIGN_PERSON_AND_ORGANIZATION_ASSIGNMENT(#3266,#3269,(#3242,#3243));
#3271=PERSON_AND_ORGANIZATION_ROLE('design_supplier');
#3272=CC_DESIGN_PERSON_AND_ORGANIZATION_ASSIGNMENT(#3266,#3271,(#3242));
#3273=PERSON_AND_ORGANIZATION_ROLE('classification_officer');
#3274=CC_DESIGN_PERSON_AND_ORGANIZATION_ASSIGNMENT(#3266,#3273,(#3250));
#3275=PERSON_AND_ORGANIZATION_ROLE('design_owner');
#3276=CC_DESIGN_PERSON_AND_ORGANIZATION_ASSIGNMENT(#3266,#3275,(#3241));
#9=CIRCLE('',#8,3.1E1);
#52=B_SPLINE_CURVE_WITH_KNOTS('',3,(#30,#31,#32,#33,#34,#35,#36,#37,#38,#39,#40,
#41,#42,#43,#44,#45,#46,#47,#48,#49,#50,#51),.UNSPECIFIED.,.F.,.F.,(4,1,1,1,1,1,
1,1,1,1,1,1,1,1,1,1,1,1,1,4),(0.E0,5.263157894737E-2,1.052631578947E-1,
1.578947368421E-1,2.105263157895E-1,2.631578947368E-1,3.157894736842E-1,
3.684210526316E-1,4.210526315789E-1,4.736842105263E-1,5.263157894737E-1,
5.789473684211E-1,6.315789473684E-1,6.842105263158E-1,7.368421052632E-1,
7.894736842105E-1,8.421052631579E-1,8.947368421053E-1,9.473684210526E-1,1.E0),
.UNSPECIFIED.);
#73=CIRCLE('',#72,5.8E1);
#82=CIRCLE('',#81,5.6E1);
#155=CIRCLE('',#154,3.E0);
#164=CIRCLE('',#163,3.E0);
#173=CIRCLE('',#172,3.E0);
#178=CIRCLE('',#177,3.E0);
#183=CIRCLE('',#182,3.E0);
#188=CIRCLE('',#187,3.E0);
#193=CIRCLE('',#192,3.E0);
#198=CIRCLE('',#197,3.E0);
#203=CIRCLE('',#202,3.E0);
#208=CIRCLE('',#207,3.E0);
#213=CIRCLE('',#212,1.7E0);
#218=CIRCLE('',#217,1.7E0);
#223=CIRCLE('',#222,1.7E0);
#228=CIRCLE('',#227,1.7E0);
#233=CIRCLE('',#232,1.7E0);
#238=CIRCLE('',#237,1.7E0);
#243=CIRCLE('',#242,1.7E0);
#248=CIRCLE('',#247,1.7E0);
#253=CIRCLE('',#252,3.E0);
#262=CIRCLE('',#261,3.E0);
#271=CIRCLE('',#270,3.E0);
#280=CIRCLE('',#279,3.E0);
#289=CIRCLE('',#288,3.E0);
#298=CIRCLE('',#297,3.E0);
#311=CIRCLE('',#310,1.7E0);
#320=CIRCLE('',#319,1.7E0);
#329=CIRCLE('',#328,2.E0);
#338=CIRCLE('',#337,2.E0);
#347=CIRCLE('',#346,2.E0);
#408=B_SPLINE_CURVE_WITH_KNOTS('',3,(#404,#405,#406,#407),.UNSPECIFIED.,.F.,.F.,
(4,4),(0.E0,1.E0),.UNSPECIFIED.);
#416=B_SPLINE_CURVE_WITH_KNOTS('',3,(#409,#410,#411,#412,#413,#414,#415),
.UNSPECIFIED.,.F.,.F.,(4,1,1,1,4),(0.E0,2.5E-1,5.E-1,7.5E-1,1.E0),
.UNSPECIFIED.);
#434=B_SPLINE_CURVE_WITH_KNOTS('',3,(#429,#430,#431,#432,#433),.UNSPECIFIED.,
.F.,.F.,(4,1,4),(0.E0,5.E-1,1.E0),.UNSPECIFIED.);
#463=CIRCLE('',#462,2.E0);
#468=CIRCLE('',#467,2.E0);
#487=B_SPLINE_CURVE_WITH_KNOTS('',3,(#481,#482,#483,#484,#485,#486),
.UNSPECIFIED.,.F.,.F.,(4,1,1,4),(0.E0,3.333333333333E-1,6.666666666667E-1,1.E0),
.UNSPECIFIED.);
#500=B_SPLINE_CURVE_WITH_KNOTS('',3,(#488,#489,#490,#491,#492,#493,#494,#495,
#496,#497,#498,#499),.UNSPECIFIED.,.F.,.F.,(4,1,1,1,1,1,1,1,1,4),(0.E0,
1.111111111111E-1,2.222222222222E-1,3.333333333333E-1,4.444444444444E-1,
5.555555555556E-1,6.666666666667E-1,7.777777777778E-1,8.888888888889E-1,1.E0),
.UNSPECIFIED.);
#505=CIRCLE('',#504,6.E1);
#514=CIRCLE('',#513,1.E0);
#522=B_SPLINE_CURVE_WITH_KNOTS('',3,(#515,#516,#517,#518,#519,#520,#521),
.UNSPECIFIED.,.F.,.F.,(4,1,1,1,4),(0.E0,2.5E-1,5.E-1,7.5E-1,1.E0),
.UNSPECIFIED.);
#538=B_SPLINE_CURVE_WITH_KNOTS('',3,(#527,#528,#529,#530,#531,#532,#533,#534,
#535,#536,#537),.UNSPECIFIED.,.F.,.F.,(4,1,1,1,1,1,1,1,4),(0.E0,1.25E-1,2.5E-1,
3.75E-1,5.E-1,6.25E-1,7.5E-1,8.75E-1,1.E0),.UNSPECIFIED.);
#545=B_SPLINE_CURVE_WITH_KNOTS('',3,(#539,#540,#541,#542,#543,#544),
.UNSPECIFIED.,.F.,.F.,(4,1,1,4),(0.E0,3.333333333333E-1,6.666666666667E-1,1.E0),
.UNSPECIFIED.);
#550=CIRCLE('',#549,1.E0);
#563=B_SPLINE_CURVE_WITH_KNOTS('',3,(#551,#552,#553,#554,#555,#556,#557,#558,
#559,#560,#561,#562),.UNSPECIFIED.,.F.,.F.,(4,1,1,1,1,1,1,1,1,4),(0.E0,
1.111111111111E-1,2.222222222222E-1,3.333333333333E-1,4.444444444444E-1,
5.555555555556E-1,6.666666666667E-1,7.777777777778E-1,8.888888888889E-1,1.E0),
.UNSPECIFIED.);
#571=B_SPLINE_CURVE_WITH_KNOTS('',3,(#564,#565,#566,#567,#568,#569,#570),
.UNSPECIFIED.,.F.,.F.,(4,1,1,1,4),(0.E0,2.5E-1,5.E-1,7.5E-1,1.E0),
.UNSPECIFIED.);
#576=CIRCLE('',#575,8.E1);
#585=CIRCLE('',#584,1.E0);
#598=B_SPLINE_CURVE_WITH_KNOTS('',3,(#594,#595,#596,#597),.UNSPECIFIED.,.F.,.F.,
(4,4),(0.E0,1.E0),.UNSPECIFIED.);
#611=B_SPLINE_CURVE_WITH_KNOTS('',3,(#599,#600,#601,#602,#603,#604,#605,#606,
#607,#608,#609,#610),.UNSPECIFIED.,.F.,.F.,(4,1,1,1,1,1,1,1,1,4),(0.E0,
1.111111111111E-1,2.222222222222E-1,3.333333333333E-1,4.444444444444E-1,
5.555555555556E-1,6.666666666667E-1,7.777777777778E-1,8.888888888889E-1,1.E0),
.UNSPECIFIED.);
#620=B_SPLINE_CURVE_WITH_KNOTS('',3,(#612,#613,#614,#615,#616,#617,#618,#619),
.UNSPECIFIED.,.F.,.F.,(4,1,1,1,1,4),(0.E0,2.E-1,4.E-1,6.E-1,8.E-1,1.E0),
.UNSPECIFIED.);
#635=B_SPLINE_CURVE_WITH_KNOTS('',3,(#625,#626,#627,#628,#629,#630,#631,#632,
#633,#634),.UNSPECIFIED.,.F.,.F.,(4,1,1,1,1,1,1,4),(0.E0,1.428571428571E-1,
2.857142857143E-1,4.285714285714E-1,5.714285714286E-1,7.142857142857E-1,
8.571428571429E-1,1.E0),.UNSPECIFIED.);
#640=CIRCLE('',#639,1.E0);
#645=CIRCLE('',#644,1.E0);
#650=CIRCLE('',#649,1.E0);
#655=CIRCLE('',#654,1.E0);
#664=B_SPLINE_CURVE_WITH_KNOTS('',3,(#656,#657,#658,#659,#660,#661,#662,#663),
.UNSPECIFIED.,.F.,.F.,(4,1,1,1,1,4),(0.E0,2.E-1,4.E-1,6.E-1,8.E-1,1.E0),
.UNSPECIFIED.);
#669=CIRCLE('',#668,2.E0);
#678=CIRCLE('',#677,2.E0);
#689=B_SPLINE_CURVE_WITH_KNOTS('',3,(#679,#680,#681,#682,#683,#684,#685,#686,
#687,#688),.UNSPECIFIED.,.F.,.F.,(4,1,1,1,1,1,1,4),(0.E0,1.428571428571E-1,
2.857142857143E-1,4.285714285714E-1,5.714285714286E-1,7.142857142857E-1,
8.571428571429E-1,1.E0),.UNSPECIFIED.);
#706=CIRCLE('',#705,1.E0);
#711=CIRCLE('',#710,3.E1);
#716=CIRCLE('',#715,3.E1);
#743=B_SPLINE_CURVE_WITH_KNOTS('',3,(#721,#722,#723,#724,#725,#726,#727,#728,
#729,#730,#731,#732,#733,#734,#735,#736,#737,#738,#739,#740,#741,#742),
.UNSPECIFIED.,.F.,.F.,(4,1,1,1,1,1,1,1,1,1,1,1,1,1,1,1,1,1,1,4),(0.E0,
5.263157894737E-2,1.052631578947E-1,1.578947368421E-1,2.105263157895E-1,
2.631578947368E-1,3.157894736842E-1,3.684210526316E-1,4.210526315789E-1,
4.736842105263E-1,5.263157894737E-1,5.789473684211E-1,6.315789473684E-1,
6.842105263158E-1,7.368421052632E-1,7.894736842105E-1,8.421052631579E-1,
8.947368421053E-1,9.473684210526E-1,1.E0),.UNSPECIFIED.);
#768=B_SPLINE_CURVE_WITH_KNOTS('',3,(#764,#765,#766,#767),.UNSPECIFIED.,.F.,.F.,
(4,4),(0.E0,1.E0),.UNSPECIFIED.);
#786=B_SPLINE_CURVE_WITH_KNOTS('',3,(#773,#774,#775,#776,#777,#778,#779,#780,
#781,#782,#783,#784,#785),.UNSPECIFIED.,.F.,.F.,(4,1,1,1,1,1,1,1,1,1,4),(0.E0,
1.E-1,2.E-1,3.E-1,4.E-1,5.E-1,6.E-1,7.E-1,8.E-1,9.E-1,1.E0),.UNSPECIFIED.);
#799=B_SPLINE_CURVE_WITH_KNOTS('',3,(#787,#788,#789,#790,#791,#792,#793,#794,
#795,#796,#797,#798),.UNSPECIFIED.,.F.,.F.,(4,1,1,1,1,1,1,1,1,4),(0.E0,
1.111111111111E-1,2.222222222222E-1,3.333333333333E-1,4.444444444444E-1,
5.555555555556E-1,6.666666666667E-1,7.777777777778E-1,8.888888888889E-1,1.E0),
.UNSPECIFIED.);
#808=B_SPLINE_CURVE_WITH_KNOTS('',3,(#804,#805,#806,#807),.UNSPECIFIED.,.F.,.F.,
(4,4),(0.E0,1.E0),.UNSPECIFIED.);
#814=B_SPLINE_CURVE_WITH_KNOTS('',3,(#809,#810,#811,#812,#813),.UNSPECIFIED.,
.F.,.F.,(4,1,4),(0.E0,5.E-1,1.E0),.UNSPECIFIED.);
#827=CIRCLE('',#826,1.E0);
#832=CIRCLE('',#831,1.E0);
#837=CIRCLE('',#836,1.E0);
#874=CIRCLE('',#873,1.E0);
#888=B_SPLINE_CURVE_WITH_KNOTS('',3,(#883,#884,#885,#886,#887),.UNSPECIFIED.,
.F.,.F.,(4,1,4),(0.E0,5.E-1,1.E0),.UNSPECIFIED.);
#894=B_SPLINE_CURVE_WITH_KNOTS('',3,(#889,#890,#891,#892,#893),.UNSPECIFIED.,
.F.,.F.,(4,1,4),(0.E0,5.E-1,1.E0),.UNSPECIFIED.);
#904=B_SPLINE_CURVE_WITH_KNOTS('',3,(#899,#900,#901,#902,#903),.UNSPECIFIED.,
.F.,.F.,(4,1,4),(0.E0,5.E-1,1.E0),.UNSPECIFIED.);
#918=B_SPLINE_CURVE_WITH_KNOTS('',3,(#913,#914,#915,#916,#917),.UNSPECIFIED.,
.F.,.F.,(4,1,4),(0.E0,5.E-1,1.E0),.UNSPECIFIED.);
#923=B_SPLINE_CURVE_WITH_KNOTS('',3,(#919,#920,#921,#922),.UNSPECIFIED.,.F.,.F.,
(4,4),(0.E0,1.E0),.UNSPECIFIED.);
#992=CIRCLE('',#991,1.E0);
#1013=CIRCLE('',#1012,1.E0);
#1022=CIRCLE('',#1021,1.E0);
#1036=B_SPLINE_CURVE_WITH_KNOTS('',3,(#1023,#1024,#1025,#1026,#1027,#1028,#1029,
#1030,#1031,#1032,#1033,#1034,#1035),.UNSPECIFIED.,.F.,.F.,(4,1,1,1,1,1,1,1,1,1,
4),(0.E0,1.E-1,2.E-1,3.E-1,4.E-1,5.E-1,6.E-1,7.E-1,8.E-1,9.E-1,1.E0),
.UNSPECIFIED.);
#1041=CIRCLE('',#1040,2.E0);
#1054=CIRCLE('',#1053,1.E0);
#1082=B_SPLINE_CURVE_WITH_KNOTS('',3,(#1075,#1076,#1077,#1078,#1079,#1080,
#1081),.UNSPECIFIED.,.F.,.F.,(4,1,1,1,4),(0.E0,2.5E-1,5.E-1,7.5E-1,1.E0),
.UNSPECIFIED.);
#1099=CIRCLE('',#1098,1.7E0);
#1108=CIRCLE('',#1107,1.7E0);
#1117=CIRCLE('',#1116,1.7E0);
#1126=CIRCLE('',#1125,1.7E0);
#1135=CIRCLE('',#1134,1.7E0);
#1144=CIRCLE('',#1143,1.7E0);
#1416=EDGE_CURVE('',#1267,#1211,#56,.T.);
#1418=EDGE_CURVE('',#1210,#1211,#4,.T.);
#1420=EDGE_CURVE('',#1215,#1210,#9,.T.);
#1422=EDGE_CURVE('',#1219,#1215,#13,.T.);
#1424=EDGE_CURVE('',#1219,#1395,#17,.T.);
#1426=EDGE_CURVE('',#1395,#1403,#21,.T.);
#1428=EDGE_CURVE('',#1403,#1404,#399,.T.);
#1430=EDGE_CURVE('',#1390,#1404,#458,.T.);
#1432=EDGE_CURVE('',#1390,#1260,#25,.T.);
#1434=EDGE_CURVE('',#1267,#1260,#342,.T.);
#1444=EDGE_CURVE('',#1250,#1268,#29,.T.);
#1446=EDGE_CURVE('',#1211,#1250,#52,.T.);
#1449=EDGE_CURVE('',#1267,#1268,#338,.T.);
#1459=EDGE_CURVE('',#1368,#1384,#150,.T.);
#1461=EDGE_CURVE('',#1384,#1254,#1017,.T.);
#1463=EDGE_CURVE('',#1256,#1254,#60,.T.);
#1465=EDGE_CURVE('',#1380,#1256,#64,.T.);
#1467=EDGE_CURVE('',#1380,#1360,#110,.T.);
#1469=EDGE_CURVE('',#1360,#1248,#861,.T.);
#1471=EDGE_CURVE('',#1250,#1248,#68,.T.);
#1474=EDGE_CURVE('',#1263,#1268,#333,.T.);
#1476=EDGE_CURVE('',#1263,#1202,#1049,.T.);
#1478=EDGE_CURVE('',#1202,#1237,#73,.T.);
#1480=EDGE_CURVE('',#1241,#1237,#77,.T.);
#1482=EDGE_CURVE('',#1241,#1199,#82,.T.);
#1484=EDGE_CURVE('',#1199,#1368,#86,.T.);
#1494=EDGE_CURVE('',#1355,#1356,#90,.T.);
#1496=EDGE_CURVE('',#1356,#1374,#94,.T.);
#1498=EDGE_CURVE('',#1378,#1374,#98,.T.);
#1500=EDGE_CURVE('',#1355,#1378,#102,.T.);
#1504=EDGE_CURVE('',#1331,#1332,#271,.T.);
#1506=EDGE_CURVE('',#1332,#1331,#280,.T.);
#1516=EDGE_CURVE('',#1359,#1360,#106,.T.);
#1519=EDGE_CURVE('',#1370,#1380,#114,.T.);
#1521=EDGE_CURVE('',#1359,#1370,#118,.T.);
#1525=EDGE_CURVE('',#1327,#1328,#253,.T.);
#1527=EDGE_CURVE('',#1328,#1327,#262,.T.);
#1537=EDGE_CURVE('',#1363,#1364,#122,.T.);
#1539=EDGE_CURVE('',#1382,#1363,#126,.T.);
#1541=EDGE_CURVE('',#1382,#1376,#130,.T.);
#1543=EDGE_CURVE('',#1376,#1364,#134,.T.);
#1547=EDGE_CURVE('',#1335,#1336,#289,.T.);
#1549=EDGE_CURVE('',#1336,#1335,#298,.T.);
#1559=EDGE_CURVE('',#1367,#1368,#138,.T.);
#1561=EDGE_CURVE('',#1372,#1367,#142,.T.);
#1563=EDGE_CURVE('',#1372,#1384,#146,.T.);
#1568=EDGE_CURVE('',#1323,#1324,#155,.T.);
#1570=EDGE_CURVE('',#1324,#1323,#164,.T.);
#1581=EDGE_CURVE('',#1323,#1291,#159,.T.);
#1583=EDGE_CURVE('',#1291,#1292,#173,.T.);
#1585=EDGE_CURVE('',#1324,#1292,#168,.T.);
#1597=EDGE_CURVE('',#1292,#1291,#178,.T.);
#1612=EDGE_CURVE('',#1307,#1308,#213,.T.);
#1614=EDGE_CURVE('',#1308,#1307,#218,.T.);
#1624=EDGE_CURVE('',#1295,#1296,#183,.T.);
#1626=EDGE_CURVE('',#1296,#1295,#188,.T.);
#1630=EDGE_CURVE('',#1311,#1312,#223,.T.);
#1632=EDGE_CURVE('',#1312,#1311,#228,.T.);
#1642=EDGE_CURVE('',#1299,#1300,#193,.T.);
#1644=EDGE_CURVE('',#1300,#1299,#198,.T.);
#1648=EDGE_CURVE('',#1319,#1320,#243,.T.);
#1650=EDGE_CURVE('',#1320,#1319,#248,.T.);
#1660=EDGE_CURVE('',#1303,#1304,#203,.T.);
#1662=EDGE_CURVE('',#1304,#1303,#208,.T.);
#1666=EDGE_CURVE('',#1315,#1316,#233,.T.);
#1668=EDGE_CURVE('',#1316,#1315,#238,.T.);
#1679=EDGE_CURVE('',#1327,#1295,#257,.T.);
#1682=EDGE_CURVE('',#1328,#1296,#266,.T.);
#1705=EDGE_CURVE('',#1331,#1299,#275,.T.);
#1708=EDGE_CURVE('',#1332,#1300,#284,.T.);
#1731=EDGE_CURVE('',#1335,#1303,#293,.T.);
#1734=EDGE_CURVE('',#1336,#1304,#302,.T.);
#1757=EDGE_CURVE('',#1307,#1275,#306,.T.);
#1759=EDGE_CURVE('',#1275,#1276,#311,.T.);
#1761=EDGE_CURVE('',#1308,#1276,#315,.T.);
#1773=EDGE_CURVE('',#1276,#1275,#320,.T.);
#1784=EDGE_CURVE('',#1272,#1338,#355,.T.);
#1786=EDGE_CURVE('',#1338,#1340,#1058,.T.);
#1788=EDGE_CURVE('',#1340,#1264,#324,.T.);
#1790=EDGE_CURVE('',#1263,#1264,#329,.T.);
#1795=EDGE_CURVE('',#1259,#1260,#347,.T.);
#1797=EDGE_CURVE('',#1259,#1272,#351,.T.);
#1805=EDGE_CURVE('',#1279,#1280,#1099,.T.);
#1807=EDGE_CURVE('',#1280,#1279,#1108,.T.);
#1811=EDGE_CURVE('',#1283,#1284,#1117,.T.);
#1813=EDGE_CURVE('',#1284,#1283,#1126,.T.);
#1817=EDGE_CURVE('',#1287,#1288,#1135,.T.);
#1819=EDGE_CURVE('',#1288,#1287,#1144,.T.);
#1830=EDGE_CURVE('',#1271,#1272,#359,.T.);
#1832=EDGE_CURVE('',#1344,#1271,#363,.T.);
#1834=EDGE_CURVE('',#1343,#1344,#367,.T.);
#1836=EDGE_CURVE('',#1338,#1343,#371,.T.);
#1846=EDGE_CURVE('',#1355,#1386,#375,.T.);
#1849=EDGE_CURVE('',#1382,#1378,#379,.T.);
#1852=EDGE_CURVE('',#1388,#1363,#383,.T.);
#1854=EDGE_CURVE('',#1388,#1350,#387,.T.);
#1856=EDGE_CURVE('',#1271,#1350,#1074,.T.);
#1860=EDGE_CURVE('',#1386,#1259,#391,.T.);
#1871=EDGE_CURVE('',#1386,#1404,#395,.T.);
#1874=EDGE_CURVE('',#1403,#1406,#403,.T.);
#1876=EDGE_CURVE('',#1407,#1406,#408,.T.);
#1878=EDGE_CURVE('',#1407,#1408,#416,.T.);
#1880=EDGE_CURVE('',#1410,#1408,#420,.T.);
#1882=EDGE_CURVE('',#1410,#1388,#424,.T.);
#1885=EDGE_CURVE('',#1363,#1191,#428,.T.);
#1887=EDGE_CURVE('',#1190,#1191,#434,.T.);
#1889=EDGE_CURVE('',#1190,#1193,#438,.T.);
#1891=EDGE_CURVE('',#1382,#1193,#442,.T.);
#1894=EDGE_CURVE('',#1378,#1196,#446,.T.);
#1896=EDGE_CURVE('',#1196,#1197,#450,.T.);
#1898=EDGE_CURVE('',#1355,#1197,#454,.T.);
#1908=EDGE_CURVE('',#1386,#1390,#463,.T.);
#1920=EDGE_CURVE('',#1392,#1388,#468,.T.);
#1923=EDGE_CURVE('',#1392,#1410,#472,.T.);
#1947=EDGE_CURVE('',#1392,#1352,#480,.T.);
#1949=EDGE_CURVE('',#1352,#1350,#1082,.T.);
#1961=EDGE_CURVE('',#1408,#1203,#476,.T.);
#1963=EDGE_CURVE('',#1203,#1264,#1045,.T.);
#1966=EDGE_CURVE('',#1340,#1346,#1062,.T.);
#1968=EDGE_CURVE('',#1346,#1348,#1066,.T.);
#1970=EDGE_CURVE('',#1348,#1352,#1086,.T.);
#1981=EDGE_CURVE('',#1233,#1231,#487,.T.);
#1983=EDGE_CURVE('',#1235,#1233,#500,.T.);
#1985=EDGE_CURVE('',#1203,#1235,#505,.T.);
#1989=EDGE_CURVE('',#1231,#1407,#509,.T.);
#2027=EDGE_CURVE('',#1232,#1230,#545,.T.);
#2029=EDGE_CURVE('',#1232,#1233,#514,.T.);
#2032=EDGE_CURVE('',#1230,#1231,#550,.T.);
#2042=EDGE_CURVE('',#1230,#1228,#522,.T.);
#2044=EDGE_CURVE('',#1228,#1149,#526,.T.);
#2046=EDGE_CURVE('',#1149,#1150,#538,.T.);
#2048=EDGE_CURVE('',#1232,#1150,#803,.T.);
#2093=EDGE_CURVE('',#1231,#1229,#571,.T.);
#2095=EDGE_CURVE('',#1228,#1229,#585,.T.);
#2105=EDGE_CURVE('',#1229,#1227,#563,.T.);
#2110=EDGE_CURVE('',#1406,#1400,#576,.T.);
#2112=EDGE_CURVE('',#1400,#1227,#580,.T.);
#2174=EDGE_CURVE('',#1228,#1226,#611,.T.);
#2178=EDGE_CURVE('',#1226,#1227,#655,.T.);
#2188=EDGE_CURVE('',#1217,#1213,#589,.T.);
#2190=EDGE_CURVE('',#1147,#1213,#593,.T.);
#2192=EDGE_CURVE('',#1147,#1153,#849,.T.);
#2194=EDGE_CURVE('',#1153,#1155,#927,.T.);
#2196=EDGE_CURVE('',#1149,#1155,#598,.T.);
#2200=EDGE_CURVE('',#1226,#1223,#620,.T.);
#2202=EDGE_CURVE('',#1223,#1220,#624,.T.);
#2204=EDGE_CURVE('',#1220,#1217,#635,.T.);
#2215=EDGE_CURVE('',#1217,#1219,#640,.T.);
#2218=EDGE_CURVE('',#1213,#1215,#706,.T.);
#2273=EDGE_CURVE('',#1220,#1221,#645,.T.);
#2275=EDGE_CURVE('',#1221,#1219,#689,.T.);
#2287=EDGE_CURVE('',#1223,#1225,#650,.T.);
#2289=EDGE_CURVE('',#1225,#1221,#693,.T.);
#2338=EDGE_CURVE('',#1227,#1225,#664,.T.);
#2351=EDGE_CURVE('',#1399,#1400,#678,.T.);
#2353=EDGE_CURVE('',#1399,#1225,#697,.T.);
#2365=EDGE_CURVE('',#1395,#1396,#669,.T.);
#2367=EDGE_CURVE('',#1396,#1399,#673,.T.);
#2380=EDGE_CURVE('',#1221,#1396,#701,.T.);
#2404=EDGE_CURVE('',#1213,#1206,#711,.T.);
#2408=EDGE_CURVE('',#1206,#1210,#827,.T.);
#2419=EDGE_CURVE('',#1148,#1206,#822,.T.);
#2421=EDGE_CURVE('',#1147,#1148,#716,.T.);
#2432=EDGE_CURVE('',#1206,#1207,#720,.T.);
#2434=EDGE_CURVE('',#1207,#1252,#743,.T.);
#2436=EDGE_CURVE('',#1252,#1239,#747,.T.);
#2438=EDGE_CURVE('',#1239,#1163,#751,.T.);
#2440=EDGE_CURVE('',#1187,#1163,#755,.T.);
#2442=EDGE_CURVE('',#1244,#1187,#996,.T.);
#2444=EDGE_CURVE('',#1244,#1246,#759,.T.);
#2446=EDGE_CURVE('',#1185,#1246,#1008,.T.);
#2448=EDGE_CURVE('',#1170,#1185,#763,.T.);
#2450=EDGE_CURVE('',#1242,#1170,#768,.T.);
#2452=EDGE_CURVE('',#1242,#1236,#772,.T.);
#2454=EDGE_CURVE('',#1236,#1234,#786,.T.);
#2456=EDGE_CURVE('',#1234,#1232,#799,.T.);
#2459=EDGE_CURVE('',#1151,#1150,#808,.T.);
#2461=EDGE_CURVE('',#1151,#1167,#814,.T.);
#2463=EDGE_CURVE('',#1159,#1167,#818,.T.);
#2465=EDGE_CURVE('',#1159,#1148,#853,.T.);
#2479=EDGE_CURVE('',#1207,#1211,#832,.T.);
#2584=EDGE_CURVE('',#1252,#1250,#837,.T.);
#2594=EDGE_CURVE('',#1239,#1248,#874,.T.);
#2607=EDGE_CURVE('',#1158,#1159,#841,.T.);
#2609=EDGE_CURVE('',#1153,#1158,#845,.T.);
#2622=EDGE_CURVE('',#1356,#1178,#857,.T.);
#2626=EDGE_CURVE('',#1178,#1197,#971,.T.);
#2638=EDGE_CURVE('',#1162,#1359,#865,.T.);
#2640=EDGE_CURVE('',#1162,#1163,#869,.T.);
#2654=EDGE_CURVE('',#1167,#1165,#878,.T.);
#2656=EDGE_CURVE('',#1158,#1165,#912,.T.);
#2668=EDGE_CURVE('',#1151,#1154,#882,.T.);
#2670=EDGE_CURVE('',#1154,#1165,#918,.T.);
#2681=EDGE_CURVE('',#1189,#1191,#935,.T.);
#2683=EDGE_CURVE('',#1183,#1189,#888,.T.);
#2685=EDGE_CURVE('',#1190,#1183,#959,.T.);
#2696=EDGE_CURVE('',#1241,#1242,#894,.T.);
#2699=EDGE_CURVE('',#1170,#1171,#898,.T.);
#2701=EDGE_CURVE('',#1171,#1188,#904,.T.);
#2703=EDGE_CURVE('',#1188,#1199,#908,.T.);
#2713=EDGE_CURVE('',#1154,#1155,#923,.T.);
#2741=EDGE_CURVE('',#1189,#1364,#931,.T.);
#2756=EDGE_CURVE('',#1188,#1367,#939,.T.);
#2768=EDGE_CURVE('',#1178,#1179,#943,.T.);
#2770=EDGE_CURVE('',#1374,#1179,#947,.T.);
#2781=EDGE_CURVE('',#1376,#1182,#951,.T.);
#2783=EDGE_CURVE('',#1182,#1183,#955,.T.);
#2796=EDGE_CURVE('',#1162,#1173,#979,.T.);
#2798=EDGE_CURVE('',#1173,#1187,#1000,.T.);
#2811=EDGE_CURVE('',#1175,#1185,#1004,.T.);
#2813=EDGE_CURVE('',#1175,#1171,#983,.T.);
#2826=EDGE_CURVE('',#1182,#1193,#963,.T.);
#2837=EDGE_CURVE('',#1196,#1179,#967,.T.);
#2850=EDGE_CURVE('',#1173,#1370,#975,.T.);
#2866=EDGE_CURVE('',#1175,#1372,#987,.T.);
#2890=EDGE_CURVE('',#1256,#1244,#992,.T.);
#2903=EDGE_CURVE('',#1246,#1254,#1013,.T.);
#2942=EDGE_CURVE('',#1236,#1237,#1022,.T.);
#3013=EDGE_CURVE('',#1237,#1235,#1036,.T.);
#3015=EDGE_CURVE('',#1234,#1235,#1054,.T.);
#3027=EDGE_CURVE('',#1202,#1203,#1041,.T.);
#3116=EDGE_CURVE('',#1346,#1343,#1070,.T.);
#3130=EDGE_CURVE('',#1348,#1344,#1090,.T.);
#3154=EDGE_CURVE('',#1311,#1279,#1094,.T.);
#3157=EDGE_CURVE('',#1312,#1280,#1103,.T.);
#3180=EDGE_CURVE('',#1315,#1283,#1112,.T.);
#3183=EDGE_CURVE('',#1316,#1284,#1121,.T.);
#3206=EDGE_CURVE('',#1319,#1287,#1130,.T.);
#3209=EDGE_CURVE('',#1320,#1288,#1139,.T.);
#3228=(LENGTH_UNIT()NAMED_UNIT(*)SI_UNIT(.MILLI.,.METRE.));
#3230=(NAMED_UNIT(*)PLANE_ANGLE_UNIT()SI_UNIT($,.RADIAN.));
#3233=(NAMED_UNIT(*)SI_UNIT($,.STERADIAN.)SOLID_ANGLE_UNIT());
#3236=ADVANCED_BREP_SHAPE_REPRESENTATION('',(#3227),#3235);
#3243=PRODUCT_DEFINITION('design','',#3242,#3239);
#3244=PRODUCT_DEFINITION_SHAPE('','SHAPE FOR POINTY_ENDED_A.',#3243);
#3245=SHAPE_DEFINITION_REPRESENTATION(#3244,#3236);
ENDSEC;
END-ISO-10303-21;
