ISO-10303-21;
HEADER;
FILE_DESCRIPTION((''),'2;1');
FILE_NAME('POINTY_ENDED_B','2026-07-23T',('leo86'),(''),
'PRO/ENGINEER BY PARAMETRIC TECHNOLOGY CORPORATION, 2013230',
'PRO/ENGINEER BY PARAMETRIC TECHNOLOGY CORPORATION, 2013230','');
FILE_SCHEMA(('CONFIG_CONTROL_DESIGN'));
ENDSEC;
DATA;
#1=DIRECTION('',(0.E0,-1.E0,0.E0));
#2=VECTOR('',#1,1.E1);
#3=CARTESIAN_POINT('',(-2.45E1,7.6E1,0.E0));
#4=LINE('',#3,#2);
#5=DIRECTION('',(0.E0,5.131857379673E-10,-1.E0));
#6=VECTOR('',#5,2.367341645960E0);
#7=CARTESIAN_POINT('',(-2.45E1,7.599999999879E1,2.367341645960E0));
#8=LINE('',#7,#6);
#9=DIRECTION('',(0.E0,-9.819007596905E-1,1.893961407189E-1));
#10=VECTOR('',#9,2.014600729726E1);
#11=CARTESIAN_POINT('',(-2.45E1,7.599999999879E1,2.367341645960E0));
#12=LINE('',#11,#10);
#13=CARTESIAN_POINT('',(-2.45E1,6.208990049099E1,3.662184122940E1));
#14=DIRECTION('',(-1.E0,0.E0,0.E0));
#15=DIRECTION('',(0.E0,-1.893961407134E-1,-9.819007596916E-1));
#16=AXIS2_PLACEMENT_3D('',#13,#14,#15);
#18=DIRECTION('',(0.E0,-8.670758668596E-1,4.981761145516E-1));
#19=VECTOR('',#18,4.387506748076E1);
#20=CARTESIAN_POINT('',(-2.45E1,4.664644093989E1,9.742489356748E0));
#21=LINE('',#20,#19);
#22=DIRECTION('',(0.E0,-1.E0,0.E0));
#23=VECTOR('',#22,3.E0);
#24=CARTESIAN_POINT('',(-2.45E1,5.E0,6.E0));
#25=LINE('',#24,#23);
#26=DIRECTION('',(0.E0,0.E0,-1.E0));
#27=VECTOR('',#26,2.E0);
#28=CARTESIAN_POINT('',(-2.45E1,5.E0,6.E0));
#29=LINE('',#28,#27);
#30=CARTESIAN_POINT('',(2.25E1,5.E0,6.E0));
#31=DIRECTION('',(0.E0,-1.E0,0.E0));
#32=DIRECTION('',(0.E0,0.E0,-1.E0));
#33=AXIS2_PLACEMENT_3D('',#30,#31,#32);
#35=DIRECTION('',(0.E0,-8.330844542952E-7,9.999999999997E-1));
#36=VECTOR('',#35,2.763329033332E1);
#37=CARTESIAN_POINT('',(2.45E1,5.507677582948E0,3.966709666692E0));
#38=LINE('',#37,#36);
#39=DIRECTION('',(0.E0,0.E0,-1.E0));
#40=VECTOR('',#39,2.E0);
#41=CARTESIAN_POINT('',(2.45E1,5.E0,6.E0));
#42=LINE('',#41,#40);
#43=DIRECTION('',(0.E0,-1.E0,0.E0));
#44=VECTOR('',#43,5.E0);
#45=CARTESIAN_POINT('',(2.45E1,5.E0,6.E0));
#46=LINE('',#45,#44);
#47=DIRECTION('',(0.E0,1.E0,0.E0));
#48=VECTOR('',#47,5.507654562083E0);
#49=CARTESIAN_POINT('',(2.45E1,0.E0,3.16E1));
#50=LINE('',#49,#48);
#51=DIRECTION('',(0.E0,-1.E0,0.E0));
#52=VECTOR('',#51,5.507654562083E0);
#53=CARTESIAN_POINT('',(2.25E1,5.507654562083E0,3.36E1));
#54=LINE('',#53,#52);
#55=DIRECTION('',(0.E0,0.E0,1.E0));
#56=VECTOR('',#55,9.6E0);
#57=CARTESIAN_POINT('',(-2.45E1,0.E0,2.2E1));
#58=LINE('',#57,#56);
#59=CARTESIAN_POINT('',(-2.25E1,0.E0,3.16E1));
#60=DIRECTION('',(0.E0,-1.E0,0.E0));
#61=DIRECTION('',(0.E0,0.E0,1.E0));
#62=AXIS2_PLACEMENT_3D('',#59,#60,#61);
#64=DIRECTION('',(1.E0,0.E0,0.E0));
#65=VECTOR('',#64,4.5E1);
#66=CARTESIAN_POINT('',(-2.25E1,0.E0,3.36E1));
#67=LINE('',#66,#65);
#68=CARTESIAN_POINT('',(2.25E1,0.E0,3.16E1));
#69=DIRECTION('',(0.E0,-1.E0,0.E0));
#70=DIRECTION('',(1.E0,0.E0,0.E0));
#71=AXIS2_PLACEMENT_3D('',#68,#69,#70);
#73=DIRECTION('',(0.E0,0.E0,-1.E0));
#74=VECTOR('',#73,2.56E1);
#75=CARTESIAN_POINT('',(2.45E1,0.E0,3.16E1));
#76=LINE('',#75,#74);
#77=CARTESIAN_POINT('',(2.25E1,0.E0,6.E0));
#78=DIRECTION('',(0.E0,-1.E0,0.E0));
#79=DIRECTION('',(0.E0,0.E0,-1.E0));
#80=AXIS2_PLACEMENT_3D('',#77,#78,#79);
#82=DIRECTION('',(-1.E0,0.E0,0.E0));
#83=VECTOR('',#82,3.5E1);
#84=CARTESIAN_POINT('',(2.25E1,0.E0,4.E0));
#85=LINE('',#84,#83);
#86=DIRECTION('',(0.E0,0.E0,1.E0));
#87=VECTOR('',#86,1.8E1);
#88=CARTESIAN_POINT('',(-1.25E1,0.E0,4.E0));
#89=LINE('',#88,#87);
#90=DIRECTION('',(0.E0,-1.E0,0.E0));
#91=VECTOR('',#90,3.E0);
#92=CARTESIAN_POINT('',(-1.25E1,3.E0,4.E0));
#93=LINE('',#92,#91);
#94=DIRECTION('',(0.E0,4.472135955E-1,-8.944271909999E-1));
#95=VECTOR('',#94,3.354101966250E0);
#96=CARTESIAN_POINT('',(-1.25E1,1.5E0,7.E0));
#97=LINE('',#96,#95);
#98=DIRECTION('',(0.E0,0.E0,-1.E0));
#99=VECTOR('',#98,1.5E1);
#100=CARTESIAN_POINT('',(-1.25E1,1.5E0,2.2E1));
#101=LINE('',#100,#99);
#102=DIRECTION('',(0.E0,1.E0,0.E0));
#103=VECTOR('',#102,1.5E0);
#104=CARTESIAN_POINT('',(-1.25E1,0.E0,2.2E1));
#105=LINE('',#104,#103);
#106=DIRECTION('',(-1.E0,0.E0,0.E0));
#107=VECTOR('',#106,2.E0);
#108=CARTESIAN_POINT('',(2.25E1,5.E0,4.E0));
#109=LINE('',#108,#107);
#110=DIRECTION('',(-1.E0,0.E0,0.E0));
#111=VECTOR('',#110,3.E0);
#112=CARTESIAN_POINT('',(1.5E0,5.E0,4.E0));
#113=LINE('',#112,#111);
#114=DIRECTION('',(-1.E0,0.E0,0.E0));
#115=VECTOR('',#114,2.E0);
#116=CARTESIAN_POINT('',(-2.05E1,5.E0,4.E0));
#117=LINE('',#116,#115);
#118=DIRECTION('',(0.E0,-1.E0,0.E0));
#119=VECTOR('',#118,2.E0);
#120=CARTESIAN_POINT('',(-2.25E1,5.E0,4.E0));
#121=LINE('',#120,#119);
#122=DIRECTION('',(0.E0,-1.E0,0.E0));
#123=VECTOR('',#122,5.E0);
#124=CARTESIAN_POINT('',(2.25E1,5.E0,4.E0));
#125=LINE('',#124,#123);
#126=DIRECTION('',(-1.E0,0.E0,0.E0));
#127=VECTOR('',#126,2.E0);
#128=CARTESIAN_POINT('',(2.45E1,5.E0,4.E0));
#129=LINE('',#128,#127);
#130=DIRECTION('',(1.396595064053E-14,9.978569490503E-1,-6.543324256068E-2));
#131=VECTOR('',#130,5.087678984758E-1);
#132=CARTESIAN_POINT('',(2.45E1,5.E0,4.E0));
#133=LINE('',#132,#131);
#134=CARTESIAN_POINT('',(6.586376039926E0,4.827138863461E1,1.162531892812E0));
#135=CARTESIAN_POINT('',(9.573601233001E0,4.533147972538E1,1.355312804893E0));
#136=CARTESIAN_POINT('',(1.468270631344E1,3.909049132837E1,1.764557945681E0));
#137=CARTESIAN_POINT('',(2.018449792206E1,2.882670719704E1,2.437592970686E0));
#138=CARTESIAN_POINT('',(2.363735834260E1,1.770775732120E1,3.166704437954E0));
#139=CARTESIAN_POINT('',(2.449999518090E1,9.694413562993E0,3.692169602427E0));
#140=CARTESIAN_POINT('',(2.449999999996E1,5.507723624677E0,3.966706647562E0));
#142=CARTESIAN_POINT('',(6.586376039926E0,4.827138863461E1,1.162531892812E0));
#143=CARTESIAN_POINT('',(1.228003576106E0,5.354488692388E1,8.167287263028E-1));
#144=CARTESIAN_POINT('',(-3.295562406007E0,5.945478777693E1,4.291942441359E-1));
#145=CARTESIAN_POINT('',(-6.985753289101E0,6.6E1,0.E0));
#147=DIRECTION('',(1.E0,0.E0,0.E0));
#148=VECTOR('',#147,1.751424671090E1);
#149=CARTESIAN_POINT('',(-2.45E1,6.6E1,0.E0));
#150=LINE('',#149,#148);
#151=DIRECTION('',(0.E0,-9.978569490503E-1,6.543324256068E-2));
#152=VECTOR('',#151,6.113100686231E1);
#153=CARTESIAN_POINT('',(-2.45E1,6.6E1,0.E0));
#154=LINE('',#153,#152);
#155=DIRECTION('',(-1.E0,0.E0,0.E0));
#156=VECTOR('',#155,2.E0);
#157=CARTESIAN_POINT('',(-2.25E1,5.E0,4.E0));
#158=LINE('',#157,#156);
#159=DIRECTION('',(0.E0,9.978569490503E-1,-6.543324256068E-2));
#160=VECTOR('',#159,2.004295306961E1);
#161=CARTESIAN_POINT('',(-2.05E1,5.E0,4.E0));
#162=LINE('',#161,#160);
#163=DIRECTION('',(-1.E0,0.E0,0.E0));
#164=VECTOR('',#163,1.9E1);
#165=CARTESIAN_POINT('',(-1.5E0,2.5E1,2.688524590164E0));
#166=LINE('',#165,#164);
#167=DIRECTION('',(0.E0,9.978569490503E-1,-6.543324256068E-2));
#168=VECTOR('',#167,2.004295306961E1);
#169=CARTESIAN_POINT('',(-1.5E0,5.E0,4.E0));
#170=LINE('',#169,#168);
#171=DIRECTION('',(0.E0,9.978569490503E-1,-6.543324256068E-2));
#172=VECTOR('',#171,2.004295306961E1);
#173=CARTESIAN_POINT('',(1.5E0,5.E0,4.E0));
#174=LINE('',#173,#172);
#175=DIRECTION('',(-1.E0,0.E0,0.E0));
#176=VECTOR('',#175,1.549808062519E1);
#177=CARTESIAN_POINT('',(1.699808062519E1,2.5E1,2.688524590164E0));
#178=LINE('',#177,#176);
#179=CARTESIAN_POINT('',(1.699808062519E1,2.5E1,2.688524590164E0));
#180=CARTESIAN_POINT('',(1.816553852427E1,2.185572477115E1,2.894706572383E0));
#181=CARTESIAN_POINT('',(1.990259124720E1,1.546021010091E1,3.314084583547E0));
#182=CARTESIAN_POINT('',(2.05E1,8.860800718134E0,3.746832739794E0));
#183=CARTESIAN_POINT('',(2.05E1,5.507654562084E0,3.966711176257E0));
#185=DIRECTION('',(2.094987594218E-14,9.978569490503E-1,-6.543324256068E-2));
#186=VECTOR('',#185,5.087448281706E-1);
#187=CARTESIAN_POINT('',(2.05E1,5.E0,4.E0));
#188=LINE('',#187,#186);
#189=CARTESIAN_POINT('',(7.508657156834E0,4.734370850561E1,9.742489356748E0));
#190=CARTESIAN_POINT('',(7.407977263213E0,4.744721030870E1,9.684013786473E0));
#191=CARTESIAN_POINT('',(7.205416951272E0,4.765395298977E1,9.568747755617E0));
#192=CARTESIAN_POINT('',(6.897986526236E0,4.796321248956E1,9.400820293453E0));
#193=CARTESIAN_POINT('',(6.690643331035E0,4.816877288958E1,9.292125797354E0));
#194=CARTESIAN_POINT('',(6.586376039924E0,4.827138863461E1,9.238579151162E0));
#196=DIRECTION('',(6.367660918213E-14,-7.038519840512E-14,-1.E0));
#197=VECTOR('',#196,8.076047258350E0);
#198=CARTESIAN_POINT('',(6.586376039924E0,4.827138863461E1,9.238579151162E0));
#199=LINE('',#198,#197);
#200=CARTESIAN_POINT('',(-3.55E1,5.507654562083E0,3.16E1));
#201=DIRECTION('',(0.E0,0.E0,1.E0));
#202=DIRECTION('',(1.E0,0.E0,0.E0));
#203=AXIS2_PLACEMENT_3D('',#200,#201,#202);
#205=CARTESIAN_POINT('',(2.441734768568E1,8.655899519775E0,3.160000000001E1));
#206=CARTESIAN_POINT('',(2.429857985422E1,1.091615831034E1,3.032301845152E1));
#207=CARTESIAN_POINT('',(2.381441989135E1,1.521578521065E1,2.789385104103E1));
#208=CARTESIAN_POINT('',(2.258560180858E1,2.088168621194E1,2.469277872831E1));
#209=CARTESIAN_POINT('',(2.097024310528E1,2.599605226753E1,2.180330730995E1));
#210=CARTESIAN_POINT('',(1.913003304474E1,3.045978324427E1,1.928142647496E1));
#211=CARTESIAN_POINT('',(1.715023927049E1,3.438053697322E1,1.706631220008E1));
#212=CARTESIAN_POINT('',(1.515870104985E1,3.773044638818E1,1.517370877558E1));
#213=CARTESIAN_POINT('',(1.309075511487E1,4.077080250139E1,1.345599413618E1));
#214=CARTESIAN_POINT('',(1.070254510437E1,4.386503435749E1,1.170784104890E1));
#215=CARTESIAN_POINT('',(8.651241096188E0,4.616909728299E1,1.040611180202E1));
#216=CARTESIAN_POINT('',(7.508657156834E0,4.734370850561E1,9.742489356748E0));
#218=CARTESIAN_POINT('',(6.791846204253E0,4.664644093985E1,9.742489356768E0));
#219=DIRECTION('',(-6.447305432494E-1,6.628013944772E-1,-3.808107641341E-1));
#220=DIRECTION('',(-6.288303211477E-13,4.981761145522E-1,8.670758668592E-1));
#221=AXIS2_PLACEMENT_3D('',#218,#219,#220);
#223=CARTESIAN_POINT('',(5.884936439260E0,4.802740943526E1,1.012191018594E1));
#224=CARTESIAN_POINT('',(5.250772451651E0,4.863139653400E1,9.801398602288E0));
#225=CARTESIAN_POINT('',(3.995576029518E0,4.986886797024E1,9.200504862053E0));
#226=CARTESIAN_POINT('',(2.283280681553E0,5.166491461954E1,8.466473016384E0));
#227=CARTESIAN_POINT('',(3.616372382003E-1,5.381572762398E1,7.751171245382E0));
#228=CARTESIAN_POINT('',(-1.026778582628E0,5.549845412352E1,7.340262763328E0));
#229=CARTESIAN_POINT('',(-1.742455228021E0,5.640801626958E1,7.164818438649E0));
#231=CARTESIAN_POINT('',(6.791846204220E0,4.714461705444E1,1.060956522361E1));
#232=CARTESIAN_POINT('',(6.692845217574E0,4.724310980272E1,1.055297647942E1));
#233=CARTESIAN_POINT('',(6.493659463938E0,4.743985023753E1,1.044142789219E1));
#234=CARTESIAN_POINT('',(6.191353936099E0,4.773414454179E1,1.027891801144E1));
#235=CARTESIAN_POINT('',(5.987465091713E0,4.792975977680E1,1.017372909265E1));
#236=CARTESIAN_POINT('',(5.884936439260E0,4.802740943526E1,1.012191018594E1));
#238=CARTESIAN_POINT('',(2.078534895258E0,4.714461705444E1,1.060956522361E1));
#239=CARTESIAN_POINT('',(1.743821161968E0,4.749359503243E1,1.040906086201E1));
#240=CARTESIAN_POINT('',(1.076844244741E0,4.820106417865E1,1.002126783203E1));
#241=CARTESIAN_POINT('',(8.536608873281E-2,4.929019642550E1,9.480297182270E0));
#242=CARTESIAN_POINT('',(-8.963904055320E-1,5.040757949778E1,8.980817172701E0));
#243=CARTESIAN_POINT('',(-1.867299640980E0,5.155309055097E1,8.524031739242E0));
#244=CARTESIAN_POINT('',(-2.826441985465E0,5.272682943441E1,8.111256216804E0));
#245=CARTESIAN_POINT('',(-3.771819933959E0,5.392749452089E1,7.744421402235E0));
#246=CARTESIAN_POINT('',(-4.701723883600E0,5.515394748456E1,7.425391967578E0));
#247=CARTESIAN_POINT('',(-5.309875655885E0,5.598742639074E1,7.245944865214E0));
#248=CARTESIAN_POINT('',(-5.610833439640E0,5.640801626958E1,7.164818438649E0));
#250=DIRECTION('',(-1.E0,-8.632948164278E-14,1.767917576195E-14));
#251=VECTOR('',#250,3.868378211618E0);
#252=CARTESIAN_POINT('',(-1.742455228021E0,5.640801626958E1,7.164818438649E0));
#253=LINE('',#252,#251);
#254=CARTESIAN_POINT('',(5.884936439560E0,4.755865973311E1,9.238579151320E0));
#255=DIRECTION('',(-6.679558604925E-1,6.573757444751E-1,-3.488439464999E-1));
#256=DIRECTION('',(-5.336175945558E-12,4.687497018628E-1,8.833310347789E-1));
#257=AXIS2_PLACEMENT_3D('',#254,#255,#256);
#259=CARTESIAN_POINT('',(-1.742455228039E0,5.621862012889E1,6.182917678953E0));
#260=DIRECTION('',(-5.988057253777E-1,7.863987359974E-1,-1.516862923159E-1));
#261=DIRECTION('',(0.E0,1.893961407134E-1,9.819007596916E-1));
#262=AXIS2_PLACEMENT_3D('',#259,#260,#261);
#264=DIRECTION('',(0.E0,-9.819007596916E-1,1.893961407134E-1));
#265=VECTOR('',#264,2.014600729847E1);
#266=CARTESIAN_POINT('',(-2.35E1,7.618939614071E1,3.349242405533E0));
#267=LINE('',#266,#265);
#268=CARTESIAN_POINT('',(-2.25E1,7.718939614071E1,3.156355152067E0));
#269=CARTESIAN_POINT('',(-2.258152152015E1,7.718938950053E1,3.156356432874E0));
#270=CARTESIAN_POINT('',(-2.273844196209E1,7.716973495714E1,3.160147543765E0));
#271=CARTESIAN_POINT('',(-2.295629513853E1,7.708943621891E1,3.175636146840E0));
#272=CARTESIAN_POINT('',(-2.315420413028E1,7.695804818898E1,3.200979223071E0));
#273=CARTESIAN_POINT('',(-2.331095286623E1,7.678793524357E1,3.233791841892E0));
#274=CARTESIAN_POINT('',(-2.341387707680E1,7.661067597697E1,3.267982894978E0));
#275=CARTESIAN_POINT('',(-2.347990854130E1,7.642308886625E1,3.304166057550E0));
#276=CARTESIAN_POINT('',(-2.349999546444E1,7.627074026872E1,3.333552160097E0));
#277=CARTESIAN_POINT('',(-2.35E1,7.618939614071E1,3.349242405533E0));
#279=DIRECTION('',(-1.E0,0.E0,0.E0));
#280=VECTOR('',#279,8.610987031142E0);
#281=CARTESIAN_POINT('',(-1.388901296886E1,7.718939614071E1,3.156355152067E0));
#282=LINE('',#281,#280);
#283=CARTESIAN_POINT('',(-1.295498178517E1,7.654658761305E1,3.280344723473E0));
#284=CARTESIAN_POINT('',(-1.298894367914E1,7.663536490428E1,3.263220715597E0));
#285=CARTESIAN_POINT('',(-1.307623100573E1,7.679108476800E1,3.233184338774E0));
#286=CARTESIAN_POINT('',(-1.325310309051E1,7.697316284949E1,3.198063797719E0));
#287=CARTESIAN_POINT('',(-1.343824581198E1,7.709002299053E1,3.175522966074E0));
#288=CARTESIAN_POINT('',(-1.363744049027E1,7.716604431441E1,3.160859421706E0));
#289=CARTESIAN_POINT('',(-1.380115349473E1,7.718939104019E1,3.156356135893E0));
#290=CARTESIAN_POINT('',(-1.388901296886E1,7.718939614071E1,3.156355152067E0));
#292=CARTESIAN_POINT('',(-1.742455228021E0,5.640801626958E1,7.164818438649E0));
#293=CARTESIAN_POINT('',(-2.274735414211E0,5.710704873570E1,7.029983985463E0));
#294=CARTESIAN_POINT('',(-3.286064049876E0,5.848173310755E1,6.764824893637E0));
#295=CARTESIAN_POINT('',(-4.678524933964E0,6.050404973824E1,6.374745792685E0));
#296=CARTESIAN_POINT('',(-5.881984244160E0,6.236529705482E1,6.015734909880E0));
#297=CARTESIAN_POINT('',(-6.983012399715E0,6.416800978353E1,5.668014602824E0));
#298=CARTESIAN_POINT('',(-8.103070480100E0,6.611494155505E1,5.292476280721E0));
#299=CARTESIAN_POINT('',(-9.265469134481E0,6.827761381616E1,4.875324368190E0));
#300=CARTESIAN_POINT('',(-1.046745957747E1,7.069454540598E1,4.409129071770E0));
#301=CARTESIAN_POINT('',(-1.170223657342E1,7.341077280173E1,3.885203430533E0));
#302=CARTESIAN_POINT('',(-1.254003806133E1,7.546153946073E1,3.489636679888E0));
#303=CARTESIAN_POINT('',(-1.295498178517E1,7.654658761305E1,3.280344723473E0));
#305=CARTESIAN_POINT('',(-8.592599203408E0,6.086960244677E1,6.304235334828E0));
#306=CARTESIAN_POINT('',(-7.646711549772E0,5.935145519980E1,6.597066587653E0));
#307=CARTESIAN_POINT('',(-6.652841051757E0,5.786422667180E1,6.883934013696E0));
#308=CARTESIAN_POINT('',(-5.610833439640E0,5.640801626958E1,7.164818438649E0));
#310=DIRECTION('',(-1.E0,1.755040557327E-12,-3.375077994860E-13));
#311=VECTOR('',#310,3.E0);
#312=CARTESIAN_POINT('',(-2.05E1,5.640801626958E1,7.164818438649E0));
#313=LINE('',#312,#311);
#314=CARTESIAN_POINT('',(-2.35E1,7.6E1,2.367341645842E0));
#315=DIRECTION('',(0.E0,-9.819007596916E-1,1.893961407134E-1));
#316=DIRECTION('',(0.E0,1.893961407134E-1,9.819007596916E-1));
#317=AXIS2_PLACEMENT_3D('',#314,#315,#316);
#319=CARTESIAN_POINT('',(-2.35E1,5.621862012887E1,6.182917678957E0));
#320=DIRECTION('',(0.E0,-9.819007596916E-1,1.893961407134E-1));
#321=DIRECTION('',(0.E0,1.893961407134E-1,9.819007596916E-1));
#322=AXIS2_PLACEMENT_3D('',#319,#320,#321);
#324=CARTESIAN_POINT('',(-2.35E1,6.208990049099E1,3.662184122940E1));
#325=DIRECTION('',(-1.E0,0.E0,0.E0));
#326=DIRECTION('',(0.E0,-1.893961407134E-1,-9.819007596916E-1));
#327=AXIS2_PLACEMENT_3D('',#324,#325,#326);
#329=CARTESIAN_POINT('',(-2.05E1,6.208990049099E1,3.662184122940E1));
#330=DIRECTION('',(1.E0,0.E0,0.E0));
#331=DIRECTION('',(0.E0,-4.981761145516E-1,-8.670758668596E-1));
#332=AXIS2_PLACEMENT_3D('',#329,#330,#331);
#334=DIRECTION('',(0.E0,0.E0,-1.E0));
#335=VECTOR('',#334,1.290168722219E1);
#336=CARTESIAN_POINT('',(-2.05E1,2.9E1,2.103450630396E1));
#337=LINE('',#336,#335);
#338=DIRECTION('',(0.E0,-8.670758668596E-1,4.981761145516E-1));
#339=VECTOR('',#338,2.092621620315E1);
#340=CARTESIAN_POINT('',(-2.05E1,4.714461705444E1,1.060956522361E1));
#341=LINE('',#340,#339);
#342=DIRECTION('',(0.E0,-9.819007596916E-1,1.893961407134E-1));
#343=VECTOR('',#342,4.543825975437E0);
#344=CARTESIAN_POINT('',(-2.05E1,6.086960244677E1,6.304235334828E0));
#345=LINE('',#344,#343);
#346=DIRECTION('',(0.E0,9.983579902801E-1,-5.728283550788E-2));
#347=VECTOR('',#346,3.192201871178E1);
#348=CARTESIAN_POINT('',(-2.05E1,2.9E1,8.132819081774E0));
#349=LINE('',#348,#347);
#350=DIRECTION('',(0.E0,9.983579902801E-1,-5.728283550788E-2));
#351=VECTOR('',#350,2.003289420701E1);
#352=CARTESIAN_POINT('',(-2.05E1,5.E0,1.15E1));
#353=LINE('',#352,#351);
#354=DIRECTION('',(0.E0,-9.983579902801E-1,5.728283550788E-2));
#355=VECTOR('',#354,2.003289420701E1);
#356=CARTESIAN_POINT('',(-2.05E1,2.5E1,1.636232727849E1));
#357=LINE('',#356,#355);
#358=DIRECTION('',(0.E0,1.E0,0.E0));
#359=VECTOR('',#358,1.862928089035E0);
#360=CARTESIAN_POINT('',(-2.05E1,5.E0,3.36E1));
#361=LINE('',#360,#359);
#362=CARTESIAN_POINT('',(-2.05E1,6.862928089035E0,3.26E1));
#363=DIRECTION('',(1.E0,0.E0,0.E0));
#364=DIRECTION('',(0.E0,4.981761145516E-1,8.670758668596E-1));
#365=AXIS2_PLACEMENT_3D('',#362,#363,#364);
#367=DIRECTION('',(0.E0,0.E0,-1.E0));
#368=VECTOR('',#367,6.970368300901E0);
#369=CARTESIAN_POINT('',(-2.05E1,2.5E1,2.333269557940E1));
#370=LINE('',#369,#368);
#371=DIRECTION('',(-1.E0,0.E0,0.E0));
#372=VECTOR('',#371,3.583413917660E1);
#373=CARTESIAN_POINT('',(1.533413917660E1,2.9E1,8.132819081774E0));
#374=LINE('',#373,#372);
#375=DIRECTION('',(-1.E0,0.E0,0.E0));
#376=VECTOR('',#375,1.190740079659E1);
#377=CARTESIAN_POINT('',(-8.592599203408E0,6.086960244677E1,6.304235334828E0));
#378=LINE('',#377,#376);
#379=CARTESIAN_POINT('',(-8.592599203408E0,6.086960244677E1,6.304235334828E0));
#380=CARTESIAN_POINT('',(-5.079830364198E0,5.523161751063E1,6.627726273787E0));
#381=CARTESIAN_POINT('',(-9.556542285870E-1,5.008172451066E1,6.923211937720E0));
#382=CARTESIAN_POINT('',(3.780617637263E0,4.542047302978E1,7.190660793180E0));
#384=CARTESIAN_POINT('',(1.533413917660E1,2.9E1,8.132819081774E0));
#385=CARTESIAN_POINT('',(1.390762373693E1,3.208677924856E1,7.955708797020E0));
#386=CARTESIAN_POINT('',(1.054356419960E1,3.790191759919E1,7.622053317886E0));
#387=CARTESIAN_POINT('',(6.205548265334E0,4.303395219625E1,7.327592316415E0));
#388=CARTESIAN_POINT('',(3.780617637263E0,4.542047302978E1,7.190660793180E0));
#390=DIRECTION('',(0.E0,-8.670758668596E-1,4.981761145516E-1));
#391=VECTOR('',#390,4.387506748075E1);
#392=CARTESIAN_POINT('',(-2.35E1,4.714461705444E1,1.060956522361E1));
#393=LINE('',#392,#391);
#394=DIRECTION('',(-1.E0,-1.281345400154E-12,7.354117315117E-13));
#395=VECTOR('',#394,3.E0);
#396=CARTESIAN_POINT('',(-2.05E1,4.714461705444E1,1.060956522361E1));
#397=LINE('',#396,#395);
#398=DIRECTION('',(-1.E0,0.E0,0.E0));
#399=VECTOR('',#398,3.583413917660E1);
#400=CARTESIAN_POINT('',(1.533413917660E1,2.9E1,2.103450630396E1));
#401=LINE('',#400,#399);
#402=CARTESIAN_POINT('',(1.533413917660E1,2.9E1,2.103450630396E1));
#403=CARTESIAN_POINT('',(1.393866171830E1,3.201961741200E1,1.929959321592E1));
#404=CARTESIAN_POINT('',(1.062772077521E1,3.778138230068E1,1.598918664723E1));
#405=CARTESIAN_POINT('',(6.260740848817E0,4.297963383810E1,1.300254516365E1));
#406=CARTESIAN_POINT('',(3.780617637263E0,4.542047302978E1,1.160016755030E1));
#408=CARTESIAN_POINT('',(2.078534895258E0,4.714461705444E1,1.060956522361E1));
#409=CARTESIAN_POINT('',(2.636469283112E0,4.656290559428E1,1.094378598339E1));
#410=CARTESIAN_POINT('',(3.203791678161E0,4.598816232892E1,1.127400318554E1));
#411=CARTESIAN_POINT('',(3.780617637263E0,4.542047302978E1,1.160016755030E1));
#413=DIRECTION('',(-1.E0,4.371818024807E-14,-2.449725617348E-14));
#414=VECTOR('',#413,4.713311308962E0);
#415=CARTESIAN_POINT('',(6.791846204220E0,4.714461705444E1,1.060956522361E1));
#416=LINE('',#415,#414);
#417=CARTESIAN_POINT('',(2.341872522425E1,9.101604885038E0,3.246707586686E1));
#418=CARTESIAN_POINT('',(2.330169159987E1,1.132872839051E1,3.118748802802E1));
#419=CARTESIAN_POINT('',(2.282596009803E1,1.555005412747E1,2.876213664382E1));
#420=CARTESIAN_POINT('',(2.161747775086E1,2.112419267407E1,2.555953028692E1));
#421=CARTESIAN_POINT('',(2.002908131496E1,2.615260318758E1,2.267047050826E1));
#422=CARTESIAN_POINT('',(1.821952746737E1,3.054213396009E1,2.014847737187E1));
#423=CARTESIAN_POINT('',(1.627274646725E1,3.439747661612E1,1.793340058557E1));
#424=CARTESIAN_POINT('',(1.431434965061E1,3.769161962490E1,1.604075955193E1));
#425=CARTESIAN_POINT('',(1.228105688073E1,4.068110662425E1,1.432315781169E1));
#426=CARTESIAN_POINT('',(9.931951643803E0,4.372448862046E1,1.257459084550E1));
#427=CARTESIAN_POINT('',(7.916574426274E0,4.598835965034E1,1.127388981505E1));
#428=CARTESIAN_POINT('',(6.791846204220E0,4.714461705444E1,1.060956522361E1));
#430=CARTESIAN_POINT('',(2.248416364549E1,7.361104203587E0,3.346707586686E1));
#431=CARTESIAN_POINT('',(2.254871069461E1,7.361110969808E0,3.346707197935E1));
#432=CARTESIAN_POINT('',(2.267804377329E1,7.381616676433E0,3.345529048058E1));
#433=CARTESIAN_POINT('',(2.288467258168E1,7.493388512735E0,3.339107227171E1));
#434=CARTESIAN_POINT('',(2.306911319975E1,7.684478738766E0,3.328128189468E1));
#435=CARTESIAN_POINT('',(2.320661833956E1,7.912637174478E0,3.315019407717E1));
#436=CARTESIAN_POINT('',(2.329760547448E1,8.135099535221E0,3.302237892426E1));
#437=CARTESIAN_POINT('',(2.335760196404E1,8.346134742723E0,3.290112921160E1));
#438=CARTESIAN_POINT('',(2.339458340792E1,8.541805706205E0,3.278870698416E1));
#439=CARTESIAN_POINT('',(2.341489155222E1,8.718459627397E0,3.268721094737E1));
#440=CARTESIAN_POINT('',(2.342426734953E1,8.896404608147E0,3.258497313578E1));
#441=CARTESIAN_POINT('',(2.342241577626E1,9.031362817864E0,3.250743325823E1));
#442=CARTESIAN_POINT('',(2.341872522425E1,9.101604885038E0,3.246707586686E1));
#444=DIRECTION('',(1.E0,0.E0,0.E0));
#445=VECTOR('',#444,2.014844153234E0);
#446=CARTESIAN_POINT('',(2.046931949226E1,7.361104203587E0,3.346707586686E1));
#447=LINE('',#446,#445);
#448=CARTESIAN_POINT('',(2.046931949226E1,7.361104203587E0,3.346707586686E1));
#449=CARTESIAN_POINT('',(2.026989024011E1,1.338334472190E1,3.000701372354E1));
#450=CARTESIAN_POINT('',(1.912740924115E1,1.926515060928E1,2.662763792089E1));
#451=CARTESIAN_POINT('',(1.699808062519E1,2.5E1,2.333269557940E1));
#453=DIRECTION('',(1.E0,0.E0,0.E0));
#454=VECTOR('',#453,1.549808062519E1);
#455=CARTESIAN_POINT('',(1.5E0,2.5E1,2.333269557940E1));
#456=LINE('',#455,#454);
#457=DIRECTION('',(1.E0,0.E0,0.E0));
#458=VECTOR('',#457,3.E0);
#459=CARTESIAN_POINT('',(-1.5E0,7.361104203587E0,3.346707586686E1));
#460=LINE('',#459,#458);
#461=DIRECTION('',(1.E0,0.E0,0.E0));
#462=VECTOR('',#461,1.9E1);
#463=CARTESIAN_POINT('',(-2.05E1,2.5E1,2.333269557940E1));
#464=LINE('',#463,#462);
#465=DIRECTION('',(0.E0,8.670758668596E-1,-4.981761145516E-1));
#466=VECTOR('',#465,2.034296705812E1);
#467=CARTESIAN_POINT('',(-2.05E1,7.361104203587E0,3.346707586686E1));
#468=LINE('',#467,#466);
#469=DIRECTION('',(1.E0,0.E0,0.E0));
#470=VECTOR('',#469,2.E0);
#471=CARTESIAN_POINT('',(-2.25E1,7.361104203587E0,3.346707586686E1));
#472=LINE('',#471,#470);
#473=CARTESIAN_POINT('',(-2.35E1,9.101604885038E0,3.246707586686E1));
#474=CARTESIAN_POINT('',(-2.349999993851E1,9.047472960664E0,3.249817721887E1));
#475=CARTESIAN_POINT('',(-2.349709051662E1,8.937856819325E0,3.256115687898E1));
#476=CARTESIAN_POINT('',(-2.348338495514E1,8.770020237875E0,3.265758693686E1));
#477=CARTESIAN_POINT('',(-2.345888281610E1,8.596835669542E0,3.275708966626E1));
#478=CARTESIAN_POINT('',(-2.342388903443E1,8.427504639217E0,3.285437835574E1));
#479=CARTESIAN_POINT('',(-2.337896342191E1,8.265166814357E0,3.294764911776E1));
#480=CARTESIAN_POINT('',(-2.332572313562E1,8.114720525392E0,3.303408762972E1));
#481=CARTESIAN_POINT('',(-2.326651094085E1,7.979749713201E0,3.311163474799E1));
#482=CARTESIAN_POINT('',(-2.320413851467E1,7.862527055379E0,3.317898471175E1));
#483=CARTESIAN_POINT('',(-2.314020568262E1,7.761892084420E0,3.323680426450E1));
#484=CARTESIAN_POINT('',(-2.307494182727E1,7.675251092305E0,3.328658361422E1));
#485=CARTESIAN_POINT('',(-2.300872238927E1,7.601158070004E0,3.332915356153E1));
#486=CARTESIAN_POINT('',(-2.294239753574E1,7.538935551054E0,3.336490334296E1));
#487=CARTESIAN_POINT('',(-2.287667232191E1,7.487758873065E0,3.339430676609E1));
#488=CARTESIAN_POINT('',(-2.281241784661E1,7.446858554622E0,3.341780593439E1));
#489=CARTESIAN_POINT('',(-2.274958707198E1,7.414974266562E0,3.343612496661E1));
#490=CARTESIAN_POINT('',(-2.268948863391E1,7.391592961501E0,3.344955863274E1));
#491=CARTESIAN_POINT('',(-2.263182144354E1,7.375293446435E0,3.345892347542E1));
#492=CARTESIAN_POINT('',(-2.257104482791E1,7.364271332571E0,3.346525620139E1));
#493=CARTESIAN_POINT('',(-2.252447267709E1,7.361104349926E0,3.346707578278E1));
#494=CARTESIAN_POINT('',(-2.25E1,7.361104203587E0,3.346707586686E1));
#496=CARTESIAN_POINT('',(-2.35E1,4.664644093989E1,9.742489356748E0));
#497=DIRECTION('',(0.E0,-8.670758668596E-1,4.981761145516E-1));
#498=DIRECTION('',(0.E0,4.981761145516E-1,8.670758668596E-1));
#499=AXIS2_PLACEMENT_3D('',#496,#497,#498);
#501=CARTESIAN_POINT('',(-2.35E1,8.603428766422E0,3.160000000234E1));
#502=DIRECTION('',(1.163354382711E-9,-8.670758668596E-1,4.981761145516E-1));
#503=DIRECTION('',(0.E0,4.981761145516E-1,8.670758668596E-1));
#504=AXIS2_PLACEMENT_3D('',#501,#502,#503);
#506=CARTESIAN_POINT('',(-2.25E1,6.862928089035E0,3.26E1));
#507=DIRECTION('',(1.E0,0.E0,0.E0));
#508=DIRECTION('',(0.E0,4.981761145516E-1,8.670758668596E-1));
#509=AXIS2_PLACEMENT_3D('',#506,#507,#508);
#511=DIRECTION('',(0.E0,1.E0,0.E0));
#512=VECTOR('',#511,1.862928089035E0);
#513=CARTESIAN_POINT('',(-1.5E0,5.E0,3.36E1));
#514=LINE('',#513,#512);
#515=DIRECTION('',(1.E0,0.E0,0.E0));
#516=VECTOR('',#515,3.E0);
#517=CARTESIAN_POINT('',(-1.5E0,6.862928089035E0,3.36E1));
#518=LINE('',#517,#516);
#519=DIRECTION('',(-1.399657934409E-14,-1.E0,0.E0));
#520=VECTOR('',#519,5.076545620844E-1);
#521=CARTESIAN_POINT('',(2.05E1,5.507654562084E0,3.36E1));
#522=LINE('',#521,#520);
#523=CARTESIAN_POINT('',(-3.55E1,5.507654562083E0,3.36E1));
#524=DIRECTION('',(0.E0,0.E0,-1.E0));
#525=DIRECTION('',(9.997071053313E-1,2.420131298128E-2,0.E0));
#526=AXIS2_PLACEMENT_3D('',#523,#524,#525);
#528=DIRECTION('',(1.E0,1.443665274076E-8,-1.441993928527E-11));
#529=VECTOR('',#528,2.000565640476E0);
#530=CARTESIAN_POINT('',(2.048359789856E1,6.862928089035E0,3.36E1));
#531=LINE('',#530,#529);
#532=CARTESIAN_POINT('',(-3.55E1,5.507654562083E0,3.36E1));
#533=DIRECTION('',(0.E0,0.E0,1.E0));
#534=DIRECTION('',(1.E0,0.E0,0.E0));
#535=AXIS2_PLACEMENT_3D('',#532,#533,#534);
#537=DIRECTION('',(1.E0,2.176037128264E-14,0.E0));
#538=VECTOR('',#537,2.000000000001E0);
#539=CARTESIAN_POINT('',(-2.25E1,6.862928089035E0,3.36E1));
#540=LINE('',#539,#538);
#541=DIRECTION('',(0.E0,0.E0,1.E0));
#542=VECTOR('',#541,7.5E0);
#543=CARTESIAN_POINT('',(-2.05E1,5.E0,4.E0));
#544=LINE('',#543,#542);
#545=DIRECTION('',(-1.E0,0.E0,0.E0));
#546=VECTOR('',#545,1.9E1);
#547=CARTESIAN_POINT('',(-1.5E0,5.E0,4.E0));
#548=LINE('',#547,#546);
#549=DIRECTION('',(0.E0,0.E0,1.E0));
#550=VECTOR('',#549,7.5E0);
#551=CARTESIAN_POINT('',(-1.5E0,5.E0,4.E0));
#552=LINE('',#551,#550);
#553=DIRECTION('',(1.E0,0.E0,0.E0));
#554=VECTOR('',#553,1.9E1);
#555=CARTESIAN_POINT('',(-2.05E1,5.E0,1.15E1));
#556=LINE('',#555,#554);
#557=DIRECTION('',(0.E0,0.E0,1.E0));
#558=VECTOR('',#557,1.609013173790E1);
#559=CARTESIAN_POINT('',(-2.05E1,5.E0,1.750986826210E1));
#560=LINE('',#559,#558);
#561=DIRECTION('',(1.E0,0.E0,0.E0));
#562=VECTOR('',#561,1.9E1);
#563=CARTESIAN_POINT('',(-2.05E1,5.E0,1.750986826210E1));
#564=LINE('',#563,#562);
#565=DIRECTION('',(0.E0,0.E0,1.E0));
#566=VECTOR('',#565,1.609013173790E1);
#567=CARTESIAN_POINT('',(-1.5E0,5.E0,1.750986826210E1));
#568=LINE('',#567,#566);
#569=DIRECTION('',(1.E0,0.E0,0.E0));
#570=VECTOR('',#569,1.9E1);
#571=CARTESIAN_POINT('',(-2.05E1,5.E0,3.36E1));
#572=LINE('',#571,#570);
#573=DIRECTION('',(0.E0,0.E0,1.E0));
#574=VECTOR('',#573,7.5E0);
#575=CARTESIAN_POINT('',(2.05E1,5.E0,4.E0));
#576=LINE('',#575,#574);
#577=DIRECTION('',(1.E0,0.E0,0.E0));
#578=VECTOR('',#577,1.9E1);
#579=CARTESIAN_POINT('',(1.5E0,5.E0,1.15E1));
#580=LINE('',#579,#578);
#581=DIRECTION('',(0.E0,0.E0,1.E0));
#582=VECTOR('',#581,7.5E0);
#583=CARTESIAN_POINT('',(1.5E0,5.E0,4.E0));
#584=LINE('',#583,#582);
#585=DIRECTION('',(-1.E0,0.E0,0.E0));
#586=VECTOR('',#585,1.9E1);
#587=CARTESIAN_POINT('',(2.05E1,5.E0,4.E0));
#588=LINE('',#587,#586);
#589=DIRECTION('',(0.E0,0.E0,1.E0));
#590=VECTOR('',#589,1.609013173790E1);
#591=CARTESIAN_POINT('',(2.05E1,5.E0,1.750986826210E1));
#592=LINE('',#591,#590);
#593=DIRECTION('',(1.E0,0.E0,0.E0));
#594=VECTOR('',#593,1.9E1);
#595=CARTESIAN_POINT('',(1.5E0,5.E0,3.36E1));
#596=LINE('',#595,#594);
#597=DIRECTION('',(0.E0,0.E0,1.E0));
#598=VECTOR('',#597,1.609013173790E1);
#599=CARTESIAN_POINT('',(1.5E0,5.E0,1.750986826210E1));
#600=LINE('',#599,#598);
#601=DIRECTION('',(1.E0,0.E0,0.E0));
#602=VECTOR('',#601,1.9E1);
#603=CARTESIAN_POINT('',(1.5E0,5.E0,1.750986826210E1));
#604=LINE('',#603,#602);
#605=CARTESIAN_POINT('',(-7.5E0,5.E0,2.96E1));
#606=DIRECTION('',(0.E0,1.E0,0.E0));
#607=DIRECTION('',(1.E0,0.E0,0.E0));
#608=AXIS2_PLACEMENT_3D('',#605,#606,#607);
#610=DIRECTION('',(0.E0,-1.E0,0.E0));
#611=VECTOR('',#610,3.E0);
#612=CARTESIAN_POINT('',(-4.5E0,5.E0,2.96E1));
#613=LINE('',#612,#611);
#614=CARTESIAN_POINT('',(-7.5E0,5.E0,2.96E1));
#615=DIRECTION('',(0.E0,1.E0,0.E0));
#616=DIRECTION('',(-1.E0,0.E0,0.E0));
#617=AXIS2_PLACEMENT_3D('',#614,#615,#616);
#619=DIRECTION('',(0.E0,-1.E0,0.E0));
#620=VECTOR('',#619,3.E0);
#621=CARTESIAN_POINT('',(-1.05E1,5.E0,2.96E1));
#622=LINE('',#621,#620);
#623=CARTESIAN_POINT('',(-7.5E0,2.E0,2.96E1));
#624=DIRECTION('',(0.E0,1.E0,0.E0));
#625=DIRECTION('',(1.E0,0.E0,0.E0));
#626=AXIS2_PLACEMENT_3D('',#623,#624,#625);
#628=CARTESIAN_POINT('',(-7.5E0,2.E0,2.96E1));
#629=DIRECTION('',(0.E0,1.E0,0.E0));
#630=DIRECTION('',(-1.E0,0.E0,0.E0));
#631=AXIS2_PLACEMENT_3D('',#628,#629,#630);
#633=CARTESIAN_POINT('',(7.5E0,2.E0,2.96E1));
#634=DIRECTION('',(0.E0,1.E0,0.E0));
#635=DIRECTION('',(1.E0,0.E0,0.E0));
#636=AXIS2_PLACEMENT_3D('',#633,#634,#635);
#638=CARTESIAN_POINT('',(7.5E0,2.E0,2.96E1));
#639=DIRECTION('',(0.E0,1.E0,0.E0));
#640=DIRECTION('',(-1.E0,0.E0,0.E0));
#641=AXIS2_PLACEMENT_3D('',#638,#639,#640);
#643=CARTESIAN_POINT('',(7.5E0,2.E0,8.E0));
#644=DIRECTION('',(0.E0,1.E0,0.E0));
#645=DIRECTION('',(1.E0,0.E0,0.E0));
#646=AXIS2_PLACEMENT_3D('',#643,#644,#645);
#648=CARTESIAN_POINT('',(7.5E0,2.E0,8.E0));
#649=DIRECTION('',(0.E0,1.E0,0.E0));
#650=DIRECTION('',(-1.E0,0.E0,0.E0));
#651=AXIS2_PLACEMENT_3D('',#648,#649,#650);
#653=CARTESIAN_POINT('',(-7.5E0,2.E0,8.E0));
#654=DIRECTION('',(0.E0,1.E0,0.E0));
#655=DIRECTION('',(1.E0,0.E0,0.E0));
#656=AXIS2_PLACEMENT_3D('',#653,#654,#655);
#658=CARTESIAN_POINT('',(-7.5E0,2.E0,8.E0));
#659=DIRECTION('',(0.E0,1.E0,0.E0));
#660=DIRECTION('',(-1.E0,0.E0,0.E0));
#661=AXIS2_PLACEMENT_3D('',#658,#659,#660);
#663=CARTESIAN_POINT('',(-7.5E0,2.E0,2.96E1));
#664=DIRECTION('',(0.E0,1.E0,0.E0));
#665=DIRECTION('',(0.E0,0.E0,-1.E0));
#666=AXIS2_PLACEMENT_3D('',#663,#664,#665);
#668=CARTESIAN_POINT('',(-7.5E0,2.E0,2.96E1));
#669=DIRECTION('',(0.E0,1.E0,0.E0));
#670=DIRECTION('',(0.E0,0.E0,1.E0));
#671=AXIS2_PLACEMENT_3D('',#668,#669,#670);
#673=CARTESIAN_POINT('',(7.5E0,2.E0,2.96E1));
#674=DIRECTION('',(0.E0,1.E0,0.E0));
#675=DIRECTION('',(0.E0,0.E0,-1.E0));
#676=AXIS2_PLACEMENT_3D('',#673,#674,#675);
#678=CARTESIAN_POINT('',(7.5E0,2.E0,2.96E1));
#679=DIRECTION('',(0.E0,1.E0,0.E0));
#680=DIRECTION('',(0.E0,0.E0,1.E0));
#681=AXIS2_PLACEMENT_3D('',#678,#679,#680);
#683=CARTESIAN_POINT('',(-7.5E0,2.E0,8.E0));
#684=DIRECTION('',(0.E0,1.E0,0.E0));
#685=DIRECTION('',(0.E0,0.E0,-1.E0));
#686=AXIS2_PLACEMENT_3D('',#683,#684,#685);
#688=CARTESIAN_POINT('',(-7.5E0,2.E0,8.E0));
#689=DIRECTION('',(0.E0,1.E0,0.E0));
#690=DIRECTION('',(0.E0,0.E0,1.E0));
#691=AXIS2_PLACEMENT_3D('',#688,#689,#690);
#693=CARTESIAN_POINT('',(7.5E0,2.E0,8.E0));
#694=DIRECTION('',(0.E0,1.E0,0.E0));
#695=DIRECTION('',(0.E0,0.E0,-1.E0));
#696=AXIS2_PLACEMENT_3D('',#693,#694,#695);
#698=CARTESIAN_POINT('',(7.5E0,2.E0,8.E0));
#699=DIRECTION('',(0.E0,1.E0,0.E0));
#700=DIRECTION('',(0.E0,0.E0,1.E0));
#701=AXIS2_PLACEMENT_3D('',#698,#699,#700);
#703=CARTESIAN_POINT('',(7.5E0,5.E0,2.96E1));
#704=DIRECTION('',(0.E0,1.E0,0.E0));
#705=DIRECTION('',(1.E0,0.E0,0.E0));
#706=AXIS2_PLACEMENT_3D('',#703,#704,#705);
#708=DIRECTION('',(0.E0,-1.E0,0.E0));
#709=VECTOR('',#708,3.E0);
#710=CARTESIAN_POINT('',(1.05E1,5.E0,2.96E1));
#711=LINE('',#710,#709);
#712=CARTESIAN_POINT('',(7.5E0,5.E0,2.96E1));
#713=DIRECTION('',(0.E0,1.E0,0.E0));
#714=DIRECTION('',(-1.E0,0.E0,0.E0));
#715=AXIS2_PLACEMENT_3D('',#712,#713,#714);
#717=DIRECTION('',(0.E0,-1.E0,0.E0));
#718=VECTOR('',#717,3.E0);
#719=CARTESIAN_POINT('',(4.5E0,5.E0,2.96E1));
#720=LINE('',#719,#718);
#721=CARTESIAN_POINT('',(7.5E0,5.E0,8.E0));
#722=DIRECTION('',(0.E0,1.E0,0.E0));
#723=DIRECTION('',(1.E0,0.E0,0.E0));
#724=AXIS2_PLACEMENT_3D('',#721,#722,#723);
#726=DIRECTION('',(0.E0,-1.E0,0.E0));
#727=VECTOR('',#726,3.E0);
#728=CARTESIAN_POINT('',(1.05E1,5.E0,8.E0));
#729=LINE('',#728,#727);
#730=CARTESIAN_POINT('',(7.5E0,5.E0,8.E0));
#731=DIRECTION('',(0.E0,1.E0,0.E0));
#732=DIRECTION('',(-1.E0,0.E0,0.E0));
#733=AXIS2_PLACEMENT_3D('',#730,#731,#732);
#735=DIRECTION('',(0.E0,-1.E0,0.E0));
#736=VECTOR('',#735,3.E0);
#737=CARTESIAN_POINT('',(4.5E0,5.E0,8.E0));
#738=LINE('',#737,#736);
#739=CARTESIAN_POINT('',(-7.5E0,5.E0,8.E0));
#740=DIRECTION('',(0.E0,1.E0,0.E0));
#741=DIRECTION('',(1.E0,0.E0,0.E0));
#742=AXIS2_PLACEMENT_3D('',#739,#740,#741);
#744=DIRECTION('',(0.E0,-1.E0,0.E0));
#745=VECTOR('',#744,3.E0);
#746=CARTESIAN_POINT('',(-4.5E0,5.E0,8.E0));
#747=LINE('',#746,#745);
#748=CARTESIAN_POINT('',(-7.5E0,5.E0,8.E0));
#749=DIRECTION('',(0.E0,1.E0,0.E0));
#750=DIRECTION('',(-1.E0,0.E0,0.E0));
#751=AXIS2_PLACEMENT_3D('',#748,#749,#750);
#753=DIRECTION('',(0.E0,-1.E0,0.E0));
#754=VECTOR('',#753,3.E0);
#755=CARTESIAN_POINT('',(-1.05E1,5.E0,8.E0));
#756=LINE('',#755,#754);
#757=DIRECTION('',(0.E0,-1.E0,0.E0));
#758=VECTOR('',#757,2.E0);
#759=CARTESIAN_POINT('',(-7.5E0,2.E0,2.79E1));
#760=LINE('',#759,#758);
#761=CARTESIAN_POINT('',(-7.5E0,0.E0,2.96E1));
#762=DIRECTION('',(0.E0,1.E0,0.E0));
#763=DIRECTION('',(0.E0,0.E0,-1.E0));
#764=AXIS2_PLACEMENT_3D('',#761,#762,#763);
#766=DIRECTION('',(0.E0,-1.E0,0.E0));
#767=VECTOR('',#766,2.E0);
#768=CARTESIAN_POINT('',(-7.5E0,2.E0,3.13E1));
#769=LINE('',#768,#767);
#770=CARTESIAN_POINT('',(-7.5E0,0.E0,2.96E1));
#771=DIRECTION('',(0.E0,1.E0,0.E0));
#772=DIRECTION('',(0.E0,0.E0,1.E0));
#773=AXIS2_PLACEMENT_3D('',#770,#771,#772);
#775=DIRECTION('',(0.E0,-1.E0,0.E0));
#776=VECTOR('',#775,2.E0);
#777=CARTESIAN_POINT('',(7.5E0,2.E0,2.79E1));
#778=LINE('',#777,#776);
#779=CARTESIAN_POINT('',(7.5E0,0.E0,2.96E1));
#780=DIRECTION('',(0.E0,1.E0,0.E0));
#781=DIRECTION('',(0.E0,0.E0,-1.E0));
#782=AXIS2_PLACEMENT_3D('',#779,#780,#781);
#784=DIRECTION('',(0.E0,-1.E0,0.E0));
#785=VECTOR('',#784,2.E0);
#786=CARTESIAN_POINT('',(7.5E0,2.E0,3.13E1));
#787=LINE('',#786,#785);
#788=CARTESIAN_POINT('',(7.5E0,0.E0,2.96E1));
#789=DIRECTION('',(0.E0,1.E0,0.E0));
#790=DIRECTION('',(0.E0,0.E0,1.E0));
#791=AXIS2_PLACEMENT_3D('',#788,#789,#790);
#793=DIRECTION('',(0.E0,-1.E0,0.E0));
#794=VECTOR('',#793,2.E0);
#795=CARTESIAN_POINT('',(-7.5E0,2.E0,6.3E0));
#796=LINE('',#795,#794);
#797=CARTESIAN_POINT('',(-7.5E0,0.E0,8.E0));
#798=DIRECTION('',(0.E0,1.E0,0.E0));
#799=DIRECTION('',(0.E0,0.E0,-1.E0));
#800=AXIS2_PLACEMENT_3D('',#797,#798,#799);
#802=DIRECTION('',(0.E0,-1.E0,0.E0));
#803=VECTOR('',#802,2.E0);
#804=CARTESIAN_POINT('',(-7.5E0,2.E0,9.7E0));
#805=LINE('',#804,#803);
#806=CARTESIAN_POINT('',(-7.5E0,0.E0,8.E0));
#807=DIRECTION('',(0.E0,1.E0,0.E0));
#808=DIRECTION('',(0.E0,0.E0,1.E0));
#809=AXIS2_PLACEMENT_3D('',#806,#807,#808);
#811=DIRECTION('',(0.E0,-1.E0,0.E0));
#812=VECTOR('',#811,2.E0);
#813=CARTESIAN_POINT('',(7.5E0,2.E0,6.3E0));
#814=LINE('',#813,#812);
#815=CARTESIAN_POINT('',(7.5E0,0.E0,8.E0));
#816=DIRECTION('',(0.E0,1.E0,0.E0));
#817=DIRECTION('',(0.E0,0.E0,-1.E0));
#818=AXIS2_PLACEMENT_3D('',#815,#816,#817);
#820=DIRECTION('',(0.E0,-1.E0,0.E0));
#821=VECTOR('',#820,2.E0);
#822=CARTESIAN_POINT('',(7.5E0,2.E0,9.7E0));
#823=LINE('',#822,#821);
#824=CARTESIAN_POINT('',(7.5E0,0.E0,8.E0));
#825=DIRECTION('',(0.E0,1.E0,0.E0));
#826=DIRECTION('',(0.E0,0.E0,1.E0));
#827=AXIS2_PLACEMENT_3D('',#824,#825,#826);
#829=DIRECTION('',(0.E0,0.E0,-1.E0));
#830=VECTOR('',#829,6.970368300901E0);
#831=CARTESIAN_POINT('',(-1.5E0,2.5E1,2.333269557940E1));
#832=LINE('',#831,#830);
#833=DIRECTION('',(0.E0,8.670758668596E-1,-4.981761145516E-1));
#834=VECTOR('',#833,2.034296705812E1);
#835=CARTESIAN_POINT('',(-1.5E0,7.361104203587E0,3.346707586686E1));
#836=LINE('',#835,#834);
#837=CARTESIAN_POINT('',(-1.5E0,6.862928089035E0,3.26E1));
#838=DIRECTION('',(-1.E0,0.E0,0.E0));
#839=DIRECTION('',(0.E0,-1.687538997430E-14,1.E0));
#840=AXIS2_PLACEMENT_3D('',#837,#838,#839);
#842=DIRECTION('',(0.E0,0.E0,-1.E0));
#843=VECTOR('',#842,7.663934426230E0);
#844=CARTESIAN_POINT('',(1.5E0,2.5E1,1.035245901639E1));
#845=LINE('',#844,#843);
#846=DIRECTION('',(0.E0,0.E0,1.E0));
#847=VECTOR('',#846,7.663934426230E0);
#848=CARTESIAN_POINT('',(1.699808062519E1,2.5E1,2.688524590164E0));
#849=LINE('',#848,#847);
#850=DIRECTION('',(0.E0,0.E0,-1.E0));
#851=VECTOR('',#850,7.663934426230E0);
#852=CARTESIAN_POINT('',(-2.05E1,2.5E1,1.035245901639E1));
#853=LINE('',#852,#851);
#854=DIRECTION('',(0.E0,0.E0,1.E0));
#855=VECTOR('',#854,7.663934426230E0);
#856=CARTESIAN_POINT('',(-1.5E0,2.5E1,2.688524590164E0));
#857=LINE('',#856,#855);
#858=DIRECTION('',(-1.E0,0.E0,0.E0));
#859=VECTOR('',#858,1.9E1);
#860=CARTESIAN_POINT('',(-1.5E0,2.5E1,1.636232727849E1));
#861=LINE('',#860,#859);
#862=DIRECTION('',(0.E0,-9.983579902801E-1,5.728283550788E-2));
#863=VECTOR('',#862,2.003289420701E1);
#864=CARTESIAN_POINT('',(-1.5E0,2.5E1,1.636232727849E1));
#865=LINE('',#864,#863);
#866=DIRECTION('',(0.E0,-9.983579902801E-1,5.728283550788E-2));
#867=VECTOR('',#866,2.003289420701E1);
#868=CARTESIAN_POINT('',(1.5E0,2.5E1,1.636232727849E1));
#869=LINE('',#868,#867);
#870=DIRECTION('',(-1.E0,0.E0,0.E0));
#871=VECTOR('',#870,1.549808062519E1);
#872=CARTESIAN_POINT('',(1.699808062519E1,2.5E1,1.636232727849E1));
#873=LINE('',#872,#871);
#874=DIRECTION('',(0.E0,1.E0,0.E0));
#875=VECTOR('',#874,1.862928089035E0);
#876=CARTESIAN_POINT('',(1.5E0,5.E0,3.36E1));
#877=LINE('',#876,#875);
#878=CARTESIAN_POINT('',(1.5E0,6.862928089035E0,3.26E1));
#879=DIRECTION('',(1.E0,0.E0,0.E0));
#880=DIRECTION('',(0.E0,4.981761145516E-1,8.670758668596E-1));
#881=AXIS2_PLACEMENT_3D('',#878,#879,#880);
#883=DIRECTION('',(0.E0,-8.670758668596E-1,4.981761145516E-1));
#884=VECTOR('',#883,2.034296705812E1);
#885=CARTESIAN_POINT('',(1.5E0,2.5E1,2.333269557940E1));
#886=LINE('',#885,#884);
#887=DIRECTION('',(0.E0,0.E0,-1.E0));
#888=VECTOR('',#887,6.970368300901E0);
#889=CARTESIAN_POINT('',(1.5E0,2.5E1,2.333269557940E1));
#890=LINE('',#889,#888);
#891=DIRECTION('',(0.E0,9.983579902801E-1,-5.728283550788E-2));
#892=VECTOR('',#891,2.003289420701E1);
#893=CARTESIAN_POINT('',(-1.5E0,5.E0,1.15E1));
#894=LINE('',#893,#892);
#895=DIRECTION('',(-1.E0,0.E0,0.E0));
#896=VECTOR('',#895,1.9E1);
#897=CARTESIAN_POINT('',(-1.5E0,2.5E1,1.035245901639E1));
#898=LINE('',#897,#896);
#899=DIRECTION('',(-1.E0,0.E0,0.E0));
#900=VECTOR('',#899,1.549808062519E1);
#901=CARTESIAN_POINT('',(1.699808062519E1,2.5E1,1.035245901639E1));
#902=LINE('',#901,#900);
#903=DIRECTION('',(0.E0,9.983579902801E-1,-5.728283550788E-2));
#904=VECTOR('',#903,2.003289420701E1);
#905=CARTESIAN_POINT('',(1.5E0,5.E0,1.15E1));
#906=LINE('',#905,#904);
#907=DIRECTION('',(0.E0,2.532863823255E-14,-1.E0));
#908=VECTOR('',#907,7.504161102968E0);
#909=CARTESIAN_POINT('',(2.05E1,5.507654562083E0,1.147087227922E1));
#910=LINE('',#909,#908);
#911=DIRECTION('',(-1.397359682479E-14,-9.983579902801E-1,5.728283550788E-2));
#912=VECTOR('',#911,5.084895067958E-1);
#913=CARTESIAN_POINT('',(2.05E1,5.507654562083E0,1.147087227922E1));
#914=LINE('',#913,#912);
#915=DIRECTION('',(-2.096039523718E-14,-9.983579902801E-1,5.728283550788E-2));
#916=VECTOR('',#915,5.084895067958E-1);
#917=CARTESIAN_POINT('',(2.05E1,5.507654562083E0,1.748074054133E1));
#918=LINE('',#917,#916);
#919=DIRECTION('',(0.E0,0.E0,1.E0));
#920=VECTOR('',#919,1.290168722219E1);
#921=CARTESIAN_POINT('',(1.533413917660E1,2.9E1,8.132819081774E0));
#922=LINE('',#921,#920);
#923=DIRECTION('',(-4.300392380613E-14,4.511887087856E-14,1.E0));
#924=VECTOR('',#923,4.409506757124E0);
#925=CARTESIAN_POINT('',(3.780617637263E0,4.542047302978E1,7.190660793180E0));
#926=LINE('',#925,#924);
#927=CARTESIAN_POINT('',(2.05E1,5.507654562083E0,1.147087227922E1));
#928=CARTESIAN_POINT('',(2.05E1,8.860902338614E0,1.127847281664E1));
#929=CARTESIAN_POINT('',(1.990255629574E1,1.546040468760E1,1.089981284579E1));
#930=CARTESIAN_POINT('',(1.816550313625E1,2.185582008054E1,1.053286278226E1));
#931=CARTESIAN_POINT('',(1.699808062519E1,2.5E1,1.035245901639E1));
#933=DIRECTION('',(0.E0,7.096937719172E-14,1.E0));
#934=VECTOR('',#933,1.611925945867E1);
#935=CARTESIAN_POINT('',(2.05E1,5.507654562083E0,1.748074054133E1));
#936=LINE('',#935,#934);
#937=CARTESIAN_POINT('',(2.05E1,5.507654562083E0,1.748074054133E1));
#938=CARTESIAN_POINT('',(2.05E1,8.860902338614E0,1.728834107874E1));
#939=CARTESIAN_POINT('',(1.990255629574E1,1.546040468760E1,1.690968110790E1));
#940=CARTESIAN_POINT('',(1.816550313625E1,2.185582008054E1,1.654273104437E1));
#941=CARTESIAN_POINT('',(1.699808062519E1,2.5E1,1.636232727849E1));
#943=DIRECTION('',(0.E0,0.E0,1.E0));
#944=VECTOR('',#943,6.970368300901E0);
#945=CARTESIAN_POINT('',(1.699808062519E1,2.5E1,1.636232727849E1));
#946=LINE('',#945,#944);
#947=CARTESIAN_POINT('',(2.048359789856E1,6.862928089035E0,3.36E1));
#948=CARTESIAN_POINT('',(2.048144742805E1,6.951759659591E0,3.36E1));
#949=CARTESIAN_POINT('',(2.047686750088E1,7.123523306399E0,3.357673295812E1));
#950=CARTESIAN_POINT('',(2.047187065076E1,7.284065905881E0,3.351133801426E1));
#951=CARTESIAN_POINT('',(2.046931949226E1,7.361104203587E0,3.346707586686E1));
#953=CARTESIAN_POINT('',(2.248416545935E1,6.862928089228E0,3.259999999989E1));
#954=DIRECTION('',(9.999999999934E-1,3.154759003744E-6,-1.812558323150E-6));
#955=DIRECTION('',(0.E0,4.981761143642E-1,8.670758669672E-1));
#956=AXIS2_PLACEMENT_3D('',#953,#954,#955);
#958=CARTESIAN_POINT('',(2.341872522421E1,8.603428771144E0,3.159999999962E1));
#959=DIRECTION('',(-4.551167176207E-2,8.661774089322E-1,-4.976599079582E-1));
#960=DIRECTION('',(0.E0,4.981761145516E-1,8.670758668596E-1));
#961=AXIS2_PLACEMENT_3D('',#958,#959,#960);
#963=CARTESIAN_POINT('',(2.248416353903E1,6.862928117917E0,3.359999999997E1));
#964=CARTESIAN_POINT('',(2.261093013959E1,6.864290277845E0,3.360002775186E1));
#965=CARTESIAN_POINT('',(2.287329077140E1,6.888449555004E0,3.357641484748E1));
#966=CARTESIAN_POINT('',(2.328775449613E1,7.005398230901E0,3.344804057834E1));
#967=CARTESIAN_POINT('',(2.366215666512E1,7.202723099828E0,3.322829865104E1));
#968=CARTESIAN_POINT('',(2.394362080487E1,7.438310801434E0,3.296625167754E1));
#969=CARTESIAN_POINT('',(2.413311497692E1,7.667017958260E0,3.271057347605E1));
#970=CARTESIAN_POINT('',(2.426088141925E1,7.883824068113E0,3.246810939449E1));
#971=CARTESIAN_POINT('',(2.434277391304E1,8.084408294927E0,3.224326065216E1));
#972=CARTESIAN_POINT('',(2.439108238309E1,8.265225701871E0,3.204025213511E1));
#973=CARTESIAN_POINT('',(2.441810179723E1,8.446914817642E0,3.183586770403E1));
#974=CARTESIAN_POINT('',(2.442109516913E1,8.584576337102E0,3.168055353513E1));
#975=CARTESIAN_POINT('',(2.441734768568E1,8.655899519775E0,3.160000000001E1));
#977=CARTESIAN_POINT('',(2.25E1,5.507654562083E0,3.16E1));
#978=DIRECTION('',(0.E0,1.E0,0.E0));
#979=DIRECTION('',(-1.598721155460E-14,0.E0,1.E0));
#980=AXIS2_PLACEMENT_3D('',#977,#978,#979);
#982=DIRECTION('',(-2.034432617762E-13,1.E0,0.E0));
#983=VECTOR('',#982,6.862928089035E0);
#984=CARTESIAN_POINT('',(-2.25E1,0.E0,3.36E1));
#985=LINE('',#984,#983);
#986=DIRECTION('',(0.E0,-1.E0,-3.386121155103E-14));
#987=VECTOR('',#986,8.603428770486E0);
#988=CARTESIAN_POINT('',(-2.45E1,8.603428770486E0,3.16E1));
#989=LINE('',#988,#987);
#990=CARTESIAN_POINT('',(-2.45E1,8.603428770486E0,3.16E1));
#991=CARTESIAN_POINT('',(-2.449999997705E1,8.549388722586E0,3.166207668613E1));
#992=CARTESIAN_POINT('',(-2.449418110854E1,8.439636474795E0,3.178821913833E1));
#993=CARTESIAN_POINT('',(-2.446676996910E1,8.271855332096E0,3.198100628616E1));
#994=CARTESIAN_POINT('',(-2.441776597256E1,8.098654956013E0,3.218003055537E1));
#995=CARTESIAN_POINT('',(-2.434777856539E1,7.929327757960E0,3.237460267144E1));
#996=CARTESIAN_POINT('',(-2.425792764041E1,7.766988291441E0,3.256114532109E1));
#997=CARTESIAN_POINT('',(-2.415144720583E1,7.616542193278E0,3.273402210287E1));
#998=CARTESIAN_POINT('',(-2.403302268848E1,7.481571717734E0,3.288911684440E1));
#999=CARTESIAN_POINT('',(-2.390827770078E1,7.364349412010E0,3.302381702517E1));
#1000=CARTESIAN_POINT('',(-2.378041205324E1,7.263714368971E0,3.313945622888E1));
#1001=CARTESIAN_POINT('',(-2.364988414896E1,7.177073766653E0,3.323901516176E1));
#1002=CARTESIAN_POINT('',(-2.351744488107E1,7.102981647341E0,3.332415534317E1));
#1003=CARTESIAN_POINT('',(-2.338479475224E1,7.040760347085E0,3.339565512400E1));
#1004=CARTESIAN_POINT('',(-2.325334404493E1,6.989584548208E0,3.345446203247E1));
#1005=CARTESIAN_POINT('',(-2.312483514146E1,6.948685094724E0,3.350146035648E1));
#1006=CARTESIAN_POINT('',(-2.299917323111E1,6.916800092238E0,3.353809830387E1));
#1007=CARTESIAN_POINT('',(-2.287897882067E1,6.893418971441E0,3.356496557732E1));
#1008=CARTESIAN_POINT('',(-2.276363594761E1,6.877116977928E0,3.358369524794E1));
#1009=CARTESIAN_POINT('',(-2.264211537480E1,6.866098790850E0,3.359636056467E1));
#1010=CARTESIAN_POINT('',(-2.254888952887E1,6.862927417986E0,3.360000008562E1));
#1011=CARTESIAN_POINT('',(-2.25E1,6.862928089035E0,3.36E1));
#1013=CARTESIAN_POINT('',(-2.250000007835E1,7.699999999999E1,2.174454392377E0));
#1014=DIRECTION('',(-1.E0,-7.835301635374E-8,1.511329812527E-8));
#1015=DIRECTION('',(0.E0,1.893961407198E-1,9.819007596903E-1));
#1016=AXIS2_PLACEMENT_3D('',#1013,#1014,#1015);
#1018=CARTESIAN_POINT('',(-2.249999999934E1,7.8E1,2.174454392561E0));
#1019=CARTESIAN_POINT('',(-2.266030736563E1,7.799999826375E1,2.174454304998E0));
#1020=CARTESIAN_POINT('',(-2.297815335568E1,7.796067109640E1,2.178255340849E0));
#1021=CARTESIAN_POINT('',(-2.341225035629E1,7.780008582023E1,2.193726627999E0));
#1022=CARTESIAN_POINT('',(-2.380849914484E1,7.753728765620E1,2.219088705510E0));
#1023=CARTESIAN_POINT('',(-2.412188124254E1,7.719713904514E1,2.251877228692E0));
#1024=CARTESIAN_POINT('',(-2.432776119689E1,7.684233279823E1,2.286128002298E0));
#1025=CARTESIAN_POINT('',(-2.445981210148E1,7.646823491682E1,2.322131030004E0));
#1026=CARTESIAN_POINT('',(-2.449999892760E1,7.616085281850E1,2.351883830844E0));
#1027=CARTESIAN_POINT('',(-2.45E1,7.599999999879E1,2.367341645960E0));
#1029=CARTESIAN_POINT('',(-1.388901296886E1,7.6E1,0.E0));
#1030=DIRECTION('',(0.E0,0.E0,-1.E0));
#1031=DIRECTION('',(-1.332267629550E-14,1.E0,0.E0));
#1032=AXIS2_PLACEMENT_3D('',#1029,#1030,#1031);
#1034=DIRECTION('',(1.E0,0.E0,0.E0));
#1035=VECTOR('',#1034,8.610987031142E0);
#1036=CARTESIAN_POINT('',(-2.25E1,7.8E1,0.E0));
#1037=LINE('',#1036,#1035);
#1038=CARTESIAN_POINT('',(-2.25E1,7.6E1,0.E0));
#1039=DIRECTION('',(0.E0,0.E0,-1.E0));
#1040=DIRECTION('',(-1.E0,0.E0,0.E0));
#1041=AXIS2_PLACEMENT_3D('',#1038,#1039,#1040);
#1043=CARTESIAN_POINT('',(-9.468502981285E-1,5.682443593878E1,
6.182917678957E0));
#1044=CARTESIAN_POINT('',(-1.472417186018E0,5.751465182430E1,6.048119651302E0));
#1045=CARTESIAN_POINT('',(-2.471468102147E0,5.887263793237E1,5.782907223621E0));
#1046=CARTESIAN_POINT('',(-3.846654552374E0,6.086987782450E1,5.392849577128E0));
#1047=CARTESIAN_POINT('',(-5.035278846878E0,6.270817652377E1,5.033832885149E0));
#1048=CARTESIAN_POINT('',(-6.122707594198E0,6.448862442759E1,4.686114358323E0));
#1049=CARTESIAN_POINT('',(-7.228941162686E0,6.641152670874E1,4.310574725901E0));
#1050=CARTESIAN_POINT('',(-8.376982221809E0,6.854748160700E1,3.893426273599E0));
#1051=CARTESIAN_POINT('',(-9.564157889511E0,7.093463865243E1,3.427218448728E0));
#1052=CARTESIAN_POINT('',(-1.078359926757E1,7.361709361222E1,2.903339455610E0));
#1053=CARTESIAN_POINT('',(-1.161128500592E1,7.564313612610E1,2.507656671566E0));
#1054=CARTESIAN_POINT('',(-1.202095059954E1,7.671438293956E1,2.298443964555E0));
#1056=DIRECTION('',(8.496239423340E-10,-2.221578311561E-9,1.E0));
#1057=VECTOR('',#1056,2.298443964555E0);
#1058=CARTESIAN_POINT('',(-1.202095060149E1,7.671438294467E1,0.E0));
#1059=LINE('',#1058,#1057);
#1060=CARTESIAN_POINT('',(6.270154409316E1,1.052897007313E2,0.E0));
#1061=DIRECTION('',(0.E0,0.E0,-1.E0));
#1062=DIRECTION('',(-8.710912172782E-1,-4.911212591415E-1,0.E0));
#1063=AXIS2_PLACEMENT_3D('',#1060,#1061,#1062);
#1065=CARTESIAN_POINT('',(6.586376039924E0,4.827138863461E1,9.238579151162E0));
#1066=CARTESIAN_POINT('',(5.959731992927E0,4.888810763405E1,8.907221340866E0));
#1067=CARTESIAN_POINT('',(4.720471341278E0,5.015061352298E1,8.286532300419E0));
#1068=CARTESIAN_POINT('',(3.029193104843E0,5.198371643961E1,7.527952537373E0));
#1069=CARTESIAN_POINT('',(1.131103789445E0,5.417902449773E1,6.788776387320E0));
#1070=CARTESIAN_POINT('',(-2.396368493650E-1,5.589566867148E1,
6.364307126893E0));
#1071=CARTESIAN_POINT('',(-9.468502981285E-1,5.682443593878E1,
6.182917678957E0));
#1073=CARTESIAN_POINT('',(-1.202095059954E1,7.671438293956E1,2.298443964555E0));
#1074=CARTESIAN_POINT('',(-1.208769262784E1,7.688889864471E1,2.281693873562E0));
#1075=CARTESIAN_POINT('',(-1.226401808148E1,7.720478608583E1,2.251081995632E0));
#1076=CARTESIAN_POINT('',(-1.261697055149E1,7.756715585400E1,2.216228125589E0));
#1077=CARTESIAN_POINT('',(-1.298780175326E1,7.780135634943E1,2.193595026797E0));
#1078=CARTESIAN_POINT('',(-1.338479725066E1,7.795326279548E1,2.178975683387E0));
#1079=CARTESIAN_POINT('',(-1.371557751558E1,7.799999976705E1,2.174453574125E0));
#1080=CARTESIAN_POINT('',(-1.388901297167E1,7.8E1,2.174454392409E0));
#1082=CARTESIAN_POINT('',(-1.295498196293E1,7.635719193698E1,2.298443874157E0));
#1083=DIRECTION('',(-3.515323731205E-1,9.192316569295E-1,-1.773080696044E-1));
#1084=DIRECTION('',(5.379341416756E-11,1.893961407332E-1,9.819007596877E-1));
#1085=AXIS2_PLACEMENT_3D('',#1082,#1083,#1084);
#1087=CARTESIAN_POINT('',(-1.388901296886E1,7.7E1,2.174454392375E0));
#1088=DIRECTION('',(-1.E0,0.E0,0.E0));
#1089=DIRECTION('',(0.E0,1.893961407134E-1,9.819007596916E-1));
#1090=AXIS2_PLACEMENT_3D('',#1087,#1088,#1089);
#1092=DIRECTION('',(-1.E0,0.E0,1.770500891576E-11));
#1093=VECTOR('',#1092,8.610987027668E0);
#1094=CARTESIAN_POINT('',(-1.388901297167E1,7.8E1,2.174454392409E0));
#1095=LINE('',#1094,#1093);
#1096=DIRECTION('',(-3.036625008891E-10,0.E0,-1.E0));
#1097=VECTOR('',#1096,2.174454392561E0);
#1098=CARTESIAN_POINT('',(-2.249999999934E1,7.8E1,2.174454392561E0));
#1099=LINE('',#1098,#1097);
#1100=DIRECTION('',(-1.293973822097E-9,0.E0,1.E0));
#1101=VECTOR('',#1100,2.174454392409E0);
#1102=CARTESIAN_POINT('',(-1.388901296886E1,7.8E1,0.E0));
#1103=LINE('',#1102,#1101);
#1104=CARTESIAN_POINT('',(-2.25E1,5.E0,6.E0));
#1105=DIRECTION('',(0.E0,-1.E0,0.E0));
#1106=DIRECTION('',(-1.E0,0.E0,0.E0));
#1107=AXIS2_PLACEMENT_3D('',#1104,#1105,#1106);
#1109=DIRECTION('',(-1.E0,0.E0,0.E0));
#1110=VECTOR('',#1109,1.E1);
#1111=CARTESIAN_POINT('',(-1.25E1,3.E0,4.E0));
#1112=LINE('',#1111,#1110);
#1113=CARTESIAN_POINT('',(-2.45E1,2.E0,6.E0));
#1114=CARTESIAN_POINT('',(-2.45E1,2.157868932583E0,5.684262134833E0));
#1115=CARTESIAN_POINT('',(-2.436686067158E1,2.414065079983E0,5.171869840034E0));
#1116=CARTESIAN_POINT('',(-2.396817517362E1,2.709374302716E0,4.581251394567E0));
#1117=CARTESIAN_POINT('',(-2.338302768175E1,2.921295186733E0,4.157409626533E0));
#1118=CARTESIAN_POINT('',(-2.285300566479E1,3.E0,4.E0));
#1119=CARTESIAN_POINT('',(-2.25E1,3.E0,4.E0));
#1121=DIRECTION('',(0.E0,4.472135955E-1,-8.944271909999E-1));
#1122=VECTOR('',#1121,1.118033988750E0);
#1123=CARTESIAN_POINT('',(-2.45E1,1.5E0,7.E0));
#1124=LINE('',#1123,#1122);
#1125=DIRECTION('',(1.E0,0.E0,0.E0));
#1126=VECTOR('',#1125,1.2E1);
#1127=CARTESIAN_POINT('',(-2.45E1,1.5E0,7.E0));
#1128=LINE('',#1127,#1126);
#1129=DIRECTION('',(0.E0,0.E0,-1.E0));
#1130=VECTOR('',#1129,1.5E1);
#1131=CARTESIAN_POINT('',(-2.45E1,1.5E0,2.2E1));
#1132=LINE('',#1131,#1130);
#1133=DIRECTION('',(1.E0,0.E0,0.E0));
#1134=VECTOR('',#1133,1.2E1);
#1135=CARTESIAN_POINT('',(-2.45E1,1.5E0,2.2E1));
#1136=LINE('',#1135,#1134);
#1137=DIRECTION('',(-1.E0,0.E0,0.E0));
#1138=VECTOR('',#1137,1.2E1);
#1139=CARTESIAN_POINT('',(-1.25E1,0.E0,2.2E1));
#1140=LINE('',#1139,#1138);
#1141=DIRECTION('',(0.E0,1.E0,0.E0));
#1142=VECTOR('',#1141,1.5E0);
#1143=CARTESIAN_POINT('',(-2.45E1,0.E0,2.2E1));
#1144=LINE('',#1143,#1142);
#1145=CARTESIAN_POINT('',(-2.05E1,4.714461705444E1,1.060956522361E1));
#1146=CARTESIAN_POINT('',(-2.05E1,5.640801626958E1,7.164818438649E0));
#1147=VERTEX_POINT('',#1145);
#1148=VERTEX_POINT('',#1146);
#1149=VERTEX_POINT('',#238);
#1150=VERTEX_POINT('',#248);
#1151=VERTEX_POINT('',#411);
#1152=CARTESIAN_POINT('',(-2.05E1,6.086960244677E1,6.304235334828E0));
#1153=VERTEX_POINT('',#1152);
#1154=VERTEX_POINT('',#379);
#1155=VERTEX_POINT('',#382);
#1156=CARTESIAN_POINT('',(-2.05E1,2.9E1,2.103450630396E1));
#1157=CARTESIAN_POINT('',(-2.05E1,2.9E1,8.132819081774E0));
#1158=VERTEX_POINT('',#1156);
#1159=VERTEX_POINT('',#1157);
#1160=CARTESIAN_POINT('',(-2.05E1,2.5E1,2.333269557940E1));
#1161=CARTESIAN_POINT('',(-2.05E1,2.5E1,1.636232727849E1));
#1162=VERTEX_POINT('',#1160);
#1163=VERTEX_POINT('',#1161);
#1164=CARTESIAN_POINT('',(1.533413917660E1,2.9E1,8.132819081774E0));
#1165=VERTEX_POINT('',#1164);
#1166=CARTESIAN_POINT('',(1.533413917660E1,2.9E1,2.103450630396E1));
#1167=VERTEX_POINT('',#1166);
#1168=CARTESIAN_POINT('',(1.699808062519E1,2.5E1,1.636232727849E1));
#1169=CARTESIAN_POINT('',(1.699808062519E1,2.5E1,2.333269557940E1));
#1170=VERTEX_POINT('',#1168);
#1171=VERTEX_POINT('',#1169);
#1172=CARTESIAN_POINT('',(-1.5E0,2.5E1,1.636232727849E1));
#1173=VERTEX_POINT('',#1172);
#1174=CARTESIAN_POINT('',(1.5E0,2.5E1,1.636232727849E1));
#1175=VERTEX_POINT('',#1174);
#1176=CARTESIAN_POINT('',(-1.5E0,2.5E1,1.035245901639E1));
#1177=CARTESIAN_POINT('',(-2.05E1,2.5E1,1.035245901639E1));
#1178=VERTEX_POINT('',#1176);
#1179=VERTEX_POINT('',#1177);
#1180=CARTESIAN_POINT('',(1.699808062519E1,2.5E1,1.035245901639E1));
#1181=CARTESIAN_POINT('',(1.5E0,2.5E1,1.035245901639E1));
#1182=VERTEX_POINT('',#1180);
#1183=VERTEX_POINT('',#1181);
#1184=CARTESIAN_POINT('',(1.5E0,2.5E1,2.333269557940E1));
#1185=VERTEX_POINT('',#1184);
#1186=CARTESIAN_POINT('',(-1.5E0,2.5E1,2.333269557940E1));
#1187=VERTEX_POINT('',#1186);
#1188=VERTEX_POINT('',#937);
#1189=VERTEX_POINT('',#927);
#1190=CARTESIAN_POINT('',(2.25E1,0.E0,4.E0));
#1191=CARTESIAN_POINT('',(2.45E1,0.E0,6.E0));
#1192=VERTEX_POINT('',#1190);
#1193=VERTEX_POINT('',#1191);
#1194=CARTESIAN_POINT('',(-2.25E1,0.E0,3.36E1));
#1195=CARTESIAN_POINT('',(-2.45E1,0.E0,3.16E1));
#1196=VERTEX_POINT('',#1194);
#1197=VERTEX_POINT('',#1195);
#1198=CARTESIAN_POINT('',(2.45E1,0.E0,3.16E1));
#1199=CARTESIAN_POINT('',(2.25E1,0.E0,3.36E1));
#1200=VERTEX_POINT('',#1198);
#1201=VERTEX_POINT('',#1199);
#1202=CARTESIAN_POINT('',(-1.25E1,3.E0,4.E0));
#1203=CARTESIAN_POINT('',(-1.25E1,0.E0,4.E0));
#1204=VERTEX_POINT('',#1202);
#1205=VERTEX_POINT('',#1203);
#1206=CARTESIAN_POINT('',(-7.5E0,0.E0,2.79E1));
#1207=CARTESIAN_POINT('',(-7.5E0,0.E0,3.13E1));
#1208=VERTEX_POINT('',#1206);
#1209=VERTEX_POINT('',#1207);
#1210=CARTESIAN_POINT('',(7.5E0,0.E0,2.79E1));
#1211=CARTESIAN_POINT('',(7.5E0,0.E0,3.13E1));
#1212=VERTEX_POINT('',#1210);
#1213=VERTEX_POINT('',#1211);
#1214=CARTESIAN_POINT('',(-7.5E0,0.E0,6.3E0));
#1215=CARTESIAN_POINT('',(-7.5E0,0.E0,9.7E0));
#1216=VERTEX_POINT('',#1214);
#1217=VERTEX_POINT('',#1215);
#1218=CARTESIAN_POINT('',(7.5E0,0.E0,6.3E0));
#1219=CARTESIAN_POINT('',(7.5E0,0.E0,9.7E0));
#1220=VERTEX_POINT('',#1218);
#1221=VERTEX_POINT('',#1219);
#1222=CARTESIAN_POINT('',(-4.5E0,2.E0,2.96E1));
#1223=CARTESIAN_POINT('',(-1.05E1,2.E0,2.96E1));
#1224=VERTEX_POINT('',#1222);
#1225=VERTEX_POINT('',#1223);
#1226=CARTESIAN_POINT('',(1.05E1,2.E0,2.96E1));
#1227=CARTESIAN_POINT('',(4.5E0,2.E0,2.96E1));
#1228=VERTEX_POINT('',#1226);
#1229=VERTEX_POINT('',#1227);
#1230=CARTESIAN_POINT('',(1.05E1,2.E0,8.E0));
#1231=CARTESIAN_POINT('',(4.5E0,2.E0,8.E0));
#1232=VERTEX_POINT('',#1230);
#1233=VERTEX_POINT('',#1231);
#1234=CARTESIAN_POINT('',(-4.5E0,2.E0,8.E0));
#1235=CARTESIAN_POINT('',(-1.05E1,2.E0,8.E0));
#1236=VERTEX_POINT('',#1234);
#1237=VERTEX_POINT('',#1235);
#1238=CARTESIAN_POINT('',(-7.5E0,2.E0,2.79E1));
#1239=CARTESIAN_POINT('',(-7.5E0,2.E0,3.13E1));
#1240=VERTEX_POINT('',#1238);
#1241=VERTEX_POINT('',#1239);
#1242=CARTESIAN_POINT('',(7.5E0,2.E0,2.79E1));
#1243=CARTESIAN_POINT('',(7.5E0,2.E0,3.13E1));
#1244=VERTEX_POINT('',#1242);
#1245=VERTEX_POINT('',#1243);
#1246=CARTESIAN_POINT('',(-7.5E0,2.E0,6.3E0));
#1247=CARTESIAN_POINT('',(-7.5E0,2.E0,9.7E0));
#1248=VERTEX_POINT('',#1246);
#1249=VERTEX_POINT('',#1247);
#1250=CARTESIAN_POINT('',(7.5E0,2.E0,6.3E0));
#1251=CARTESIAN_POINT('',(7.5E0,2.E0,9.7E0));
#1252=VERTEX_POINT('',#1250);
#1253=VERTEX_POINT('',#1251);
#1254=CARTESIAN_POINT('',(-4.5E0,5.E0,2.96E1));
#1255=CARTESIAN_POINT('',(-1.05E1,5.E0,2.96E1));
#1256=VERTEX_POINT('',#1254);
#1257=VERTEX_POINT('',#1255);
#1258=CARTESIAN_POINT('',(1.05E1,5.E0,2.96E1));
#1259=CARTESIAN_POINT('',(4.5E0,5.E0,2.96E1));
#1260=VERTEX_POINT('',#1258);
#1261=VERTEX_POINT('',#1259);
#1262=CARTESIAN_POINT('',(1.05E1,5.E0,8.E0));
#1263=CARTESIAN_POINT('',(4.5E0,5.E0,8.E0));
#1264=VERTEX_POINT('',#1262);
#1265=VERTEX_POINT('',#1263);
#1266=CARTESIAN_POINT('',(-4.5E0,5.E0,8.E0));
#1267=CARTESIAN_POINT('',(-1.05E1,5.E0,8.E0));
#1268=VERTEX_POINT('',#1266);
#1269=VERTEX_POINT('',#1267);
#1270=CARTESIAN_POINT('',(-1.25E1,0.E0,2.2E1));
#1271=VERTEX_POINT('',#1270);
#1272=CARTESIAN_POINT('',(-2.45E1,0.E0,2.2E1));
#1273=VERTEX_POINT('',#1272);
#1274=CARTESIAN_POINT('',(-1.25E1,1.5E0,2.2E1));
#1275=CARTESIAN_POINT('',(-1.25E1,1.5E0,7.E0));
#1276=VERTEX_POINT('',#1274);
#1277=VERTEX_POINT('',#1275);
#1278=CARTESIAN_POINT('',(-2.45E1,1.5E0,2.2E1));
#1279=VERTEX_POINT('',#1278);
#1280=CARTESIAN_POINT('',(-2.45E1,1.5E0,7.E0));
#1281=VERTEX_POINT('',#1280);
#1282=CARTESIAN_POINT('',(-2.25E1,3.E0,4.E0));
#1283=VERTEX_POINT('',#1282);
#1284=CARTESIAN_POINT('',(-2.45E1,2.E0,6.E0));
#1285=VERTEX_POINT('',#1284);
#1286=VERTEX_POINT('',#179);
#1287=VERTEX_POINT('',#183);
#1288=CARTESIAN_POINT('',(1.5E0,2.5E1,2.688524590164E0));
#1289=VERTEX_POINT('',#1288);
#1290=CARTESIAN_POINT('',(-1.5E0,2.5E1,2.688524590164E0));
#1291=CARTESIAN_POINT('',(-2.05E1,2.5E1,2.688524590164E0));
#1292=VERTEX_POINT('',#1290);
#1293=VERTEX_POINT('',#1291);
#1294=CARTESIAN_POINT('',(2.05E1,5.507654562084E0,3.36E1));
#1295=VERTEX_POINT('',#1294);
#1296=CARTESIAN_POINT('',(2.25E1,5.507654562083E0,3.36E1));
#1297=CARTESIAN_POINT('',(2.45E1,5.507654562083E0,3.16E1));
#1298=VERTEX_POINT('',#1296);
#1299=VERTEX_POINT('',#1297);
#1300=CARTESIAN_POINT('',(-2.35E1,4.714461705444E1,1.060956522361E1));
#1301=CARTESIAN_POINT('',(-2.35E1,9.101604885038E0,3.246707586686E1));
#1302=VERTEX_POINT('',#1300);
#1303=VERTEX_POINT('',#1301);
#1304=CARTESIAN_POINT('',(-2.45E1,4.664644093989E1,9.742489356748E0));
#1305=CARTESIAN_POINT('',(-2.45E1,8.603428770486E0,3.16E1));
#1306=VERTEX_POINT('',#1304);
#1307=VERTEX_POINT('',#1305);
#1308=CARTESIAN_POINT('',(-2.35E1,5.640801626958E1,7.164818438649E0));
#1309=VERTEX_POINT('',#1308);
#1310=CARTESIAN_POINT('',(-2.45E1,5.621862012887E1,6.182917678957E0));
#1311=VERTEX_POINT('',#1310);
#1312=CARTESIAN_POINT('',(-2.35E1,7.618939614071E1,3.349242405533E0));
#1313=VERTEX_POINT('',#1312);
#1314=CARTESIAN_POINT('',(-2.45E1,7.599999999879E1,2.367341645960E0));
#1315=VERTEX_POINT('',#1314);
#1316=VERTEX_POINT('',#268);
#1317=VERTEX_POINT('',#1018);
#1318=CARTESIAN_POINT('',(-1.388901296886E1,7.718939614071E1,3.156355152067E0));
#1319=VERTEX_POINT('',#1318);
#1320=CARTESIAN_POINT('',(-1.388901297167E1,7.8E1,2.174454392409E0));
#1321=VERTEX_POINT('',#1320);
#1322=VERTEX_POINT('',#283);
#1323=VERTEX_POINT('',#1073);
#1324=VERTEX_POINT('',#292);
#1325=VERTEX_POINT('',#1043);
#1326=VERTEX_POINT('',#223);
#1327=VERTEX_POINT('',#1065);
#1328=VERTEX_POINT('',#231);
#1329=VERTEX_POINT('',#189);
#1330=VERTEX_POINT('',#417);
#1331=VERTEX_POINT('',#205);
#1332=VERTEX_POINT('',#430);
#1333=VERTEX_POINT('',#963);
#1334=CARTESIAN_POINT('',(-2.05E1,7.361104203587E0,3.346707586686E1));
#1335=VERTEX_POINT('',#1334);
#1336=CARTESIAN_POINT('',(2.048359789856E1,6.862928089035E0,3.36E1));
#1337=VERTEX_POINT('',#1336);
#1338=VERTEX_POINT('',#448);
#1339=CARTESIAN_POINT('',(-1.5E0,7.361104203587E0,3.346707586686E1));
#1340=VERTEX_POINT('',#1339);
#1341=CARTESIAN_POINT('',(1.5E0,7.361104203587E0,3.346707586686E1));
#1342=VERTEX_POINT('',#1341);
#1343=CARTESIAN_POINT('',(-2.05E1,6.862928089035E0,3.36E1));
#1344=VERTEX_POINT('',#1343);
#1345=CARTESIAN_POINT('',(-2.25E1,6.862928089035E0,3.36E1));
#1346=VERTEX_POINT('',#1345);
#1347=CARTESIAN_POINT('',(-2.25E1,7.361104203587E0,3.346707586686E1));
#1348=VERTEX_POINT('',#1347);
#1349=CARTESIAN_POINT('',(1.5E0,6.862928089035E0,3.36E1));
#1350=VERTEX_POINT('',#1349);
#1351=CARTESIAN_POINT('',(-1.5E0,6.862928089035E0,3.36E1));
#1352=VERTEX_POINT('',#1351);
#1353=CARTESIAN_POINT('',(-2.05E1,5.E0,4.E0));
#1354=CARTESIAN_POINT('',(-2.05E1,5.E0,1.15E1));
#1355=VERTEX_POINT('',#1353);
#1356=VERTEX_POINT('',#1354);
#1357=CARTESIAN_POINT('',(-2.05E1,5.E0,1.750986826210E1));
#1358=CARTESIAN_POINT('',(-2.05E1,5.E0,3.36E1));
#1359=VERTEX_POINT('',#1357);
#1360=VERTEX_POINT('',#1358);
#1361=CARTESIAN_POINT('',(2.05E1,5.E0,4.E0));
#1362=CARTESIAN_POINT('',(2.05E1,5.E0,1.15E1));
#1363=VERTEX_POINT('',#1361);
#1364=VERTEX_POINT('',#1362);
#1365=CARTESIAN_POINT('',(2.05E1,5.E0,1.750986826210E1));
#1366=CARTESIAN_POINT('',(2.05E1,5.E0,3.36E1));
#1367=VERTEX_POINT('',#1365);
#1368=VERTEX_POINT('',#1366);
#1369=CARTESIAN_POINT('',(-1.5E0,5.E0,1.750986826210E1));
#1370=VERTEX_POINT('',#1369);
#1371=CARTESIAN_POINT('',(1.5E0,5.E0,1.750986826210E1));
#1372=VERTEX_POINT('',#1371);
#1373=CARTESIAN_POINT('',(-1.5E0,5.E0,1.15E1));
#1374=VERTEX_POINT('',#1373);
#1375=CARTESIAN_POINT('',(1.5E0,5.E0,1.15E1));
#1376=VERTEX_POINT('',#1375);
#1377=CARTESIAN_POINT('',(-1.5E0,5.E0,4.E0));
#1378=VERTEX_POINT('',#1377);
#1379=CARTESIAN_POINT('',(-1.5E0,5.E0,3.36E1));
#1380=VERTEX_POINT('',#1379);
#1381=CARTESIAN_POINT('',(1.5E0,5.E0,4.E0));
#1382=VERTEX_POINT('',#1381);
#1383=CARTESIAN_POINT('',(1.5E0,5.E0,3.36E1));
#1384=VERTEX_POINT('',#1383);
#1385=CARTESIAN_POINT('',(2.25E1,5.E0,4.E0));
#1386=VERTEX_POINT('',#1385);
#1387=CARTESIAN_POINT('',(-2.25E1,5.E0,4.E0));
#1388=VERTEX_POINT('',#1387);
#1389=CARTESIAN_POINT('',(2.45E1,5.E0,6.E0));
#1390=VERTEX_POINT('',#1389);
#1391=CARTESIAN_POINT('',(-2.45E1,5.E0,6.E0));
#1392=VERTEX_POINT('',#1391);
#1393=CARTESIAN_POINT('',(-2.45E1,7.6E1,0.E0));
#1394=CARTESIAN_POINT('',(-2.25E1,7.8E1,0.E0));
#1395=VERTEX_POINT('',#1393);
#1396=VERTEX_POINT('',#1394);
#1397=CARTESIAN_POINT('',(-1.388901296886E1,7.8E1,0.E0));
#1398=CARTESIAN_POINT('',(-1.202095060149E1,7.671438294467E1,0.E0));
#1399=VERTEX_POINT('',#1397);
#1400=VERTEX_POINT('',#1398);
#1401=CARTESIAN_POINT('',(-2.45E1,6.6E1,0.E0));
#1402=CARTESIAN_POINT('',(-2.45E1,5.E0,4.E0));
#1403=VERTEX_POINT('',#1401);
#1404=VERTEX_POINT('',#1402);
#1405=CARTESIAN_POINT('',(-6.985753289102E0,6.6E1,0.E0));
#1406=VERTEX_POINT('',#1405);
#1407=VERTEX_POINT('',#142);
#1408=VERTEX_POINT('',#140);
#1409=CARTESIAN_POINT('',(2.45E1,5.E0,4.E0));
#1410=VERTEX_POINT('',#1409);
#1411=CARTESIAN_POINT('',(-2.45E1,0.E0,0.E0));
#1412=DIRECTION('',(-1.E0,0.E0,0.E0));
#1413=DIRECTION('',(0.E0,0.E0,1.E0));
#1414=AXIS2_PLACEMENT_3D('',#1411,#1412,#1413);
#1415=PLANE('',#1414);
#1417=ORIENTED_EDGE('',*,*,#1416,.T.);
#1419=ORIENTED_EDGE('',*,*,#1418,.F.);
#1421=ORIENTED_EDGE('',*,*,#1420,.F.);
#1423=ORIENTED_EDGE('',*,*,#1422,.F.);
#1425=ORIENTED_EDGE('',*,*,#1424,.T.);
#1427=ORIENTED_EDGE('',*,*,#1426,.T.);
#1429=ORIENTED_EDGE('',*,*,#1428,.T.);
#1431=ORIENTED_EDGE('',*,*,#1430,.T.);
#1433=ORIENTED_EDGE('',*,*,#1432,.F.);
#1435=ORIENTED_EDGE('',*,*,#1434,.T.);
#1437=ORIENTED_EDGE('',*,*,#1436,.T.);
#1439=ORIENTED_EDGE('',*,*,#1438,.T.);
#1441=ORIENTED_EDGE('',*,*,#1440,.F.);
#1442=EDGE_LOOP('',(#1417,#1419,#1421,#1423,#1425,#1427,#1429,#1431,#1433,#1435,
#1437,#1439,#1441));
#1443=FACE_OUTER_BOUND('',#1442,.F.);
#1444=ADVANCED_FACE('',(#1443),#1415,.T.);
#1445=CARTESIAN_POINT('',(-2.45E1,5.E0,3.5E0));
#1446=DIRECTION('',(0.E0,-1.E0,0.E0));
#1447=DIRECTION('',(0.E0,0.E0,1.E0));
#1448=AXIS2_PLACEMENT_3D('',#1445,#1446,#1447);
#1449=PLANE('',#1448);
#1451=ORIENTED_EDGE('',*,*,#1450,.T.);
#1453=ORIENTED_EDGE('',*,*,#1452,.T.);
#1455=ORIENTED_EDGE('',*,*,#1454,.T.);
#1456=EDGE_LOOP('',(#1451,#1453,#1455));
#1457=FACE_OUTER_BOUND('',#1456,.F.);
#1458=ADVANCED_FACE('',(#1457),#1449,.T.);
#1459=CARTESIAN_POINT('',(-2.45E1,5.E0,3.5E0));
#1460=DIRECTION('',(0.E0,-1.E0,0.E0));
#1461=DIRECTION('',(0.E0,0.E0,1.E0));
#1462=AXIS2_PLACEMENT_3D('',#1459,#1460,#1461);
#1463=PLANE('',#1462);
#1465=ORIENTED_EDGE('',*,*,#1464,.T.);
#1467=ORIENTED_EDGE('',*,*,#1466,.T.);
#1468=ORIENTED_EDGE('',*,*,#1416,.F.);
#1469=EDGE_LOOP('',(#1465,#1467,#1468));
#1470=FACE_OUTER_BOUND('',#1469,.F.);
#1471=ADVANCED_FACE('',(#1470),#1463,.T.);
#1472=CARTESIAN_POINT('',(2.25E1,1.1518E1,6.E0));
#1473=DIRECTION('',(0.E0,-1.E0,0.E0));
#1474=DIRECTION('',(0.E0,0.E0,-1.E0));
#1475=AXIS2_PLACEMENT_3D('',#1472,#1473,#1474);
#1476=CYLINDRICAL_SURFACE('',#1475,2.E0);
#1478=ORIENTED_EDGE('',*,*,#1477,.F.);
#1479=ORIENTED_EDGE('',*,*,#1450,.F.);
#1481=ORIENTED_EDGE('',*,*,#1480,.T.);
#1483=ORIENTED_EDGE('',*,*,#1482,.T.);
#1484=EDGE_LOOP('',(#1478,#1479,#1481,#1483));
#1485=FACE_OUTER_BOUND('',#1484,.F.);
#1486=ADVANCED_FACE('',(#1485),#1476,.T.);
#1487=CARTESIAN_POINT('',(2.45E1,5.507654562083E0,3.31E1));
#1488=DIRECTION('',(1.E0,0.E0,0.E0));
#1489=DIRECTION('',(0.E0,-1.E0,0.E0));
#1490=AXIS2_PLACEMENT_3D('',#1487,#1488,#1489);
#1491=PLANE('',#1490);
#1493=ORIENTED_EDGE('',*,*,#1492,.T.);
#1495=ORIENTED_EDGE('',*,*,#1494,.F.);
#1497=ORIENTED_EDGE('',*,*,#1496,.F.);
#1498=ORIENTED_EDGE('',*,*,#1452,.F.);
#1499=ORIENTED_EDGE('',*,*,#1477,.T.);
#1501=ORIENTED_EDGE('',*,*,#1500,.F.);
#1502=EDGE_LOOP('',(#1493,#1495,#1497,#1498,#1499,#1501));
#1503=FACE_OUTER_BOUND('',#1502,.F.);
#1504=ADVANCED_FACE('',(#1503),#1491,.T.);
#1505=CARTESIAN_POINT('',(2.25E1,1.1518E1,3.16E1));
#1506=DIRECTION('',(0.E0,-1.E0,0.E0));
#1507=DIRECTION('',(1.E0,0.E0,0.E0));
#1508=AXIS2_PLACEMENT_3D('',#1505,#1506,#1507);
#1509=CYLINDRICAL_SURFACE('',#1508,2.E0);
#1510=ORIENTED_EDGE('',*,*,#1492,.F.);
#1512=ORIENTED_EDGE('',*,*,#1511,.T.);
#1514=ORIENTED_EDGE('',*,*,#1513,.F.);
#1516=ORIENTED_EDGE('',*,*,#1515,.T.);
#1517=EDGE_LOOP('',(#1510,#1512,#1514,#1516));
#1518=FACE_OUTER_BOUND('',#1517,.F.);
#1519=ADVANCED_FACE('',(#1518),#1509,.T.);
#1520=CARTESIAN_POINT('',(0.E0,0.E0,1.88E1));
#1521=DIRECTION('',(0.E0,1.E0,0.E0));
#1522=DIRECTION('',(-1.E0,0.E0,0.E0));
#1523=AXIS2_PLACEMENT_3D('',#1520,#1521,#1522);
#1524=PLANE('',#1523);
#1526=ORIENTED_EDGE('',*,*,#1525,.T.);
#1528=ORIENTED_EDGE('',*,*,#1527,.T.);
#1529=ORIENTED_EDGE('',*,*,#1432,.T.);
#1531=ORIENTED_EDGE('',*,*,#1530,.F.);
#1533=ORIENTED_EDGE('',*,*,#1532,.T.);
#1534=ORIENTED_EDGE('',*,*,#1511,.F.);
#1535=ORIENTED_EDGE('',*,*,#1500,.T.);
#1536=ORIENTED_EDGE('',*,*,#1482,.F.);
#1538=ORIENTED_EDGE('',*,*,#1537,.T.);
#1539=EDGE_LOOP('',(#1526,#1528,#1529,#1531,#1533,#1534,#1535,#1536,#1538));
#1540=FACE_OUTER_BOUND('',#1539,.F.);
#1542=ORIENTED_EDGE('',*,*,#1541,.F.);
#1544=ORIENTED_EDGE('',*,*,#1543,.F.);
#1545=EDGE_LOOP('',(#1542,#1544));
#1546=FACE_BOUND('',#1545,.F.);
#1548=ORIENTED_EDGE('',*,*,#1547,.F.);
#1550=ORIENTED_EDGE('',*,*,#1549,.F.);
#1551=EDGE_LOOP('',(#1548,#1550));
#1552=FACE_BOUND('',#1551,.F.);
#1554=ORIENTED_EDGE('',*,*,#1553,.F.);
#1556=ORIENTED_EDGE('',*,*,#1555,.F.);
#1557=EDGE_LOOP('',(#1554,#1556));
#1558=FACE_BOUND('',#1557,.F.);
#1560=ORIENTED_EDGE('',*,*,#1559,.F.);
#1562=ORIENTED_EDGE('',*,*,#1561,.F.);
#1563=EDGE_LOOP('',(#1560,#1562));
#1564=FACE_BOUND('',#1563,.F.);
#1565=ADVANCED_FACE('',(#1540,#1546,#1552,#1558,#1564),#1524,.F.);
#1566=CARTESIAN_POINT('',(-1.25E1,0.E0,1.88E1));
#1567=DIRECTION('',(-1.E0,0.E0,0.E0));
#1568=DIRECTION('',(0.E0,-1.E0,0.E0));
#1569=AXIS2_PLACEMENT_3D('',#1566,#1567,#1568);
#1570=PLANE('',#1569);
#1571=ORIENTED_EDGE('',*,*,#1525,.F.);
#1573=ORIENTED_EDGE('',*,*,#1572,.F.);
#1575=ORIENTED_EDGE('',*,*,#1574,.F.);
#1577=ORIENTED_EDGE('',*,*,#1576,.F.);
#1579=ORIENTED_EDGE('',*,*,#1578,.F.);
#1580=EDGE_LOOP('',(#1571,#1573,#1575,#1577,#1579));
#1581=FACE_OUTER_BOUND('',#1580,.F.);
#1582=ADVANCED_FACE('',(#1581),#1570,.T.);
#1583=CARTESIAN_POINT('',(2.45E1,0.E0,4.E0));
#1584=DIRECTION('',(0.E0,0.E0,-1.E0));
#1585=DIRECTION('',(-1.E0,0.E0,0.E0));
#1586=AXIS2_PLACEMENT_3D('',#1583,#1584,#1585);
#1587=PLANE('',#1586);
#1589=ORIENTED_EDGE('',*,*,#1588,.T.);
#1591=ORIENTED_EDGE('',*,*,#1590,.T.);
#1593=ORIENTED_EDGE('',*,*,#1592,.T.);
#1595=ORIENTED_EDGE('',*,*,#1594,.T.);
#1597=ORIENTED_EDGE('',*,*,#1596,.T.);
#1599=ORIENTED_EDGE('',*,*,#1598,.T.);
#1601=ORIENTED_EDGE('',*,*,#1600,.F.);
#1602=ORIENTED_EDGE('',*,*,#1572,.T.);
#1603=ORIENTED_EDGE('',*,*,#1537,.F.);
#1604=ORIENTED_EDGE('',*,*,#1480,.F.);
#1605=EDGE_LOOP('',(#1589,#1591,#1593,#1595,#1597,#1599,#1601,#1602,#1603,
#1604));
#1606=FACE_OUTER_BOUND('',#1605,.F.);
#1607=ADVANCED_FACE('',(#1606),#1587,.T.);
#1608=CARTESIAN_POINT('',(2.45E1,6.6E1,0.E0));
#1609=DIRECTION('',(0.E0,-6.543324256068E-2,-9.978569490503E-1));
#1610=DIRECTION('',(0.E0,-9.978569490503E-1,6.543324256068E-2));
#1611=AXIS2_PLACEMENT_3D('',#1608,#1609,#1610);
#1612=PLANE('',#1611);
#1613=ORIENTED_EDGE('',*,*,#1588,.F.);
#1614=ORIENTED_EDGE('',*,*,#1454,.F.);
#1615=ORIENTED_EDGE('',*,*,#1496,.T.);
#1617=ORIENTED_EDGE('',*,*,#1616,.F.);
#1619=ORIENTED_EDGE('',*,*,#1618,.T.);
#1621=ORIENTED_EDGE('',*,*,#1620,.F.);
#1622=ORIENTED_EDGE('',*,*,#1418,.T.);
#1623=ORIENTED_EDGE('',*,*,#1466,.F.);
#1624=ORIENTED_EDGE('',*,*,#1596,.F.);
#1626=ORIENTED_EDGE('',*,*,#1625,.T.);
#1628=ORIENTED_EDGE('',*,*,#1627,.F.);
#1630=ORIENTED_EDGE('',*,*,#1629,.F.);
#1631=ORIENTED_EDGE('',*,*,#1592,.F.);
#1633=ORIENTED_EDGE('',*,*,#1632,.T.);
#1635=ORIENTED_EDGE('',*,*,#1634,.F.);
#1637=ORIENTED_EDGE('',*,*,#1636,.T.);
#1639=ORIENTED_EDGE('',*,*,#1638,.F.);
#1640=EDGE_LOOP('',(#1613,#1614,#1615,#1617,#1619,#1621,#1622,#1623,#1624,#1626,
#1628,#1630,#1631,#1633,#1635,#1637,#1639));
#1641=FACE_OUTER_BOUND('',#1640,.F.);
#1642=ADVANCED_FACE('',(#1641),#1612,.T.);
#1643=CARTESIAN_POINT('',(-3.55E1,5.507654562083E0,3.31E1));
#1644=DIRECTION('',(0.E0,0.E0,-1.E0));
#1645=DIRECTION('',(-1.E0,0.E0,0.E0));
#1646=AXIS2_PLACEMENT_3D('',#1643,#1644,#1645);
#1647=CYLINDRICAL_SURFACE('',#1646,6.E1);
#1649=ORIENTED_EDGE('',*,*,#1648,.T.);
#1651=ORIENTED_EDGE('',*,*,#1650,.T.);
#1652=ORIENTED_EDGE('',*,*,#1616,.T.);
#1653=ORIENTED_EDGE('',*,*,#1494,.T.);
#1655=ORIENTED_EDGE('',*,*,#1654,.T.);
#1657=ORIENTED_EDGE('',*,*,#1656,.T.);
#1658=EDGE_LOOP('',(#1649,#1651,#1652,#1653,#1655,#1657));
#1659=FACE_OUTER_BOUND('',#1658,.F.);
#1660=ADVANCED_FACE('',(#1659),#1647,.T.);
#1661=CARTESIAN_POINT('',(6.740624569526E0,4.703724805387E1,1.066344650979E1));
#1662=CARTESIAN_POINT('',(6.727797325672E0,4.705001666310E1,1.065604218054E1));
#1663=CARTESIAN_POINT('',(6.616303731616E0,4.716089658893E1,1.059185387897E1));
#1664=CARTESIAN_POINT('',(6.404716597613E0,4.736961468290E1,1.047281110288E1));
#1665=CARTESIAN_POINT('',(6.103180405931E0,4.766278463737E1,1.030993554336E1));
#1666=CARTESIAN_POINT('',(5.886598316821E0,4.787031656330E1,1.019764083410E1));
#1667=CARTESIAN_POINT('',(5.770956401879E0,4.798021372536E1,1.013905442229E1));
#1668=CARTESIAN_POINT('',(5.757632616676E0,4.799286358508E1,1.013232238042E1));
#1669=CARTESIAN_POINT('',(7.149489359950E0,4.736673425674E1,1.054639065677E1));
#1670=CARTESIAN_POINT('',(7.136507866516E0,4.737971947295E1,1.053905724891E1));
#1671=CARTESIAN_POINT('',(7.023673918800E0,4.749247931061E1,1.047548718390E1));
#1672=CARTESIAN_POINT('',(6.809549300113E0,4.770471874077E1,1.035764686401E1));
#1673=CARTESIAN_POINT('',(6.504413270337E0,4.800279054441E1,1.019655479361E1));
#1674=CARTESIAN_POINT('',(6.285257786306E0,4.821376031781E1,1.008558833493E1));
#1675=CARTESIAN_POINT('',(6.168245671625E0,4.832546816150E1,1.002772458249E1));
#1676=CARTESIAN_POINT('',(6.154764068600E0,4.833832631168E1,1.002107597867E1));
#1677=CARTESIAN_POINT('',(7.485745859563E0,4.745671936499E1,1.013618595881E1));
#1678=CARTESIAN_POINT('',(7.472637508976E0,4.747003756546E1,1.012882160801E1));
#1679=CARTESIAN_POINT('',(7.358701234426E0,4.758568809592E1,1.006498611759E1));
#1680=CARTESIAN_POINT('',(7.142489750501E0,4.780335457438E1,9.946699650484E0));
#1681=CARTESIAN_POINT('',(6.834393160206E0,4.810901278037E1,9.785111244231E0));
#1682=CARTESIAN_POINT('',(6.613121277823E0,4.832532638696E1,9.673883956576E0));
#1683=CARTESIAN_POINT('',(6.494982290448E0,4.843985593013E1,9.615908616008E0));
#1684=CARTESIAN_POINT('',(6.481370895693E0,4.845303876814E1,9.609247518848E0));
#1685=CARTESIAN_POINT('',(7.576790479333E0,4.726101318553E1,9.643394302992E0));
#1686=CARTESIAN_POINT('',(7.563647780975E0,4.727460982363E1,9.635913028230E0));
#1687=CARTESIAN_POINT('',(7.449413041035E0,4.739267800837E1,9.571064695771E0));
#1688=CARTESIAN_POINT('',(7.232636518658E0,4.761489149285E1,9.450912489542E0));
#1689=CARTESIAN_POINT('',(6.923738328670E0,4.792692648348E1,9.286802696259E0));
#1690=CARTESIAN_POINT('',(6.701893411465E0,4.814774686968E1,9.173859386021E0));
#1691=CARTESIAN_POINT('',(6.583449312676E0,4.826466072558E1,9.114995489054E0));
#1692=CARTESIAN_POINT('',(6.569802775586E0,4.827811798353E1,9.108232380112E0));
#1693=(BOUNDED_SURFACE()B_SPLINE_SURFACE(3,3,((#1661,#1662,#1663,#1664,#1665,
#1666,#1667,#1668),(#1669,#1670,#1671,#1672,#1673,#1674,#1675,#1676),(#1677,
#1678,#1679,#1680,#1681,#1682,#1683,#1684),(#1685,#1686,#1687,#1688,#1689,#1690,
#1691,#1692)),.UNSPECIFIED.,.F.,.F.,.F.)B_SPLINE_SURFACE_WITH_KNOTS((4,4),(4,1,
1,1,1,4),(0.E0,1.E0),(-4.337405684118E-2,0.E0,3.333321273670E-1,
6.666500968069E-1,1.E0,1.043372958510E0),.UNSPECIFIED.)GEOMETRIC_REPRESENTATION_ITEM()RATIONAL_B_SPLINE_SURFACE(((1.147219626345E0,1.147219626345E0,
1.147219626345E0,1.147219626345E0,1.147219626345E0,1.147219626345E0,
1.147219626345E0,1.147219626345E0),(9.509267912183E-1,9.509267912183E-1,
9.509267912183E-1,9.509267912183E-1,9.509267912183E-1,9.509267912183E-1,
9.509267912183E-1,9.509267912183E-1),(9.509267912183E-1,9.509267912183E-1,
9.509267912183E-1,9.509267912183E-1,9.509267912183E-1,9.509267912183E-1,
9.509267912183E-1,9.509267912183E-1),(1.147219626345E0,1.147219626345E0,
1.147219626345E0,1.147219626345E0,1.147219626345E0,1.147219626345E0,
1.147219626345E0,1.147219626345E0)))REPRESENTATION_ITEM('')SURFACE());
#1695=ORIENTED_EDGE('',*,*,#1694,.T.);
#1697=ORIENTED_EDGE('',*,*,#1696,.T.);
#1698=ORIENTED_EDGE('',*,*,#1648,.F.);
#1700=ORIENTED_EDGE('',*,*,#1699,.F.);
#1701=EDGE_LOOP('',(#1695,#1697,#1698,#1700));
#1702=FACE_OUTER_BOUND('',#1701,.F.);
#1703=ADVANCED_FACE('',(#1702),#1693,.T.);
#1704=CARTESIAN_POINT('',(2.45E1,6.208990049099E1,3.662184122940E1));
#1705=DIRECTION('',(-1.E0,0.E0,0.E0));
#1706=DIRECTION('',(0.E0,0.E0,1.E0));
#1707=AXIS2_PLACEMENT_3D('',#1704,#1705,#1706);
#1708=CYLINDRICAL_SURFACE('',#1707,3.E1);
#1710=ORIENTED_EDGE('',*,*,#1709,.F.);
#1711=ORIENTED_EDGE('',*,*,#1694,.F.);
#1713=ORIENTED_EDGE('',*,*,#1712,.T.);
#1715=ORIENTED_EDGE('',*,*,#1714,.T.);
#1717=ORIENTED_EDGE('',*,*,#1716,.F.);
#1718=EDGE_LOOP('',(#1710,#1711,#1713,#1715,#1717));
#1719=FACE_OUTER_BOUND('',#1718,.F.);
#1720=ADVANCED_FACE('',(#1719),#1708,.F.);
#1721=CARTESIAN_POINT('',(5.877485481692E0,4.787898932994E1,1.019323795157E1));
#1722=CARTESIAN_POINT('',(5.850839918024E0,4.790426786054E1,1.017964564181E1));
#1723=CARTESIAN_POINT('',(5.197992002173E0,4.852448196609E1,9.847300618753E0));
#1724=CARTESIAN_POINT('',(3.945970908740E0,4.975477068230E1,9.242352390623E0));
#1725=CARTESIAN_POINT('',(2.089283068098E0,5.170277019390E1,8.442873441695E0));
#1726=CARTESIAN_POINT('',(1.545441699178E-1,5.387819476401E1,7.726125861725E0));
#1727=CARTESIAN_POINT('',(-1.181954997473E0,5.550469170685E1,7.332655488626E0));
#1728=CARTESIAN_POINT('',(-1.884283937659E0,5.639848532355E1,7.159516341706E0));
#1729=CARTESIAN_POINT('',(-1.908161747437E0,5.642891889333E1,7.153669893067E0));
#1730=CARTESIAN_POINT('',(6.352649068976E0,4.829119407796E1,1.005859925801E1));
#1731=CARTESIAN_POINT('',(6.326090683898E0,4.831651573893E1,1.004544669208E1));
#1732=CARTESIAN_POINT('',(5.675388590174E0,4.893776061627E1,9.723886153650E0));
#1733=CARTESIAN_POINT('',(4.427945335149E0,5.016879037441E1,9.140103367911E0));
#1734=CARTESIAN_POINT('',(2.579310728645E0,5.211413822812E1,8.373146035291E0));
#1735=CARTESIAN_POINT('',(6.543238871123E-1,5.428234984066E1,7.691252092935E0));
#1736=CARTESIAN_POINT('',(-6.743934409517E-1,5.590004949816E1,
7.322321764583E0));
#1737=CARTESIAN_POINT('',(-1.372341727417E0,5.678801010105E1,7.162091927928E0));
#1738=CARTESIAN_POINT('',(-1.396070257215E0,5.681824392883E1,7.156684379409E0));
#1739=CARTESIAN_POINT('',(6.709862651304E0,4.837262171163E1,9.529837723082E0));
#1740=CARTESIAN_POINT('',(6.683369804447E0,4.839838448148E1,9.516797367568E0));
#1741=CARTESIAN_POINT('',(6.034280874756E0,4.903043134782E1,9.198004879404E0));
#1742=CARTESIAN_POINT('',(4.790279099889E0,5.028190457261E1,8.620419195743E0));
#1743=CARTESIAN_POINT('',(2.947698670710E0,5.225673507400E1,7.865085874377E0));
#1744=CARTESIAN_POINT('',(1.030043129772E0,5.445466243032E1,7.197913132986E0));
#1745=CARTESIAN_POINT('',(-2.928240473600E-1,5.609201019835E1,
6.841144800114E0));
#1746=CARTESIAN_POINT('',(-9.874790911385E-1,5.699001406667E1,
6.687859820986E0));
#1747=CARTESIAN_POINT('',(-1.011095396773E0,5.702058901471E1,6.682689036273E0));
#1748=CARTESIAN_POINT('',(6.708585838566E0,4.806844051196E1,8.963010653047E0));
#1749=CARTESIAN_POINT('',(6.682092757451E0,4.809474533541E1,8.949679414330E0));
#1750=CARTESIAN_POINT('',(6.032998061719E0,4.874009156740E1,8.623774593088E0));
#1751=CARTESIAN_POINT('',(4.788983985736E0,5.001794446723E1,8.033244668190E0));
#1752=CARTESIAN_POINT('',(2.946381916700E0,5.203453890417E1,7.260810379318E0));
#1753=CARTESIAN_POINT('',(1.028700170997E0,5.427910072572E1,6.578313443727E0));
#1754=CARTESIAN_POINT('',(-2.941879167266E-1,5.595131136056E1,
6.213139415683E0));
#1755=CARTESIAN_POINT('',(-9.888547317658E-1,5.686847184204E1,
6.056158314970E0));
#1756=CARTESIAN_POINT('',(-1.012471438530E0,5.689969906913E1,6.050862725801E0));
#1757=(BOUNDED_SURFACE()B_SPLINE_SURFACE(3,3,((#1721,#1722,#1723,#1724,#1725,
#1726,#1727,#1728,#1729),(#1730,#1731,#1732,#1733,#1734,#1735,#1736,#1737,
#1738),(#1739,#1740,#1741,#1742,#1743,#1744,#1745,#1746,#1747),(#1748,#1749,
#1750,#1751,#1752,#1753,#1754,#1755,#1756)),.UNSPECIFIED.,.F.,.F.,.F.)B_SPLINE_SURFACE_WITH_KNOTS((4,4),(4,1,1,1,1,1,4),(0.E0,1.E0),(-9.994777646657E-3,0.E0,
2.349689194845E-1,4.636174792428E-1,7.162675157504E-1,1.E0,1.009993997680E0),
.UNSPECIFIED.)GEOMETRIC_REPRESENTATION_ITEM()RATIONAL_B_SPLINE_SURFACE(((
1.202421584208E0,1.202421584208E0,1.202421584208E0,1.202421584208E0,
1.202421584208E0,1.202421584208E0,1.202421584208E0,1.202421584208E0,
1.202421584208E0),(9.325261385972E-1,9.325261385972E-1,9.325261385972E-1,
9.325261385972E-1,9.325261385972E-1,9.325261385972E-1,9.325261385972E-1,
9.325261385972E-1,9.325261385972E-1),(9.325261385972E-1,9.325261385972E-1,
9.325261385972E-1,9.325261385972E-1,9.325261385972E-1,9.325261385972E-1,
9.325261385972E-1,9.325261385972E-1,9.325261385972E-1),(1.202421584208E0,
1.202421584208E0,1.202421584208E0,1.202421584208E0,1.202421584208E0,
1.202421584208E0,1.202421584208E0,1.202421584208E0,1.202421584208E0)))REPRESENTATION_ITEM('')SURFACE());
#1758=ORIENTED_EDGE('',*,*,#1709,.T.);
#1760=ORIENTED_EDGE('',*,*,#1759,.T.);
#1762=ORIENTED_EDGE('',*,*,#1761,.F.);
#1763=ORIENTED_EDGE('',*,*,#1696,.F.);
#1764=EDGE_LOOP('',(#1758,#1760,#1762,#1763));
#1765=FACE_OUTER_BOUND('',#1764,.F.);
#1766=ADVANCED_FACE('',(#1765),#1757,.T.);
#1767=CARTESIAN_POINT('',(-1.733323468493E0,5.612403068263E1,7.205699223455E0));
#1768=CARTESIAN_POINT('',(-1.780293426879E0,5.618558756006E1,7.193849898410E0));
#1769=CARTESIAN_POINT('',(-2.346557235187E0,5.692991923447E1,7.050570177370E0));
#1770=CARTESIAN_POINT('',(-3.380771211278E0,5.833933830900E1,6.779256068700E0));
#1771=CARTESIAN_POINT('',(-4.750215170843E0,6.033189742965E1,6.395664283250E0));
#1772=CARTESIAN_POINT('',(-5.986172008311E0,6.224636682583E1,6.027084817387E0));
#1773=CARTESIAN_POINT('',(-7.139474238815E0,6.414388034472E1,5.661749960373E0));
#1774=CARTESIAN_POINT('',(-8.277401573910E0,6.613649970526E1,5.278082868002E0));
#1775=CARTESIAN_POINT('',(-9.443704873253E0,6.832460998878E1,4.856749899864E0));
#1776=CARTESIAN_POINT('',(-1.064783734210E1,7.076858765914E1,4.386116874456E0));
#1777=CARTESIAN_POINT('',(-1.188279515602E1,7.351496309929E1,3.857212119561E0));
#1778=CARTESIAN_POINT('',(-1.270025238671E1,7.554056191030E1,3.467083823013E0));
#1779=CARTESIAN_POINT('',(-1.311949949818E1,7.664883641721E1,3.253620951106E0));
#1780=CARTESIAN_POINT('',(-1.314665436758E1,7.672093050355E1,3.239734986994E0));
#1781=CARTESIAN_POINT('',(-1.207667384838E0,5.653302421441E1,7.238615984766E0));
#1782=CARTESIAN_POINT('',(-1.254249349612E0,5.659408247037E1,7.226766108654E0));
#1783=CARTESIAN_POINT('',(-1.815835260318E0,5.733238476162E1,7.083479736839E0));
#1784=CARTESIAN_POINT('',(-2.841498912268E0,5.873038320050E1,6.812153327461E0));
#1785=CARTESIAN_POINT('',(-4.199604355766E0,6.070678660625E1,6.428544913882E0));
#1786=CARTESIAN_POINT('',(-5.425312777518E0,6.260572443952E1,6.059950166821E0));
#1787=CARTESIAN_POINT('',(-6.569037699743E0,6.448783544230E1,5.694600820516E0));
#1788=CARTESIAN_POINT('',(-7.697500183915E0,6.646427119482E1,5.310919213526E0));
#1789=CARTESIAN_POINT('',(-8.854084489452E0,6.863459930240E1,4.889571140381E0));
#1790=CARTESIAN_POINT('',(-1.004816018477E1,7.105870200002E1,4.418922275740E0));
#1791=CARTESIAN_POINT('',(-1.127277516987E1,7.378272642022E1,3.890001016969E0));
#1792=CARTESIAN_POINT('',(-1.208336199655E1,7.579182616792E1,3.499861619814E0));
#1793=CARTESIAN_POINT('',(-1.249907764895E1,7.689106907296E1,3.286393010792E0));
#1794=CARTESIAN_POINT('',(-1.252600374872E1,7.696257562835E1,3.272506674853E0));
#1795=CARTESIAN_POINT('',(-8.013772828111E-1,5.675134136167E1,
6.757014991962E0));
#1796=CARTESIAN_POINT('',(-8.477189524421E-1,5.681197021325E1,
6.745173178446E0));
#1797=CARTESIAN_POINT('',(-1.406411333263E0,5.754508217710E1,6.601984113262E0));
#1798=CARTESIAN_POINT('',(-2.426867993929E0,5.893329639581E1,6.330837673992E0));
#1799=CARTESIAN_POINT('',(-3.778272315374E0,6.089598168286E1,5.947472544492E0));
#1800=CARTESIAN_POINT('',(-4.998108317125E0,6.278184346013E1,5.579101374710E0));
#1801=CARTESIAN_POINT('',(-6.136518939499E0,6.465109297587E1,5.213964019401E0));
#1802=CARTESIAN_POINT('',(-7.259914560344E0,6.661412816736E1,4.830494773973E0));
#1803=CARTESIAN_POINT('',(-8.411515922735E0,6.876986672859E1,4.409367700280E0));
#1804=CARTESIAN_POINT('',(-9.600708617205E0,7.117782969894E1,3.938950577463E0));
#1805=CARTESIAN_POINT('',(-1.082064750482E1,7.388391326129E1,3.410270784838E0));
#1806=CARTESIAN_POINT('',(-1.162841942270E1,7.587994299475E1,3.020293799266E0));
#1807=CARTESIAN_POINT('',(-1.204278252053E1,7.697208588887E1,2.806909129240E0));
#1808=CARTESIAN_POINT('',(-1.206962142133E1,7.704313079783E1,2.793028233450E0));
#1809=CARTESIAN_POINT('',(-8.025683059228E-1,5.662416546535E1,
6.102417090527E0));
#1810=CARTESIAN_POINT('',(-8.489877809359E-1,5.668473863594E1,
6.090586235790E0));
#1811=CARTESIAN_POINT('',(-1.408622907264E0,5.741717997877E1,5.947529430956E0));
#1812=CARTESIAN_POINT('',(-2.430908377111E0,5.880418474052E1,5.676627609235E0));
#1813=CARTESIAN_POINT('',(-3.785000980796E0,6.076531752384E1,5.293593154402E0));
#1814=CARTESIAN_POINT('',(-5.007504905665E0,6.264983146068E1,4.925525873567E0));
#1815=CARTESIAN_POINT('',(-6.148632800645E0,6.451788106844E1,4.560676658986E0));
#1816=CARTESIAN_POINT('',(-7.274952643517E0,6.647980157292E1,4.177496057964E0));
#1817=CARTESIAN_POINT('',(-8.429840700316E0,6.863448919733E1,3.756669369403E0));
#1818=CARTESIAN_POINT('',(-9.622786880790E0,7.104149295567E1,3.286567232879E0));
#1819=CARTESIAN_POINT('',(-1.084703239370E1,7.374676833952E1,2.758215643965E0));
#1820=CARTESIAN_POINT('',(-1.165804105256E1,7.574242553206E1,2.368459410183E0));
#1821=CARTESIAN_POINT('',(-1.207418964615E1,7.683443488314E1,2.155188831055E0));
#1822=CARTESIAN_POINT('',(-1.210114475460E1,7.690547140054E1,2.141315329581E0));
#1823=(BOUNDED_SURFACE()B_SPLINE_SURFACE(3,3,((#1767,#1768,#1769,#1770,#1771,
#1772,#1773,#1774,#1775,#1776,#1777,#1778,#1779,#1780),(#1781,#1782,#1783,#1784,
#1785,#1786,#1787,#1788,#1789,#1790,#1791,#1792,#1793,#1794),(#1795,#1796,#1797,
#1798,#1799,#1800,#1801,#1802,#1803,#1804,#1805,#1806,#1807,#1808),(#1809,#1810,
#1811,#1812,#1813,#1814,#1815,#1816,#1817,#1818,#1819,#1820,#1821,#1822)),
.UNSPECIFIED.,.F.,.F.,.F.)B_SPLINE_SURFACE_WITH_KNOTS((4,4),(4,1,1,1,1,1,1,1,1,
1,1,4),(0.E0,1.E0),(-1.000019072291E-2,0.E0,1.107904473122E-1,2.158161473066E-1,
3.125141223796E-1,4.055011261712E-1,5.031395676985E-1,6.095724847248E-1,
7.266507081878E-1,8.561965629805E-1,1.E0,1.009999925714E0),.UNSPECIFIED.)GEOMETRIC_REPRESENTATION_ITEM()RATIONAL_B_SPLINE_SURFACE(((1.215486454451E0,
1.215486454451E0,1.215486454451E0,1.215486454451E0,1.215486454451E0,
1.215486454451E0,1.215486454451E0,1.215486454451E0,1.215486454451E0,
1.215486454451E0,1.215486454451E0,1.215486454451E0,1.215486454451E0,
1.215486454451E0),(9.281711818496E-1,9.281711818496E-1,9.281711818496E-1,
9.281711818496E-1,9.281711818496E-1,9.281711818496E-1,9.281711818496E-1,
9.281711818496E-1,9.281711818496E-1,9.281711818496E-1,9.281711818496E-1,
9.281711818496E-1,9.281711818496E-1,9.281711818496E-1),(9.281711818496E-1,
9.281711818496E-1,9.281711818496E-1,9.281711818496E-1,9.281711818496E-1,
9.281711818496E-1,9.281711818496E-1,9.281711818496E-1,9.281711818496E-1,
9.281711818496E-1,9.281711818496E-1,9.281711818496E-1,9.281711818496E-1,
9.281711818496E-1),(1.215486454451E0,1.215486454451E0,1.215486454451E0,
1.215486454451E0,1.215486454451E0,1.215486454451E0,1.215486454451E0,
1.215486454451E0,1.215486454451E0,1.215486454451E0,1.215486454451E0,
1.215486454451E0,1.215486454451E0,1.215486454451E0)))REPRESENTATION_ITEM('')SURFACE());
#1825=ORIENTED_EDGE('',*,*,#1824,.T.);
#1827=ORIENTED_EDGE('',*,*,#1826,.T.);
#1829=ORIENTED_EDGE('',*,*,#1828,.F.);
#1830=ORIENTED_EDGE('',*,*,#1759,.F.);
#1831=EDGE_LOOP('',(#1825,#1827,#1829,#1830));
#1832=FACE_OUTER_BOUND('',#1831,.F.);
#1833=ADVANCED_FACE('',(#1832),#1823,.T.);
#1834=CARTESIAN_POINT('',(-2.45E1,5.148867948833E1,8.113695799261E0));
#1835=DIRECTION('',(0.E0,1.893961407134E-1,9.819007596916E-1));
#1836=DIRECTION('',(0.E0,9.819007596916E-1,-1.893961407134E-1));
#1837=AXIS2_PLACEMENT_3D('',#1834,#1835,#1836);
#1838=PLANE('',#1837);
#1840=ORIENTED_EDGE('',*,*,#1839,.F.);
#1842=ORIENTED_EDGE('',*,*,#1841,.F.);
#1844=ORIENTED_EDGE('',*,*,#1843,.F.);
#1846=ORIENTED_EDGE('',*,*,#1845,.F.);
#1847=ORIENTED_EDGE('',*,*,#1824,.F.);
#1848=ORIENTED_EDGE('',*,*,#1716,.T.);
#1850=ORIENTED_EDGE('',*,*,#1849,.F.);
#1852=ORIENTED_EDGE('',*,*,#1851,.T.);
#1854=ORIENTED_EDGE('',*,*,#1853,.T.);
#1856=ORIENTED_EDGE('',*,*,#1855,.T.);
#1857=EDGE_LOOP('',(#1840,#1842,#1844,#1846,#1847,#1848,#1850,#1852,#1854,
#1856));
#1858=FACE_OUTER_BOUND('',#1857,.F.);
#1859=ADVANCED_FACE('',(#1858),#1838,.T.);
#1860=CARTESIAN_POINT('',(-2.35E1,7.626514370102E1,2.316198805579E0));
#1861=DIRECTION('',(0.E0,-9.819007596916E-1,1.893961407134E-1));
#1862=DIRECTION('',(0.E0,1.893961407134E-1,9.819007596916E-1));
#1863=AXIS2_PLACEMENT_3D('',#1860,#1861,#1862);
#1864=CYLINDRICAL_SURFACE('',#1863,1.E0);
#1865=ORIENTED_EDGE('',*,*,#1839,.T.);
#1867=ORIENTED_EDGE('',*,*,#1866,.T.);
#1868=ORIENTED_EDGE('',*,*,#1424,.F.);
#1870=ORIENTED_EDGE('',*,*,#1869,.F.);
#1871=EDGE_LOOP('',(#1865,#1867,#1868,#1870));
#1872=FACE_OUTER_BOUND('',#1871,.F.);
#1873=ADVANCED_FACE('',(#1872),#1864,.T.);
#1874=CARTESIAN_POINT('',(-2.35E1,6.208990049099E1,3.662184122940E1));
#1875=DIRECTION('',(-1.E0,0.E0,0.E0));
#1876=DIRECTION('',(0.E0,-1.833322074881E-1,-9.830510168336E-1));
#1877=AXIS2_PLACEMENT_3D('',#1874,#1875,#1876);
#1878=TOROIDAL_SURFACE('',#1877,3.1E1,1.E0);
#1880=ORIENTED_EDGE('',*,*,#1879,.T.);
#1882=ORIENTED_EDGE('',*,*,#1881,.T.);
#1883=ORIENTED_EDGE('',*,*,#1426,.F.);
#1884=ORIENTED_EDGE('',*,*,#1866,.F.);
#1885=EDGE_LOOP('',(#1880,#1882,#1883,#1884));
#1886=FACE_OUTER_BOUND('',#1885,.F.);
#1887=ADVANCED_FACE('',(#1886),#1878,.T.);
#1888=CARTESIAN_POINT('',(8.83764E1,6.208990049099E1,3.662184122940E1));
#1889=DIRECTION('',(-1.E0,0.E0,0.E0));
#1890=DIRECTION('',(0.E0,-1.893961407134E-1,-9.819007596916E-1));
#1891=AXIS2_PLACEMENT_3D('',#1888,#1889,#1890);
#1892=CYLINDRICAL_SURFACE('',#1891,3.E1);
#1893=ORIENTED_EDGE('',*,*,#1879,.F.);
#1894=ORIENTED_EDGE('',*,*,#1855,.F.);
#1896=ORIENTED_EDGE('',*,*,#1895,.F.);
#1898=ORIENTED_EDGE('',*,*,#1897,.T.);
#1899=EDGE_LOOP('',(#1893,#1894,#1896,#1898));
#1900=FACE_OUTER_BOUND('',#1899,.F.);
#1901=ADVANCED_FACE('',(#1900),#1892,.F.);
#1902=CARTESIAN_POINT('',(-2.05E1,0.E0,0.E0));
#1903=DIRECTION('',(-1.E0,0.E0,0.E0));
#1904=DIRECTION('',(0.E0,0.E0,1.E0));
#1905=AXIS2_PLACEMENT_3D('',#1902,#1903,#1904);
#1906=PLANE('',#1905);
#1908=ORIENTED_EDGE('',*,*,#1907,.F.);
#1910=ORIENTED_EDGE('',*,*,#1909,.F.);
#1911=ORIENTED_EDGE('',*,*,#1895,.T.);
#1912=ORIENTED_EDGE('',*,*,#1853,.F.);
#1914=ORIENTED_EDGE('',*,*,#1913,.F.);
#1915=EDGE_LOOP('',(#1908,#1910,#1911,#1912,#1914));
#1916=FACE_OUTER_BOUND('',#1915,.F.);
#1917=ADVANCED_FACE('',(#1916),#1906,.F.);
#1918=CARTESIAN_POINT('',(-2.05E1,0.E0,0.E0));
#1919=DIRECTION('',(-1.E0,0.E0,0.E0));
#1920=DIRECTION('',(0.E0,0.E0,1.E0));
#1921=AXIS2_PLACEMENT_3D('',#1918,#1919,#1920);
#1922=PLANE('',#1921);
#1923=ORIENTED_EDGE('',*,*,#1625,.F.);
#1925=ORIENTED_EDGE('',*,*,#1924,.T.);
#1927=ORIENTED_EDGE('',*,*,#1926,.T.);
#1929=ORIENTED_EDGE('',*,*,#1928,.T.);
#1930=EDGE_LOOP('',(#1923,#1925,#1927,#1929));
#1931=FACE_OUTER_BOUND('',#1930,.F.);
#1932=ADVANCED_FACE('',(#1931),#1922,.F.);
#1933=CARTESIAN_POINT('',(-2.05E1,0.E0,0.E0));
#1934=DIRECTION('',(-1.E0,0.E0,0.E0));
#1935=DIRECTION('',(0.E0,0.E0,1.E0));
#1936=AXIS2_PLACEMENT_3D('',#1933,#1934,#1935);
#1937=PLANE('',#1936);
#1939=ORIENTED_EDGE('',*,*,#1938,.T.);
#1941=ORIENTED_EDGE('',*,*,#1940,.T.);
#1943=ORIENTED_EDGE('',*,*,#1942,.T.);
#1945=ORIENTED_EDGE('',*,*,#1944,.F.);
#1947=ORIENTED_EDGE('',*,*,#1946,.T.);
#1949=ORIENTED_EDGE('',*,*,#1948,.T.);
#1950=EDGE_LOOP('',(#1939,#1941,#1943,#1945,#1947,#1949));
#1951=FACE_OUTER_BOUND('',#1950,.F.);
#1952=ADVANCED_FACE('',(#1951),#1937,.F.);
#1953=CARTESIAN_POINT('',(-2.05E1,2.9E1,3.31E1));
#1954=DIRECTION('',(0.E0,1.E0,0.E0));
#1955=DIRECTION('',(1.E0,0.E0,0.E0));
#1956=AXIS2_PLACEMENT_3D('',#1953,#1954,#1955);
#1957=PLANE('',#1956);
#1958=ORIENTED_EDGE('',*,*,#1907,.T.);
#1960=ORIENTED_EDGE('',*,*,#1959,.F.);
#1962=ORIENTED_EDGE('',*,*,#1961,.T.);
#1964=ORIENTED_EDGE('',*,*,#1963,.T.);
#1965=EDGE_LOOP('',(#1958,#1960,#1962,#1964));
#1966=FACE_OUTER_BOUND('',#1965,.F.);
#1967=ADVANCED_FACE('',(#1966),#1957,.T.);
#1968=CARTESIAN_POINT('',(-2.05E1,6.086960244677E1,6.304235334828E0));
#1969=DIRECTION('',(0.E0,5.728283550788E-2,9.983579902801E-1));
#1970=DIRECTION('',(0.E0,-9.983579902801E-1,5.728283550788E-2));
#1971=AXIS2_PLACEMENT_3D('',#1968,#1969,#1970);
#1972=PLANE('',#1971);
#1973=ORIENTED_EDGE('',*,*,#1959,.T.);
#1974=ORIENTED_EDGE('',*,*,#1913,.T.);
#1975=ORIENTED_EDGE('',*,*,#1851,.F.);
#1977=ORIENTED_EDGE('',*,*,#1976,.T.);
#1979=ORIENTED_EDGE('',*,*,#1978,.F.);
#1980=EDGE_LOOP('',(#1973,#1974,#1975,#1977,#1979));
#1981=FACE_OUTER_BOUND('',#1980,.F.);
#1982=ADVANCED_FACE('',(#1981),#1972,.T.);
#1983=CARTESIAN_POINT('',(6.270154409316E1,1.052897007313E2,3.31E1));
#1984=DIRECTION('',(0.E0,0.E0,-1.E0));
#1985=DIRECTION('',(-1.E0,0.E0,0.E0));
#1986=AXIS2_PLACEMENT_3D('',#1983,#1984,#1985);
#1987=CYLINDRICAL_SURFACE('',#1986,8.4E1);
#1988=ORIENTED_EDGE('',*,*,#1976,.F.);
#1989=ORIENTED_EDGE('',*,*,#1849,.T.);
#1990=ORIENTED_EDGE('',*,*,#1714,.F.);
#1992=ORIENTED_EDGE('',*,*,#1991,.T.);
#1994=ORIENTED_EDGE('',*,*,#1993,.F.);
#1995=EDGE_LOOP('',(#1988,#1989,#1990,#1992,#1994));
#1996=FACE_OUTER_BOUND('',#1995,.F.);
#1997=ADVANCED_FACE('',(#1996),#1987,.T.);
#1998=CARTESIAN_POINT('',(-2.45E1,8.E0,3.31E1));
#1999=DIRECTION('',(0.E0,4.981761145516E-1,8.670758668596E-1));
#2000=DIRECTION('',(0.E0,8.670758668596E-1,-4.981761145516E-1));
#2001=AXIS2_PLACEMENT_3D('',#1998,#1999,#2000);
#2002=PLANE('',#2001);
#2004=ORIENTED_EDGE('',*,*,#2003,.F.);
#2005=ORIENTED_EDGE('',*,*,#1897,.F.);
#2006=ORIENTED_EDGE('',*,*,#1909,.T.);
#2007=ORIENTED_EDGE('',*,*,#1963,.F.);
#2009=ORIENTED_EDGE('',*,*,#2008,.T.);
#2010=ORIENTED_EDGE('',*,*,#1991,.F.);
#2011=ORIENTED_EDGE('',*,*,#1712,.F.);
#2013=ORIENTED_EDGE('',*,*,#2012,.F.);
#2015=ORIENTED_EDGE('',*,*,#2014,.F.);
#2017=ORIENTED_EDGE('',*,*,#2016,.F.);
#2019=ORIENTED_EDGE('',*,*,#2018,.T.);
#2021=ORIENTED_EDGE('',*,*,#2020,.F.);
#2023=ORIENTED_EDGE('',*,*,#2022,.T.);
#2025=ORIENTED_EDGE('',*,*,#2024,.F.);
#2027=ORIENTED_EDGE('',*,*,#2026,.T.);
#2029=ORIENTED_EDGE('',*,*,#2028,.F.);
#2030=ORIENTED_EDGE('',*,*,#1946,.F.);
#2032=ORIENTED_EDGE('',*,*,#2031,.F.);
#2034=ORIENTED_EDGE('',*,*,#2033,.F.);
#2035=EDGE_LOOP('',(#2004,#2005,#2006,#2007,#2009,#2010,#2011,#2013,#2015,#2017,
#2019,#2021,#2023,#2025,#2027,#2029,#2030,#2032,#2034));
#2036=FACE_OUTER_BOUND('',#2035,.F.);
#2037=ADVANCED_FACE('',(#2036),#2002,.T.);
#2038=CARTESIAN_POINT('',(-2.35E1,4.679371109991E1,9.657875681158E0));
#2039=DIRECTION('',(0.E0,-8.670758668596E-1,4.981761145516E-1));
#2040=DIRECTION('',(0.E0,4.981761145516E-1,8.670758668596E-1));
#2041=AXIS2_PLACEMENT_3D('',#2038,#2039,#2040);
#2042=CYLINDRICAL_SURFACE('',#2041,1.E0);
#2043=ORIENTED_EDGE('',*,*,#2003,.T.);
#2045=ORIENTED_EDGE('',*,*,#2044,.T.);
#2046=ORIENTED_EDGE('',*,*,#1428,.F.);
#2047=ORIENTED_EDGE('',*,*,#1881,.F.);
#2048=EDGE_LOOP('',(#2043,#2045,#2046,#2047));
#2049=FACE_OUTER_BOUND('',#2048,.F.);
#2050=ADVANCED_FACE('',(#2049),#2042,.T.);
#2051=CARTESIAN_POINT('',(-2.338202971603E1,9.156636203208E0,3.242748376349E1));
#2052=CARTESIAN_POINT('',(-2.338241668804E1,9.137149650302E0,3.243867971022E1));
#2053=CARTESIAN_POINT('',(-2.338313887730E1,9.064456967677E0,3.248044509612E1));
#2054=CARTESIAN_POINT('',(-2.337968595859E1,8.937088478155E0,3.255362432028E1));
#2055=CARTESIAN_POINT('',(-2.336616939877E1,8.773689365496E0,3.264750484236E1));
#2056=CARTESIAN_POINT('',(-2.334277982469E1,8.608993173638E0,3.274213059782E1));
#2057=CARTESIAN_POINT('',(-2.330935191656E1,8.446787710088E0,3.283532531201E1));
#2058=CARTESIAN_POINT('',(-2.326673841426E1,8.292138033250E0,3.292417886920E1));
#2059=CARTESIAN_POINT('',(-2.321650062062E1,8.149213206409E0,3.300629594526E1));
#2060=CARTESIAN_POINT('',(-2.316085637934E1,8.021302160153E0,3.307978689394E1));
#2061=CARTESIAN_POINT('',(-2.310210941240E1,7.909892579715E0,3.314379696967E1));
#2062=CARTESIAN_POINT('',(-2.304199015203E1,7.814523947991E0,3.319859076133E1));
#2063=CARTESIAN_POINT('',(-2.298146597801E1,7.733657171978E0,3.324505255068E1));
#2064=CARTESIAN_POINT('',(-2.292119028308E1,7.665796750700E0,3.328404157378E1));
#2065=CARTESIAN_POINT('',(-2.286191660055E1,7.609839792426E0,3.331619149413E1));
#2066=CARTESIAN_POINT('',(-2.280446359821E1,7.564803176856E0,3.334206716085E1));
#2067=CARTESIAN_POINT('',(-2.274945960437E1,7.529557782327E0,3.336231730778E1));
#2068=CARTESIAN_POINT('',(-2.269742015761E1,7.502953144184E0,3.337760293129E1));
#2069=CARTESIAN_POINT('',(-2.264830046066E1,7.483648727744E0,3.338869423200E1));
#2070=CARTESIAN_POINT('',(-2.260062122033E1,7.470132687219E0,3.339645983685E1));
#2071=CARTESIAN_POINT('',(-2.255145647873E1,7.461487806031E0,3.340142673016E1));
#2072=CARTESIAN_POINT('',(-2.250004324986E1,7.458373529757E0,3.340321602924E1));
#2073=CARTESIAN_POINT('',(-2.246463835145E1,7.460513606428E0,3.340198645393E1));
#2074=CARTESIAN_POINT('',(-2.244698761708E1,7.462647007792E0,3.340076071389E1));
#2075=CARTESIAN_POINT('',(-2.407866433816E1,9.208085260236E0,3.249290882067E1));
#2076=CARTESIAN_POINT('',(-2.407911950933E1,9.185123181275E0,3.250610162157E1));
#2077=CARTESIAN_POINT('',(-2.407996971757E1,9.099483574720E0,3.255530562791E1));
#2078=CARTESIAN_POINT('',(-2.407590491574E1,8.949430405439E0,3.264151827400E1));
#2079=CARTESIAN_POINT('',(-2.405994350965E1,8.756311964417E0,3.275247395652E1));
#2080=CARTESIAN_POINT('',(-2.403213437134E1,8.560301864578E0,3.286509103385E1));
#2081=CARTESIAN_POINT('',(-2.399193508835E1,8.365017239371E0,3.297729129167E1));
#2082=CARTESIAN_POINT('',(-2.393982307102E1,8.175647748382E0,3.308609302500E1));
#2083=CARTESIAN_POINT('',(-2.387694976299E1,7.996503653183E0,3.318901978458E1));
#2084=CARTESIAN_POINT('',(-2.380515995751E1,7.831191579878E0,3.328399939307E1));
#2085=CARTESIAN_POINT('',(-2.372640566452E1,7.681547288197E0,3.336997711964E1));
#2086=CARTESIAN_POINT('',(-2.364196317180E1,7.547297775376E0,3.344710981729E1));
#2087=CARTESIAN_POINT('',(-2.355209151746E1,7.426911149915E0,3.351627763018E1));
#2088=CARTESIAN_POINT('',(-2.345654552825E1,7.319015593304E0,3.357826873294E1));
#2089=CARTESIAN_POINT('',(-2.335526018179E1,7.223055470755E0,3.363340236407E1));
#2090=CARTESIAN_POINT('',(-2.324854751596E1,7.139056795962E0,3.368166357746E1));
#2091=CARTESIAN_POINT('',(-2.313693043023E1,7.067197007082E0,3.372295042650E1));
#2092=CARTESIAN_POINT('',(-2.302152458414E1,7.007887668308E0,3.375702644807E1));
#2093=CARTESIAN_POINT('',(-2.290319732323E1,6.961126671160E0,3.378389285361E1));
#2094=CARTESIAN_POINT('',(-2.277993882204E1,6.925980278944E0,3.380408611903E1));
#2095=CARTESIAN_POINT('',(-2.264559234538E1,6.902186611353E0,3.381775670695E1));
#2096=CARTESIAN_POINT('',(-2.250012997531E1,6.893286192855E0,3.382287041853E1));
#2097=CARTESIAN_POINT('',(-2.239992929897E1,6.899406523388E0,3.381935399903E1));
#2098=CARTESIAN_POINT('',(-2.235085651819E1,6.905679868557E0,3.381574966539E1));
#2099=CARTESIAN_POINT('',(-2.457468895193E1,8.968360398405E0,3.205849190846E1));
#2100=CARTESIAN_POINT('',(-2.457519268292E1,8.942923641307E0,3.207310652905E1));
#2101=CARTESIAN_POINT('',(-2.457613404450E1,8.848065439037E0,3.212760705484E1));
#2102=CARTESIAN_POINT('',(-2.457163356366E1,8.681860101665E0,3.222309988581E1));
#2103=CARTESIAN_POINT('',(-2.455393135415E1,8.467580613080E0,3.234621359146E1));
#2104=CARTESIAN_POINT('',(-2.452297535439E1,8.249274077464E0,3.247164102619E1));
#2105=CARTESIAN_POINT('',(-2.447795465068E1,8.030436103251E0,3.259737379754E1));
#2106=CARTESIAN_POINT('',(-2.441907940755E1,7.816345069782E0,3.272037922681E1));
#2107=CARTESIAN_POINT('',(-2.434720923667E1,7.611411776016E0,3.283812310129E1));
#2108=CARTESIAN_POINT('',(-2.426392330827E1,7.419469056736E0,3.294840327602E1));
#2109=CARTESIAN_POINT('',(-2.417092320283E1,7.242600511086E0,3.305002262472E1));
#2110=CARTESIAN_POINT('',(-2.406916184373E1,7.080666652100E0,3.314306128923E1));
#2111=CARTESIAN_POINT('',(-2.395839390873E1,6.932140715966E0,3.322839646762E1));
#2112=CARTESIAN_POINT('',(-2.383773441878E1,6.795738949772E0,3.330676573667E1));
#2113=CARTESIAN_POINT('',(-2.370653551546E1,6.671295381987E0,3.337826445489E1));
#2114=CARTESIAN_POINT('',(-2.356474850107E1,6.559554559786E0,3.344246484469E1));
#2115=CARTESIAN_POINT('',(-2.341282120660E1,6.461624230855E0,3.349873045262E1));
#2116=CARTESIAN_POINT('',(-2.325229659559E1,6.379028170486E0,3.354618579765E1));
#2117=CARTESIAN_POINT('',(-2.308469148643E1,6.312717269546E0,3.358428454800E1));
#2118=CARTESIAN_POINT('',(-2.290761829892E1,6.262169422245E0,3.361332667814E1));
#2119=CARTESIAN_POINT('',(-2.271261988810E1,6.227589367235E0,3.363319455603E1));
#2120=CARTESIAN_POINT('',(-2.250019172641E1,6.214569043020E0,3.364067534840E1));
#2121=CARTESIAN_POINT('',(-2.235385452500E1,6.223523432933E0,3.363553062768E1));
#2122=CARTESIAN_POINT('',(-2.228240831065E1,6.232744541479E0,3.363023266449E1));
#2123=CARTESIAN_POINT('',(-2.449234189265E1,8.620030910360E0,3.145507559267E1));
#2124=CARTESIAN_POINT('',(-2.449283756203E1,8.595004984623E0,3.146945417120E1));
#2125=CARTESIAN_POINT('',(-2.449376379087E1,8.501677198842E0,3.152307540030E1));
#2126=CARTESIAN_POINT('',(-2.448933563887E1,8.338153348449E0,3.161702759011E1));
#2127=CARTESIAN_POINT('',(-2.447192242721E1,8.127386891253E0,3.173812289300E1));
#2128=CARTESIAN_POINT('',(-2.444148885069E1,7.912781877433E0,3.186142362830E1));
#2129=CARTESIAN_POINT('',(-2.439726857059E1,7.697854090280E0,3.198490981216E1));
#2130=CARTESIAN_POINT('',(-2.433951611803E1,7.487867180412E0,3.210555722822E1));
#2131=CARTESIAN_POINT('',(-2.426913955287E1,7.287215256168E0,3.222084125332E1));
#2132=CARTESIAN_POINT('',(-2.418776214249E1,7.099693598508E0,3.232858131896E1));
#2133=CARTESIAN_POINT('',(-2.409712704219E1,6.927344661751E0,3.242760393848E1));
#2134=CARTESIAN_POINT('',(-2.399824085839E1,6.770006793430E0,3.251800198888E1));
#2135=CARTESIAN_POINT('',(-2.389094199975E1,6.626152378466E0,3.260065315730E1));
#2136=CARTESIAN_POINT('',(-2.377445170398E1,6.494483043818E0,3.267630342050E1));
#2137=CARTESIAN_POINT('',(-2.364821887164E1,6.374768128379E0,3.274508530419E1));
#2138=CARTESIAN_POINT('',(-2.351225469221E1,6.267632892662E0,3.280663956663E1));
#2139=CARTESIAN_POINT('',(-2.336701945910E1,6.174030639894E0,3.286041848999E1));
#2140=CARTESIAN_POINT('',(-2.321398519737E1,6.095300502688E0,3.290565267924E1));
#2141=CARTESIAN_POINT('',(-2.305456090379E1,6.032235160621E0,3.294188670244E1));
#2142=CARTESIAN_POINT('',(-2.288642171077E1,5.984244171386E0,3.296945979663E1));
#2143=CARTESIAN_POINT('',(-2.270149237370E1,5.951454808329E0,3.298829883726E1));
#2144=CARTESIAN_POINT('',(-2.250018147486E1,5.939118446382E0,3.299538666094E1));
#2145=CARTESIAN_POINT('',(-2.236150358522E1,5.947602342596E0,3.299051226112E1));
#2146=CARTESIAN_POINT('',(-2.229377167538E1,5.956334080980E0,3.298549546424E1));
#2147=(BOUNDED_SURFACE()B_SPLINE_SURFACE(3,3,((#2051,#2052,#2053,#2054,#2055,
#2056,#2057,#2058,#2059,#2060,#2061,#2062,#2063,#2064,#2065,#2066,#2067,#2068,
#2069,#2070,#2071,#2072,#2073,#2074),(#2075,#2076,#2077,#2078,#2079,#2080,#2081,
#2082,#2083,#2084,#2085,#2086,#2087,#2088,#2089,#2090,#2091,#2092,#2093,#2094,
#2095,#2096,#2097,#2098),(#2099,#2100,#2101,#2102,#2103,#2104,#2105,#2106,#2107,
#2108,#2109,#2110,#2111,#2112,#2113,#2114,#2115,#2116,#2117,#2118,#2119,#2120,
#2121,#2122),(#2123,#2124,#2125,#2126,#2127,#2128,#2129,#2130,#2131,#2132,#2133,
#2134,#2135,#2136,#2137,#2138,#2139,#2140,#2141,#2142,#2143,#2144,#2145,#2146)),
.UNSPECIFIED.,.F.,.F.,.F.)B_SPLINE_SURFACE_WITH_KNOTS((4,4),(4,1,1,1,1,1,1,1,1,
1,1,1,1,1,1,1,1,1,1,1,1,4),(0.E0,1.E0),(-2.668828065381E-2,0.E0,
7.283205151031E-2,1.476421657304E-1,2.246150722727E-1,3.013058091323E-1,
3.760891595844E-1,4.472795047185E-1,5.133987529767E-1,5.735502563869E-1,
6.280513444492E-1,6.779204750568E-1,7.238913844712E-1,7.663158078485E-1,
8.054774311647E-1,8.416471061170E-1,8.752273738632E-1,9.062915015094E-1,
9.357165515855E-1,9.661373098125E-1,1.E0,1.033753946928E0),.UNSPECIFIED.)GEOMETRIC_REPRESENTATION_ITEM()RATIONAL_B_SPLINE_SURFACE(((1.235169652428E0,
1.235169652428E0,1.235169652428E0,1.235169652428E0,1.235169652428E0,
1.235169652428E0,1.235169652428E0,1.235169652428E0,1.235169652428E0,
1.235169652428E0,1.235169652428E0,1.235169652428E0,1.235169652428E0,
1.235169652428E0,1.235169652428E0,1.235169652428E0,1.235169652428E0,
1.235169652428E0,1.235169652428E0,1.235169652428E0,1.235169652428E0,
1.235169652428E0,1.235169652428E0,1.235169652428E0),(9.216101158574E-1,
9.216101158574E-1,9.216101158574E-1,9.216101158574E-1,9.216101158574E-1,
9.216101158574E-1,9.216101158574E-1,9.216101158574E-1,9.216101158574E-1,
9.216101158574E-1,9.216101158574E-1,9.216101158574E-1,9.216101158574E-1,
9.216101158574E-1,9.216101158574E-1,9.216101158574E-1,9.216101158574E-1,
9.216101158574E-1,9.216101158574E-1,9.216101158574E-1,9.216101158574E-1,
9.216101158574E-1,9.216101158574E-1,9.216101158574E-1),(9.216101158574E-1,
9.216101158574E-1,9.216101158574E-1,9.216101158574E-1,9.216101158574E-1,
9.216101158574E-1,9.216101158574E-1,9.216101158574E-1,9.216101158574E-1,
9.216101158574E-1,9.216101158574E-1,9.216101158574E-1,9.216101158574E-1,
9.216101158574E-1,9.216101158574E-1,9.216101158574E-1,9.216101158574E-1,
9.216101158574E-1,9.216101158574E-1,9.216101158574E-1,9.216101158574E-1,
9.216101158574E-1,9.216101158574E-1,9.216101158574E-1),(1.235169652428E0,
1.235169652428E0,1.235169652428E0,1.235169652428E0,1.235169652428E0,
1.235169652428E0,1.235169652428E0,1.235169652428E0,1.235169652428E0,
1.235169652428E0,1.235169652428E0,1.235169652428E0,1.235169652428E0,
1.235169652428E0,1.235169652428E0,1.235169652428E0,1.235169652428E0,
1.235169652428E0,1.235169652428E0,1.235169652428E0,1.235169652428E0,
1.235169652428E0,1.235169652428E0,1.235169652428E0)))REPRESENTATION_ITEM('')SURFACE());
#2148=ORIENTED_EDGE('',*,*,#2033,.T.);
#2150=ORIENTED_EDGE('',*,*,#2149,.T.);
#2152=ORIENTED_EDGE('',*,*,#2151,.F.);
#2153=ORIENTED_EDGE('',*,*,#2044,.F.);
#2154=EDGE_LOOP('',(#2148,#2150,#2152,#2153));
#2155=FACE_OUTER_BOUND('',#2154,.F.);
#2156=ADVANCED_FACE('',(#2155),#2147,.T.);
#2157=CARTESIAN_POINT('',(-2.267664299599E1,6.862928089035E0,3.26E1));
#2158=DIRECTION('',(1.E0,0.E0,0.E0));
#2159=DIRECTION('',(0.E0,4.981761145516E-1,8.670758668596E-1));
#2160=AXIS2_PLACEMENT_3D('',#2157,#2158,#2159);
#2161=CYLINDRICAL_SURFACE('',#2160,1.E0);
#2162=ORIENTED_EDGE('',*,*,#1944,.T.);
#2164=ORIENTED_EDGE('',*,*,#2163,.F.);
#2165=ORIENTED_EDGE('',*,*,#2149,.F.);
#2166=ORIENTED_EDGE('',*,*,#2031,.T.);
#2167=EDGE_LOOP('',(#2162,#2164,#2165,#2166));
#2168=FACE_OUTER_BOUND('',#2167,.F.);
#2169=ADVANCED_FACE('',(#2168),#2161,.T.);
#2170=CARTESIAN_POINT('',(-2.45E1,0.E0,3.36E1));
#2171=DIRECTION('',(0.E0,0.E0,1.E0));
#2172=DIRECTION('',(1.E0,0.E0,0.E0));
#2173=AXIS2_PLACEMENT_3D('',#2170,#2171,#2172);
#2174=PLANE('',#2173);
#2176=ORIENTED_EDGE('',*,*,#2175,.T.);
#2178=ORIENTED_EDGE('',*,*,#2177,.T.);
#2180=ORIENTED_EDGE('',*,*,#2179,.T.);
#2182=ORIENTED_EDGE('',*,*,#2181,.F.);
#2184=ORIENTED_EDGE('',*,*,#2183,.T.);
#2186=ORIENTED_EDGE('',*,*,#2185,.F.);
#2188=ORIENTED_EDGE('',*,*,#2187,.F.);
#2190=ORIENTED_EDGE('',*,*,#2189,.T.);
#2192=ORIENTED_EDGE('',*,*,#2191,.F.);
#2193=ORIENTED_EDGE('',*,*,#1513,.T.);
#2194=ORIENTED_EDGE('',*,*,#1532,.F.);
#2196=ORIENTED_EDGE('',*,*,#2195,.T.);
#2197=ORIENTED_EDGE('',*,*,#2163,.T.);
#2198=ORIENTED_EDGE('',*,*,#1942,.F.);
#2199=EDGE_LOOP('',(#2176,#2178,#2180,#2182,#2184,#2186,#2188,#2190,#2192,#2193,
#2194,#2196,#2197,#2198));
#2200=FACE_OUTER_BOUND('',#2199,.F.);
#2201=ADVANCED_FACE('',(#2200),#2174,.T.);
#2202=CARTESIAN_POINT('',(0.E0,5.E0,1.88E1));
#2203=DIRECTION('',(0.E0,1.E0,0.E0));
#2204=DIRECTION('',(-1.E0,0.E0,0.E0));
#2205=AXIS2_PLACEMENT_3D('',#2202,#2203,#2204);
#2206=PLANE('',#2205);
#2207=ORIENTED_EDGE('',*,*,#1924,.F.);
#2208=ORIENTED_EDGE('',*,*,#1594,.F.);
#2210=ORIENTED_EDGE('',*,*,#2209,.T.);
#2212=ORIENTED_EDGE('',*,*,#2211,.F.);
#2213=EDGE_LOOP('',(#2207,#2208,#2210,#2212));
#2214=FACE_OUTER_BOUND('',#2213,.F.);
#2216=ORIENTED_EDGE('',*,*,#2215,.T.);
#2218=ORIENTED_EDGE('',*,*,#2217,.T.);
#2219=EDGE_LOOP('',(#2216,#2218));
#2220=FACE_BOUND('',#2219,.F.);
#2221=ADVANCED_FACE('',(#2214,#2220),#2206,.T.);
#2222=CARTESIAN_POINT('',(0.E0,5.E0,1.88E1));
#2223=DIRECTION('',(0.E0,1.E0,0.E0));
#2224=DIRECTION('',(-1.E0,0.E0,0.E0));
#2225=AXIS2_PLACEMENT_3D('',#2222,#2223,#2224);
#2226=PLANE('',#2225);
#2227=ORIENTED_EDGE('',*,*,#1940,.F.);
#2229=ORIENTED_EDGE('',*,*,#2228,.T.);
#2231=ORIENTED_EDGE('',*,*,#2230,.T.);
#2232=ORIENTED_EDGE('',*,*,#2175,.F.);
#2233=EDGE_LOOP('',(#2227,#2229,#2231,#2232));
#2234=FACE_OUTER_BOUND('',#2233,.F.);
#2236=ORIENTED_EDGE('',*,*,#2235,.T.);
#2238=ORIENTED_EDGE('',*,*,#2237,.T.);
#2239=EDGE_LOOP('',(#2236,#2238));
#2240=FACE_BOUND('',#2239,.F.);
#2241=ADVANCED_FACE('',(#2234,#2240),#2226,.T.);
#2242=CARTESIAN_POINT('',(0.E0,5.E0,1.88E1));
#2243=DIRECTION('',(0.E0,1.E0,0.E0));
#2244=DIRECTION('',(-1.E0,0.E0,0.E0));
#2245=AXIS2_PLACEMENT_3D('',#2242,#2243,#2244);
#2246=PLANE('',#2245);
#2248=ORIENTED_EDGE('',*,*,#2247,.T.);
#2250=ORIENTED_EDGE('',*,*,#2249,.F.);
#2252=ORIENTED_EDGE('',*,*,#2251,.F.);
#2253=ORIENTED_EDGE('',*,*,#1590,.F.);
#2254=EDGE_LOOP('',(#2248,#2250,#2252,#2253));
#2255=FACE_OUTER_BOUND('',#2254,.F.);
#2257=ORIENTED_EDGE('',*,*,#2256,.T.);
#2259=ORIENTED_EDGE('',*,*,#2258,.T.);
#2260=EDGE_LOOP('',(#2257,#2259));
#2261=FACE_BOUND('',#2260,.F.);
#2262=ADVANCED_FACE('',(#2255,#2261),#2246,.T.);
#2263=CARTESIAN_POINT('',(0.E0,5.E0,1.88E1));
#2264=DIRECTION('',(0.E0,1.E0,0.E0));
#2265=DIRECTION('',(-1.E0,0.E0,0.E0));
#2266=AXIS2_PLACEMENT_3D('',#2263,#2264,#2265);
#2267=PLANE('',#2266);
#2269=ORIENTED_EDGE('',*,*,#2268,.T.);
#2270=ORIENTED_EDGE('',*,*,#2183,.F.);
#2272=ORIENTED_EDGE('',*,*,#2271,.F.);
#2274=ORIENTED_EDGE('',*,*,#2273,.T.);
#2275=EDGE_LOOP('',(#2269,#2270,#2272,#2274));
#2276=FACE_OUTER_BOUND('',#2275,.F.);
#2278=ORIENTED_EDGE('',*,*,#2277,.T.);
#2280=ORIENTED_EDGE('',*,*,#2279,.T.);
#2281=EDGE_LOOP('',(#2278,#2280));
#2282=FACE_BOUND('',#2281,.F.);
#2283=ADVANCED_FACE('',(#2276,#2282),#2267,.T.);
#2284=CARTESIAN_POINT('',(-7.5E0,5.E0,2.96E1));
#2285=DIRECTION('',(0.E0,1.E0,0.E0));
#2286=DIRECTION('',(1.E0,0.E0,0.E0));
#2287=AXIS2_PLACEMENT_3D('',#2284,#2285,#2286);
#2288=CYLINDRICAL_SURFACE('',#2287,3.E0);
#2289=ORIENTED_EDGE('',*,*,#2235,.F.);
#2291=ORIENTED_EDGE('',*,*,#2290,.T.);
#2293=ORIENTED_EDGE('',*,*,#2292,.T.);
#2295=ORIENTED_EDGE('',*,*,#2294,.F.);
#2296=EDGE_LOOP('',(#2289,#2291,#2293,#2295));
#2297=FACE_OUTER_BOUND('',#2296,.F.);
#2298=ADVANCED_FACE('',(#2297),#2288,.F.);
#2299=CARTESIAN_POINT('',(-7.5E0,5.E0,2.96E1));
#2300=DIRECTION('',(0.E0,1.E0,0.E0));
#2301=DIRECTION('',(1.E0,0.E0,0.E0));
#2302=AXIS2_PLACEMENT_3D('',#2299,#2300,#2301);
#2303=CYLINDRICAL_SURFACE('',#2302,3.E0);
#2304=ORIENTED_EDGE('',*,*,#2237,.F.);
#2305=ORIENTED_EDGE('',*,*,#2294,.T.);
#2307=ORIENTED_EDGE('',*,*,#2306,.T.);
#2308=ORIENTED_EDGE('',*,*,#2290,.F.);
#2309=EDGE_LOOP('',(#2304,#2305,#2307,#2308));
#2310=FACE_OUTER_BOUND('',#2309,.F.);
#2311=ADVANCED_FACE('',(#2310),#2303,.F.);
#2312=CARTESIAN_POINT('',(0.E0,2.E0,1.88E1));
#2313=DIRECTION('',(0.E0,1.E0,0.E0));
#2314=DIRECTION('',(1.E0,0.E0,0.E0));
#2315=AXIS2_PLACEMENT_3D('',#2312,#2313,#2314);
#2316=PLANE('',#2315);
#2317=ORIENTED_EDGE('',*,*,#2292,.F.);
#2318=ORIENTED_EDGE('',*,*,#2306,.F.);
#2319=EDGE_LOOP('',(#2317,#2318));
#2320=FACE_OUTER_BOUND('',#2319,.F.);
#2322=ORIENTED_EDGE('',*,*,#2321,.T.);
#2324=ORIENTED_EDGE('',*,*,#2323,.T.);
#2325=EDGE_LOOP('',(#2322,#2324));
#2326=FACE_BOUND('',#2325,.F.);
#2327=ADVANCED_FACE('',(#2320,#2326),#2316,.T.);
#2328=CARTESIAN_POINT('',(0.E0,2.E0,1.88E1));
#2329=DIRECTION('',(0.E0,1.E0,0.E0));
#2330=DIRECTION('',(1.E0,0.E0,0.E0));
#2331=AXIS2_PLACEMENT_3D('',#2328,#2329,#2330);
#2332=PLANE('',#2331);
#2334=ORIENTED_EDGE('',*,*,#2333,.F.);
#2336=ORIENTED_EDGE('',*,*,#2335,.F.);
#2337=EDGE_LOOP('',(#2334,#2336));
#2338=FACE_OUTER_BOUND('',#2337,.F.);
#2340=ORIENTED_EDGE('',*,*,#2339,.T.);
#2342=ORIENTED_EDGE('',*,*,#2341,.T.);
#2343=EDGE_LOOP('',(#2340,#2342));
#2344=FACE_BOUND('',#2343,.F.);
#2345=ADVANCED_FACE('',(#2338,#2344),#2332,.T.);
#2346=CARTESIAN_POINT('',(0.E0,2.E0,1.88E1));
#2347=DIRECTION('',(0.E0,1.E0,0.E0));
#2348=DIRECTION('',(1.E0,0.E0,0.E0));
#2349=AXIS2_PLACEMENT_3D('',#2346,#2347,#2348);
#2350=PLANE('',#2349);
#2352=ORIENTED_EDGE('',*,*,#2351,.F.);
#2354=ORIENTED_EDGE('',*,*,#2353,.F.);
#2355=EDGE_LOOP('',(#2352,#2354));
#2356=FACE_OUTER_BOUND('',#2355,.F.);
#2358=ORIENTED_EDGE('',*,*,#2357,.T.);
#2360=ORIENTED_EDGE('',*,*,#2359,.T.);
#2361=EDGE_LOOP('',(#2358,#2360));
#2362=FACE_BOUND('',#2361,.F.);
#2363=ADVANCED_FACE('',(#2356,#2362),#2350,.T.);
#2364=CARTESIAN_POINT('',(0.E0,2.E0,1.88E1));
#2365=DIRECTION('',(0.E0,1.E0,0.E0));
#2366=DIRECTION('',(1.E0,0.E0,0.E0));
#2367=AXIS2_PLACEMENT_3D('',#2364,#2365,#2366);
#2368=PLANE('',#2367);
#2370=ORIENTED_EDGE('',*,*,#2369,.F.);
#2372=ORIENTED_EDGE('',*,*,#2371,.F.);
#2373=EDGE_LOOP('',(#2370,#2372));
#2374=FACE_OUTER_BOUND('',#2373,.F.);
#2376=ORIENTED_EDGE('',*,*,#2375,.T.);
#2378=ORIENTED_EDGE('',*,*,#2377,.T.);
#2379=EDGE_LOOP('',(#2376,#2378));
#2380=FACE_BOUND('',#2379,.F.);
#2381=ADVANCED_FACE('',(#2374,#2380),#2368,.T.);
#2382=CARTESIAN_POINT('',(7.5E0,5.E0,2.96E1));
#2383=DIRECTION('',(0.E0,1.E0,0.E0));
#2384=DIRECTION('',(1.E0,0.E0,0.E0));
#2385=AXIS2_PLACEMENT_3D('',#2382,#2383,#2384);
#2386=CYLINDRICAL_SURFACE('',#2385,3.E0);
#2387=ORIENTED_EDGE('',*,*,#2277,.F.);
#2389=ORIENTED_EDGE('',*,*,#2388,.T.);
#2390=ORIENTED_EDGE('',*,*,#2333,.T.);
#2392=ORIENTED_EDGE('',*,*,#2391,.F.);
#2393=EDGE_LOOP('',(#2387,#2389,#2390,#2392));
#2394=FACE_OUTER_BOUND('',#2393,.F.);
#2395=ADVANCED_FACE('',(#2394),#2386,.F.);
#2396=CARTESIAN_POINT('',(7.5E0,5.E0,2.96E1));
#2397=DIRECTION('',(0.E0,1.E0,0.E0));
#2398=DIRECTION('',(1.E0,0.E0,0.E0));
#2399=AXIS2_PLACEMENT_3D('',#2396,#2397,#2398);
#2400=CYLINDRICAL_SURFACE('',#2399,3.E0);
#2401=ORIENTED_EDGE('',*,*,#2279,.F.);
#2402=ORIENTED_EDGE('',*,*,#2391,.T.);
#2403=ORIENTED_EDGE('',*,*,#2335,.T.);
#2404=ORIENTED_EDGE('',*,*,#2388,.F.);
#2405=EDGE_LOOP('',(#2401,#2402,#2403,#2404));
#2406=FACE_OUTER_BOUND('',#2405,.F.);
#2407=ADVANCED_FACE('',(#2406),#2400,.F.);
#2408=CARTESIAN_POINT('',(7.5E0,5.E0,8.E0));
#2409=DIRECTION('',(0.E0,1.E0,0.E0));
#2410=DIRECTION('',(1.E0,0.E0,0.E0));
#2411=AXIS2_PLACEMENT_3D('',#2408,#2409,#2410);
#2412=CYLINDRICAL_SURFACE('',#2411,3.E0);
#2413=ORIENTED_EDGE('',*,*,#2256,.F.);
#2415=ORIENTED_EDGE('',*,*,#2414,.T.);
#2416=ORIENTED_EDGE('',*,*,#2351,.T.);
#2418=ORIENTED_EDGE('',*,*,#2417,.F.);
#2419=EDGE_LOOP('',(#2413,#2415,#2416,#2418));
#2420=FACE_OUTER_BOUND('',#2419,.F.);
#2421=ADVANCED_FACE('',(#2420),#2412,.F.);
#2422=CARTESIAN_POINT('',(7.5E0,5.E0,8.E0));
#2423=DIRECTION('',(0.E0,1.E0,0.E0));
#2424=DIRECTION('',(1.E0,0.E0,0.E0));
#2425=AXIS2_PLACEMENT_3D('',#2422,#2423,#2424);
#2426=CYLINDRICAL_SURFACE('',#2425,3.E0);
#2427=ORIENTED_EDGE('',*,*,#2258,.F.);
#2428=ORIENTED_EDGE('',*,*,#2417,.T.);
#2429=ORIENTED_EDGE('',*,*,#2353,.T.);
#2430=ORIENTED_EDGE('',*,*,#2414,.F.);
#2431=EDGE_LOOP('',(#2427,#2428,#2429,#2430));
#2432=FACE_OUTER_BOUND('',#2431,.F.);
#2433=ADVANCED_FACE('',(#2432),#2426,.F.);
#2434=CARTESIAN_POINT('',(-7.5E0,5.E0,8.E0));
#2435=DIRECTION('',(0.E0,1.E0,0.E0));
#2436=DIRECTION('',(1.E0,0.E0,0.E0));
#2437=AXIS2_PLACEMENT_3D('',#2434,#2435,#2436);
#2438=CYLINDRICAL_SURFACE('',#2437,3.E0);
#2439=ORIENTED_EDGE('',*,*,#2215,.F.);
#2441=ORIENTED_EDGE('',*,*,#2440,.T.);
#2442=ORIENTED_EDGE('',*,*,#2369,.T.);
#2444=ORIENTED_EDGE('',*,*,#2443,.F.);
#2445=EDGE_LOOP('',(#2439,#2441,#2442,#2444));
#2446=FACE_OUTER_BOUND('',#2445,.F.);
#2447=ADVANCED_FACE('',(#2446),#2438,.F.);
#2448=CARTESIAN_POINT('',(-7.5E0,5.E0,8.E0));
#2449=DIRECTION('',(0.E0,1.E0,0.E0));
#2450=DIRECTION('',(1.E0,0.E0,0.E0));
#2451=AXIS2_PLACEMENT_3D('',#2448,#2449,#2450);
#2452=CYLINDRICAL_SURFACE('',#2451,3.E0);
#2453=ORIENTED_EDGE('',*,*,#2217,.F.);
#2454=ORIENTED_EDGE('',*,*,#2443,.T.);
#2455=ORIENTED_EDGE('',*,*,#2371,.T.);
#2456=ORIENTED_EDGE('',*,*,#2440,.F.);
#2457=EDGE_LOOP('',(#2453,#2454,#2455,#2456));
#2458=FACE_OUTER_BOUND('',#2457,.F.);
#2459=ADVANCED_FACE('',(#2458),#2452,.F.);
#2460=CARTESIAN_POINT('',(-7.5E0,5.E0,2.96E1));
#2461=DIRECTION('',(0.E0,1.E0,0.E0));
#2462=DIRECTION('',(0.E0,0.E0,-1.E0));
#2463=AXIS2_PLACEMENT_3D('',#2460,#2461,#2462);
#2464=CYLINDRICAL_SURFACE('',#2463,1.7E0);
#2465=ORIENTED_EDGE('',*,*,#2321,.F.);
#2467=ORIENTED_EDGE('',*,*,#2466,.T.);
#2468=ORIENTED_EDGE('',*,*,#1541,.T.);
#2470=ORIENTED_EDGE('',*,*,#2469,.F.);
#2471=EDGE_LOOP('',(#2465,#2467,#2468,#2470));
#2472=FACE_OUTER_BOUND('',#2471,.F.);
#2473=ADVANCED_FACE('',(#2472),#2464,.F.);
#2474=CARTESIAN_POINT('',(-7.5E0,5.E0,2.96E1));
#2475=DIRECTION('',(0.E0,1.E0,0.E0));
#2476=DIRECTION('',(0.E0,0.E0,-1.E0));
#2477=AXIS2_PLACEMENT_3D('',#2474,#2475,#2476);
#2478=CYLINDRICAL_SURFACE('',#2477,1.7E0);
#2479=ORIENTED_EDGE('',*,*,#2323,.F.);
#2480=ORIENTED_EDGE('',*,*,#2469,.T.);
#2481=ORIENTED_EDGE('',*,*,#1543,.T.);
#2482=ORIENTED_EDGE('',*,*,#2466,.F.);
#2483=EDGE_LOOP('',(#2479,#2480,#2481,#2482));
#2484=FACE_OUTER_BOUND('',#2483,.F.);
#2485=ADVANCED_FACE('',(#2484),#2478,.F.);
#2486=CARTESIAN_POINT('',(7.5E0,5.E0,2.96E1));
#2487=DIRECTION('',(0.E0,1.E0,0.E0));
#2488=DIRECTION('',(0.E0,0.E0,-1.E0));
#2489=AXIS2_PLACEMENT_3D('',#2486,#2487,#2488);
#2490=CYLINDRICAL_SURFACE('',#2489,1.7E0);
#2491=ORIENTED_EDGE('',*,*,#2339,.F.);
#2493=ORIENTED_EDGE('',*,*,#2492,.T.);
#2494=ORIENTED_EDGE('',*,*,#1547,.T.);
#2496=ORIENTED_EDGE('',*,*,#2495,.F.);
#2497=EDGE_LOOP('',(#2491,#2493,#2494,#2496));
#2498=FACE_OUTER_BOUND('',#2497,.F.);
#2499=ADVANCED_FACE('',(#2498),#2490,.F.);
#2500=CARTESIAN_POINT('',(7.5E0,5.E0,2.96E1));
#2501=DIRECTION('',(0.E0,1.E0,0.E0));
#2502=DIRECTION('',(0.E0,0.E0,-1.E0));
#2503=AXIS2_PLACEMENT_3D('',#2500,#2501,#2502);
#2504=CYLINDRICAL_SURFACE('',#2503,1.7E0);
#2505=ORIENTED_EDGE('',*,*,#2341,.F.);
#2506=ORIENTED_EDGE('',*,*,#2495,.T.);
#2507=ORIENTED_EDGE('',*,*,#1549,.T.);
#2508=ORIENTED_EDGE('',*,*,#2492,.F.);
#2509=EDGE_LOOP('',(#2505,#2506,#2507,#2508));
#2510=FACE_OUTER_BOUND('',#2509,.F.);
#2511=ADVANCED_FACE('',(#2510),#2504,.F.);
#2512=CARTESIAN_POINT('',(-7.5E0,5.E0,8.E0));
#2513=DIRECTION('',(0.E0,1.E0,0.E0));
#2514=DIRECTION('',(0.E0,0.E0,-1.E0));
#2515=AXIS2_PLACEMENT_3D('',#2512,#2513,#2514);
#2516=CYLINDRICAL_SURFACE('',#2515,1.7E0);
#2517=ORIENTED_EDGE('',*,*,#2375,.F.);
#2519=ORIENTED_EDGE('',*,*,#2518,.T.);
#2520=ORIENTED_EDGE('',*,*,#1553,.T.);
#2522=ORIENTED_EDGE('',*,*,#2521,.F.);
#2523=EDGE_LOOP('',(#2517,#2519,#2520,#2522));
#2524=FACE_OUTER_BOUND('',#2523,.F.);
#2525=ADVANCED_FACE('',(#2524),#2516,.F.);
#2526=CARTESIAN_POINT('',(-7.5E0,5.E0,8.E0));
#2527=DIRECTION('',(0.E0,1.E0,0.E0));
#2528=DIRECTION('',(0.E0,0.E0,-1.E0));
#2529=AXIS2_PLACEMENT_3D('',#2526,#2527,#2528);
#2530=CYLINDRICAL_SURFACE('',#2529,1.7E0);
#2531=ORIENTED_EDGE('',*,*,#2377,.F.);
#2532=ORIENTED_EDGE('',*,*,#2521,.T.);
#2533=ORIENTED_EDGE('',*,*,#1555,.T.);
#2534=ORIENTED_EDGE('',*,*,#2518,.F.);
#2535=EDGE_LOOP('',(#2531,#2532,#2533,#2534));
#2536=FACE_OUTER_BOUND('',#2535,.F.);
#2537=ADVANCED_FACE('',(#2536),#2530,.F.);
#2538=CARTESIAN_POINT('',(7.5E0,5.E0,8.E0));
#2539=DIRECTION('',(0.E0,1.E0,0.E0));
#2540=DIRECTION('',(0.E0,0.E0,-1.E0));
#2541=AXIS2_PLACEMENT_3D('',#2538,#2539,#2540);
#2542=CYLINDRICAL_SURFACE('',#2541,1.7E0);
#2543=ORIENTED_EDGE('',*,*,#2357,.F.);
#2545=ORIENTED_EDGE('',*,*,#2544,.T.);
#2546=ORIENTED_EDGE('',*,*,#1559,.T.);
#2548=ORIENTED_EDGE('',*,*,#2547,.F.);
#2549=EDGE_LOOP('',(#2543,#2545,#2546,#2548));
#2550=FACE_OUTER_BOUND('',#2549,.F.);
#2551=ADVANCED_FACE('',(#2550),#2542,.F.);
#2552=CARTESIAN_POINT('',(7.5E0,5.E0,8.E0));
#2553=DIRECTION('',(0.E0,1.E0,0.E0));
#2554=DIRECTION('',(0.E0,0.E0,-1.E0));
#2555=AXIS2_PLACEMENT_3D('',#2552,#2553,#2554);
#2556=CYLINDRICAL_SURFACE('',#2555,1.7E0);
#2557=ORIENTED_EDGE('',*,*,#2359,.F.);
#2558=ORIENTED_EDGE('',*,*,#2547,.T.);
#2559=ORIENTED_EDGE('',*,*,#1561,.T.);
#2560=ORIENTED_EDGE('',*,*,#2544,.F.);
#2561=EDGE_LOOP('',(#2557,#2558,#2559,#2560));
#2562=FACE_OUTER_BOUND('',#2561,.F.);
#2563=ADVANCED_FACE('',(#2562),#2556,.F.);
#2564=CARTESIAN_POINT('',(-1.5E0,2.5E1,3.31E1));
#2565=DIRECTION('',(-1.E0,0.E0,0.E0));
#2566=DIRECTION('',(0.E0,-1.E0,0.E0));
#2567=AXIS2_PLACEMENT_3D('',#2564,#2565,#2566);
#2568=PLANE('',#2567);
#2569=ORIENTED_EDGE('',*,*,#2209,.F.);
#2570=ORIENTED_EDGE('',*,*,#1629,.T.);
#2572=ORIENTED_EDGE('',*,*,#2571,.T.);
#2574=ORIENTED_EDGE('',*,*,#2573,.F.);
#2575=EDGE_LOOP('',(#2569,#2570,#2572,#2574));
#2576=FACE_OUTER_BOUND('',#2575,.F.);
#2577=ADVANCED_FACE('',(#2576),#2568,.T.);
#2578=CARTESIAN_POINT('',(-1.5E0,2.5E1,3.31E1));
#2579=DIRECTION('',(-1.E0,0.E0,0.E0));
#2580=DIRECTION('',(0.E0,-1.E0,0.E0));
#2581=AXIS2_PLACEMENT_3D('',#2578,#2579,#2580);
#2582=PLANE('',#2581);
#2583=ORIENTED_EDGE('',*,*,#2230,.F.);
#2585=ORIENTED_EDGE('',*,*,#2584,.F.);
#2587=ORIENTED_EDGE('',*,*,#2586,.F.);
#2588=ORIENTED_EDGE('',*,*,#2026,.F.);
#2590=ORIENTED_EDGE('',*,*,#2589,.F.);
#2591=ORIENTED_EDGE('',*,*,#2177,.F.);
#2592=EDGE_LOOP('',(#2583,#2585,#2587,#2588,#2590,#2591));
#2593=FACE_OUTER_BOUND('',#2592,.F.);
#2594=ADVANCED_FACE('',(#2593),#2582,.T.);
#2595=CARTESIAN_POINT('',(1.699808062519E1,2.5E1,3.31E1));
#2596=DIRECTION('',(0.E0,-1.E0,0.E0));
#2597=DIRECTION('',(-1.E0,0.E0,0.E0));
#2598=AXIS2_PLACEMENT_3D('',#2595,#2596,#2597);
#2599=PLANE('',#2598);
#2600=ORIENTED_EDGE('',*,*,#1948,.F.);
#2601=ORIENTED_EDGE('',*,*,#2028,.T.);
#2602=ORIENTED_EDGE('',*,*,#2586,.T.);
#2604=ORIENTED_EDGE('',*,*,#2603,.T.);
#2605=EDGE_LOOP('',(#2600,#2601,#2602,#2604));
#2606=FACE_OUTER_BOUND('',#2605,.F.);
#2607=ADVANCED_FACE('',(#2606),#2599,.T.);
#2608=CARTESIAN_POINT('',(1.699808062519E1,2.5E1,3.31E1));
#2609=DIRECTION('',(0.E0,-1.E0,0.E0));
#2610=DIRECTION('',(-1.E0,0.E0,0.E0));
#2611=AXIS2_PLACEMENT_3D('',#2608,#2609,#2610);
#2612=PLANE('',#2611);
#2614=ORIENTED_EDGE('',*,*,#2613,.F.);
#2616=ORIENTED_EDGE('',*,*,#2615,.T.);
#2618=ORIENTED_EDGE('',*,*,#2617,.F.);
#2619=ORIENTED_EDGE('',*,*,#2020,.T.);
#2620=EDGE_LOOP('',(#2614,#2616,#2618,#2619));
#2621=FACE_OUTER_BOUND('',#2620,.F.);
#2622=ADVANCED_FACE('',(#2621),#2612,.T.);
#2623=CARTESIAN_POINT('',(1.699808062519E1,2.5E1,3.31E1));
#2624=DIRECTION('',(0.E0,-1.E0,0.E0));
#2625=DIRECTION('',(-1.E0,0.E0,0.E0));
#2626=AXIS2_PLACEMENT_3D('',#2623,#2624,#2625);
#2627=PLANE('',#2626);
#2628=ORIENTED_EDGE('',*,*,#1634,.T.);
#2630=ORIENTED_EDGE('',*,*,#2629,.F.);
#2632=ORIENTED_EDGE('',*,*,#2631,.F.);
#2634=ORIENTED_EDGE('',*,*,#2633,.F.);
#2635=EDGE_LOOP('',(#2628,#2630,#2632,#2634));
#2636=FACE_OUTER_BOUND('',#2635,.F.);
#2637=ADVANCED_FACE('',(#2636),#2627,.T.);
#2638=CARTESIAN_POINT('',(1.699808062519E1,2.5E1,3.31E1));
#2639=DIRECTION('',(0.E0,-1.E0,0.E0));
#2640=DIRECTION('',(-1.E0,0.E0,0.E0));
#2641=AXIS2_PLACEMENT_3D('',#2638,#2639,#2640);
#2642=PLANE('',#2641);
#2643=ORIENTED_EDGE('',*,*,#1627,.T.);
#2644=ORIENTED_EDGE('',*,*,#1928,.F.);
#2646=ORIENTED_EDGE('',*,*,#2645,.F.);
#2647=ORIENTED_EDGE('',*,*,#2571,.F.);
#2648=EDGE_LOOP('',(#2643,#2644,#2646,#2647));
#2649=FACE_OUTER_BOUND('',#2648,.F.);
#2650=ADVANCED_FACE('',(#2649),#2642,.T.);
#2651=CARTESIAN_POINT('',(-2.05E1,6.086960244677E1,1.430423533483E1));
#2652=DIRECTION('',(0.E0,5.728283550788E-2,9.983579902801E-1));
#2653=DIRECTION('',(0.E0,-9.983579902801E-1,5.728283550788E-2));
#2654=AXIS2_PLACEMENT_3D('',#2651,#2652,#2653);
#2655=PLANE('',#2654);
#2656=ORIENTED_EDGE('',*,*,#2228,.F.);
#2657=ORIENTED_EDGE('',*,*,#1938,.F.);
#2658=ORIENTED_EDGE('',*,*,#2603,.F.);
#2659=ORIENTED_EDGE('',*,*,#2584,.T.);
#2660=EDGE_LOOP('',(#2656,#2657,#2658,#2659));
#2661=FACE_OUTER_BOUND('',#2660,.F.);
#2662=ADVANCED_FACE('',(#2661),#2655,.T.);
#2663=CARTESIAN_POINT('',(-2.05E1,6.086960244677E1,1.430423533483E1));
#2664=DIRECTION('',(0.E0,5.728283550788E-2,9.983579902801E-1));
#2665=DIRECTION('',(0.E0,-9.983579902801E-1,5.728283550788E-2));
#2666=AXIS2_PLACEMENT_3D('',#2663,#2664,#2665);
#2667=PLANE('',#2666);
#2668=ORIENTED_EDGE('',*,*,#2273,.F.);
#2670=ORIENTED_EDGE('',*,*,#2669,.F.);
#2671=ORIENTED_EDGE('',*,*,#2615,.F.);
#2673=ORIENTED_EDGE('',*,*,#2672,.F.);
#2675=ORIENTED_EDGE('',*,*,#2674,.T.);
#2676=EDGE_LOOP('',(#2668,#2670,#2671,#2673,#2675));
#2677=FACE_OUTER_BOUND('',#2676,.F.);
#2678=ADVANCED_FACE('',(#2677),#2667,.T.);
#2679=CARTESIAN_POINT('',(1.5E0,5.E0,3.31E1));
#2680=DIRECTION('',(1.E0,0.E0,0.E0));
#2681=DIRECTION('',(0.E0,1.E0,0.E0));
#2682=AXIS2_PLACEMENT_3D('',#2679,#2680,#2681);
#2683=PLANE('',#2682);
#2684=ORIENTED_EDGE('',*,*,#2251,.T.);
#2686=ORIENTED_EDGE('',*,*,#2685,.T.);
#2687=ORIENTED_EDGE('',*,*,#2629,.T.);
#2688=ORIENTED_EDGE('',*,*,#1632,.F.);
#2689=EDGE_LOOP('',(#2684,#2686,#2687,#2688));
#2690=FACE_OUTER_BOUND('',#2689,.F.);
#2691=ADVANCED_FACE('',(#2690),#2683,.T.);
#2692=CARTESIAN_POINT('',(1.5E0,5.E0,3.31E1));
#2693=DIRECTION('',(1.E0,0.E0,0.E0));
#2694=DIRECTION('',(0.E0,1.E0,0.E0));
#2695=AXIS2_PLACEMENT_3D('',#2692,#2693,#2694);
#2696=PLANE('',#2695);
#2697=ORIENTED_EDGE('',*,*,#2271,.T.);
#2698=ORIENTED_EDGE('',*,*,#2181,.T.);
#2700=ORIENTED_EDGE('',*,*,#2699,.F.);
#2701=ORIENTED_EDGE('',*,*,#2022,.F.);
#2702=ORIENTED_EDGE('',*,*,#2617,.T.);
#2703=ORIENTED_EDGE('',*,*,#2669,.T.);
#2704=EDGE_LOOP('',(#2697,#2698,#2700,#2701,#2702,#2703));
#2705=FACE_OUTER_BOUND('',#2704,.F.);
#2706=ADVANCED_FACE('',(#2705),#2696,.T.);
#2707=CARTESIAN_POINT('',(-2.05E1,5.E0,1.15E1));
#2708=DIRECTION('',(0.E0,-5.728283550788E-2,-9.983579902801E-1));
#2709=DIRECTION('',(0.E0,9.983579902801E-1,-5.728283550788E-2));
#2710=AXIS2_PLACEMENT_3D('',#2707,#2708,#2709);
#2711=PLANE('',#2710);
#2712=ORIENTED_EDGE('',*,*,#2211,.T.);
#2713=ORIENTED_EDGE('',*,*,#2573,.T.);
#2714=ORIENTED_EDGE('',*,*,#2645,.T.);
#2715=ORIENTED_EDGE('',*,*,#1926,.F.);
#2716=EDGE_LOOP('',(#2712,#2713,#2714,#2715));
#2717=FACE_OUTER_BOUND('',#2716,.F.);
#2718=ADVANCED_FACE('',(#2717),#2711,.T.);
#2719=CARTESIAN_POINT('',(-2.05E1,5.E0,1.15E1));
#2720=DIRECTION('',(0.E0,-5.728283550788E-2,-9.983579902801E-1));
#2721=DIRECTION('',(0.E0,9.983579902801E-1,-5.728283550788E-2));
#2722=AXIS2_PLACEMENT_3D('',#2719,#2720,#2721);
#2723=PLANE('',#2722);
#2724=ORIENTED_EDGE('',*,*,#2249,.T.);
#2726=ORIENTED_EDGE('',*,*,#2725,.F.);
#2728=ORIENTED_EDGE('',*,*,#2727,.T.);
#2729=ORIENTED_EDGE('',*,*,#2631,.T.);
#2730=ORIENTED_EDGE('',*,*,#2685,.F.);
#2731=EDGE_LOOP('',(#2724,#2726,#2728,#2729,#2730));
#2732=FACE_OUTER_BOUND('',#2731,.F.);
#2733=ADVANCED_FACE('',(#2732),#2723,.T.);
#2734=CARTESIAN_POINT('',(2.05E1,5.507654562083E0,3.31E1));
#2735=DIRECTION('',(1.E0,0.E0,0.E0));
#2736=DIRECTION('',(0.E0,-1.E0,0.E0));
#2737=AXIS2_PLACEMENT_3D('',#2734,#2735,#2736);
#2738=PLANE('',#2737);
#2739=ORIENTED_EDGE('',*,*,#2247,.F.);
#2740=ORIENTED_EDGE('',*,*,#1638,.T.);
#2742=ORIENTED_EDGE('',*,*,#2741,.F.);
#2743=ORIENTED_EDGE('',*,*,#2725,.T.);
#2744=EDGE_LOOP('',(#2739,#2740,#2742,#2743));
#2745=FACE_OUTER_BOUND('',#2744,.F.);
#2746=ADVANCED_FACE('',(#2745),#2738,.F.);
#2747=CARTESIAN_POINT('',(2.05E1,5.507654562083E0,3.31E1));
#2748=DIRECTION('',(1.E0,0.E0,0.E0));
#2749=DIRECTION('',(0.E0,-1.E0,0.E0));
#2750=AXIS2_PLACEMENT_3D('',#2747,#2748,#2749);
#2751=PLANE('',#2750);
#2752=ORIENTED_EDGE('',*,*,#2268,.F.);
#2753=ORIENTED_EDGE('',*,*,#2674,.F.);
#2755=ORIENTED_EDGE('',*,*,#2754,.T.);
#2756=ORIENTED_EDGE('',*,*,#2185,.T.);
#2757=EDGE_LOOP('',(#2752,#2753,#2755,#2756));
#2758=FACE_OUTER_BOUND('',#2757,.F.);
#2759=ADVANCED_FACE('',(#2758),#2751,.F.);
#2760=CARTESIAN_POINT('',(-3.55E1,5.507654562083E0,3.31E1));
#2761=DIRECTION('',(0.E0,0.E0,-1.E0));
#2762=DIRECTION('',(-1.E0,0.E0,0.E0));
#2763=AXIS2_PLACEMENT_3D('',#2760,#2761,#2762);
#2764=CYLINDRICAL_SURFACE('',#2763,5.6E1);
#2765=ORIENTED_EDGE('',*,*,#1961,.F.);
#2766=ORIENTED_EDGE('',*,*,#1978,.T.);
#2767=ORIENTED_EDGE('',*,*,#1993,.T.);
#2768=ORIENTED_EDGE('',*,*,#2008,.F.);
#2769=EDGE_LOOP('',(#2765,#2766,#2767,#2768));
#2770=FACE_OUTER_BOUND('',#2769,.F.);
#2771=ADVANCED_FACE('',(#2770),#2764,.F.);
#2772=CARTESIAN_POINT('',(-3.55E1,5.507654562083E0,3.31E1));
#2773=DIRECTION('',(0.E0,0.E0,-1.E0));
#2774=DIRECTION('',(-1.E0,0.E0,0.E0));
#2775=AXIS2_PLACEMENT_3D('',#2772,#2773,#2774);
#2776=CYLINDRICAL_SURFACE('',#2775,5.6E1);
#2777=ORIENTED_EDGE('',*,*,#1636,.F.);
#2778=ORIENTED_EDGE('',*,*,#2633,.T.);
#2779=ORIENTED_EDGE('',*,*,#2727,.F.);
#2780=ORIENTED_EDGE('',*,*,#2741,.T.);
#2781=EDGE_LOOP('',(#2777,#2778,#2779,#2780));
#2782=FACE_OUTER_BOUND('',#2781,.F.);
#2783=ADVANCED_FACE('',(#2782),#2776,.F.);
#2784=CARTESIAN_POINT('',(-3.55E1,5.507654562083E0,3.31E1));
#2785=DIRECTION('',(0.E0,0.E0,-1.E0));
#2786=DIRECTION('',(-1.E0,0.E0,0.E0));
#2787=AXIS2_PLACEMENT_3D('',#2784,#2785,#2786);
#2788=CYLINDRICAL_SURFACE('',#2787,5.6E1);
#2789=ORIENTED_EDGE('',*,*,#2187,.T.);
#2790=ORIENTED_EDGE('',*,*,#2754,.F.);
#2791=ORIENTED_EDGE('',*,*,#2672,.T.);
#2792=ORIENTED_EDGE('',*,*,#2613,.T.);
#2793=ORIENTED_EDGE('',*,*,#2018,.F.);
#2795=ORIENTED_EDGE('',*,*,#2794,.F.);
#2796=EDGE_LOOP('',(#2789,#2790,#2791,#2792,#2793,#2795));
#2797=FACE_OUTER_BOUND('',#2796,.F.);
#2798=ADVANCED_FACE('',(#2797),#2788,.F.);
#2799=CARTESIAN_POINT('',(-8.83764E1,6.862928089035E0,3.26E1));
#2800=DIRECTION('',(1.E0,0.E0,0.E0));
#2801=DIRECTION('',(0.E0,4.981761145516E-1,8.670758668596E-1));
#2802=AXIS2_PLACEMENT_3D('',#2799,#2800,#2801);
#2803=CYLINDRICAL_SURFACE('',#2802,1.E0);
#2805=ORIENTED_EDGE('',*,*,#2804,.T.);
#2806=ORIENTED_EDGE('',*,*,#2189,.F.);
#2807=ORIENTED_EDGE('',*,*,#2794,.T.);
#2808=ORIENTED_EDGE('',*,*,#2016,.T.);
#2809=EDGE_LOOP('',(#2805,#2806,#2807,#2808));
#2810=FACE_OUTER_BOUND('',#2809,.F.);
#2811=ADVANCED_FACE('',(#2810),#2803,.T.);
#2812=CARTESIAN_POINT('',(2.243128085575E1,7.462579925693E0,3.340079925572E1));
#2813=CARTESIAN_POINT('',(2.244887382633E1,7.460482031923E0,3.340200459496E1));
#2814=CARTESIAN_POINT('',(2.251718588547E1,7.456423837436E0,3.340433621973E1));
#2815=CARTESIAN_POINT('',(2.264359939719E1,7.478242039515E0,3.339180063022E1));
#2816=CARTESIAN_POINT('',(2.281162098056E1,7.572824402580E0,3.333745858711E1));
#2817=CARTESIAN_POINT('',(2.296871557095E1,7.736217299313E0,3.324358163637E1));
#2818=CARTESIAN_POINT('',(2.309299587854E1,7.938970386288E0,3.312709039386E1));
#2819=CARTESIAN_POINT('',(2.318140157410E1,8.150326144126E0,3.300565650987E1));
#2820=CARTESIAN_POINT('',(2.324006511095E1,8.353022257363E0,3.288919800146E1));
#2821=CARTESIAN_POINT('',(2.327677632085E1,8.542327791621E0,3.278043301431E1));
#2822=CARTESIAN_POINT('',(2.329793973638E1,8.722398992106E0,3.267697358887E1));
#2823=CARTESIAN_POINT('',(2.330706352532E1,8.904519288562E0,3.257233686083E1));
#2824=CARTESIAN_POINT('',(2.330452757034E1,9.047958944575E0,3.248992399105E1));
#2825=CARTESIAN_POINT('',(2.329922055367E1,9.132260875192E0,3.244148854284E1));
#2826=CARTESIAN_POINT('',(2.329780152498E1,9.151609386085E0,3.243037190778E1));
#2827=CARTESIAN_POINT('',(2.233712827778E1,6.917446014605E0,3.380715248516E1));
#2828=CARTESIAN_POINT('',(2.238561401276E1,6.910549113478E0,3.381111508121E1));
#2829=CARTESIAN_POINT('',(2.257637550768E1,6.897892208212E0,3.381838707219E1));
#2830=CARTESIAN_POINT('',(2.292946219733E1,6.963852373963E0,3.378048983581E1));
#2831=CARTESIAN_POINT('',(2.328900940568E1,7.177731688235E0,3.365760604924E1));
#2832=CARTESIAN_POINT('',(2.354571131191E1,7.452295639194E0,3.349985606736E1));
#2833=CARTESIAN_POINT('',(2.372117442404E1,7.741483312804E0,3.333370406484E1));
#2834=CARTESIAN_POINT('',(2.383643003553E1,8.018572869604E0,3.317450300289E1));
#2835=CARTESIAN_POINT('',(2.390970579306E1,8.272516404515E0,3.302860042577E1));
#2836=CARTESIAN_POINT('',(2.395442288453E1,8.503599528533E0,3.289583223643E1));
#2837=CARTESIAN_POINT('',(2.397981937931E1,8.720056715567E0,3.277146733997E1));
#2838=CARTESIAN_POINT('',(2.399065798428E1,8.936925516192E0,3.264686595203E1));
#2839=CARTESIAN_POINT('',(2.398764429287E1,9.106804854584E0,3.254926223363E1));
#2840=CARTESIAN_POINT('',(2.398136486104E1,9.206567230842E0,3.249194402783E1));
#2841=CARTESIAN_POINT('',(2.397968664297E1,9.229464568798E0,3.247878842369E1));
#2842=CARTESIAN_POINT('',(2.226921829375E1,6.256057218747E0,3.363344846766E1));
#2843=CARTESIAN_POINT('',(2.233998623472E1,6.245698909340E0,3.363939980655E1));
#2844=CARTESIAN_POINT('',(2.261906755485E1,6.226839961345E0,3.365023516456E1));
#2845=CARTESIAN_POINT('',(2.313564814159E1,6.324638661023E0,3.359404518387E1));
#2846=CARTESIAN_POINT('',(2.363333816466E1,6.624563989395E0,3.342172389060E1));
#2847=CARTESIAN_POINT('',(2.396188442581E1,6.979312940914E0,3.321790383164E1));
#2848=CARTESIAN_POINT('',(2.417426446060E1,7.330843797522E0,3.301593272047E1));
#2849=CARTESIAN_POINT('',(2.430888626897E1,7.655345558365E0,3.282949110382E1));
#2850=CARTESIAN_POINT('',(2.439270146890E1,7.946252622715E0,3.266235122996E1));
#2851=CARTESIAN_POINT('',(2.444319300969E1,8.207468914774E0,3.251227010971E1));
#2852=CARTESIAN_POINT('',(2.447164272245E1,8.450170436469E0,3.237282660114E1));
#2853=CARTESIAN_POINT('',(2.448371818287E1,8.692102495203E0,3.223382518545E1));
#2854=CARTESIAN_POINT('',(2.448035991170E1,8.881052138913E0,3.212526467426E1));
#2855=CARTESIAN_POINT('',(2.447337910026E1,8.991965761787E0,3.206153954961E1));
#2856=CARTESIAN_POINT('',(2.447151393514E1,9.017422783124E0,3.204691328625E1));
#2857=CARTESIAN_POINT('',(2.227788286291E1,5.968606466310E0,3.300842914973E1));
#2858=CARTESIAN_POINT('',(2.234580783878E1,5.958689794637E0,3.301412674685E1));
#2859=CARTESIAN_POINT('',(2.261362051785E1,5.940622159273E0,3.302450745830E1));
#2860=CARTESIAN_POINT('',(2.310934107643E1,6.034358611210E0,3.297065143116E1));
#2861=CARTESIAN_POINT('',(2.358940559143E1,6.323305411888E0,3.280463782154E1));
#2862=CARTESIAN_POINT('',(2.390878530084E1,6.667823636760E0,3.260669579914E1));
#2863=CARTESIAN_POINT('',(2.411645514118E1,7.011400186964E0,3.240929481340E1));
#2864=CARTESIAN_POINT('',(2.424860603522E1,7.329852670562E0,3.222632879277E1));
#2865=CARTESIAN_POINT('',(2.433107651789E1,7.616043593951E0,3.206189856505E1));
#2866=CARTESIAN_POINT('',(2.438083130228E1,7.873415224252E0,3.191402638491E1));
#2867=CARTESIAN_POINT('',(2.440889145791E1,8.112768256678E0,3.177650674187E1));
#2868=CARTESIAN_POINT('',(2.442080910914E1,8.351502518557E0,3.163934261179E1));
#2869=CARTESIAN_POINT('',(2.441749480257E1,8.538019000461E0,3.153218006719E1));
#2870=CARTESIAN_POINT('',(2.441060347948E1,8.647509846567E0,3.146927239512E1));
#2871=CARTESIAN_POINT('',(2.440876216675E1,8.672640280378E0,3.145483377175E1));
#2872=(BOUNDED_SURFACE()B_SPLINE_SURFACE(3,3,((#2812,#2813,#2814,#2815,#2816,
#2817,#2818,#2819,#2820,#2821,#2822,#2823,#2824,#2825,#2826),(#2827,#2828,#2829,
#2830,#2831,#2832,#2833,#2834,#2835,#2836,#2837,#2838,#2839,#2840,#2841),(#2842,
#2843,#2844,#2845,#2846,#2847,#2848,#2849,#2850,#2851,#2852,#2853,#2854,#2855,
#2856),(#2857,#2858,#2859,#2860,#2861,#2862,#2863,#2864,#2865,#2866,#2867,#2868,
#2869,#2870,#2871)),.UNSPECIFIED.,.F.,.F.,.F.)B_SPLINE_SURFACE_WITH_KNOTS((4,4),
(4,1,1,1,1,1,1,1,1,1,1,1,4),(0.E0,1.E0),(-3.378994752841E-2,0.E0,
9.708276768971E-2,2.076030186397E-1,3.288385125590E-1,4.490616601108E-1,
5.587342341658E-1,6.579001991341E-1,7.473738450144E-1,8.287070321182E-1,
9.101692161508E-1,1.E0,1.026784300290E0),.UNSPECIFIED.)GEOMETRIC_REPRESENTATION_ITEM()RATIONAL_B_SPLINE_SURFACE(((1.227429485229E0,1.227429485229E0,
1.227429485229E0,1.227429485229E0,1.227429485229E0,1.227429485229E0,
1.227429485229E0,1.227429485229E0,1.227429485229E0,1.227429485229E0,
1.227429485229E0,1.227429485229E0,1.227429485229E0,1.227429485229E0,
1.227429485229E0),(9.241901715904E-1,9.241901715904E-1,9.241901715904E-1,
9.241901715904E-1,9.241901715904E-1,9.241901715904E-1,9.241901715904E-1,
9.241901715904E-1,9.241901715904E-1,9.241901715904E-1,9.241901715904E-1,
9.241901715904E-1,9.241901715904E-1,9.241901715904E-1,9.241901715904E-1),(
9.241901715904E-1,9.241901715904E-1,9.241901715904E-1,9.241901715904E-1,
9.241901715904E-1,9.241901715904E-1,9.241901715904E-1,9.241901715904E-1,
9.241901715904E-1,9.241901715904E-1,9.241901715904E-1,9.241901715904E-1,
9.241901715904E-1,9.241901715904E-1,9.241901715904E-1),(1.227429485229E0,
1.227429485229E0,1.227429485229E0,1.227429485229E0,1.227429485229E0,
1.227429485229E0,1.227429485229E0,1.227429485229E0,1.227429485229E0,
1.227429485229E0,1.227429485229E0,1.227429485229E0,1.227429485229E0,
1.227429485229E0,1.227429485229E0)))REPRESENTATION_ITEM('')SURFACE());
#2873=ORIENTED_EDGE('',*,*,#2014,.T.);
#2875=ORIENTED_EDGE('',*,*,#2874,.T.);
#2877=ORIENTED_EDGE('',*,*,#2876,.F.);
#2878=ORIENTED_EDGE('',*,*,#2804,.F.);
#2879=EDGE_LOOP('',(#2873,#2875,#2877,#2878));
#2880=FACE_OUTER_BOUND('',#2879,.F.);
#2881=ADVANCED_FACE('',(#2880),#2872,.T.);
#2882=CARTESIAN_POINT('',(2.332171177797E1,8.680403675857E0,3.270110188523E1));
#2883=CARTESIAN_POINT('',(2.331544447717E1,8.818124360208E0,3.262197483529E1));
#2884=CARTESIAN_POINT('',(2.320517254491E1,1.106730843306E1,3.132971215661E1));
#2885=CARTESIAN_POINT('',(2.276380544590E1,1.520613297772E1,2.895176161125E1));
#2886=CARTESIAN_POINT('',(2.156684155676E1,2.085795138644E1,2.570452449784E1));
#2887=CARTESIAN_POINT('',(2.000791044106E1,2.586620828158E1,2.282704392658E1));
#2888=CARTESIAN_POINT('',(1.820953916606E1,3.028369628612E1,2.028898803748E1));
#2889=CARTESIAN_POINT('',(1.628227879523E1,3.414000632599E1,1.807335544338E1));
#2890=CARTESIAN_POINT('',(1.427421143956E1,3.754513546854E1,1.611694762416E1));
#2891=CARTESIAN_POINT('',(1.212568446802E1,4.070642840499E1,1.430063524340E1));
#2892=CARTESIAN_POINT('',(9.647431802661E0,4.389070552729E1,1.247111736027E1));
#2893=CARTESIAN_POINT('',(7.659452241925E0,4.609949917327E1,1.120206089306E1));
#2894=CARTESIAN_POINT('',(6.496764574863E0,4.728586339319E1,1.052043851132E1));
#2895=CARTESIAN_POINT('',(6.393425638464E0,4.739051836330E1,1.046030927884E1));
#2896=CARTESIAN_POINT('',(2.400444309042E1,8.743996980153E0,3.275771252510E1));
#2897=CARTESIAN_POINT('',(2.399812108675E1,8.882919467609E0,3.267789498240E1));
#2898=CARTESIAN_POINT('',(2.388688677821E1,1.115173313351E1,3.137435417366E1));
#2899=CARTESIAN_POINT('',(2.344166734757E1,1.532676057621E1,2.897560335030E1));
#2900=CARTESIAN_POINT('',(2.223412464387E1,2.102862105589E1,2.569961469919E1));
#2901=CARTESIAN_POINT('',(2.066116921578E1,2.608200148442E1,2.279620852281E1));
#2902=CARTESIAN_POINT('',(1.884627435843E1,3.054012928674E1,2.023480314685E1));
#2903=CARTESIAN_POINT('',(1.690089716021E1,3.443272797205E1,1.799832100881E1));
#2904=CARTESIAN_POINT('',(1.487350822016E1,3.787064952153E1,1.602307240011E1));
#2905=CARTESIAN_POINT('',(1.270381840952E1,4.106310561768E1,1.418885530949E1));
#2906=CARTESIAN_POINT('',(1.020053781166E1,4.427956994713E1,1.234084435280E1));
#2907=CARTESIAN_POINT('',(8.191889406716E0,4.651135659041E1,1.105857732064E1));
#2908=CARTESIAN_POINT('',(7.016883331830E0,4.771029021537E1,1.036973322093E1));
#2909=CARTESIAN_POINT('',(6.912447787388E0,4.781605577024E1,1.030896590495E1));
#2910=CARTESIAN_POINT('',(2.449688072225E1,8.521668445532E0,3.233174761172E1));
#2911=CARTESIAN_POINT('',(2.449051926271E1,8.661457764586E0,3.225143203326E1));
#2912=CARTESIAN_POINT('',(2.437859081537E1,1.094442978260E1,3.093975658128E1));
#2913=CARTESIAN_POINT('',(2.393059279082E1,1.514556950262E1,2.852600301899E1));
#2914=CARTESIAN_POINT('',(2.271541984328E1,2.088352412134E1,2.522927657707E1));
#2915=CARTESIAN_POINT('',(2.113234901686E1,2.596945106636E1,2.230717088689E1));
#2916=CARTESIAN_POINT('',(1.930553609803E1,3.045689137481E1,1.972892408913E1));
#2917=CARTESIAN_POINT('',(1.734709166909E1,3.437566418498E1,1.747740367783E1));
#2918=CARTESIAN_POINT('',(1.530576653615E1,3.783723810681E1,1.548856566201E1));
#2919=CARTESIAN_POINT('',(1.312081248001E1,4.105217143856E1,1.364143433595E1));
#2920=CARTESIAN_POINT('',(1.059947983798E1,4.429185162434E1,1.178008477124E1));
#2921=CARTESIAN_POINT('',(8.575923494131E0,4.654022256211E1,1.048828927715E1));
#2922=CARTESIAN_POINT('',(7.392032448736E0,4.774822219582E1,9.794236326419E0));
#2923=CARTESIAN_POINT('',(7.286805947358E0,4.785478878869E1,9.733008776204E0));
#2924=CARTESIAN_POINT('',(2.443405108125E1,8.178198419162E0,3.173891401750E1));
#2925=CARTESIAN_POINT('',(2.442769465584E1,8.317877140011E0,3.165866198293E1));
#2926=CARTESIAN_POINT('',(2.431585477300E1,1.059904270758E1,3.034802442221E1));
#2927=CARTESIAN_POINT('',(2.386821126656E1,1.479685078740E1,2.793618504487E1));
#2928=CARTESIAN_POINT('',(2.265401185445E1,2.053020018984E1,2.464210451761E1));
#2929=CARTESIAN_POINT('',(2.107223164191E1,2.561197455631E1,2.172238468031E1));
#2930=CARTESIAN_POINT('',(1.924693933702E1,3.009567491046E1,1.914628666326E1));
#2931=CARTESIAN_POINT('',(1.729016214341E1,3.401110818937E1,1.689668497070E1));
#2932=CARTESIAN_POINT('',(1.525061511583E1,3.746966432789E1,1.490958081419E1));
#2933=CARTESIAN_POINT('',(1.306760861E1,4.068172981090E1,1.306409720293E1));
#2934=CARTESIAN_POINT('',(1.054857921083E1,4.391844790803E1,1.120444949831E1));
#2935=CARTESIAN_POINT('',(8.526924956477E0,4.616470287172E1,9.913869731455E0));
#2936=CARTESIAN_POINT('',(7.344167535873E0,4.737154578213E1,9.220481372990E0));
#2937=CARTESIAN_POINT('',(7.239041951925E0,4.747801017134E1,9.159312543617E0));
#2938=(BOUNDED_SURFACE()B_SPLINE_SURFACE(3,3,((#2882,#2883,#2884,#2885,#2886,
#2887,#2888,#2889,#2890,#2891,#2892,#2893,#2894,#2895),(#2896,#2897,#2898,#2899,
#2900,#2901,#2902,#2903,#2904,#2905,#2906,#2907,#2908,#2909),(#2910,#2911,#2912,
#2913,#2914,#2915,#2916,#2917,#2918,#2919,#2920,#2921,#2922,#2923),(#2924,#2925,
#2926,#2927,#2928,#2929,#2930,#2931,#2932,#2933,#2934,#2935,#2936,#2937)),
.UNSPECIFIED.,.F.,.F.,.F.)B_SPLINE_SURFACE_WITH_KNOTS((4,4),(4,1,1,1,1,1,1,1,1,
1,1,4),(0.E0,1.E0),(-9.999720398265E-3,0.E0,1.533243376753E-1,2.910605700721E-1,
4.164654455729E-1,5.293500363786E-1,6.307305387850E-1,7.212713280207E-1,
8.067822780079E-1,8.969498000528E-1,1.E0,1.010005238730E0),.UNSPECIFIED.)GEOMETRIC_REPRESENTATION_ITEM()RATIONAL_B_SPLINE_SURFACE(((1.227429485198E0,
1.227429485198E0,1.227429485198E0,1.227429485198E0,1.227429485198E0,
1.227429485198E0,1.227429485198E0,1.227429485198E0,1.227429485198E0,
1.227429485198E0,1.227429485198E0,1.227429485198E0,1.227429485198E0,
1.227429485198E0),(9.241901716008E-1,9.241901716008E-1,9.241901716008E-1,
9.241901716008E-1,9.241901716008E-1,9.241901716008E-1,9.241901716008E-1,
9.241901716008E-1,9.241901716008E-1,9.241901716008E-1,9.241901716008E-1,
9.241901716008E-1,9.241901716008E-1,9.241901716008E-1),(9.241901716008E-1,
9.241901716008E-1,9.241901716008E-1,9.241901716008E-1,9.241901716008E-1,
9.241901716008E-1,9.241901716008E-1,9.241901716008E-1,9.241901716008E-1,
9.241901716008E-1,9.241901716008E-1,9.241901716008E-1,9.241901716008E-1,
9.241901716008E-1),(1.227429485198E0,1.227429485198E0,1.227429485198E0,
1.227429485198E0,1.227429485198E0,1.227429485198E0,1.227429485198E0,
1.227429485198E0,1.227429485198E0,1.227429485198E0,1.227429485198E0,
1.227429485198E0,1.227429485198E0,1.227429485198E0)))REPRESENTATION_ITEM('')SURFACE());
#2939=ORIENTED_EDGE('',*,*,#2012,.T.);
#2940=ORIENTED_EDGE('',*,*,#1699,.T.);
#2941=ORIENTED_EDGE('',*,*,#1656,.F.);
#2942=ORIENTED_EDGE('',*,*,#2874,.F.);
#2943=EDGE_LOOP('',(#2939,#2940,#2941,#2942));
#2944=FACE_OUTER_BOUND('',#2943,.F.);
#2945=ADVANCED_FACE('',(#2944),#2938,.T.);
#2946=CARTESIAN_POINT('',(-3.55E1,5.507654562083E0,3.16E1));
#2947=DIRECTION('',(0.E0,0.E0,-1.E0));
#2948=DIRECTION('',(9.999912546698E-1,-4.182174552065E-3,0.E0));
#2949=AXIS2_PLACEMENT_3D('',#2946,#2947,#2948);
#2950=TOROIDAL_SURFACE('',#2949,5.8E1,2.E0);
#2951=ORIENTED_EDGE('',*,*,#2876,.T.);
#2952=ORIENTED_EDGE('',*,*,#1654,.F.);
#2953=ORIENTED_EDGE('',*,*,#1515,.F.);
#2954=ORIENTED_EDGE('',*,*,#2191,.T.);
#2955=EDGE_LOOP('',(#2951,#2952,#2953,#2954));
#2956=FACE_OUTER_BOUND('',#2955,.F.);
#2957=ADVANCED_FACE('',(#2956),#2950,.T.);
#2958=CARTESIAN_POINT('',(-8.83764E1,6.862928089035E0,3.26E1));
#2959=DIRECTION('',(1.E0,0.E0,0.E0));
#2960=DIRECTION('',(0.E0,4.981761145516E-1,8.670758668596E-1));
#2961=AXIS2_PLACEMENT_3D('',#2958,#2959,#2960);
#2962=CYLINDRICAL_SURFACE('',#2961,1.E0);
#2963=ORIENTED_EDGE('',*,*,#2699,.T.);
#2964=ORIENTED_EDGE('',*,*,#2179,.F.);
#2965=ORIENTED_EDGE('',*,*,#2589,.T.);
#2966=ORIENTED_EDGE('',*,*,#2024,.T.);
#2967=EDGE_LOOP('',(#2963,#2964,#2965,#2966));
#2968=FACE_OUTER_BOUND('',#2967,.F.);
#2969=ADVANCED_FACE('',(#2968),#2962,.T.);
#2970=CARTESIAN_POINT('',(-2.25E1,1.1518E1,3.16E1));
#2971=DIRECTION('',(0.E0,-1.E0,0.E0));
#2972=DIRECTION('',(0.E0,0.E0,1.E0));
#2973=AXIS2_PLACEMENT_3D('',#2970,#2971,#2972);
#2974=CYLINDRICAL_SURFACE('',#2973,2.E0);
#2975=ORIENTED_EDGE('',*,*,#2195,.F.);
#2976=ORIENTED_EDGE('',*,*,#1530,.T.);
#2977=ORIENTED_EDGE('',*,*,#1430,.F.);
#2978=ORIENTED_EDGE('',*,*,#2151,.T.);
#2979=EDGE_LOOP('',(#2975,#2976,#2977,#2978));
#2980=FACE_OUTER_BOUND('',#2979,.F.);
#2981=ADVANCED_FACE('',(#2980),#2974,.T.);
#2982=CARTESIAN_POINT('',(-2.244792276131E1,7.707126726471E1,3.172099191353E0));
#2983=CARTESIAN_POINT('',(-2.246524502686E1,7.707230641883E1,3.171898751771E0));
#2984=CARTESIAN_POINT('',(-2.255222627992E1,7.707489481132E1,3.171399483852E0));
#2985=CARTESIAN_POINT('',(-2.270791047210E1,7.705632536467E1,3.174981293414E0));
#2986=CARTESIAN_POINT('',(-2.290319052775E1,7.698411935611E1,3.188908912090E0));
#2987=CARTESIAN_POINT('',(-2.307407797977E1,7.687039679903E1,3.210844543781E0));
#2988=CARTESIAN_POINT('',(-2.320950803009E1,7.672596326569E1,3.238703931336E0));
#2989=CARTESIAN_POINT('',(-2.330617046760E1,7.656336769285E1,3.270066544806E0));
#2990=CARTESIAN_POINT('',(-2.336789992186E1,7.638373959691E1,3.304714514878E0));
#2991=CARTESIAN_POINT('',(-2.338458227878E1,7.623839584332E1,3.332749472317E0));
#2992=CARTESIAN_POINT('',(-2.338211049144E1,7.615376787274E1,3.349073129128E0));
#2993=CARTESIAN_POINT('',(-2.338110399806E1,7.613666253547E1,3.352372530653E0));
#2994=CARTESIAN_POINT('',(-2.240595392368E1,7.776972794864E1,3.121252323216E0));
#2995=CARTESIAN_POINT('',(-2.243723442435E1,7.777161104667E1,3.120889097611E0));
#2996=CARTESIAN_POINT('',(-2.259431835387E1,7.777630298253E1,3.119984082989E0));
#2997=CARTESIAN_POINT('',(-2.287546652724E1,7.774272803714E1,3.126460261991E0));
#2998=CARTESIAN_POINT('',(-2.322700616700E1,7.761264721171E1,3.151551195137E0));
#2999=CARTESIAN_POINT('',(-2.353294843525E1,7.740888912863E1,3.190853532152E0));
#3000=CARTESIAN_POINT('',(-2.377384518976E1,7.715179467728E1,3.240443774756E0));
#3001=CARTESIAN_POINT('',(-2.394480409726E1,7.686405951445E1,3.295944220039E0));
#3002=CARTESIAN_POINT('',(-2.405351069660E1,7.654754401595E1,3.356996025224E0));
#3003=CARTESIAN_POINT('',(-2.408281655399E1,7.629210251631E1,3.406267434512E0));
#3004=CARTESIAN_POINT('',(-2.407846658052E1,7.614337052662E1,3.434955939505E0));
#3005=CARTESIAN_POINT('',(-2.407669732397E1,7.611330577046E1,3.440755047746E0));
#3006=CARTESIAN_POINT('',(-2.237607086043E1,7.816198719328E1,2.540348395090E0));
#3007=CARTESIAN_POINT('',(-2.241729004053E1,7.816447120452E1,2.539869260984E0));
#3008=CARTESIAN_POINT('',(-2.262428916505E1,7.817066092596E1,2.538675342616E0));
#3009=CARTESIAN_POINT('',(-2.299477143240E1,7.812640161823E1,2.547212398924E0));
#3010=CARTESIAN_POINT('',(-2.345757255324E1,7.795511219828E1,2.580251944687E0));
#3011=CARTESIAN_POINT('',(-2.385967787585E1,7.768724613725E1,2.631919893495E0));
#3012=CARTESIAN_POINT('',(-2.417567006710E1,7.734993375449E1,2.696983152567E0));
#3013=CARTESIAN_POINT('',(-2.439953027560E1,7.697309547389E1,2.769670453512E0));
#3014=CARTESIAN_POINT('',(-2.454168600235E1,7.655911206494E1,2.849522576245E0));
#3015=CARTESIAN_POINT('',(-2.457998016831E1,7.622527768873E1,2.913914972186E0));
#3016=CARTESIAN_POINT('',(-2.457429287034E1,7.603090172686E1,2.951407617611E0));
#3017=CARTESIAN_POINT('',(-2.457198050368E1,7.599160947821E1,2.958986591535E0));
#3018=CARTESIAN_POINT('',(-2.238103186907E1,7.794930880450E1,1.871791329924E0));
#3019=CARTESIAN_POINT('',(-2.242060108865E1,7.795169305570E1,1.871331438259E0));
#3020=CARTESIAN_POINT('',(-2.261931358902E1,7.795763412367E1,1.870185481975E0));
#3021=CARTESIAN_POINT('',(-2.297496514080E1,7.791514857031E1,1.878380403676E0));
#3022=CARTESIAN_POINT('',(-2.341929529154E1,7.775070035641E1,1.910100367993E0));
#3023=CARTESIAN_POINT('',(-2.380543619514E1,7.749347712103E1,1.959715451392E0));
#3024=CARTESIAN_POINT('',(-2.410896148811E1,7.716948204268E1,2.022209972191E0));
#3025=CARTESIAN_POINT('',(-2.432403933689E1,7.680743613236E1,2.092044013462E0));
#3026=CARTESIAN_POINT('',(-2.446064203822E1,7.640963376687E1,2.168775019164E0));
#3027=CARTESIAN_POINT('',(-2.449744401859E1,7.608881371031E1,2.230657118731E0));
#3028=CARTESIAN_POINT('',(-2.449197873529E1,7.590201528954E1,2.266688153065E0));
#3029=CARTESIAN_POINT('',(-2.448975653254E1,7.586425493437E1,2.273971644262E0));
#3030=(BOUNDED_SURFACE()B_SPLINE_SURFACE(3,3,((#2982,#2983,#2984,#2985,#2986,
#2987,#2988,#2989,#2990,#2991,#2992,#2993),(#2994,#2995,#2996,#2997,#2998,#2999,
#3000,#3001,#3002,#3003,#3004,#3005),(#3006,#3007,#3008,#3009,#3010,#3011,#3012,
#3013,#3014,#3015,#3016,#3017),(#3018,#3019,#3020,#3021,#3022,#3023,#3024,#3025,
#3026,#3027,#3028,#3029)),.UNSPECIFIED.,.F.,.F.,.F.)B_SPLINE_SURFACE_WITH_KNOTS(
(4,4),(4,1,1,1,1,1,1,1,1,4),(0.E0,1.E0),(-3.759220134782E-2,0.E0,
1.506448357943E-1,2.980203449995E-1,4.467002230085E-1,5.909422101449E-1,
7.232039047343E-1,8.536576477394E-1,1.E0,1.037200969593E0),.UNSPECIFIED.)GEOMETRIC_REPRESENTATION_ITEM()RATIONAL_B_SPLINE_SURFACE(((1.235169652565E0,
1.235169652565E0,1.235169652565E0,1.235169652565E0,1.235169652565E0,
1.235169652565E0,1.235169652565E0,1.235169652565E0,1.235169652565E0,
1.235169652565E0,1.235169652565E0,1.235169652565E0),(9.216101158117E-1,
9.216101158117E-1,9.216101158117E-1,9.216101158117E-1,9.216101158117E-1,
9.216101158117E-1,9.216101158117E-1,9.216101158117E-1,9.216101158117E-1,
9.216101158117E-1,9.216101158117E-1,9.216101158117E-1),(9.216101158117E-1,
9.216101158117E-1,9.216101158117E-1,9.216101158117E-1,9.216101158117E-1,
9.216101158117E-1,9.216101158117E-1,9.216101158117E-1,9.216101158117E-1,
9.216101158117E-1,9.216101158117E-1,9.216101158117E-1),(1.235169652565E0,
1.235169652565E0,1.235169652565E0,1.235169652565E0,1.235169652565E0,
1.235169652565E0,1.235169652565E0,1.235169652565E0,1.235169652565E0,
1.235169652565E0,1.235169652565E0,1.235169652565E0)))REPRESENTATION_ITEM('')SURFACE());
#3031=ORIENTED_EDGE('',*,*,#1841,.T.);
#3032=ORIENTED_EDGE('',*,*,#1869,.T.);
#3034=ORIENTED_EDGE('',*,*,#3033,.F.);
#3036=ORIENTED_EDGE('',*,*,#3035,.F.);
#3037=EDGE_LOOP('',(#3031,#3032,#3034,#3036));
#3038=FACE_OUTER_BOUND('',#3037,.F.);
#3039=ADVANCED_FACE('',(#3038),#3030,.T.);
#3040=CARTESIAN_POINT('',(-2.25E1,7.6E1,1.1939832E2));
#3041=DIRECTION('',(0.E0,0.E0,-1.E0));
#3042=DIRECTION('',(-1.E0,0.E0,0.E0));
#3043=AXIS2_PLACEMENT_3D('',#3040,#3041,#3042);
#3044=CYLINDRICAL_SURFACE('',#3043,2.E0);
#3045=ORIENTED_EDGE('',*,*,#3033,.T.);
#3046=ORIENTED_EDGE('',*,*,#1422,.T.);
#3048=ORIENTED_EDGE('',*,*,#3047,.T.);
#3050=ORIENTED_EDGE('',*,*,#3049,.F.);
#3051=EDGE_LOOP('',(#3045,#3046,#3048,#3050));
#3052=FACE_OUTER_BOUND('',#3051,.F.);
#3053=ADVANCED_FACE('',(#3052),#3044,.T.);
#3054=CARTESIAN_POINT('',(-2.45E1,7.8E1,0.E0));
#3055=DIRECTION('',(0.E0,0.E0,-1.E0));
#3056=DIRECTION('',(0.E0,-1.E0,0.E0));
#3057=AXIS2_PLACEMENT_3D('',#3054,#3055,#3056);
#3058=PLANE('',#3057);
#3059=ORIENTED_EDGE('',*,*,#1620,.T.);
#3061=ORIENTED_EDGE('',*,*,#3060,.T.);
#3063=ORIENTED_EDGE('',*,*,#3062,.F.);
#3065=ORIENTED_EDGE('',*,*,#3064,.F.);
#3066=ORIENTED_EDGE('',*,*,#3047,.F.);
#3067=ORIENTED_EDGE('',*,*,#1420,.T.);
#3068=EDGE_LOOP('',(#3059,#3061,#3063,#3065,#3066,#3067));
#3069=FACE_OUTER_BOUND('',#3068,.F.);
#3070=ADVANCED_FACE('',(#3069),#3058,.T.);
#3071=CARTESIAN_POINT('',(6.270154409316E1,1.052897007313E2,3.31E1));
#3072=DIRECTION('',(0.E0,0.E0,-1.E0));
#3073=DIRECTION('',(-1.E0,0.E0,0.E0));
#3074=AXIS2_PLACEMENT_3D('',#3071,#3072,#3073);
#3075=CYLINDRICAL_SURFACE('',#3074,8.E1);
#3076=ORIENTED_EDGE('',*,*,#1828,.T.);
#3078=ORIENTED_EDGE('',*,*,#3077,.F.);
#3079=ORIENTED_EDGE('',*,*,#3060,.F.);
#3080=ORIENTED_EDGE('',*,*,#1618,.F.);
#3081=ORIENTED_EDGE('',*,*,#1650,.F.);
#3082=ORIENTED_EDGE('',*,*,#1761,.T.);
#3083=EDGE_LOOP('',(#3076,#3078,#3079,#3080,#3081,#3082));
#3084=FACE_OUTER_BOUND('',#3083,.F.);
#3085=ADVANCED_FACE('',(#3084),#3075,.F.);
#3086=CARTESIAN_POINT('',(-1.388901296886E1,7.6E1,-1.1939832E2));
#3087=DIRECTION('',(0.E0,0.E0,1.E0));
#3088=DIRECTION('',(9.340311836831E-1,3.571914723332E-1,0.E0));
#3089=AXIS2_PLACEMENT_3D('',#3086,#3087,#3088);
#3090=CYLINDRICAL_SURFACE('',#3089,2.E0);
#3092=ORIENTED_EDGE('',*,*,#3091,.T.);
#3094=ORIENTED_EDGE('',*,*,#3093,.F.);
#3095=ORIENTED_EDGE('',*,*,#3062,.T.);
#3096=ORIENTED_EDGE('',*,*,#3077,.T.);
#3097=EDGE_LOOP('',(#3092,#3094,#3095,#3096));
#3098=FACE_OUTER_BOUND('',#3097,.F.);
#3099=ADVANCED_FACE('',(#3098),#3090,.T.);
#3100=CARTESIAN_POINT('',(-1.304788834196E1,7.645609153641E1,3.290758747985E0));
#3101=CARTESIAN_POINT('',(-1.305306376142E1,7.647245971533E1,3.287601534909E0));
#3102=CARTESIAN_POINT('',(-1.308489229786E1,7.656360109820E1,3.270021523889E0));
#3103=CARTESIAN_POINT('',(-1.316724391977E1,7.671446810972E1,3.240921200400E0));
#3104=CARTESIAN_POINT('',(-1.331856660930E1,7.687391426484E1,3.210166069462E0));
#3105=CARTESIAN_POINT('',(-1.348972612426E1,7.698513945477E1,3.188712148060E0));
#3106=CARTESIAN_POINT('',(-1.368002577257E1,7.705589092804E1,3.175065090702E0));
#3107=CARTESIAN_POINT('',(-1.383425990527E1,7.707496946654E1,3.171385083811E0));
#3108=CARTESIAN_POINT('',(-1.392367898809E1,7.707230705903E1,3.171898628283E0));
#3109=CARTESIAN_POINT('',(-1.394095286227E1,7.707126998731E1,3.172098666198E0));
#3110=CARTESIAN_POINT('',(-1.241561945953E1,7.666422692134E1,3.330334953861E0));
#3111=CARTESIAN_POINT('',(-1.242453882353E1,7.669244372908E1,3.324892291315E0));
#3112=CARTESIAN_POINT('',(-1.247941743054E1,7.684963903893E1,3.294571319739E0));
#3113=CARTESIAN_POINT('',(-1.262176662733E1,7.711063586072E1,3.244228359621E0));
#3114=CARTESIAN_POINT('',(-1.288511307636E1,7.738836112032E1,3.190658697078E0));
#3115=CARTESIAN_POINT('',(-1.318493344087E1,7.758332565481E1,3.153052523497E0));
#3116=CARTESIAN_POINT('',(-1.351994603732E1,7.770796115967E1,3.129011923280E0));
#3117=CARTESIAN_POINT('',(-1.379231639635E1,7.774169420303E1,3.122505249196E0));
#3118=CARTESIAN_POINT('',(-1.395023435263E1,7.773697605066E1,3.123415320647E0));
#3119=CARTESIAN_POINT('',(-1.398073838128E1,7.773513860266E1,3.123769740946E0));
#3120=CARTESIAN_POINT('',(-1.195044638061E1,7.672021709595E1,2.855845538322E0));
#3121=CARTESIAN_POINT('',(-1.196212024077E1,7.675715118095E1,2.848721424108E0));
#3122=CARTESIAN_POINT('',(-1.203395725361E1,7.696294370861E1,2.809026668664E0));
#3123=CARTESIAN_POINT('',(-1.222044788676E1,7.730496527216E1,2.743055068644E0));
#3124=CARTESIAN_POINT('',(-1.256621249452E1,7.766971087505E1,2.672700291089E0));
#3125=CARTESIAN_POINT('',(-1.296069126337E1,7.792628414882E1,2.623210576998E0));
#3126=CARTESIAN_POINT('',(-1.340217211963E1,7.809056323188E1,2.591523235866E0));
#3127=CARTESIAN_POINT('',(-1.376145770359E1,7.813507789257E1,2.582936925226E0));
#3128=CARTESIAN_POINT('',(-1.396977167452E1,7.812884728689E1,2.584138729642E0));
#3129=CARTESIAN_POINT('',(-1.401000939697E1,7.812642098578E1,2.584606732200E0));
#3130=CARTESIAN_POINT('',(-1.198224031731E1,7.658435738343E1,2.203768267874E0));
#3131=CARTESIAN_POINT('',(-1.199372591147E1,7.662069565458E1,2.196759078556E0));
#3132=CARTESIAN_POINT('',(-1.206440384072E1,7.682316662960E1,2.157705008277E0));
#3133=CARTESIAN_POINT('',(-1.224787746773E1,7.715965026410E1,2.092801604183E0));
#3134=CARTESIAN_POINT('',(-1.258800890831E1,7.751844814685E1,2.023594066029E0));
#3135=CARTESIAN_POINT('',(-1.297601790612E1,7.777081054849E1,1.974916575499E0));
#3136=CARTESIAN_POINT('',(-1.341022180405E1,7.793238004779E1,1.943751878535E0));
#3137=CARTESIAN_POINT('',(-1.376356685257E1,7.797615779985E1,1.935307708178E0));
#3138=CARTESIAN_POINT('',(-1.396843632559E1,7.797003056826E1,1.936489573049E0));
#3139=CARTESIAN_POINT('',(-1.400800876352E1,7.796764451445E1,1.936949812417E0));
#3140=(BOUNDED_SURFACE()B_SPLINE_SURFACE(3,3,((#3100,#3101,#3102,#3103,#3104,
#3105,#3106,#3107,#3108,#3109),(#3110,#3111,#3112,#3113,#3114,#3115,#3116,#3117,
#3118,#3119),(#3120,#3121,#3122,#3123,#3124,#3125,#3126,#3127,#3128,#3129),(
#3130,#3131,#3132,#3133,#3134,#3135,#3136,#3137,#3138,#3139)),.UNSPECIFIED.,.F.,
.F.,.F.)B_SPLINE_SURFACE_WITH_KNOTS((4,4),(4,1,1,1,1,1,1,4),(0.E0,1.E0),(
-4.862563041632E-2,0.E0,2.243958185781E-1,4.308090434216E-1,6.152576352839E-1,
7.963355202331E-1,1.E0,1.048943431532E0),.UNSPECIFIED.)GEOMETRIC_REPRESENTATION_ITEM()RATIONAL_B_SPLINE_SURFACE(((1.215486454512E0,1.215486454512E0,
1.215486454512E0,1.215486454512E0,1.215486454512E0,1.215486454512E0,
1.215486454512E0,1.215486454512E0,1.215486454512E0,1.215486454512E0),(
9.281711818292E-1,9.281711818292E-1,9.281711818292E-1,9.281711818292E-1,
9.281711818292E-1,9.281711818292E-1,9.281711818292E-1,9.281711818292E-1,
9.281711818292E-1,9.281711818292E-1),(9.281711818292E-1,9.281711818292E-1,
9.281711818292E-1,9.281711818292E-1,9.281711818292E-1,9.281711818292E-1,
9.281711818292E-1,9.281711818292E-1,9.281711818292E-1,9.281711818292E-1),(
1.215486454512E0,1.215486454512E0,1.215486454512E0,1.215486454512E0,
1.215486454512E0,1.215486454512E0,1.215486454512E0,1.215486454512E0,
1.215486454512E0,1.215486454512E0)))REPRESENTATION_ITEM('')SURFACE());
#3141=ORIENTED_EDGE('',*,*,#1845,.T.);
#3143=ORIENTED_EDGE('',*,*,#3142,.T.);
#3144=ORIENTED_EDGE('',*,*,#3091,.F.);
#3145=ORIENTED_EDGE('',*,*,#1826,.F.);
#3146=EDGE_LOOP('',(#3141,#3143,#3144,#3145));
#3147=FACE_OUTER_BOUND('',#3146,.F.);
#3148=ADVANCED_FACE('',(#3147),#3140,.T.);
#3149=CARTESIAN_POINT('',(-1.373541875462E1,7.7E1,2.174454392375E0));
#3150=DIRECTION('',(-1.E0,0.E0,0.E0));
#3151=DIRECTION('',(0.E0,1.893961407134E-1,9.819007596916E-1));
#3152=AXIS2_PLACEMENT_3D('',#3149,#3150,#3151);
#3153=CYLINDRICAL_SURFACE('',#3152,1.E0);
#3154=ORIENTED_EDGE('',*,*,#1843,.T.);
#3155=ORIENTED_EDGE('',*,*,#3035,.T.);
#3157=ORIENTED_EDGE('',*,*,#3156,.F.);
#3158=ORIENTED_EDGE('',*,*,#3142,.F.);
#3159=EDGE_LOOP('',(#3154,#3155,#3157,#3158));
#3160=FACE_OUTER_BOUND('',#3159,.F.);
#3161=ADVANCED_FACE('',(#3160),#3153,.T.);
#3162=CARTESIAN_POINT('',(-2.45E1,7.8E1,3.E0));
#3163=DIRECTION('',(0.E0,1.E0,0.E0));
#3164=DIRECTION('',(0.E0,0.E0,-1.E0));
#3165=AXIS2_PLACEMENT_3D('',#3162,#3163,#3164);
#3166=PLANE('',#3165);
#3167=ORIENTED_EDGE('',*,*,#3156,.T.);
#3168=ORIENTED_EDGE('',*,*,#3049,.T.);
#3169=ORIENTED_EDGE('',*,*,#3064,.T.);
#3170=ORIENTED_EDGE('',*,*,#3093,.T.);
#3171=EDGE_LOOP('',(#3167,#3168,#3169,#3170));
#3172=FACE_OUTER_BOUND('',#3171,.F.);
#3173=ADVANCED_FACE('',(#3172),#3166,.T.);
#3174=CARTESIAN_POINT('',(-2.25E1,1.1518E1,6.E0));
#3175=DIRECTION('',(0.E0,-1.E0,0.E0));
#3176=DIRECTION('',(-1.E0,0.E0,0.E0));
#3177=AXIS2_PLACEMENT_3D('',#3174,#3175,#3176);
#3178=CYLINDRICAL_SURFACE('',#3177,2.E0);
#3179=ORIENTED_EDGE('',*,*,#1598,.F.);
#3180=ORIENTED_EDGE('',*,*,#1464,.F.);
#3181=ORIENTED_EDGE('',*,*,#1440,.T.);
#3183=ORIENTED_EDGE('',*,*,#3182,.T.);
#3184=EDGE_LOOP('',(#3179,#3180,#3181,#3183));
#3185=FACE_OUTER_BOUND('',#3184,.F.);
#3186=ADVANCED_FACE('',(#3185),#3178,.T.);
#3187=CARTESIAN_POINT('',(-2.45E1,1.5E0,7.E0));
#3188=DIRECTION('',(0.E0,8.944271909999E-1,4.472135955E-1));
#3189=DIRECTION('',(0.E0,4.472135955E-1,-8.944271909999E-1));
#3190=AXIS2_PLACEMENT_3D('',#3187,#3188,#3189);
#3191=PLANE('',#3190);
#3192=ORIENTED_EDGE('',*,*,#1600,.T.);
#3193=ORIENTED_EDGE('',*,*,#3182,.F.);
#3194=ORIENTED_EDGE('',*,*,#1438,.F.);
#3196=ORIENTED_EDGE('',*,*,#3195,.T.);
#3197=ORIENTED_EDGE('',*,*,#1574,.T.);
#3198=EDGE_LOOP('',(#3192,#3193,#3194,#3196,#3197));
#3199=FACE_OUTER_BOUND('',#3198,.F.);
#3200=ADVANCED_FACE('',(#3199),#3191,.F.);
#3201=CARTESIAN_POINT('',(-2.45E1,1.5E0,2.2E1));
#3202=DIRECTION('',(0.E0,1.E0,0.E0));
#3203=DIRECTION('',(0.E0,0.E0,-1.E0));
#3204=AXIS2_PLACEMENT_3D('',#3201,#3202,#3203);
#3205=PLANE('',#3204);
#3206=ORIENTED_EDGE('',*,*,#1436,.F.);
#3208=ORIENTED_EDGE('',*,*,#3207,.T.);
#3209=ORIENTED_EDGE('',*,*,#1576,.T.);
#3210=ORIENTED_EDGE('',*,*,#3195,.F.);
#3211=EDGE_LOOP('',(#3206,#3208,#3209,#3210));
#3212=FACE_OUTER_BOUND('',#3211,.F.);
#3213=ADVANCED_FACE('',(#3212),#3205,.F.);
#3214=CARTESIAN_POINT('',(-2.45E1,0.E0,2.2E1));
#3215=DIRECTION('',(0.E0,0.E0,1.E0));
#3216=DIRECTION('',(0.E0,1.E0,0.E0));
#3217=AXIS2_PLACEMENT_3D('',#3214,#3215,#3216);
#3218=PLANE('',#3217);
#3219=ORIENTED_EDGE('',*,*,#1527,.F.);
#3220=ORIENTED_EDGE('',*,*,#1578,.T.);
#3221=ORIENTED_EDGE('',*,*,#3207,.F.);
#3222=ORIENTED_EDGE('',*,*,#1434,.F.);
#3223=EDGE_LOOP('',(#3219,#3220,#3221,#3222));
#3224=FACE_OUTER_BOUND('',#3223,.F.);
#3225=ADVANCED_FACE('',(#3224),#3218,.F.);
#3226=CLOSED_SHELL('',(#1444,#1458,#1471,#1486,#1504,#1519,#1565,#1582,#1607,
#1642,#1660,#1703,#1720,#1766,#1833,#1859,#1873,#1887,#1901,#1917,#1932,#1952,
#1967,#1982,#1997,#2037,#2050,#2156,#2169,#2201,#2221,#2241,#2262,#2283,#2298,
#2311,#2327,#2345,#2363,#2381,#2395,#2407,#2421,#2433,#2447,#2459,#2473,#2485,
#2499,#2511,#2525,#2537,#2551,#2563,#2577,#2594,#2607,#2622,#2637,#2650,#2662,
#2678,#2691,#2706,#2718,#2733,#2746,#2759,#2771,#2783,#2798,#2811,#2881,#2945,
#2957,#2969,#2981,#3039,#3053,#3070,#3085,#3099,#3148,#3161,#3173,#3186,#3200,
#3213,#3225));
#3227=MANIFOLD_SOLID_BREP('',#3226);
#3229=DIMENSIONAL_EXPONENTS(0.E0,0.E0,0.E0,0.E0,0.E0,0.E0,0.E0);
#3231=PLANE_ANGLE_MEASURE_WITH_UNIT(PLANE_ANGLE_MEASURE(1.745329251994E-2),
#3230);
#3232=(CONVERSION_BASED_UNIT('DEGREE',#3231)NAMED_UNIT(*)PLANE_ANGLE_UNIT());
#3234=UNCERTAINTY_MEASURE_WITH_UNIT(LENGTH_MEASURE(9.804688112624E-3),#3228,
'closure',
'Maximum model space distance between geometric entities at asserted connectivities');
#3235=(GEOMETRIC_REPRESENTATION_CONTEXT(3)GLOBAL_UNCERTAINTY_ASSIGNED_CONTEXT((
#3234))GLOBAL_UNIT_ASSIGNED_CONTEXT((#3228,#3232,#3233))REPRESENTATION_CONTEXT(
'ID1','3'));
#3237=APPLICATION_CONTEXT(
'CONFIGURATION CONTROLLED 3D DESIGNS OF MECHANICAL PARTS AND ASSEMBLIES');
#3238=APPLICATION_PROTOCOL_DEFINITION('international standard',
'config_control_design',1994,#3237);
#3239=DESIGN_CONTEXT('',#3237,'design');
#3240=MECHANICAL_CONTEXT('',#3237,'mechanical');
#3241=PRODUCT('POINTY_ENDED_B','POINTY_ENDED_B','NOT SPECIFIED',(#3240));
#3242=PRODUCT_DEFINITION_FORMATION_WITH_SPECIFIED_SOURCE('1','LAST_VERSION',
#3241,.MADE.);
#3246=PRODUCT_CATEGORY('part','');
#3247=PRODUCT_RELATED_PRODUCT_CATEGORY('detail','',(#3241));
#3248=PRODUCT_CATEGORY_RELATIONSHIP('','',#3246,#3247);
#3249=SECURITY_CLASSIFICATION_LEVEL('unclassified');
#3250=SECURITY_CLASSIFICATION('','',#3249);
#3251=CC_DESIGN_SECURITY_CLASSIFICATION(#3250,(#3242));
#3252=APPROVAL_STATUS('approved');
#3253=APPROVAL(#3252,'');
#3254=CC_DESIGN_APPROVAL(#3253,(#3250,#3242,#3243));
#3255=CALENDAR_DATE(126,23,7);
#3256=COORDINATED_UNIVERSAL_TIME_OFFSET(8,0,.AHEAD.);
#3257=LOCAL_TIME(12,19,5.4E1,#3256);
#3258=DATE_AND_TIME(#3255,#3257);
#3259=APPROVAL_DATE_TIME(#3258,#3253);
#3260=DATE_TIME_ROLE('creation_date');
#3261=CC_DESIGN_DATE_AND_TIME_ASSIGNMENT(#3258,#3260,(#3243));
#3262=DATE_TIME_ROLE('classification_date');
#3263=CC_DESIGN_DATE_AND_TIME_ASSIGNMENT(#3258,#3262,(#3250));
#3264=PERSON('UNSPECIFIED','UNSPECIFIED',$,$,$,$);
#3265=ORGANIZATION('UNSPECIFIED','UNSPECIFIED','UNSPECIFIED');
#3266=PERSON_AND_ORGANIZATION(#3264,#3265);
#3267=APPROVAL_ROLE('approver');
#3268=APPROVAL_PERSON_ORGANIZATION(#3266,#3253,#3267);
#3269=PERSON_AND_ORGANIZATION_ROLE('creator');
#3270=CC_DESIGN_PERSON_AND_ORGANIZATION_ASSIGNMENT(#3266,#3269,(#3242,#3243));
#3271=PERSON_AND_ORGANIZATION_ROLE('design_supplier');
#3272=CC_DESIGN_PERSON_AND_ORGANIZATION_ASSIGNMENT(#3266,#3271,(#3242));
#3273=PERSON_AND_ORGANIZATION_ROLE('classification_officer');
#3274=CC_DESIGN_PERSON_AND_ORGANIZATION_ASSIGNMENT(#3266,#3273,(#3250));
#3275=PERSON_AND_ORGANIZATION_ROLE('design_owner');
#3276=CC_DESIGN_PERSON_AND_ORGANIZATION_ASSIGNMENT(#3266,#3275,(#3241));
#17=CIRCLE('',#16,3.1E1);
#34=CIRCLE('',#33,2.E0);
#63=CIRCLE('',#62,2.E0);
#72=CIRCLE('',#71,2.E0);
#81=CIRCLE('',#80,2.E0);
#141=B_SPLINE_CURVE_WITH_KNOTS('',3,(#134,#135,#136,#137,#138,#139,#140),
.UNSPECIFIED.,.F.,.F.,(4,1,1,1,4),(0.E0,2.5E-1,5.E-1,7.5E-1,1.E0),
.UNSPECIFIED.);
#146=B_SPLINE_CURVE_WITH_KNOTS('',3,(#142,#143,#144,#145),.UNSPECIFIED.,.F.,.F.,
(4,4),(0.E0,1.E0),.UNSPECIFIED.);
#184=B_SPLINE_CURVE_WITH_KNOTS('',3,(#179,#180,#181,#182,#183),.UNSPECIFIED.,
.F.,.F.,(4,1,4),(0.E0,5.E-1,1.E0),.UNSPECIFIED.);
#195=B_SPLINE_CURVE_WITH_KNOTS('',3,(#189,#190,#191,#192,#193,#194),
.UNSPECIFIED.,.F.,.F.,(4,1,1,4),(0.E0,3.333333333333E-1,6.666666666667E-1,1.E0),
.UNSPECIFIED.);
#204=CIRCLE('',#203,6.E1);
#217=B_SPLINE_CURVE_WITH_KNOTS('',3,(#205,#206,#207,#208,#209,#210,#211,#212,
#213,#214,#215,#216),.UNSPECIFIED.,.F.,.F.,(4,1,1,1,1,1,1,1,1,4),(0.E0,
1.111111111111E-1,2.222222222222E-1,3.333333333333E-1,4.444444444444E-1,
5.555555555556E-1,6.666666666667E-1,7.777777777778E-1,8.888888888889E-1,1.E0),
.UNSPECIFIED.);
#222=CIRCLE('',#221,1.E0);
#230=B_SPLINE_CURVE_WITH_KNOTS('',3,(#223,#224,#225,#226,#227,#228,#229),
.UNSPECIFIED.,.F.,.F.,(4,1,1,1,4),(0.E0,2.5E-1,5.E-1,7.5E-1,1.E0),
.UNSPECIFIED.);
#237=B_SPLINE_CURVE_WITH_KNOTS('',3,(#231,#232,#233,#234,#235,#236),
.UNSPECIFIED.,.F.,.F.,(4,1,1,4),(0.E0,3.333333333333E-1,6.666666666667E-1,1.E0),
.UNSPECIFIED.);
#249=B_SPLINE_CURVE_WITH_KNOTS('',3,(#238,#239,#240,#241,#242,#243,#244,#245,
#246,#247,#248),.UNSPECIFIED.,.F.,.F.,(4,1,1,1,1,1,1,1,4),(0.E0,1.25E-1,2.5E-1,
3.75E-1,5.E-1,6.25E-1,7.5E-1,8.75E-1,1.E0),.UNSPECIFIED.);
#258=CIRCLE('',#257,1.E0);
#263=CIRCLE('',#262,1.E0);
#278=B_SPLINE_CURVE_WITH_KNOTS('',3,(#268,#269,#270,#271,#272,#273,#274,#275,
#276,#277),.UNSPECIFIED.,.F.,.F.,(4,1,1,1,1,1,1,4),(0.E0,1.428571428571E-1,
2.857142857143E-1,4.285714285714E-1,5.714285714286E-1,7.142857142857E-1,
8.571428571429E-1,1.E0),.UNSPECIFIED.);
#291=B_SPLINE_CURVE_WITH_KNOTS('',3,(#283,#284,#285,#286,#287,#288,#289,#290),
.UNSPECIFIED.,.F.,.F.,(4,1,1,1,1,4),(0.E0,2.E-1,4.E-1,6.E-1,8.E-1,1.E0),
.UNSPECIFIED.);
#304=B_SPLINE_CURVE_WITH_KNOTS('',3,(#292,#293,#294,#295,#296,#297,#298,#299,
#300,#301,#302,#303),.UNSPECIFIED.,.F.,.F.,(4,1,1,1,1,1,1,1,1,4),(0.E0,
1.111111111111E-1,2.222222222222E-1,3.333333333333E-1,4.444444444444E-1,
5.555555555556E-1,6.666666666667E-1,7.777777777778E-1,8.888888888889E-1,1.E0),
.UNSPECIFIED.);
#309=B_SPLINE_CURVE_WITH_KNOTS('',3,(#305,#306,#307,#308),.UNSPECIFIED.,.F.,.F.,
(4,4),(0.E0,1.E0),.UNSPECIFIED.);
#318=CIRCLE('',#317,1.E0);
#323=CIRCLE('',#322,1.E0);
#328=CIRCLE('',#327,3.E1);
#333=CIRCLE('',#332,3.E1);
#366=CIRCLE('',#365,1.E0);
#383=B_SPLINE_CURVE_WITH_KNOTS('',3,(#379,#380,#381,#382),.UNSPECIFIED.,.F.,.F.,
(4,4),(0.E0,1.E0),.UNSPECIFIED.);
#389=B_SPLINE_CURVE_WITH_KNOTS('',3,(#384,#385,#386,#387,#388),.UNSPECIFIED.,
.F.,.F.,(4,1,4),(0.E0,5.E-1,1.E0),.UNSPECIFIED.);
#407=B_SPLINE_CURVE_WITH_KNOTS('',3,(#402,#403,#404,#405,#406),.UNSPECIFIED.,
.F.,.F.,(4,1,4),(0.E0,5.E-1,1.E0),.UNSPECIFIED.);
#412=B_SPLINE_CURVE_WITH_KNOTS('',3,(#408,#409,#410,#411),.UNSPECIFIED.,.F.,.F.,
(4,4),(0.E0,1.E0),.UNSPECIFIED.);
#429=B_SPLINE_CURVE_WITH_KNOTS('',3,(#417,#418,#419,#420,#421,#422,#423,#424,
#425,#426,#427,#428),.UNSPECIFIED.,.F.,.F.,(4,1,1,1,1,1,1,1,1,4),(0.E0,
1.111111111111E-1,2.222222222222E-1,3.333333333333E-1,4.444444444444E-1,
5.555555555556E-1,6.666666666667E-1,7.777777777778E-1,8.888888888889E-1,1.E0),
.UNSPECIFIED.);
#443=B_SPLINE_CURVE_WITH_KNOTS('',3,(#430,#431,#432,#433,#434,#435,#436,#437,
#438,#439,#440,#441,#442),.UNSPECIFIED.,.F.,.F.,(4,1,1,1,1,1,1,1,1,1,4),(0.E0,
1.E-1,2.E-1,3.E-1,4.E-1,5.E-1,6.E-1,7.E-1,8.E-1,9.E-1,1.E0),.UNSPECIFIED.);
#452=B_SPLINE_CURVE_WITH_KNOTS('',3,(#448,#449,#450,#451),.UNSPECIFIED.,.F.,.F.,
(4,4),(0.E0,1.E0),.UNSPECIFIED.);
#495=B_SPLINE_CURVE_WITH_KNOTS('',3,(#473,#474,#475,#476,#477,#478,#479,#480,
#481,#482,#483,#484,#485,#486,#487,#488,#489,#490,#491,#492,#493,#494),
.UNSPECIFIED.,.F.,.F.,(4,1,1,1,1,1,1,1,1,1,1,1,1,1,1,1,1,1,1,4),(0.E0,
5.263157894737E-2,1.052631578947E-1,1.578947368421E-1,2.105263157895E-1,
2.631578947368E-1,3.157894736842E-1,3.684210526316E-1,4.210526315789E-1,
4.736842105263E-1,5.263157894737E-1,5.789473684211E-1,6.315789473684E-1,
6.842105263158E-1,7.368421052632E-1,7.894736842105E-1,8.421052631579E-1,
8.947368421053E-1,9.473684210526E-1,1.E0),.UNSPECIFIED.);
#500=CIRCLE('',#499,1.E0);
#505=CIRCLE('',#504,1.E0);
#510=CIRCLE('',#509,1.E0);
#527=CIRCLE('',#526,5.6E1);
#536=CIRCLE('',#535,5.8E1);
#609=CIRCLE('',#608,3.E0);
#618=CIRCLE('',#617,3.E0);
#627=CIRCLE('',#626,3.E0);
#632=CIRCLE('',#631,3.E0);
#637=CIRCLE('',#636,3.E0);
#642=CIRCLE('',#641,3.E0);
#647=CIRCLE('',#646,3.E0);
#652=CIRCLE('',#651,3.E0);
#657=CIRCLE('',#656,3.E0);
#662=CIRCLE('',#661,3.E0);
#667=CIRCLE('',#666,1.7E0);
#672=CIRCLE('',#671,1.7E0);
#677=CIRCLE('',#676,1.7E0);
#682=CIRCLE('',#681,1.7E0);
#687=CIRCLE('',#686,1.7E0);
#692=CIRCLE('',#691,1.7E0);
#697=CIRCLE('',#696,1.7E0);
#702=CIRCLE('',#701,1.7E0);
#707=CIRCLE('',#706,3.E0);
#716=CIRCLE('',#715,3.E0);
#725=CIRCLE('',#724,3.E0);
#734=CIRCLE('',#733,3.E0);
#743=CIRCLE('',#742,3.E0);
#752=CIRCLE('',#751,3.E0);
#765=CIRCLE('',#764,1.7E0);
#774=CIRCLE('',#773,1.7E0);
#783=CIRCLE('',#782,1.7E0);
#792=CIRCLE('',#791,1.7E0);
#801=CIRCLE('',#800,1.7E0);
#810=CIRCLE('',#809,1.7E0);
#819=CIRCLE('',#818,1.7E0);
#828=CIRCLE('',#827,1.7E0);
#841=CIRCLE('',#840,1.E0);
#882=CIRCLE('',#881,1.E0);
#932=B_SPLINE_CURVE_WITH_KNOTS('',3,(#927,#928,#929,#930,#931),.UNSPECIFIED.,
.F.,.F.,(4,1,4),(0.E0,5.E-1,1.E0),.UNSPECIFIED.);
#942=B_SPLINE_CURVE_WITH_KNOTS('',3,(#937,#938,#939,#940,#941),.UNSPECIFIED.,
.F.,.F.,(4,1,4),(0.E0,5.E-1,1.E0),.UNSPECIFIED.);
#952=B_SPLINE_CURVE_WITH_KNOTS('',3,(#947,#948,#949,#950,#951),.UNSPECIFIED.,
.F.,.F.,(4,1,4),(0.E0,5.E-1,1.E0),.UNSPECIFIED.);
#957=CIRCLE('',#956,1.E0);
#962=CIRCLE('',#961,1.E0);
#976=B_SPLINE_CURVE_WITH_KNOTS('',3,(#963,#964,#965,#966,#967,#968,#969,#970,
#971,#972,#973,#974,#975),.UNSPECIFIED.,.F.,.F.,(4,1,1,1,1,1,1,1,1,1,4),(0.E0,
1.E-1,2.E-1,3.E-1,4.E-1,5.E-1,6.E-1,7.E-1,8.E-1,9.E-1,1.E0),.UNSPECIFIED.);
#981=CIRCLE('',#980,2.E0);
#1012=B_SPLINE_CURVE_WITH_KNOTS('',3,(#990,#991,#992,#993,#994,#995,#996,#997,
#998,#999,#1000,#1001,#1002,#1003,#1004,#1005,#1006,#1007,#1008,#1009,#1010,
#1011),.UNSPECIFIED.,.F.,.F.,(4,1,1,1,1,1,1,1,1,1,1,1,1,1,1,1,1,1,1,4),(0.E0,
5.263157894737E-2,1.052631578947E-1,1.578947368421E-1,2.105263157895E-1,
2.631578947368E-1,3.157894736842E-1,3.684210526316E-1,4.210526315789E-1,
4.736842105263E-1,5.263157894737E-1,5.789473684211E-1,6.315789473684E-1,
6.842105263158E-1,7.368421052632E-1,7.894736842105E-1,8.421052631579E-1,
8.947368421053E-1,9.473684210526E-1,1.E0),.UNSPECIFIED.);
#1017=CIRCLE('',#1016,1.E0);
#1028=B_SPLINE_CURVE_WITH_KNOTS('',3,(#1018,#1019,#1020,#1021,#1022,#1023,#1024,
#1025,#1026,#1027),.UNSPECIFIED.,.F.,.F.,(4,1,1,1,1,1,1,4),(0.E0,
1.428571428571E-1,2.857142857143E-1,4.285714285714E-1,5.714285714286E-1,
7.142857142857E-1,8.571428571429E-1,1.E0),.UNSPECIFIED.);
#1033=CIRCLE('',#1032,2.E0);
#1042=CIRCLE('',#1041,2.E0);
#1055=B_SPLINE_CURVE_WITH_KNOTS('',3,(#1043,#1044,#1045,#1046,#1047,#1048,#1049,
#1050,#1051,#1052,#1053,#1054),.UNSPECIFIED.,.F.,.F.,(4,1,1,1,1,1,1,1,1,4),
(0.E0,1.111111111111E-1,2.222222222222E-1,3.333333333333E-1,4.444444444444E-1,
5.555555555556E-1,6.666666666667E-1,7.777777777778E-1,8.888888888889E-1,1.E0),
.UNSPECIFIED.);
#1064=CIRCLE('',#1063,8.E1);
#1072=B_SPLINE_CURVE_WITH_KNOTS('',3,(#1065,#1066,#1067,#1068,#1069,#1070,
#1071),.UNSPECIFIED.,.F.,.F.,(4,1,1,1,4),(0.E0,2.5E-1,5.E-1,7.5E-1,1.E0),
.UNSPECIFIED.);
#1081=B_SPLINE_CURVE_WITH_KNOTS('',3,(#1073,#1074,#1075,#1076,#1077,#1078,#1079,
#1080),.UNSPECIFIED.,.F.,.F.,(4,1,1,1,1,4),(0.E0,2.E-1,4.E-1,6.E-1,8.E-1,1.E0),
.UNSPECIFIED.);
#1086=CIRCLE('',#1085,1.E0);
#1091=CIRCLE('',#1090,1.E0);
#1108=CIRCLE('',#1107,2.E0);
#1120=B_SPLINE_CURVE_WITH_KNOTS('',3,(#1113,#1114,#1115,#1116,#1117,#1118,
#1119),.UNSPECIFIED.,.F.,.F.,(4,1,1,1,4),(0.E0,2.5E-1,5.E-1,7.5E-1,1.E0),
.UNSPECIFIED.);
#1416=EDGE_CURVE('',#1392,#1404,#29,.T.);
#1418=EDGE_CURVE('',#1403,#1404,#154,.T.);
#1420=EDGE_CURVE('',#1395,#1403,#4,.T.);
#1422=EDGE_CURVE('',#1315,#1395,#8,.T.);
#1424=EDGE_CURVE('',#1315,#1311,#12,.T.);
#1426=EDGE_CURVE('',#1311,#1306,#17,.T.);
#1428=EDGE_CURVE('',#1306,#1307,#21,.T.);
#1430=EDGE_CURVE('',#1307,#1197,#989,.T.);
#1432=EDGE_CURVE('',#1273,#1197,#58,.T.);
#1434=EDGE_CURVE('',#1273,#1279,#1144,.T.);
#1436=EDGE_CURVE('',#1279,#1281,#1132,.T.);
#1438=EDGE_CURVE('',#1281,#1285,#1124,.T.);
#1440=EDGE_CURVE('',#1392,#1285,#25,.T.);
#1450=EDGE_CURVE('',#1386,#1390,#34,.T.);
#1452=EDGE_CURVE('',#1390,#1410,#42,.T.);
#1454=EDGE_CURVE('',#1410,#1386,#129,.T.);
#1464=EDGE_CURVE('',#1392,#1388,#1108,.T.);
#1466=EDGE_CURVE('',#1388,#1404,#158,.T.);
#1477=EDGE_CURVE('',#1390,#1193,#46,.T.);
#1480=EDGE_CURVE('',#1386,#1192,#125,.T.);
#1482=EDGE_CURVE('',#1192,#1193,#81,.T.);
#1492=EDGE_CURVE('',#1200,#1299,#50,.T.);
#1494=EDGE_CURVE('',#1408,#1299,#38,.T.);
#1496=EDGE_CURVE('',#1410,#1408,#133,.T.);
#1500=EDGE_CURVE('',#1200,#1193,#76,.T.);
#1511=EDGE_CURVE('',#1200,#1201,#72,.T.);
#1513=EDGE_CURVE('',#1298,#1201,#54,.T.);
#1515=EDGE_CURVE('',#1298,#1299,#981,.T.);
#1525=EDGE_CURVE('',#1205,#1271,#89,.T.);
#1527=EDGE_CURVE('',#1271,#1273,#1140,.T.);
#1530=EDGE_CURVE('',#1196,#1197,#63,.T.);
#1532=EDGE_CURVE('',#1196,#1201,#67,.T.);
#1537=EDGE_CURVE('',#1192,#1205,#85,.T.);
#1541=EDGE_CURVE('',#1208,#1209,#765,.T.);
#1543=EDGE_CURVE('',#1209,#1208,#774,.T.);
#1547=EDGE_CURVE('',#1212,#1213,#783,.T.);
#1549=EDGE_CURVE('',#1213,#1212,#792,.T.);
#1553=EDGE_CURVE('',#1216,#1217,#801,.T.);
#1555=EDGE_CURVE('',#1217,#1216,#810,.T.);
#1559=EDGE_CURVE('',#1220,#1221,#819,.T.);
#1561=EDGE_CURVE('',#1221,#1220,#828,.T.);
#1572=EDGE_CURVE('',#1204,#1205,#93,.T.);
#1574=EDGE_CURVE('',#1277,#1204,#97,.T.);
#1576=EDGE_CURVE('',#1276,#1277,#101,.T.);
#1578=EDGE_CURVE('',#1271,#1276,#105,.T.);
#1588=EDGE_CURVE('',#1386,#1363,#109,.T.);
#1590=EDGE_CURVE('',#1363,#1382,#588,.T.);
#1592=EDGE_CURVE('',#1382,#1378,#113,.T.);
#1594=EDGE_CURVE('',#1378,#1355,#548,.T.);
#1596=EDGE_CURVE('',#1355,#1388,#117,.T.);
#1598=EDGE_CURVE('',#1388,#1283,#121,.T.);
#1600=EDGE_CURVE('',#1204,#1283,#1112,.T.);
#1616=EDGE_CURVE('',#1407,#1408,#141,.T.);
#1618=EDGE_CURVE('',#1407,#1406,#146,.T.);
#1620=EDGE_CURVE('',#1403,#1406,#150,.T.);
#1625=EDGE_CURVE('',#1355,#1293,#162,.T.);
#1627=EDGE_CURVE('',#1292,#1293,#166,.T.);
#1629=EDGE_CURVE('',#1378,#1292,#170,.T.);
#1632=EDGE_CURVE('',#1382,#1289,#174,.T.);
#1634=EDGE_CURVE('',#1286,#1289,#178,.T.);
#1636=EDGE_CURVE('',#1286,#1287,#184,.T.);
#1638=EDGE_CURVE('',#1363,#1287,#188,.T.);
#1648=EDGE_CURVE('',#1329,#1327,#195,.T.);
#1650=EDGE_CURVE('',#1327,#1407,#199,.T.);
#1654=EDGE_CURVE('',#1299,#1331,#204,.T.);
#1656=EDGE_CURVE('',#1331,#1329,#217,.T.);
#1694=EDGE_CURVE('',#1328,#1326,#237,.T.);
#1696=EDGE_CURVE('',#1326,#1327,#258,.T.);
#1699=EDGE_CURVE('',#1328,#1329,#222,.T.);
#1709=EDGE_CURVE('',#1326,#1324,#230,.T.);
#1712=EDGE_CURVE('',#1328,#1149,#416,.T.);
#1714=EDGE_CURVE('',#1149,#1150,#249,.T.);
#1716=EDGE_CURVE('',#1324,#1150,#253,.T.);
#1759=EDGE_CURVE('',#1324,#1325,#263,.T.);
#1761=EDGE_CURVE('',#1327,#1325,#1072,.T.);
#1824=EDGE_CURVE('',#1324,#1322,#304,.T.);
#1826=EDGE_CURVE('',#1322,#1323,#1086,.T.);
#1828=EDGE_CURVE('',#1325,#1323,#1055,.T.);
#1839=EDGE_CURVE('',#1313,#1309,#267,.T.);
#1841=EDGE_CURVE('',#1316,#1313,#278,.T.);
#1843=EDGE_CURVE('',#1319,#1316,#282,.T.);
#1845=EDGE_CURVE('',#1322,#1319,#291,.T.);
#1849=EDGE_CURVE('',#1154,#1150,#309,.T.);
#1851=EDGE_CURVE('',#1154,#1153,#378,.T.);
#1853=EDGE_CURVE('',#1153,#1148,#345,.T.);
#1855=EDGE_CURVE('',#1148,#1309,#313,.T.);
#1866=EDGE_CURVE('',#1309,#1311,#323,.T.);
#1869=EDGE_CURVE('',#1313,#1315,#318,.T.);
#1879=EDGE_CURVE('',#1309,#1302,#328,.T.);
#1881=EDGE_CURVE('',#1302,#1306,#500,.T.);
#1895=EDGE_CURVE('',#1147,#1148,#333,.T.);
#1897=EDGE_CURVE('',#1147,#1302,#397,.T.);
#1907=EDGE_CURVE('',#1158,#1159,#337,.T.);
#1909=EDGE_CURVE('',#1147,#1158,#341,.T.);
#1913=EDGE_CURVE('',#1159,#1153,#349,.T.);
#1924=EDGE_CURVE('',#1355,#1356,#544,.T.);
#1926=EDGE_CURVE('',#1356,#1179,#353,.T.);
#1928=EDGE_CURVE('',#1179,#1293,#853,.T.);
#1938=EDGE_CURVE('',#1163,#1359,#357,.T.);
#1940=EDGE_CURVE('',#1359,#1360,#560,.T.);
#1942=EDGE_CURVE('',#1360,#1344,#361,.T.);
#1944=EDGE_CURVE('',#1335,#1344,#366,.T.);
#1946=EDGE_CURVE('',#1335,#1162,#468,.T.);
#1948=EDGE_CURVE('',#1162,#1163,#370,.T.);
#1959=EDGE_CURVE('',#1165,#1159,#374,.T.);
#1961=EDGE_CURVE('',#1165,#1167,#922,.T.);
#1963=EDGE_CURVE('',#1167,#1158,#401,.T.);
#1976=EDGE_CURVE('',#1154,#1155,#383,.T.);
#1978=EDGE_CURVE('',#1165,#1155,#389,.T.);
#1991=EDGE_CURVE('',#1149,#1151,#412,.T.);
#1993=EDGE_CURVE('',#1155,#1151,#926,.T.);
#2003=EDGE_CURVE('',#1302,#1303,#393,.T.);
#2008=EDGE_CURVE('',#1167,#1151,#407,.T.);
#2012=EDGE_CURVE('',#1330,#1328,#429,.T.);
#2014=EDGE_CURVE('',#1332,#1330,#443,.T.);
#2016=EDGE_CURVE('',#1338,#1332,#447,.T.);
#2018=EDGE_CURVE('',#1338,#1171,#452,.T.);
#2020=EDGE_CURVE('',#1185,#1171,#456,.T.);
#2022=EDGE_CURVE('',#1185,#1342,#886,.T.);
#2024=EDGE_CURVE('',#1340,#1342,#460,.T.);
#2026=EDGE_CURVE('',#1340,#1187,#836,.T.);
#2028=EDGE_CURVE('',#1162,#1187,#464,.T.);
#2031=EDGE_CURVE('',#1348,#1335,#472,.T.);
#2033=EDGE_CURVE('',#1303,#1348,#495,.T.);
#2044=EDGE_CURVE('',#1303,#1307,#505,.T.);
#2149=EDGE_CURVE('',#1348,#1346,#510,.T.);
#2151=EDGE_CURVE('',#1307,#1346,#1012,.T.);
#2163=EDGE_CURVE('',#1346,#1344,#540,.T.);
#2175=EDGE_CURVE('',#1360,#1380,#572,.T.);
#2177=EDGE_CURVE('',#1380,#1352,#514,.T.);
#2179=EDGE_CURVE('',#1352,#1350,#518,.T.);
#2181=EDGE_CURVE('',#1384,#1350,#877,.T.);
#2183=EDGE_CURVE('',#1384,#1368,#596,.T.);
#2185=EDGE_CURVE('',#1295,#1368,#522,.T.);
#2187=EDGE_CURVE('',#1337,#1295,#527,.T.);
#2189=EDGE_CURVE('',#1337,#1333,#531,.T.);
#2191=EDGE_CURVE('',#1298,#1333,#536,.T.);
#2195=EDGE_CURVE('',#1196,#1346,#985,.T.);
#2209=EDGE_CURVE('',#1378,#1374,#552,.T.);
#2211=EDGE_CURVE('',#1356,#1374,#556,.T.);
#2215=EDGE_CURVE('',#1268,#1269,#743,.T.);
#2217=EDGE_CURVE('',#1269,#1268,#752,.T.);
#2228=EDGE_CURVE('',#1359,#1370,#564,.T.);
#2230=EDGE_CURVE('',#1370,#1380,#568,.T.);
#2235=EDGE_CURVE('',#1256,#1257,#609,.T.);
#2237=EDGE_CURVE('',#1257,#1256,#618,.T.);
#2247=EDGE_CURVE('',#1363,#1364,#576,.T.);
#2249=EDGE_CURVE('',#1376,#1364,#580,.T.);
#2251=EDGE_CURVE('',#1382,#1376,#584,.T.);
#2256=EDGE_CURVE('',#1264,#1265,#725,.T.);
#2258=EDGE_CURVE('',#1265,#1264,#734,.T.);
#2268=EDGE_CURVE('',#1367,#1368,#592,.T.);
#2271=EDGE_CURVE('',#1372,#1384,#600,.T.);
#2273=EDGE_CURVE('',#1372,#1367,#604,.T.);
#2277=EDGE_CURVE('',#1260,#1261,#707,.T.);
#2279=EDGE_CURVE('',#1261,#1260,#716,.T.);
#2290=EDGE_CURVE('',#1256,#1224,#613,.T.);
#2292=EDGE_CURVE('',#1224,#1225,#627,.T.);
#2294=EDGE_CURVE('',#1257,#1225,#622,.T.);
#2306=EDGE_CURVE('',#1225,#1224,#632,.T.);
#2321=EDGE_CURVE('',#1240,#1241,#667,.T.);
#2323=EDGE_CURVE('',#1241,#1240,#672,.T.);
#2333=EDGE_CURVE('',#1228,#1229,#637,.T.);
#2335=EDGE_CURVE('',#1229,#1228,#642,.T.);
#2339=EDGE_CURVE('',#1244,#1245,#677,.T.);
#2341=EDGE_CURVE('',#1245,#1244,#682,.T.);
#2351=EDGE_CURVE('',#1232,#1233,#647,.T.);
#2353=EDGE_CURVE('',#1233,#1232,#652,.T.);
#2357=EDGE_CURVE('',#1252,#1253,#697,.T.);
#2359=EDGE_CURVE('',#1253,#1252,#702,.T.);
#2369=EDGE_CURVE('',#1236,#1237,#657,.T.);
#2371=EDGE_CURVE('',#1237,#1236,#662,.T.);
#2375=EDGE_CURVE('',#1248,#1249,#687,.T.);
#2377=EDGE_CURVE('',#1249,#1248,#692,.T.);
#2388=EDGE_CURVE('',#1260,#1228,#711,.T.);
#2391=EDGE_CURVE('',#1261,#1229,#720,.T.);
#2414=EDGE_CURVE('',#1264,#1232,#729,.T.);
#2417=EDGE_CURVE('',#1265,#1233,#738,.T.);
#2440=EDGE_CURVE('',#1268,#1236,#747,.T.);
#2443=EDGE_CURVE('',#1269,#1237,#756,.T.);
#2466=EDGE_CURVE('',#1240,#1208,#760,.T.);
#2469=EDGE_CURVE('',#1241,#1209,#769,.T.);
#2492=EDGE_CURVE('',#1244,#1212,#778,.T.);
#2495=EDGE_CURVE('',#1245,#1213,#787,.T.);
#2518=EDGE_CURVE('',#1248,#1216,#796,.T.);
#2521=EDGE_CURVE('',#1249,#1217,#805,.T.);
#2544=EDGE_CURVE('',#1252,#1220,#814,.T.);
#2547=EDGE_CURVE('',#1253,#1221,#823,.T.);
#2571=EDGE_CURVE('',#1292,#1178,#857,.T.);
#2573=EDGE_CURVE('',#1374,#1178,#894,.T.);
#2584=EDGE_CURVE('',#1173,#1370,#865,.T.);
#2586=EDGE_CURVE('',#1187,#1173,#832,.T.);
#2589=EDGE_CURVE('',#1352,#1340,#841,.T.);
#2603=EDGE_CURVE('',#1173,#1163,#861,.T.);
#2613=EDGE_CURVE('',#1170,#1171,#946,.T.);
#2615=EDGE_CURVE('',#1170,#1175,#873,.T.);
#2617=EDGE_CURVE('',#1185,#1175,#890,.T.);
#2629=EDGE_CURVE('',#1183,#1289,#845,.T.);
#2631=EDGE_CURVE('',#1182,#1183,#902,.T.);
#2633=EDGE_CURVE('',#1286,#1182,#849,.T.);
#2645=EDGE_CURVE('',#1178,#1179,#898,.T.);
#2669=EDGE_CURVE('',#1175,#1372,#869,.T.);
#2672=EDGE_CURVE('',#1188,#1170,#942,.T.);
#2674=EDGE_CURVE('',#1188,#1367,#918,.T.);
#2685=EDGE_CURVE('',#1376,#1183,#906,.T.);
#2699=EDGE_CURVE('',#1342,#1350,#882,.T.);
#2725=EDGE_CURVE('',#1189,#1364,#914,.T.);
#2727=EDGE_CURVE('',#1189,#1182,#932,.T.);
#2741=EDGE_CURVE('',#1189,#1287,#910,.T.);
#2754=EDGE_CURVE('',#1188,#1295,#936,.T.);
#2794=EDGE_CURVE('',#1337,#1338,#952,.T.);
#2804=EDGE_CURVE('',#1332,#1333,#957,.T.);
#2874=EDGE_CURVE('',#1330,#1331,#962,.T.);
#2876=EDGE_CURVE('',#1333,#1331,#976,.T.);
#3033=EDGE_CURVE('',#1317,#1315,#1028,.T.);
#3035=EDGE_CURVE('',#1316,#1317,#1017,.T.);
#3047=EDGE_CURVE('',#1395,#1396,#1042,.T.);
#3049=EDGE_CURVE('',#1317,#1396,#1099,.T.);
#3060=EDGE_CURVE('',#1406,#1400,#1064,.T.);
#3062=EDGE_CURVE('',#1399,#1400,#1033,.T.);
#3064=EDGE_CURVE('',#1396,#1399,#1037,.T.);
#3077=EDGE_CURVE('',#1400,#1323,#1059,.T.);
#3091=EDGE_CURVE('',#1323,#1321,#1081,.T.);
#3093=EDGE_CURVE('',#1399,#1321,#1103,.T.);
#3142=EDGE_CURVE('',#1319,#1321,#1091,.T.);
#3156=EDGE_CURVE('',#1321,#1317,#1095,.T.);
#3182=EDGE_CURVE('',#1285,#1283,#1120,.T.);
#3195=EDGE_CURVE('',#1281,#1277,#1128,.T.);
#3207=EDGE_CURVE('',#1279,#1276,#1136,.T.);
#3228=(LENGTH_UNIT()NAMED_UNIT(*)SI_UNIT(.MILLI.,.METRE.));
#3230=(NAMED_UNIT(*)PLANE_ANGLE_UNIT()SI_UNIT($,.RADIAN.));
#3233=(NAMED_UNIT(*)SI_UNIT($,.STERADIAN.)SOLID_ANGLE_UNIT());
#3236=ADVANCED_BREP_SHAPE_REPRESENTATION('',(#3227),#3235);
#3243=PRODUCT_DEFINITION('design','',#3242,#3239);
#3244=PRODUCT_DEFINITION_SHAPE('','SHAPE FOR POINTY_ENDED_B.',#3243);
#3245=SHAPE_DEFINITION_REPRESENTATION(#3244,#3236);
ENDSEC;
END-ISO-10303-21;
