ISO-10303-21;
HEADER;
FILE_DESCRIPTION(('CATIA V5 STEP Exchange','CAx-IF Rec.Pracs.--- Model Styling and Organization---1.5--- 2016-08-15','CAx-IF Rec.Pracs.---Supplemental Geometry---1.0---2011-11-01','CAx-IF Rec.Pracs.--- Composite Materials ---3.4---2017-06-13','CAx-IF Rec.Pracs.---Tessellated 3D Geometry---1.0---2015-12-17'),'2;1');

FILE_NAME('D:\\ANVIL\\Gripper\\gripper_3D parts\\fine-tip flange_left.stp','2026-07-07T03:29:36+00:00',('none'),('none'),'CATIA Version 5-6 Release 2020 SP6','CATIA V5 STEP AP242 v2','none');

FILE_SCHEMA(('AP242_MANAGED_MODEL_BASED_3D_ENGINEERING_MIM_LF  {1 0 10303 442 1 1 4}'));

ENDSEC;
DATA;
#5=PRODUCT('normal_claw_L','normal_claw_L','',(#2)) ;
#2=PRODUCT_CONTEXT(' ',#1,'mechanical') ;
#1=APPLICATION_CONTEXT('managed model based 3d engineering') ;
#10=PRODUCT_DEFINITION('UNKNOWN',' ',#6,#3) ;
#3=PRODUCT_DEFINITION_CONTEXT('part definition',#1,' ') ;
#11=PRODUCT_DEFINITION_SHAPE(' ',' ',#10) ;
#7684=MECHANICAL_DESIGN_GEOMETRIC_PRESENTATION_REPRESENTATION(' ',(#29),#16) ;
#7=PRODUCT_CATEGORY('part','specification') ;
#19=SHAPE_REPRESENTATION(' ',(#18),#16) ;
#17=CARTESIAN_POINT(' ',(0.,0.,0.)) ;
#31=CARTESIAN_POINT('Axis2P3D Location',(7.3278857608,-22.142492522,-26.3956883453)) ;
#36=CARTESIAN_POINT('Axis2P3D Location',(-7.67165991397,-22.0257467297,-26.3956883453)) ;
#40=CARTESIAN_POINT('Vertex',(-7.64831075364,-19.0258375951,-26.3956883453)) ;
#42=CARTESIAN_POINT('Vertex',(-7.69500907057,-25.0256558643,-26.3956883453)) ;
#45=CARTESIAN_POINT('Axis2P3D Location',(-7.67165991211,-22.0257467297,-26.3956883453)) ;
#55=CARTESIAN_POINT('Control Point',(-7.68489110203,-23.7256952398,-26.3956883453)) ;
#56=CARTESIAN_POINT('Control Point',(-7.87650648792,-23.724203842,-26.3956883453)) ;
#57=CARTESIAN_POINT('Control Point',(-8.06791117745,-23.6957142366,-26.3956883453)) ;
#58=CARTESIAN_POINT('Control Point',(-8.25404888585,-23.6402529949,-26.3956883453)) ;
#59=CARTESIAN_POINT('Control Point',(-8.60561724525,-23.4784164611,-26.3956883453)) ;
#60=CARTESIAN_POINT('Control Point',(-8.89877967721,-23.225739905,-26.3956883453)) ;
#61=CARTESIAN_POINT('Control Point',(-9.02649933746,-23.0794153353,-26.3956883453)) ;
#62=CARTESIAN_POINT('Control Point',(-9.23723420613,-22.7547891016,-26.3956883453)) ;
#63=CARTESIAN_POINT('Control Point',(-9.35006655114,-22.3845749516,-26.3956883453)) ;
#64=CARTESIAN_POINT('Control Point',(-9.37986100008,-22.1926492282,-26.3956883453)) ;
#65=CARTESIAN_POINT('Control Point',(-9.38457633178,-21.8056490473,-26.3956883453)) ;
#66=CARTESIAN_POINT('Control Point',(-9.28217646703,-21.4324146431,-26.3956883453)) ;
#67=CARTESIAN_POINT('Control Point',(-9.20482946385,-21.2542556229,-26.3956883453)) ;
#68=CARTESIAN_POINT('Control Point',(-9.00206668068,-20.9245912086,-26.3956883453)) ;
#69=CARTESIAN_POINT('Control Point',(-8.71610968044,-20.6637881321,-26.3956883453)) ;
#70=CARTESIAN_POINT('Control Point',(-8.55554675699,-20.5545052657,-26.3956883453)) ;
#71=CARTESIAN_POINT('Control Point',(-8.28202288117,-20.4204240673,-26.3956883453)) ;
#72=CARTESIAN_POINT('Control Point',(-7.98772219524,-20.3499365558,-26.3956883453)) ;
#73=CARTESIAN_POINT('Control Point',(-7.87852772856,-20.3329853832,-26.3956883453)) ;
#74=CARTESIAN_POINT('Control Point',(-7.76844349922,-20.3249419428,-26.3956883453)) ;
#75=CARTESIAN_POINT('Control Point',(-7.65842872405,-20.3257982195,-26.3956883453)) ;
#76=CARTESIAN_POINT('Vertex',(-7.68489110281,-23.7256952393,-26.3956883453)) ;
#78=CARTESIAN_POINT('Vertex',(-7.65842872314,-20.3257982199,-26.3956883453)) ;
#82=CARTESIAN_POINT('Control Point',(-7.65842872405,-20.3257982195,-26.3956883453)) ;
#83=CARTESIAN_POINT('Control Point',(-7.46681333848,-20.3272896174,-26.3956883453)) ;
#84=CARTESIAN_POINT('Control Point',(-7.27540864928,-20.3557792227,-26.3956883453)) ;
#85=CARTESIAN_POINT('Control Point',(-7.08927093777,-20.4112404647,-26.3956883453)) ;
#86=CARTESIAN_POINT('Control Point',(-6.73770258044,-20.5730769976,-26.3956883453)) ;
#87=CARTESIAN_POINT('Control Point',(-6.44454014988,-20.8257535519,-26.3956883453)) ;
#88=CARTESIAN_POINT('Control Point',(-6.31682048656,-20.9720781272,-26.3956883453)) ;
#89=CARTESIAN_POINT('Control Point',(-6.10608561908,-21.2967043601,-26.3956883453)) ;
#90=CARTESIAN_POINT('Control Point',(-5.99325327459,-21.6669185089,-26.3956883453)) ;
#91=CARTESIAN_POINT('Control Point',(-5.96345882602,-21.8588442299,-26.3956883453)) ;
#92=CARTESIAN_POINT('Control Point',(-5.95874349414,-22.2458444117,-26.3956883453)) ;
#93=CARTESIAN_POINT('Control Point',(-6.06114335919,-22.6190788167,-26.3956883453)) ;
#94=CARTESIAN_POINT('Control Point',(-6.13849036195,-22.797237836,-26.3956883453)) ;
#95=CARTESIAN_POINT('Control Point',(-6.34125314513,-23.1269022504,-26.3956883453)) ;
#96=CARTESIAN_POINT('Control Point',(-6.62721014543,-23.387705327,-26.3956883453)) ;
#97=CARTESIAN_POINT('Control Point',(-6.78777306935,-23.4969881938,-26.3956883453)) ;
#98=CARTESIAN_POINT('Control Point',(-7.06129694434,-23.6310693917,-26.3956883453)) ;
#99=CARTESIAN_POINT('Control Point',(-7.35559762931,-23.7015569032,-26.3956883453)) ;
#100=CARTESIAN_POINT('Control Point',(-7.46479209908,-23.7185080762,-26.3956883453)) ;
#101=CARTESIAN_POINT('Control Point',(-7.57487632764,-23.7265515166,-26.3956883453)) ;
#102=CARTESIAN_POINT('Control Point',(-7.68489110203,-23.7256952398,-26.3956883453)) ;
#109=CARTESIAN_POINT('Axis2P3D Location',(-7.67165991297,-22.0257467296,-27.3956883453)) ;
#114=CARTESIAN_POINT('Line Origine',(-7.64831075442,-19.0258375948,-27.3956883457)) ;
#118=CARTESIAN_POINT('Vertex',(-7.64831075442,-19.0258375948,-29.3956883453)) ;
#121=CARTESIAN_POINT('Axis2P3D Location',(-7.67165991297,-22.0257467296,-29.3956883453)) ;
#125=CARTESIAN_POINT('Vertex',(-7.69500907158,-25.0256558644,-29.3956883453)) ;
#128=CARTESIAN_POINT('Line Origine',(-7.69500907152,-25.0256558644,-27.3956883457)) ;
#140=CARTESIAN_POINT('Axis2P3D Location',(-7.67165991297,-22.0257467296,-29.3956883453)) ;
#152=CARTESIAN_POINT('Axis2P3D Location',(-7.67165991297,-22.0257467296,-34.2040144574)) ;
#157=CARTESIAN_POINT('Line Origine',(-7.68489110281,-23.7256952393,-34.2040144578)) ;
#161=CARTESIAN_POINT('Vertex',(-7.68489110281,-23.7256952393,-24.3956883453)) ;
#164=CARTESIAN_POINT('Axis2P3D Location',(-7.67165991297,-22.0257467296,-24.3956883453)) ;
#168=CARTESIAN_POINT('Vertex',(-7.65842872314,-20.3257982199,-24.3956883453)) ;
#171=CARTESIAN_POINT('Line Origine',(-7.65842872313,-20.3257982199,-34.2040144578)) ;
#183=CARTESIAN_POINT('Axis2P3D Location',(-7.67165991297,-22.0257467296,-24.3956883453)) ;
#195=CARTESIAN_POINT('Axis2P3D Location',(-23.6478261398,-18.9013087493,-31.7287366641)) ;
#200=CARTESIAN_POINT('Line Origine',(-24.6477958514,-18.8935256964,-31.7287366632)) ;
#204=CARTESIAN_POINT('Vertex',(-24.647795852,-18.8935256963,-24.3956883453)) ;
#206=CARTESIAN_POINT('Vertex',(-24.6477958512,-18.8935256952,-29.3956883453)) ;
#209=CARTESIAN_POINT('Axis2P3D Location',(-23.6478261398,-18.9013087493,-24.3956883447)) ;
#213=CARTESIAN_POINT('Vertex',(-23.6400430871,-17.9013390382,-24.3956883453)) ;
#216=CARTESIAN_POINT('Line Origine',(-23.6400430861,-17.9013390377,-31.7287366632)) ;
#220=CARTESIAN_POINT('Vertex',(-23.6400430845,-17.9013390377,-29.3956883447)) ;
#223=CARTESIAN_POINT('Axis2P3D Location',(-23.6478261398,-18.9013087493,-29.3956883447)) ;
#235=CARTESIAN_POINT('Axis2P3D Location',(23.3507503048,-19.2671122332,-30.3369648701)) ;
#241=CARTESIAN_POINT('Control Point',(24.3507200164,-19.2748952861,-26.8956883459)) ;
#242=CARTESIAN_POINT('Control Point',(24.3529664425,-18.986273566,-27.040003577)) ;
#243=CARTESIAN_POINT('Control Point',(24.2549954136,-18.6708392253,-27.197384497)) ;
#244=CARTESIAN_POINT('Control Point',(23.9954952065,-18.3837256492,-27.3398227705)) ;
#245=CARTESIAN_POINT('Control Point',(23.6600643105,-18.269489424,-27.3956883457)) ;
#246=CARTESIAN_POINT('Control Point',(23.3585333574,-18.2671425216,-27.3956883459)) ;
#247=CARTESIAN_POINT('Vertex',(24.3507200163,-19.2748952856,-26.8956883453)) ;
#249=CARTESIAN_POINT('Vertex',(23.3585333576,-18.2671425216,-27.3956883459)) ;
#252=CARTESIAN_POINT('Line Origine',(24.3507200164,-19.2748952861,-30.3369648699)) ;
#256=CARTESIAN_POINT('Vertex',(24.3507200164,-19.2748952857,-29.3956883459)) ;
#259=CARTESIAN_POINT('Axis2P3D Location',(23.3507503048,-19.2671122332,-29.3956883459)) ;
#263=CARTESIAN_POINT('Vertex',(23.3585333556,-18.267142521,-29.3956883453)) ;
#266=CARTESIAN_POINT('Line Origine',(23.3585333576,-18.2671425216,-30.3369648699)) ;
#278=CARTESIAN_POINT('Axis2P3D Location',(-0.18859507173,-26.0281716681,-32.3956883453)) ;
#283=CARTESIAN_POINT('Axis2P3D Location',(24.2966740105,-26.2187475837,-32.3956883453)) ;
#287=CARTESIAN_POINT('Vertex',(24.2966740105,-26.2187475839,-29.3956883453)) ;
#289=CARTESIAN_POINT('Vertex',(24.273501924,-29.1959064264,-32.7644542322)) ;
#292=CARTESIAN_POINT('Line Origine',(-0.21176715754,-29.0053305109,-32.7644542322)) ;
#296=CARTESIAN_POINT('Vertex',(-24.7250139442,-28.8145368363,-32.7644542322)) ;
#299=CARTESIAN_POINT('Axis2P3D Location',(-24.7018418572,-25.837377994,-32.3956883453)) ;
#303=CARTESIAN_POINT('Vertex',(-24.7018418581,-25.8373779932,-29.3956883453)) ;
#306=CARTESIAN_POINT('Line Origine',(-0.188595071435,-26.0281716681,-29.3956883453)) ;
#318=CARTESIAN_POINT('Axis2P3D Location',(7.32788576082,-22.1424925224,-27.3956883453)) ;
#323=CARTESIAN_POINT('Axis2P3D Location',(7.32788576082,-22.1424925224,-26.3956883453)) ;
#327=CARTESIAN_POINT('Vertex',(7.35123491937,-19.1425833876,-26.3956883453)) ;
#329=CARTESIAN_POINT('Vertex',(7.30453660234,-25.1424016572,-26.3956883453)) ;
#332=CARTESIAN_POINT('Line Origine',(7.30453660227,-25.1424016572,-27.3956883457)) ;
#336=CARTESIAN_POINT('Vertex',(7.30453660261,-25.1424016578,-29.3956883453)) ;
#339=CARTESIAN_POINT('Axis2P3D Location',(7.32788576082,-22.1424925224,-29.3956883453)) ;
#343=CARTESIAN_POINT('Vertex',(7.35123491955,-19.1425833868,-29.3956883453)) ;
#346=CARTESIAN_POINT('Line Origine',(7.35123491937,-19.1425833876,-27.3956883457)) ;
#358=CARTESIAN_POINT('Axis2P3D Location',(7.32788576082,-22.1424925224,-26.3956883453)) ;
#363=CARTESIAN_POINT('Axis2P3D Location',(7.32788576082,-22.1424925224,-29.3956883453)) ;
#375=CARTESIAN_POINT('Axis2P3D Location',(12.3355173716,-21.1814380743,-25.8956883457)) ;
#380=CARTESIAN_POINT('Line Origine',(17.8586999438,-18.2243357302,-27.3956883457)) ;
#384=CARTESIAN_POINT('Vertex',(12.3588665302,-18.1815289403,-27.3956883463)) ;
#387=CARTESIAN_POINT('Line Origine',(12.3471919509,-19.6814835073,-26.6456883455)) ;
#391=CARTESIAN_POINT('Vertex',(12.3355173716,-21.1814380743,-25.8956883457)) ;
#394=CARTESIAN_POINT('Line Origine',(18.3353356409,-21.2281363916,-25.8956883456)) ;
#398=CARTESIAN_POINT('Vertex',(24.3351539106,-21.2748347088,-25.8956883453)) ;
#401=CARTESIAN_POINT('Line Origine',(24.342936963,-20.2748649978,-26.3956883453)) ;
#414=CARTESIAN_POINT('Axis2P3D Location',(12.8705726393,-29.5244264444,-29.3956883453)) ;
#419=CARTESIAN_POINT('Line Origine',(24.2743248087,-29.0901818341,-33.6180526369)) ;
#423=CARTESIAN_POINT('Vertex',(24.2751476935,-28.9844572414,-34.4716510415)) ;
#427=CARTESIAN_POINT('Control Point',(18.3396592105,-27.7090183781,-44.3956884042)) ;
#428=CARTESIAN_POINT('Control Point',(19.2950826984,-27.9779165029,-42.2848280942)) ;
#429=CARTESIAN_POINT('Control Point',(20.3720283072,-28.240970384,-40.2287862026)) ;
#430=CARTESIAN_POINT('Control Point',(21.5648113679,-28.497113936,-38.235812354)) ;
#431=CARTESIAN_POINT('Control Point',(22.8677145801,-28.7452910875,-36.3140732768)) ;
#432=CARTESIAN_POINT('Control Point',(24.2751476934,-28.9844572418,-34.4716510418)) ;
#433=CARTESIAN_POINT('Vertex',(18.3396592105,-27.7090183781,-44.3956884042)) ;
#436=CARTESIAN_POINT('Line Origine',(-2.1909002895,-27.5492231083,-44.395688406)) ;
#440=CARTESIAN_POINT('Vertex',(-22.7214597893,-27.3894278387,-44.395688406)) ;
#444=CARTESIAN_POINT('Control Point',(-23.1868805351,-27.7502879781,-41.4531094874)) ;
#445=CARTESIAN_POINT('Control Point',(-23.1077855029,-27.6777559199,-42.0436528725)) ;
#446=CARTESIAN_POINT('Control Point',(-23.02185657,-27.6053875332,-42.6333043098)) ;
#447=CARTESIAN_POINT('Control Point',(-22.9289127988,-27.5331833872,-43.2220705722)) ;
#448=CARTESIAN_POINT('Control Point',(-22.8288401413,-27.461196124,-43.8095338301)) ;
#449=CARTESIAN_POINT('Control Point',(-22.7214609683,-27.3894278033,-44.3956886176)) ;
#450=CARTESIAN_POINT('Vertex',(-23.1868805351,-27.7502879781,-41.4531094874)) ;
#454=CARTESIAN_POINT('Control Point',(-24.7219735234,-28.4239024392,-35.9183552442)) ;
#455=CARTESIAN_POINT('Control Point',(-24.4530633439,-28.3486943228,-36.542430645)) ;
#456=CARTESIAN_POINT('Control Point',(-24.2141293279,-28.2735711642,-37.1639365482)) ;
#457=CARTESIAN_POINT('Control Point',(-24.0056725137,-28.1990948613,-37.7783050981)) ;
#458=CARTESIAN_POINT('Control Point',(-23.6993484636,-28.0733512837,-38.8127195735)) ;
#459=CARTESIAN_POINT('Control Point',(-23.4745036135,-27.9553426429,-39.7795676615)) ;
#460=CARTESIAN_POINT('Control Point',(-23.3937101622,-27.9077589612,-40.1688019611)) ;
#461=CARTESIAN_POINT('Control Point',(-23.3027894637,-27.8464983608,-40.6690905376)) ;
#462=CARTESIAN_POINT('Control Point',(-23.2334879065,-27.7911324741,-41.120430823)) ;
#463=CARTESIAN_POINT('Control Point',(-23.2166534614,-27.7769942499,-41.2356308186)) ;
#464=CARTESIAN_POINT('Control Point',(-23.2011706028,-27.7633713801,-41.3465852722)) ;
#465=CARTESIAN_POINT('Control Point',(-23.1868805351,-27.7502879781,-41.4531094874)) ;
#466=CARTESIAN_POINT('Vertex',(-24.7219730701,-28.4238441315,-35.9183480215)) ;
#469=CARTESIAN_POINT('Line Origine',(-24.7234937334,-28.619219638,-34.3414047381)) ;
#484=CARTESIAN_POINT('Axis2P3D Location',(12.4996213951,-0.0972881606276,2.0663497418E-14)) ;
#489=CARTESIAN_POINT('Line Origine',(12.3588665302,-18.1815289396,-25.8956883457)) ;
#493=CARTESIAN_POINT('Vertex',(12.3588665298,-18.1815289398,-24.3956883453)) ;
#496=CARTESIAN_POINT('Line Origine',(12.2888190545,-27.1812563438,-24.3956883457)) ;
#500=CARTESIAN_POINT('Vertex',(12.218771579,-36.1809837491,-24.3956883453)) ;
#503=CARTESIAN_POINT('Line Origine',(12.2187715789,-36.1809837481,-25.1456883457)) ;
#507=CARTESIAN_POINT('Vertex',(12.2187715789,-36.1809837489,-25.8956883453)) ;
#510=CARTESIAN_POINT('Line Origine',(12.2771444752,-28.6812109112,-25.8956883457)) ;
#524=CARTESIAN_POINT('Control Point',(19.1910189214,-28.753864269,-45.0403903561)) ;
#525=CARTESIAN_POINT('Control Point',(20.7754993206,-29.2116654821,-41.5166827136)) ;
#526=CARTESIAN_POINT('Control Point',(22.7734384118,-29.6490007418,-38.1802452928)) ;
#527=CARTESIAN_POINT('Control Point',(25.1250581009,-30.0547493816,-35.1153984924)) ;
#528=CARTESIAN_POINT('Control Point',(19.2279879307,-28.4276413734,-45.0154601531)) ;
#529=CARTESIAN_POINT('Control Point',(20.8141404541,-28.8835037981,-41.4958833536)) ;
#530=CARTESIAN_POINT('Control Point',(22.8131995826,-29.3190478958,-38.1634140101)) ;
#531=CARTESIAN_POINT('Control Point',(25.1649436527,-29.7231021812,-35.1028062229)) ;
#532=CARTESIAN_POINT('Control Point',(19.0067994469,-27.8425457302,-44.8414413999)) ;
#533=CARTESIAN_POINT('Control Point',(20.602755003,-28.2951873775,-41.3044148058)) ;
#534=CARTESIAN_POINT('Control Point',(22.6131866138,-28.7275240253,-37.9565935808)) ;
#535=CARTESIAN_POINT('Control Point',(24.977773462,-29.1286141964,-34.8821053489)) ;
#536=CARTESIAN_POINT('Control Point',(18.4671864256,-27.6736130599,-44.5771575133)) ;
#537=CARTESIAN_POINT('Control Point',(20.0787082314,-28.1293908122,-40.9972844717)) ;
#538=CARTESIAN_POINT('Control Point',(22.1101124858,-28.5648836865,-37.6080039957)) ;
#539=CARTESIAN_POINT('Control Point',(24.5005424577,-28.9689678774,-34.4948824768)) ;
#540=CARTESIAN_POINT('Control Point',(18.2379884503,-27.6999586892,-44.4773978696)) ;
#541=CARTESIAN_POINT('Control Point',(19.8561419591,-28.158225093,-40.8795844485)) ;
#542=CARTESIAN_POINT('Control Point',(21.8964761864,-28.5960896793,-37.4728986762)) ;
#543=CARTESIAN_POINT('Control Point',(24.2978786479,-29.0024096713,-34.3435751759)) ;
#545=CARTESIAN_POINT('Control Point',(24.2751173824,-28.9886998608,-35.1631729448)) ;
#546=CARTESIAN_POINT('Control Point',(24.2753384783,-28.9569214041,-34.9354266726)) ;
#547=CARTESIAN_POINT('Control Point',(24.2753706981,-28.955805512,-34.702992953)) ;
#548=CARTESIAN_POINT('Control Point',(24.2751476935,-28.9844572417,-34.4716510418)) ;
#549=CARTESIAN_POINT('Vertex',(24.2751146122,-28.9887075385,-35.1631718703)) ;
#553=CARTESIAN_POINT('Control Point',(24.2713542828,-29.4704365418,-36.1372354056)) ;
#554=CARTESIAN_POINT('Control Point',(24.2717958733,-29.4093328461,-36.0914883636)) ;
#555=CARTESIAN_POINT('Control Point',(24.2720210447,-29.3527098052,-36.0378888279)) ;
#556=CARTESIAN_POINT('Control Point',(24.2723139675,-29.2999356791,-35.9764642993)) ;
#557=CARTESIAN_POINT('Control Point',(24.273182551,-29.2277481881,-35.8745958232)) ;
#558=CARTESIAN_POINT('Control Point',(24.2737810304,-29.1663173935,-35.7610442274)) ;
#559=CARTESIAN_POINT('Control Point',(24.2738894503,-29.1458891462,-35.7194990727)) ;
#560=CARTESIAN_POINT('Control Point',(24.2741167863,-29.1089504562,-35.6367228079)) ;
#561=CARTESIAN_POINT('Control Point',(24.2743611072,-29.0776317072,-35.5504888283)) ;
#562=CARTESIAN_POINT('Control Point',(24.2744919647,-29.0630974748,-35.5057291585)) ;
#563=CARTESIAN_POINT('Control Point',(24.2747156466,-29.0365820431,-35.4143338938)) ;
#564=CARTESIAN_POINT('Control Point',(24.2748634871,-29.0151607565,-35.320042409)) ;
#565=CARTESIAN_POINT('Control Point',(24.274958375,-29.0036554348,-35.2611538394)) ;
#566=CARTESIAN_POINT('Control Point',(24.2750691445,-28.9956331642,-35.2128617649)) ;
#567=CARTESIAN_POINT('Control Point',(24.2751173824,-28.9886998608,-35.1631729448)) ;
#568=CARTESIAN_POINT('Vertex',(24.2713652179,-29.4704312037,-36.1372426409)) ;
#572=CARTESIAN_POINT('Control Point',(24.2697000804,-29.8389990865,-36.267748464)) ;
#573=CARTESIAN_POINT('Control Point',(24.2696547035,-29.7603829406,-36.268223267)) ;
#574=CARTESIAN_POINT('Control Point',(24.2698360817,-29.6854947495,-36.2558271385)) ;
#575=CARTESIAN_POINT('Control Point',(24.2702122368,-29.6054123027,-36.2244488243)) ;
#576=CARTESIAN_POINT('Control Point',(24.2708469974,-29.5406305658,-36.1897881839)) ;
#577=CARTESIAN_POINT('Control Point',(24.2713542828,-29.4704365418,-36.1372354056)) ;
#578=CARTESIAN_POINT('Vertex',(24.2684965832,-29.8389945235,-36.2668779209)) ;
#582=CARTESIAN_POINT('Control Point',(24.2697000804,-29.8389990865,-36.267748464)) ;
#583=CARTESIAN_POINT('Control Point',(22.3104848028,-29.4823934899,-38.9781684081)) ;
#584=CARTESIAN_POINT('Control Point',(20.6218021174,-29.1031536966,-41.8844501972)) ;
#585=CARTESIAN_POINT('Control Point',(19.2425979337,-28.7084905522,-44.9316997661)) ;
#586=CARTESIAN_POINT('Vertex',(19.2425979337,-28.7084905525,-44.9316997661)) ;
#590=CARTESIAN_POINT('Control Point',(19.2425979429,-28.7084905548,-44.9316997458)) ;
#591=CARTESIAN_POINT('Control Point',(19.2592874167,-28.4016829007,-44.9001701901)) ;
#592=CARTESIAN_POINT('Control Point',(19.043334171,-27.8695328408,-44.7346353346)) ;
#593=CARTESIAN_POINT('Control Point',(18.550983651,-27.6989739797,-44.4900591273)) ;
#594=CARTESIAN_POINT('Control Point',(18.3396592111,-27.709018378,-44.3956884044)) ;
#606=CARTESIAN_POINT('Control Point',(-24.1913977998,-28.8009413649,-41.6554637082)) ;
#607=CARTESIAN_POINT('Control Point',(-24.0530739904,-28.6753421173,-42.6946163871)) ;
#608=CARTESIAN_POINT('Control Point',(-23.8897196128,-28.5503271055,-43.7311243773)) ;
#609=CARTESIAN_POINT('Control Point',(-23.6993795531,-28.4261190957,-44.763514036)) ;
#610=CARTESIAN_POINT('Control Point',(-24.214540678,-28.4811617099,-41.6192589988)) ;
#611=CARTESIAN_POINT('Control Point',(-24.0768608998,-28.3551397713,-42.6589440992)) ;
#612=CARTESIAN_POINT('Control Point',(-23.9141132529,-28.2297248292,-43.6957899486)) ;
#613=CARTESIAN_POINT('Control Point',(-23.724430908,-28.1050590127,-44.7288269075)) ;
#614=CARTESIAN_POINT('Control Point',(-23.9567004149,-27.9116867534,-41.5150213359)) ;
#615=CARTESIAN_POINT('Control Point',(-23.8199599601,-27.7849504323,-42.5505215422)) ;
#616=CARTESIAN_POINT('Control Point',(-23.6583276328,-27.6587532243,-43.5833313378)) ;
#617=CARTESIAN_POINT('Control Point',(-23.4698792318,-27.5333117532,-44.6119201663)) ;
#618=CARTESIAN_POINT('Control Point',(-23.379701888,-27.7396542248,-41.4171470603)) ;
#619=CARTESIAN_POINT('Control Point',(-23.2434317831,-27.6135560884,-42.4434006568)) ;
#620=CARTESIAN_POINT('Control Point',(-23.0825031581,-27.4880447539,-43.4666120402)) ;
#621=CARTESIAN_POINT('Control Point',(-22.8950729854,-27.3632916745,-44.4851947339)) ;
#622=CARTESIAN_POINT('Control Point',(-23.1359833039,-27.7606838586,-41.3873140564)) ;
#623=CARTESIAN_POINT('Control Point',(-22.9999289736,-27.6351127077,-42.4096902573)) ;
#624=CARTESIAN_POINT('Control Point',(-22.8393125808,-27.5101255599,-43.428853957)) ;
#625=CARTESIAN_POINT('Control Point',(-22.6523310996,-27.3859407412,-44.4432421566)) ;
#627=CARTESIAN_POINT('Control Point',(-23.7129073609,-28.3741575788,-44.6979296271)) ;
#628=CARTESIAN_POINT('Control Point',(-23.7171439414,-28.0729449888,-44.6618257716)) ;
#629=CARTESIAN_POINT('Control Point',(-23.4698693233,-27.5539504611,-44.5529719625)) ;
#630=CARTESIAN_POINT('Control Point',(-22.9453165072,-27.3827148985,-44.4358910516)) ;
#631=CARTESIAN_POINT('Control Point',(-22.7214597824,-27.3894270112,-44.3956950925)) ;
#632=CARTESIAN_POINT('Vertex',(-23.7129073609,-28.3741575788,-44.6979296271)) ;
#636=CARTESIAN_POINT('Control Point',(-24.1858487327,-28.7349591899,-41.70784706)) ;
#637=CARTESIAN_POINT('Control Point',(-24.0519798993,-28.6140823116,-42.7074556989)) ;
#638=CARTESIAN_POINT('Control Point',(-23.8949085461,-28.4937530278,-43.7045621665)) ;
#639=CARTESIAN_POINT('Control Point',(-23.7129074642,-28.3741576478,-44.6979290637)) ;
#640=CARTESIAN_POINT('Vertex',(-24.1858487403,-28.7349586623,-41.7078469972)) ;
#644=CARTESIAN_POINT('Control Point',(-24.1858487234,-28.7349586499,-41.7078470977)) ;
#645=CARTESIAN_POINT('Control Point',(-24.1883691014,-28.4348974205,-41.6713303749)) ;
#646=CARTESIAN_POINT('Control Point',(-23.9381779728,-27.9177927909,-41.5743086491)) ;
#647=CARTESIAN_POINT('Control Point',(-23.4116108792,-27.7448926583,-41.482546308)) ;
#648=CARTESIAN_POINT('Control Point',(-23.1868805348,-27.750287978,-41.4531094867)) ;
#658=CARTESIAN_POINT('Control Point',(-25.6686413494,-29.4760282228,-36.3884716654)) ;
#659=CARTESIAN_POINT('Control Point',(-24.9224669143,-29.2586633521,-38.1018107559)) ;
#660=CARTESIAN_POINT('Control Point',(-24.4137784075,-29.0260281876,-39.9180964096)) ;
#661=CARTESIAN_POINT('Control Point',(-24.1759127111,-28.7862321171,-41.7730384896)) ;
#662=CARTESIAN_POINT('Control Point',(-25.7009448661,-29.1492379656,-36.3631746357)) ;
#663=CARTESIAN_POINT('Control Point',(-24.9525692266,-28.9341659693,-38.0721991785)) ;
#664=CARTESIAN_POINT('Control Point',(-24.4406403685,-28.7039276757,-39.8847852044)) ;
#665=CARTESIAN_POINT('Control Point',(-24.1989749463,-28.4665777192,-41.7367802342)) ;
#666=CARTESIAN_POINT('Control Point',(-25.4683105656,-28.5664837055,-36.1918541353)) ;
#667=CARTESIAN_POINT('Control Point',(-24.7085518782,-28.355620847,-37.921451475)) ;
#668=CARTESIAN_POINT('Control Point',(-24.1879125291,-28.1297026442,-39.7565871719)) ;
#669=CARTESIAN_POINT('Control Point',(-23.9408183588,-27.8965292176,-41.6329614525)) ;
#670=CARTESIAN_POINT('Control Point',(-24.921822128,-28.4059972113,-35.9347567472)) ;
#671=CARTESIAN_POINT('Control Point',(-24.1438401911,-28.1915312409,-37.716576269)) ;
#672=CARTESIAN_POINT('Control Point',(-23.6126219449,-27.961837902,-39.6059650972)) ;
#673=CARTESIAN_POINT('Control Point',(-23.3630872862,-27.7249273254,-41.5362246632)) ;
#674=CARTESIAN_POINT('Control Point',(-24.6911870135,-28.4359121059,-35.8380184394)) ;
#675=CARTESIAN_POINT('Control Point',(-23.905399944,-28.2185851281,-37.6417696351)) ;
#676=CARTESIAN_POINT('Control Point',(-23.3695995205,-27.9858783572,-39.5539508615)) ;
#677=CARTESIAN_POINT('Control Point',(-23.1189327511,-27.7459013354,-41.5068273187)) ;
#679=CARTESIAN_POINT('Control Point',(-24.1858489358,-28.7349588446,-41.7078455127)) ;
#680=CARTESIAN_POINT('Control Point',(-24.3040798401,-28.851817672,-40.8104881154)) ;
#681=CARTESIAN_POINT('Control Point',(-24.485668587,-28.9669927043,-39.9223833244)) ;
#682=CARTESIAN_POINT('Control Point',(-24.7268299688,-29.0795618541,-39.0508012562)) ;
#683=CARTESIAN_POINT('Vertex',(-24.7270767031,-29.0795609159,-39.0508694049)) ;
#687=CARTESIAN_POINT('Control Point',(-24.7242098795,-28.7113392813,-38.7361524433)) ;
#688=CARTESIAN_POINT('Control Point',(-24.7247540443,-28.7846813608,-38.8768485811)) ;
#689=CARTESIAN_POINT('Control Point',(-24.7251488772,-28.8694675814,-38.9901358572)) ;
#690=CARTESIAN_POINT('Control Point',(-24.726310799,-28.9719672964,-39.0511997071)) ;
#691=CARTESIAN_POINT('Control Point',(-24.7268299688,-29.0795618541,-39.0508012562)) ;
#692=CARTESIAN_POINT('Vertex',(-24.7242107248,-28.7113388951,-38.7361526411)) ;
#696=CARTESIAN_POINT('Control Point',(-24.722354187,-28.4766908563,-37.993939768)) ;
#697=CARTESIAN_POINT('Control Point',(-24.7224938816,-28.4969279246,-38.098794649)) ;
#698=CARTESIAN_POINT('Control Point',(-24.7225547387,-28.5196127015,-38.2006623037)) ;
#699=CARTESIAN_POINT('Control Point',(-24.7226235795,-28.5449090257,-38.2994323618)) ;
#700=CARTESIAN_POINT('Control Point',(-24.7229124837,-28.5816703551,-38.4231107979)) ;
#701=CARTESIAN_POINT('Control Point',(-24.7233444102,-28.6237319087,-38.5383833943)) ;
#702=CARTESIAN_POINT('Control Point',(-24.723453268,-28.6339873748,-38.5651536479)) ;
#703=CARTESIAN_POINT('Control Point',(-24.7236685526,-28.6547022643,-38.6166522689)) ;
#704=CARTESIAN_POINT('Control Point',(-24.7239040853,-28.6767883197,-38.6662400442)) ;
#705=CARTESIAN_POINT('Control Point',(-24.7239638624,-28.6883484351,-38.6908634749)) ;
#706=CARTESIAN_POINT('Control Point',(-24.7241154681,-28.6986145803,-38.7117419508)) ;
#707=CARTESIAN_POINT('Control Point',(-24.7242098795,-28.7113392813,-38.7361524433)) ;
#708=CARTESIAN_POINT('Vertex',(-24.7223841478,-28.4766595486,-37.9939457715)) ;
#712=CARTESIAN_POINT('Control Point',(-24.7215792192,-28.3752899516,-37.020792309)) ;
#713=CARTESIAN_POINT('Control Point',(-24.7216111721,-28.3814697302,-37.2241684452)) ;
#714=CARTESIAN_POINT('Control Point',(-24.7215675836,-28.3939300917,-37.421077378)) ;
#715=CARTESIAN_POINT('Control Point',(-24.721805172,-28.4148389439,-37.6242247903)) ;
#716=CARTESIAN_POINT('Control Point',(-24.7221032191,-28.440334005,-37.8055630094)) ;
#717=CARTESIAN_POINT('Control Point',(-24.722354187,-28.4766908563,-37.993939768)) ;
#718=CARTESIAN_POINT('Vertex',(-24.7215948563,-28.3752510727,-37.0207934879)) ;
#722=CARTESIAN_POINT('Control Point',(-24.721972604,-28.4237858246,-35.9183407941)) ;
#723=CARTESIAN_POINT('Control Point',(-24.7218507846,-28.4077640646,-36.0476029772)) ;
#724=CARTESIAN_POINT('Control Point',(-24.7217490368,-28.3950907207,-36.1775574668)) ;
#725=CARTESIAN_POINT('Control Point',(-24.7216366311,-28.3854860233,-36.3081002211)) ;
#726=CARTESIAN_POINT('Control Point',(-24.7215336346,-28.3765229829,-36.4835031953)) ;
#727=CARTESIAN_POINT('Control Point',(-24.7215119324,-28.3727109595,-36.6596314617)) ;
#728=CARTESIAN_POINT('Control Point',(-24.7215119426,-28.3720730118,-36.7043942246)) ;
#729=CARTESIAN_POINT('Control Point',(-24.721523539,-28.3714558684,-36.7945506686)) ;
#730=CARTESIAN_POINT('Control Point',(-24.7215452854,-28.3721743882,-36.8847149268)) ;
#731=CARTESIAN_POINT('Control Point',(-24.7215739958,-28.3728265122,-36.9289035245)) ;
#732=CARTESIAN_POINT('Control Point',(-24.7215722763,-28.3739471782,-36.9766017188)) ;
#733=CARTESIAN_POINT('Control Point',(-24.7215792192,-28.3752899516,-37.020792309)) ;
#746=CARTESIAN_POINT('Control Point',(14.8057779439,-24.8311994476,-65.8104866265)) ;
#747=CARTESIAN_POINT('Control Point',(14.7852812987,-25.6807310817,-62.755763061)) ;
#748=CARTESIAN_POINT('Control Point',(15.3971118838,-27.2718501751,-55.5484046221)) ;
#749=CARTESIAN_POINT('Control Point',(17.5917158569,-28.3047279264,-48.5319498655)) ;
#750=CARTESIAN_POINT('Control Point',(19.3262358155,-28.7944950412,-44.7419936123)) ;
#751=CARTESIAN_POINT('Control Point',(14.8282218414,-24.5239018528,-65.7265848756)) ;
#752=CARTESIAN_POINT('Control Point',(14.8135927555,-25.3671580598,-62.6836698424)) ;
#753=CARTESIAN_POINT('Control Point',(15.4335840112,-26.9494439015,-55.4999042328)) ;
#754=CARTESIAN_POINT('Control Point',(17.6297025529,-27.9791259208,-48.4994593911)) ;
#755=CARTESIAN_POINT('Control Point',(19.3639501752,-28.4675259826,-44.7178573424)) ;
#756=CARTESIAN_POINT('Control Point',(14.5731631209,-23.971863304,-65.5777859603)) ;
#757=CARTESIAN_POINT('Control Point',(14.561778067,-24.8041632701,-62.537110436)) ;
#758=CARTESIAN_POINT('Control Point',(15.1905372105,-26.3705040096,-55.3507588598)) ;
#759=CARTESIAN_POINT('Control Point',(17.3996125686,-27.394357726,-48.3350299322)) ;
#760=CARTESIAN_POINT('Control Point',(19.1433857989,-27.880482963,-44.5424754775)) ;
#761=CARTESIAN_POINT('Control Point',(14.0000042799,-23.7903424881,-65.5319246736)) ;
#762=CARTESIAN_POINT('Control Point',(13.9823121955,-24.6258629047,-62.4640737011)) ;
#763=CARTESIAN_POINT('Control Point',(14.6088424891,-26.1980443415,-55.2045832616)) ;
#764=CARTESIAN_POINT('Control Point',(16.8405814483,-27.2245369734,-48.1097757728)) ;
#765=CARTESIAN_POINT('Control Point',(18.6036927382,-27.7117647967,-44.2740273201)) ;
#766=CARTESIAN_POINT('Control Point',(13.7564050665,-23.8027906218,-65.5368511632)) ;
#767=CARTESIAN_POINT('Control Point',(13.7361429793,-24.6426149019,-62.4547493662)) ;
#768=CARTESIAN_POINT('Control Point',(14.3618619088,-26.2213883133,-55.1591044117)) ;
#769=CARTESIAN_POINT('Control Point',(16.6032461399,-27.2504738906,-48.0278731289)) ;
#770=CARTESIAN_POINT('Control Point',(18.3745489065,-27.7388190579,-44.1725533521)) ;
#772=CARTESIAN_POINT('Control Point',(14.8071538818,-24.831845649,-65.5861822967)) ;
#773=CARTESIAN_POINT('Control Point',(14.8094021225,-24.5429907993,-65.5082204952)) ;
#774=CARTESIAN_POINT('Control Point',(14.5620486359,-24.0410865668,-65.3732845459)) ;
#775=CARTESIAN_POINT('Control Point',(14.0390910394,-23.8603828888,-65.3256141659)) ;
#776=CARTESIAN_POINT('Control Point',(13.8146983605,-23.8586363762,-65.3256141652)) ;
#777=CARTESIAN_POINT('Vertex',(13.8146984593,-23.8586236811,-65.3256107388)) ;
#779=CARTESIAN_POINT('Vertex',(14.8071538818,-24.8318456498,-65.5861822936)) ;
#783=CARTESIAN_POINT('Control Point',(13.8146983605,-23.8586363762,-65.3256141652)) ;
#784=CARTESIAN_POINT('Control Point',(13.8083736695,-24.6712365938,-62.3146815255)) ;
#785=CARTESIAN_POINT('Control Point',(14.4375369618,-26.2123525543,-55.1719027103)) ;
#786=CARTESIAN_POINT('Control Point',(16.6173047866,-27.2259682397,-48.1872713433)) ;
#787=CARTESIAN_POINT('Control Point',(18.3396590776,-27.7090183843,-44.3956883445)) ;
#790=CARTESIAN_POINT('Control Point',(14.8071538969,-24.8318437122,-65.5861817602)) ;
#791=CARTESIAN_POINT('Control Point',(14.8007582123,-25.6535694164,-62.6011372129)) ;
#792=CARTESIAN_POINT('Control Point',(15.4172571613,-27.2065904029,-55.5406570222)) ;
#793=CARTESIAN_POINT('Control Point',(17.5541001387,-28.2240115497,-48.6623331605)) ;
#794=CARTESIAN_POINT('Control Point',(19.2425979337,-28.7084905522,-44.9316997661)) ;
#804=CARTESIAN_POINT('Control Point',(14.8163205307,-23.4107911663,-70.4718051656)) ;
#805=CARTESIAN_POINT('Control Point',(14.8120054303,-23.9651969556,-68.8467004713)) ;
#806=CARTESIAN_POINT('Control Point',(14.80816585,-24.4585077541,-67.2012687213)) ;
#807=CARTESIAN_POINT('Control Point',(14.804692909,-24.904712605,-65.5435729563)) ;
#808=CARTESIAN_POINT('Control Point',(14.8391354267,-23.1091169949,-70.3688258499)) ;
#809=CARTESIAN_POINT('Control Point',(14.8348405254,-23.6609276186,-68.7513290433)) ;
#810=CARTESIAN_POINT('Control Point',(14.8310160685,-24.1522953538,-67.1124919673)) ;
#811=CARTESIAN_POINT('Control Point',(14.8275554505,-24.5969169205,-65.4606773285)) ;
#812=CARTESIAN_POINT('Control Point',(14.5842057679,-22.5671439754,-70.1846088071)) ;
#813=CARTESIAN_POINT('Control Point',(14.5799466679,-23.1143548331,-68.5805956875)) ;
#814=CARTESIAN_POINT('Control Point',(14.57614979,-23.6021791986,-66.9537737301)) ;
#815=CARTESIAN_POINT('Control Point',(14.572711007,-24.0439953918,-65.3123806783)) ;
#816=CARTESIAN_POINT('Control Point',(14.0105561728,-22.3893214184,-70.1254659398)) ;
#817=CARTESIAN_POINT('Control Point',(14.0063087016,-22.9350381955,-68.5258328784)) ;
#818=CARTESIAN_POINT('Control Point',(14.0025204648,-23.4217523673,-66.9027798011)) ;
#819=CARTESIAN_POINT('Control Point',(13.999088777,-23.8626569609,-65.2647728116)) ;
#820=CARTESIAN_POINT('Control Point',(13.766771038,-22.4017859472,-70.1303666792)) ;
#821=CARTESIAN_POINT('Control Point',(13.7625225343,-22.947635385,-68.530344541)) ;
#822=CARTESIAN_POINT('Control Point',(13.7587336905,-23.4344275411,-66.9070244421)) ;
#823=CARTESIAN_POINT('Control Point',(13.7553013714,-23.8754132623,-65.2687163177)) ;
#825=CARTESIAN_POINT('Control Point',(14.8184984475,-23.3742913631,-70.3951513224)) ;
#826=CARTESIAN_POINT('Control Point',(14.814299258,-23.9138048794,-68.8091127622)) ;
#827=CARTESIAN_POINT('Control Point',(14.8105514045,-24.3953305737,-67.2036043197)) ;
#828=CARTESIAN_POINT('Control Point',(14.8071538818,-24.8318456498,-65.5861822936)) ;
#829=CARTESIAN_POINT('Vertex',(14.8184998679,-23.3741088581,-70.395089237)) ;
#833=CARTESIAN_POINT('Control Point',(13.8258985232,-22.4196347991,-70.0736290728)) ;
#834=CARTESIAN_POINT('Control Point',(14.1400097183,-22.4220795884,-70.0736291552)) ;
#835=CARTESIAN_POINT('Control Point',(14.4585591547,-22.5411551684,-70.1132921758)) ;
#836=CARTESIAN_POINT('Control Point',(14.6925709211,-22.7796564488,-70.193804468)) ;
#837=CARTESIAN_POINT('Control Point',(14.8207517855,-23.0765512562,-70.2944608897)) ;
#838=CARTESIAN_POINT('Control Point',(14.8185012695,-23.3739262643,-70.3956260029)) ;
#839=CARTESIAN_POINT('Vertex',(13.8258999138,-22.4194561346,-70.0735682904)) ;
#843=CARTESIAN_POINT('Control Point',(13.8258985232,-22.4196347997,-70.0736290711)) ;
#844=CARTESIAN_POINT('Control Point',(13.8217599213,-22.9513640083,-68.5105166859)) ;
#845=CARTESIAN_POINT('Control Point',(13.8180585297,-23.4269202803,-66.9252545002)) ;
#846=CARTESIAN_POINT('Control Point',(13.8146983587,-23.8586363762,-65.3256141652)) ;
#856=CARTESIAN_POINT('Control Point',(11.4527995393,-15.1745685395,-89.4825403937)) ;
#857=CARTESIAN_POINT('Control Point',(11.6681129638,-15.1599598283,-88.9605105415)) ;
#858=CARTESIAN_POINT('Control Point',(12.0494647709,-15.2915646473,-87.9637350848)) ;
#859=CARTESIAN_POINT('Control Point',(12.6755814186,-15.9485739273,-86.0934265545)) ;
#860=CARTESIAN_POINT('Control Point',(13.2757601932,-17.0930916714,-83.9364394529)) ;
#861=CARTESIAN_POINT('Control Point',(14.0229799275,-19.0681244854,-80.5196298871)) ;
#862=CARTESIAN_POINT('Control Point',(14.6567566086,-21.3896939741,-76.0183072187)) ;
#863=CARTESIAN_POINT('Control Point',(14.8265427344,-22.8431675201,-72.1889715038)) ;
#864=CARTESIAN_POINT('Control Point',(14.8154750308,-23.4969104477,-70.2141909873)) ;
#865=CARTESIAN_POINT('Control Point',(11.4614228196,-15.0069801314,-89.4913331842)) ;
#866=CARTESIAN_POINT('Control Point',(11.6838051417,-14.9873276614,-88.9540463616)) ;
#867=CARTESIAN_POINT('Control Point',(12.0764810259,-15.1169056871,-87.9280937406)) ;
#868=CARTESIAN_POINT('Control Point',(12.7116577551,-15.7820742786,-86.0228522866)) ;
#869=CARTESIAN_POINT('Control Point',(13.3107443722,-16.9347881601,-83.8518639069)) ;
#870=CARTESIAN_POINT('Control Point',(14.0505491114,-18.9126868919,-80.4354281808)) ;
#871=CARTESIAN_POINT('Control Point',(14.6745858321,-21.2315513619,-75.9489370935)) ;
#872=CARTESIAN_POINT('Control Point',(14.8398010095,-22.6836011835,-72.1302248089)) ;
#873=CARTESIAN_POINT('Control Point',(14.8268288747,-23.3367942495,-70.1601976061)) ;
#874=CARTESIAN_POINT('Control Point',(11.4015752898,-14.6869876246,-89.4766351331)) ;
#875=CARTESIAN_POINT('Control Point',(11.6326550551,-14.6574853632,-88.9097505536)) ;
#876=CARTESIAN_POINT('Control Point',(12.0395352122,-14.7828479611,-87.8280912818)) ;
#877=CARTESIAN_POINT('Control Point',(12.6856529039,-15.463356251,-85.8590048996)) ;
#878=CARTESIAN_POINT('Control Point',(13.2821762004,-16.6317801133,-83.6664391791)) ;
#879=CARTESIAN_POINT('Control Point',(14.0107870785,-18.6153375064,-80.2585194168)) ;
#880=CARTESIAN_POINT('Control Point',(14.6210483877,-20.9292895472,-75.80867487)) ;
#881=CARTESIAN_POINT('Control Point',(14.780058925,-22.3787292929,-72.0157288011)) ;
#882=CARTESIAN_POINT('Control Point',(14.7646213033,-23.0309288987,-70.057558219)) ;
#883=CARTESIAN_POINT('Control Point',(11.0722555012,-14.2343200117,-89.3548537378)) ;
#884=CARTESIAN_POINT('Control Point',(11.3017940633,-14.1968803186,-88.7451549135)) ;
#885=CARTESIAN_POINT('Control Point',(11.7062149981,-14.3257398962,-87.5892530414)) ;
#886=CARTESIAN_POINT('Control Point',(12.3477044623,-15.0334041704,-85.5466664145)) ;
#887=CARTESIAN_POINT('Control Point',(12.9390339957,-16.2216314523,-83.3408972629)) ;
#888=CARTESIAN_POINT('Control Point',(13.6610789487,-18.2075234841,-79.9653696935)) ;
#889=CARTESIAN_POINT('Control Point',(14.2661697152,-20.507789582,-75.5880585855)) ;
#890=CARTESIAN_POINT('Control Point',(14.4237088608,-21.9502398305,-71.8476299932)) ;
#891=CARTESIAN_POINT('Control Point',(14.4081480904,-22.5996405693,-69.9144300771)) ;
#892=CARTESIAN_POINT('Control Point',(10.7068563768,-14.0999318019,-89.2083140441)) ;
#893=CARTESIAN_POINT('Control Point',(10.9240388486,-14.0710429012,-88.5857785896)) ;
#894=CARTESIAN_POINT('Control Point',(11.3079546589,-14.2181252768,-87.4168997773)) ;
#895=CARTESIAN_POINT('Control Point',(11.9298213986,-14.94387031,-85.3760813388)) ;
#896=CARTESIAN_POINT('Control Point',(12.5174100635,-16.133993085,-83.185445034)) ;
#897=CARTESIAN_POINT('Control Point',(13.2445183179,-18.1104240927,-79.8377675639)) ;
#898=CARTESIAN_POINT('Control Point',(13.8594166008,-20.3942731469,-75.500386586)) ;
#899=CARTESIAN_POINT('Control Point',(14.0224487012,-21.8283169144,-71.7917784045)) ;
#900=CARTESIAN_POINT('Control Point',(14.0096515997,-22.4743199166,-69.8746022657)) ;
#901=CARTESIAN_POINT('Control Point',(10.4831463057,-14.1099172624,-89.1156289267)) ;
#902=CARTESIAN_POINT('Control Point',(10.6927936129,-14.092162515,-88.4953506128)) ;
#903=CARTESIAN_POINT('Control Point',(11.0642637735,-14.2556936828,-87.3385355816)) ;
#904=CARTESIAN_POINT('Control Point',(11.6742482504,-14.9900473517,-85.3218601706)) ;
#905=CARTESIAN_POINT('Control Point',(12.2596459686,-16.1757146595,-83.1471395872)) ;
#906=CARTESIAN_POINT('Control Point',(12.9898150896,-18.1425313824,-79.8123773484)) ;
#907=CARTESIAN_POINT('Control Point',(13.6106311999,-20.4148736115,-75.4868740811)) ;
#908=CARTESIAN_POINT('Control Point',(13.7769051822,-21.843079693,-71.7907039557)) ;
#909=CARTESIAN_POINT('Control Point',(13.7657848699,-22.4865994915,-69.8801874244)) ;
#911=CARTESIAN_POINT('Control Point',(11.523783363,-15.1135077391,-89.3149653456)) ;
#912=CARTESIAN_POINT('Control Point',(11.7153539896,-15.1149987862,-88.8434552531)) ;
#913=CARTESIAN_POINT('Control Point',(12.0753836828,-15.2496290125,-87.8956204956)) ;
#914=CARTESIAN_POINT('Control Point',(12.68617505,-15.8902345493,-86.0680791529)) ;
#915=CARTESIAN_POINT('Control Point',(13.2859609095,-17.0376241939,-83.9062984904)) ;
#916=CARTESIAN_POINT('Control Point',(14.0306468672,-19.0136634246,-80.4897868833)) ;
#917=CARTESIAN_POINT('Control Point',(14.6523956663,-21.3021943397,-76.0560174035)) ;
#918=CARTESIAN_POINT('Control Point',(14.823456981,-22.7370794283,-72.3000891948)) ;
#919=CARTESIAN_POINT('Control Point',(14.8184998679,-23.3741088581,-70.3956881202)) ;
#920=CARTESIAN_POINT('Vertex',(11.523783363,-15.1135077391,-89.3149653456)) ;
#924=CARTESIAN_POINT('Control Point',(10.6051453409,-14.1063275142,-88.9385453683)) ;
#925=CARTESIAN_POINT('Control Point',(10.8961890888,-14.1085927918,-89.056801185)) ;
#926=CARTESIAN_POINT('Control Point',(11.1861592503,-14.2356420361,-89.1750154151)) ;
#927=CARTESIAN_POINT('Control Point',(11.4145449882,-14.4835416038,-89.2685905695)) ;
#928=CARTESIAN_POINT('Control Point',(11.5262284549,-14.7993580074,-89.3149653346)) ;
#929=CARTESIAN_POINT('Control Point',(11.523783363,-15.1135077396,-89.3149653456)) ;
#930=CARTESIAN_POINT('Vertex',(10.6051453409,-14.1063275141,-88.9385453683)) ;
#934=CARTESIAN_POINT('Control Point',(10.6051453409,-14.1063275142,-88.9385453683)) ;
#935=CARTESIAN_POINT('Control Point',(10.7912842866,-14.1077762872,-88.3863436901)) ;
#936=CARTESIAN_POINT('Control Point',(11.1413766571,-14.2699771047,-87.2991004328)) ;
#937=CARTESIAN_POINT('Control Point',(11.7363626201,-14.9808195237,-85.336027994)) ;
#938=CARTESIAN_POINT('Control Point',(12.3222950012,-16.1674589399,-83.1575711749)) ;
#939=CARTESIAN_POINT('Control Point',(13.051721043,-18.1365371619,-79.8195893119)) ;
#940=CARTESIAN_POINT('Control Point',(13.6625331437,-20.3801827967,-75.5508174892)) ;
#941=CARTESIAN_POINT('Control Point',(13.8307834456,-21.791882656,-71.919017893)) ;
#942=CARTESIAN_POINT('Control Point',(13.8258985261,-22.4196347992,-70.0736290728)) ;
#952=CARTESIAN_POINT('Control Point',(-11.8775755988,-14.9906506547,-89.0121859264)) ;
#953=CARTESIAN_POINT('Control Point',(-11.2671006699,-14.9954021574,-90.553975721)) ;
#954=CARTESIAN_POINT('Control Point',(-9.88300003009,-15.0061750121,-93.4655752093)) ;
#955=CARTESIAN_POINT('Control Point',(-7.45847766971,-15.0250457693,-96.7716702854)) ;
#956=CARTESIAN_POINT('Control Point',(-4.96607571326,-15.044444853,-98.8926720101)) ;
#957=CARTESIAN_POINT('Control Point',(-2.71929265727,-15.061932214,-100.07515019)) ;
#958=CARTESIAN_POINT('Control Point',(-0.121567218106,-15.0821510607,-100.556077465)) ;
#959=CARTESIAN_POINT('Control Point',(3.357763129,-15.1092316929,-99.9139967926)) ;
#960=CARTESIAN_POINT('Control Point',(6.76243228424,-15.1357312155,-97.3981372162)) ;
#961=CARTESIAN_POINT('Control Point',(9.64005916252,-15.158128616,-93.4773206977)) ;
#962=CARTESIAN_POINT('Control Point',(11.0328015348,-15.1689687318,-90.5531721004)) ;
#963=CARTESIAN_POINT('Control Point',(11.6426575565,-15.1737154173,-89.0122862209)) ;
#964=CARTESIAN_POINT('Control Point',(-11.8941455589,-14.6715846088,-89.0196743494)) ;
#965=CARTESIAN_POINT('Control Point',(-11.283180046,-14.6763399296,-90.5625898594)) ;
#966=CARTESIAN_POINT('Control Point',(-9.89897548532,-14.6871135933,-93.4755705432)) ;
#967=CARTESIAN_POINT('Control Point',(-7.47259846345,-14.7059987858,-96.785233884)) ;
#968=CARTESIAN_POINT('Control Point',(-4.97616517596,-14.7254292466,-98.9099486162)) ;
#969=CARTESIAN_POINT('Control Point',(-2.72439931708,-14.7429553901,-100.095390358)) ;
#970=CARTESIAN_POINT('Control Point',(-0.119091718005,-14.763233251,-100.577933704)) ;
#971=CARTESIAN_POINT('Control Point',(3.37125744256,-14.7903996458,-99.9335404475)) ;
#972=CARTESIAN_POINT('Control Point',(6.78089315333,-14.8169378245,-97.412453273)) ;
#973=CARTESIAN_POINT('Control Point',(9.6610356705,-14.839354805,-93.4874601489)) ;
#974=CARTESIAN_POINT('Control Point',(11.0538430016,-14.8501954264,-90.5617760703)) ;
#975=CARTESIAN_POINT('Control Point',(11.6641922057,-14.8549459503,-89.0197757585)) ;
#976=CARTESIAN_POINT('Control Point',(-11.6487054833,-14.1029939306,-88.9243635225)) ;
#977=CARTESIAN_POINT('Control Point',(-11.0422962538,-14.1077137886,-90.4558972741)) ;
#978=CARTESIAN_POINT('Control Point',(-9.66838509496,-14.1184073356,-93.3454248745)) ;
#979=CARTESIAN_POINT('Control Point',(-7.27034992808,-14.1370719354,-96.6127813247)) ;
#980=CARTESIAN_POINT('Control Point',(-4.82224958087,-14.1561262069,-98.6948487004)) ;
#981=CARTESIAN_POINT('Control Point',(-2.62996441432,-14.1731893951,-99.8472202103)) ;
#982=CARTESIAN_POINT('Control Point',(-0.114488730214,-14.1927680682,-100.311546567)) ;
#983=CARTESIAN_POINT('Control Point',(3.25444242203,-14.2189894317,-99.6918600138)) ;
#984=CARTESIAN_POINT('Control Point',(6.59309301129,-14.2449751127,-97.2332521562)) ;
#985=CARTESIAN_POINT('Control Point',(9.43946233971,-14.2671292267,-93.356350972)) ;
#986=CARTESIAN_POINT('Control Point',(10.8218298862,-14.2778885922,-90.4551497638)) ;
#987=CARTESIAN_POINT('Control Point',(11.4276335054,-14.2826037365,-88.9244575528)) ;
#988=CARTESIAN_POINT('Control Point',(-11.1126616197,-13.9239583523,-88.7128077035)) ;
#989=CARTESIAN_POINT('Control Point',(-10.5160088134,-13.9286022733,-90.2197010128)) ;
#990=CARTESIAN_POINT('Control Point',(-9.16684225695,-13.9391032259,-93.0559291657)) ;
#991=CARTESIAN_POINT('Control Point',(-6.83271734292,-13.9572703937,-96.2300369597)) ;
#992=CARTESIAN_POINT('Control Point',(-4.49126928588,-13.9754945597,-98.2184175333)) ;
#993=CARTESIAN_POINT('Control Point',(-2.43017691874,-13.9915366364,-99.2983681313)) ;
#994=CARTESIAN_POINT('Control Point',(-0.112684983339,-14.009574345,-99.7227566618)) ;
#995=CARTESIAN_POINT('Control Point',(2.99072288129,-14.033729064,-99.1569104835)) ;
#996=CARTESIAN_POINT('Control Point',(6.17016851771,-14.058475607,-96.8361265399)) ;
#997=CARTESIAN_POINT('Control Point',(8.94120243314,-14.0800433636,-93.0649007565)) ;
#998=CARTESIAN_POINT('Control Point',(10.2983646434,-14.0906065488,-90.2190872657)) ;
#999=CARTESIAN_POINT('Control Point',(10.8944448425,-14.095246013,-88.7128867946)) ;
#1000=CARTESIAN_POINT('Control Point',(-10.8862095385,-13.9408895596,-88.6231466601)) ;
#1001=CARTESIAN_POINT('Control Point',(-10.293680036,-13.9455013877,-90.1196172362)) ;
#1002=CARTESIAN_POINT('Control Point',(-8.95506253389,-13.955920234,-92.9332156512)) ;
#1003=CARTESIAN_POINT('Control Point',(-6.64805655892,-13.9738763273,-96.0678244792)) ;
#1004=CARTESIAN_POINT('Control Point',(-4.35178907334,-13.9917488398,-98.0165307495)) ;
#1005=CARTESIAN_POINT('Control Point',(-2.34627133692,-14.0073583631,-99.0658201634)) ;
#1006=CARTESIAN_POINT('Control Point',(-0.112642355939,-14.0247433421,-99.473298566)) ;
#1007=CARTESIAN_POINT('Control Point',(2.87836193842,-14.0480231917,-98.9302382782)) ;
#1008=CARTESIAN_POINT('Control Point',(5.99028014632,-14.0722441492,-96.66783854)) ;
#1009=CARTESIAN_POINT('Control Point',(8.72937350017,-14.0935633033,-92.9413648926)) ;
#1010=CARTESIAN_POINT('Control Point',(10.0757869596,-14.1040428277,-90.1190597448)) ;
#1011=CARTESIAN_POINT('Control Point',(10.6677581441,-14.1086503104,-88.6232194668)) ;
#1013=CARTESIAN_POINT('Control Point',(11.5237833631,-15.1135077396,-89.3149653456)) ;
#1014=CARTESIAN_POINT('Control Point',(11.2653640411,-15.111496655,-89.9510091881)) ;
#1015=CARTESIAN_POINT('Control Point',(10.990910393,-15.1093606718,-90.5824266201)) ;
#1016=CARTESIAN_POINT('Control Point',(10.6787879273,-15.1069316396,-91.2582015058)) ;
#1017=CARTESIAN_POINT('Control Point',(9.94991686193,-15.1012594948,-92.7052417557)) ;
#1018=CARTESIAN_POINT('Control Point',(8.99343119067,-15.0938159397,-94.2776819266)) ;
#1019=CARTESIAN_POINT('Control Point',(8.45482083774,-15.0896242667,-95.0797668355)) ;
#1020=CARTESIAN_POINT('Control Point',(7.36811019741,-15.0811666158,-96.4797142114)) ;
#1021=CARTESIAN_POINT('Control Point',(6.11984944936,-15.071450785,-97.7174456992)) ;
#1022=CARTESIAN_POINT('Control Point',(5.53798374487,-15.0669216592,-98.2261947451)) ;
#1023=CARTESIAN_POINT('Control Point',(4.35640491185,-15.0577241645,-99.1040371714)) ;
#1024=CARTESIAN_POINT('Control Point',(3.16770718088,-15.0484710736,-99.7099642167)) ;
#1025=CARTESIAN_POINT('Control Point',(2.57886732472,-15.043887478,-99.9431854879)) ;
#1026=CARTESIAN_POINT('Control Point',(1.70203536567,-15.0370625544,-100.208783605)) ;
#1027=CARTESIAN_POINT('Control Point',(0.791605193195,-15.0299776224,-100.349323819)) ;
#1028=CARTESIAN_POINT('Control Point',(0.489428528072,-15.0276263243,-100.38113332)) ;
#1029=CARTESIAN_POINT('Control Point',(0.186151771728,-15.0252668043,-100.397563342)) ;
#1030=CARTESIAN_POINT('Control Point',(-0.116970074762,-15.022908885,-100.397694003)) ;
#1031=CARTESIAN_POINT('Vertex',(-0.116970907038,-15.0229047375,-100.395688345)) ;
#1035=CARTESIAN_POINT('Control Point',(-11.757714449,-14.9323056121,-89.3149644237)) ;
#1036=CARTESIAN_POINT('Control Point',(-11.174105367,-14.9368480101,-90.7513973792)) ;
#1037=CARTESIAN_POINT('Control Point',(-9.81826524248,-14.947400905,-93.5565205944)) ;
#1038=CARTESIAN_POINT('Control Point',(-7.45963321633,-14.9657588187,-96.7729207014)) ;
#1039=CARTESIAN_POINT('Control Point',(-4.96684063766,-14.9851609428,-98.8942943394)) ;
#1040=CARTESIAN_POINT('Control Point',(-2.71957307857,-15.0026520748,-100.077075656)) ;
#1041=CARTESIAN_POINT('Control Point',(-0.986544880966,-15.0161407333,-100.397935961)) ;
#1042=CARTESIAN_POINT('Control Point',(-0.117688519634,-15.0229032931,-100.397694313)) ;
#1043=CARTESIAN_POINT('Control Point',(-0.116970074763,-15.022908885,-100.397694003)) ;
#1044=CARTESIAN_POINT('Vertex',(-11.7577144179,-14.9323012114,-89.3149644159)) ;
#1048=CARTESIAN_POINT('Control Point',(-10.8235297395,-13.9395419521,-88.9385534232)) ;
#1049=CARTESIAN_POINT('Control Point',(-11.1145697359,-13.9372836844,-89.0568073556)) ;
#1050=CARTESIAN_POINT('Control Point',(-11.4114981684,-14.0581917907,-89.1770642175)) ;
#1051=CARTESIAN_POINT('Control Point',(-11.6319602051,-14.3065266095,-89.2658505499)) ;
#1052=CARTESIAN_POINT('Control Point',(-11.7552693303,-14.6181557418,-89.3149644221)) ;
#1053=CARTESIAN_POINT('Control Point',(-11.7577144147,-14.9323012114,-89.3149644237)) ;
#1054=CARTESIAN_POINT('Vertex',(-10.8235297395,-13.9395419518,-88.9385534232)) ;
#1058=CARTESIAN_POINT('Control Point',(-10.8235297395,-13.9395419521,-88.9385534232)) ;
#1059=CARTESIAN_POINT('Control Point',(-10.2564676197,-13.9439555603,-90.3342594567)) ;
#1060=CARTESIAN_POINT('Control Point',(-8.94357037366,-13.9541742184,-93.0486810297)) ;
#1061=CARTESIAN_POINT('Control Point',(-6.69297647607,-13.9716912402,-96.1072693563)) ;
#1062=CARTESIAN_POINT('Control Point',(-4.38572210325,-13.9896492668,-98.0656238013)) ;
#1063=CARTESIAN_POINT('Control Point',(-2.36668984097,-14.0053639776,-99.1223696952)) ;
#1064=CARTESIAN_POINT('Control Point',(-0.112667132555,-14.0229076869,-99.5339604339)) ;
#1065=CARTESIAN_POINT('Control Point',(2.9056727928,-14.0464002976,-98.9853586727)) ;
#1066=CARTESIAN_POINT('Control Point',(6.03401038074,-14.0707490518,-96.7087611938)) ;
#1067=CARTESIAN_POINT('Control Point',(8.71825156944,-14.0916412757,-93.056603239)) ;
#1068=CARTESIAN_POINT('Control Point',(10.0381016516,-14.1019140497,-90.3342588901)) ;
#1069=CARTESIAN_POINT('Control Point',(10.605165167,-14.1063276688,-88.9385534239)) ;
#1080=CARTESIAN_POINT('Control Point',(-15.1794770112,-23.2634636562,-70.2141929791)) ;
#1081=CARTESIAN_POINT('Control Point',(-15.1803810653,-22.6096401033,-72.1888572607)) ;
#1082=CARTESIAN_POINT('Control Point',(-14.9876889913,-21.1594344035,-76.0190823189)) ;
#1083=CARTESIAN_POINT('Control Point',(-14.3185690977,-18.8489566183,-80.5174281407)) ;
#1084=CARTESIAN_POINT('Control Point',(-13.5402227026,-16.8879329245,-83.9354593227)) ;
#1085=CARTESIAN_POINT('Control Point',(-12.9222534716,-15.7478668448,-86.0943032265)) ;
#1086=CARTESIAN_POINT('Control Point',(-12.2860161152,-15.1019234992,-87.963979392)) ;
#1087=CARTESIAN_POINT('Control Point',(-11.902530748,-14.9764661721,-88.9610739404)) ;
#1088=CARTESIAN_POINT('Control Point',(-11.687361263,-14.994494633,-89.4833352092)) ;
#1089=CARTESIAN_POINT('Control Point',(-15.1883397204,-23.1031859772,-70.1601982391)) ;
#1090=CARTESIAN_POINT('Control Point',(-15.1911576126,-22.4498806343,-72.1301077716)) ;
#1091=CARTESIAN_POINT('Control Point',(-15.003027531,-21.0010814158,-75.9497541326)) ;
#1092=CARTESIAN_POINT('Control Point',(-14.3437077372,-18.6931170488,-80.4332384626)) ;
#1093=CARTESIAN_POINT('Control Point',(-13.5726336665,-16.7292813209,-83.8510257535)) ;
#1094=CARTESIAN_POINT('Control Point',(-12.9557797043,-15.5807633125,-86.0236779238)) ;
#1095=CARTESIAN_POINT('Control Point',(-12.3103179953,-14.9268447529,-87.9283393079)) ;
#1096=CARTESIAN_POINT('Control Point',(-11.915529349,-14.8036093577,-88.9546275817)) ;
#1097=CARTESIAN_POINT('Control Point',(-11.6933667657,-14.8267953271,-89.4921522903)) ;
#1098=CARTESIAN_POINT('Control Point',(-15.121376331,-22.7983265355,-70.0575592287)) ;
#1099=CARTESIAN_POINT('Control Point',(-15.1266763893,-22.1459724472,-72.0156093923)) ;
#1100=CARTESIAN_POINT('Control Point',(-14.9447468681,-20.6997891479,-75.8095773465)) ;
#1101=CARTESIAN_POINT('Control Point',(-14.2993019681,-18.3964463063,-80.2563568021)) ;
#1102=CARTESIAN_POINT('Control Point',(-13.5392007873,-16.4271002194,-83.6658941707)) ;
#1103=CARTESIAN_POINT('Control Point',(-12.9248665652,-15.2623752661,-85.8597154538)) ;
#1104=CARTESIAN_POINT('Control Point',(-12.2681807804,-14.5933720225,-87.8283342238)) ;
#1105=CARTESIAN_POINT('Control Point',(-11.859240345,-14.4746098729,-88.9103635928)) ;
#1106=CARTESIAN_POINT('Control Point',(-11.628530629,-14.5077880736,-89.4774985003)) ;
#1107=CARTESIAN_POINT('Control Point',(-14.7582480743,-22.3726631102,-69.9144398416)) ;
#1108=CARTESIAN_POINT('Control Point',(-14.7637148462,-21.7231016041,-71.847515216)) ;
#1109=CARTESIAN_POINT('Control Point',(-14.5833639608,-20.2839894678,-75.5891448509)) ;
#1110=CARTESIAN_POINT('Control Point',(-13.9432974739,-17.9941707328,-79.9632940456)) ;
#1111=CARTESIAN_POINT('Control Point',(-13.1897211635,-16.0227181097,-83.340944472)) ;
#1112=CARTESIAN_POINT('Control Point',(-12.5802817149,-14.8376537444,-85.5472224319)) ;
#1113=CARTESIAN_POINT('Control Point',(-11.9278001559,-14.1414994865,-87.5894898032)) ;
#1114=CARTESIAN_POINT('Control Point',(-11.521265109,-14.0192381227,-88.7458208994)) ;
#1115=CARTESIAN_POINT('Control Point',(-11.2922210254,-14.0603376761,-89.3557870599)) ;
#1116=CARTESIAN_POINT('Control Point',(-14.3578939436,-22.253546125,-69.87460772)) ;
#1117=CARTESIAN_POINT('Control Point',(-14.3606486906,-21.6074265491,-71.7916597876)) ;
#1118=CARTESIAN_POINT('Control Point',(-14.1749958383,-20.1767455382,-75.5015073065)) ;
#1119=CARTESIAN_POINT('Control Point',(-13.5253439159,-17.9035227564,-79.8357064493)) ;
#1120=CARTESIAN_POINT('Control Point',(-12.7670171496,-15.9414431178,-83.185696028)) ;
#1121=CARTESIAN_POINT('Control Point',(-12.161052226,-14.7546604049,-85.3765185415)) ;
#1122=CARTESIAN_POINT('Control Point',(-11.5279527972,-14.0400802843,-87.4171363073)) ;
#1123=CARTESIAN_POINT('Control Point',(-11.1416518472,-13.8992687257,-88.5864712466)) ;
#1124=CARTESIAN_POINT('Control Point',(-10.9248333871,-13.9316257835,-89.2092838904)) ;
#1125=CARTESIAN_POINT('Control Point',(-14.1142753789,-22.2695977335,-69.8801857395)) ;
#1126=CARTESIAN_POINT('Control Point',(-14.1153915777,-21.6259890941,-71.7905765494)) ;
#1127=CARTESIAN_POINT('Control Point',(-13.9266126596,-20.2011264415,-75.48804001)) ;
#1128=CARTESIAN_POINT('Control Point',(-13.2712046886,-17.9395497731,-79.8103404804)) ;
#1129=CARTESIAN_POINT('Control Point',(-12.5100488717,-15.9869106,-83.1475109018)) ;
#1130=CARTESIAN_POINT('Control Point',(-11.9062150014,-14.8048762253,-85.322335022)) ;
#1131=CARTESIAN_POINT('Control Point',(-11.284900087,-14.0814275836,-87.3387561516)) ;
#1132=CARTESIAN_POINT('Control Point',(-10.9107968186,-13.9239477696,-88.4960471807)) ;
#1133=CARTESIAN_POINT('Control Point',(-10.7013419499,-13.9450529411,-89.1166065101)) ;
#1135=CARTESIAN_POINT('Control Point',(-15.1805914593,-23.1406169509,-70.3956882101)) ;
#1136=CARTESIAN_POINT('Control Point',(-15.1756345677,-22.503614511,-72.3000084863)) ;
#1137=CARTESIAN_POINT('Control Point',(-14.9819670275,-21.0720316321,-76.0567654522)) ;
#1138=CARTESIAN_POINT('Control Point',(-14.3253853934,-18.7943764803,-80.487584235)) ;
#1139=CARTESIAN_POINT('Control Point',(-13.5495243481,-16.8323660228,-83.9053633124)) ;
#1140=CARTESIAN_POINT('Control Point',(-12.9319543195,-15.6893377876,-86.0689330902)) ;
#1141=CARTESIAN_POINT('Control Point',(-12.3113685816,-15.0596233184,-87.8956253568)) ;
#1142=CARTESIAN_POINT('Control Point',(-11.9492764704,-14.9308102286,-88.8434740747)) ;
#1143=CARTESIAN_POINT('Control Point',(-11.7577144179,-14.9323012114,-89.3149644159)) ;
#1144=CARTESIAN_POINT('Vertex',(-15.1805914436,-23.1406149273,-70.3956875332)) ;
#1148=CARTESIAN_POINT('Control Point',(-14.1733192945,-22.2017085452,-70.0736298478)) ;
#1149=CARTESIAN_POINT('Control Point',(-14.4874553258,-22.1992840008,-70.0736367028)) ;
#1150=CARTESIAN_POINT('Control Point',(-14.8023887538,-22.3149942852,-70.1138319946)) ;
#1151=CARTESIAN_POINT('Control Point',(-15.0527636952,-22.5460492298,-70.1930935794)) ;
#1152=CARTESIAN_POINT('Control Point',(-15.1782759616,-22.8432161137,-70.294514165)) ;
#1153=CARTESIAN_POINT('Control Point',(-15.1805914436,-23.1406149273,-70.3956875332)) ;
#1154=CARTESIAN_POINT('Vertex',(-14.1733179039,-22.2015298794,-70.073569062)) ;
#1158=CARTESIAN_POINT('Control Point',(-14.1733192945,-22.2017085452,-70.0736298478)) ;
#1159=CARTESIAN_POINT('Control Point',(-14.1684350262,-21.5739823186,-71.9189423729)) ;
#1160=CARTESIAN_POINT('Control Point',(-13.9779503294,-20.1656628028,-75.5519308822)) ;
#1161=CARTESIAN_POINT('Control Point',(-13.332986681,-17.932603529,-79.8175448101)) ;
#1162=CARTESIAN_POINT('Control Point',(-12.5725182594,-15.9777432634,-83.1579102848)) ;
#1163=CARTESIAN_POINT('Control Point',(-11.9681664032,-14.7946694706,-85.3364921411)) ;
#1164=CARTESIAN_POINT('Control Point',(-11.3622902664,-14.0945717396,-87.2990518801)) ;
#1165=CARTESIAN_POINT('Control Point',(-11.009703863,-13.9380907876,-88.3863896096)) ;
#1166=CARTESIAN_POINT('Control Point',(-10.8235718444,-13.9395416264,-88.9385676171)) ;
#1176=CARTESIAN_POINT('Control Point',(-15.1951834509,-25.2586478963,-63.2468331643)) ;
#1177=CARTESIAN_POINT('Control Point',(-15.1905676399,-24.6656066613,-65.6871298181)) ;
#1178=CARTESIAN_POINT('Control Point',(-15.1852667118,-23.9845413239,-68.1071290512)) ;
#1179=CARTESIAN_POINT('Control Point',(-15.1789495658,-23.1729119203,-70.4847148222)) ;
#1180=CARTESIAN_POINT('Control Point',(-15.2132345637,-24.9485933562,-63.1715221737)) ;
#1181=CARTESIAN_POINT('Control Point',(-15.2086330876,-24.3573938814,-65.6042432607)) ;
#1182=CARTESIAN_POINT('Control Point',(-15.203351158,-23.6787694538,-68.0152278824)) ;
#1183=CARTESIAN_POINT('Control Point',(-15.197063599,-22.870941385,-70.3816755838)) ;
#1184=CARTESIAN_POINT('Control Point',(-14.949765066,-24.396264938,-63.0368009084)) ;
#1185=CARTESIAN_POINT('Control Point',(-14.9451889907,-23.808328983,-65.4560967009)) ;
#1186=CARTESIAN_POINT('Control Point',(-14.9399417447,-23.1341607346,-67.8506573392)) ;
#1187=CARTESIAN_POINT('Control Point',(-14.9337066333,-22.3330711443,-70.1973622868)) ;
#1188=CARTESIAN_POINT('Control Point',(-14.3734081495,-24.2227365468,-62.9935426489)) ;
#1189=CARTESIAN_POINT('Control Point',(-14.3688403277,-23.6358609942,-65.408476911)) ;
#1190=CARTESIAN_POINT('Control Point',(-14.363603938,-22.9630875778,-67.7978835685)) ;
#1191=CARTESIAN_POINT('Control Point',(-14.3573858596,-22.1641864084,-70.1381762482)) ;
#1192=CARTESIAN_POINT('Control Point',(-14.1298484466,-24.2393799067,-62.9971256035)) ;
#1193=CARTESIAN_POINT('Control Point',(-14.1252798904,-23.6524100167,-65.4124475256)) ;
#1194=CARTESIAN_POINT('Control Point',(-14.1200427475,-22.9795398173,-67.8022187934)) ;
#1195=CARTESIAN_POINT('Control Point',(-14.1138231582,-22.1804445162,-70.1430805616)) ;
#1197=CARTESIAN_POINT('Control Point',(-14.1890273546,-24.2198863124,-63.0675508063)) ;
#1198=CARTESIAN_POINT('Control Point',(-14.1845355081,-23.6427721149,-65.435031246)) ;
#1199=CARTESIAN_POINT('Control Point',(-14.1793980386,-22.9827079897,-67.7777434518)) ;
#1200=CARTESIAN_POINT('Control Point',(-14.1733192945,-22.2017085467,-70.0736298436)) ;
#1201=CARTESIAN_POINT('Vertex',(-14.1890263004,-24.2197508693,-63.0675177877)) ;
#1205=CARTESIAN_POINT('Control Point',(-15.1942343155,-24.8934565124,-64.4649272233)) ;
#1206=CARTESIAN_POINT('Control Point',(-15.1902470768,-24.3811744921,-66.4623706439)) ;
#1207=CARTESIAN_POINT('Control Point',(-15.1857604496,-23.8047308559,-68.4434009473)) ;
#1208=CARTESIAN_POINT('Control Point',(-15.1805914436,-23.1406149273,-70.3956875332)) ;
#1209=CARTESIAN_POINT('Vertex',(-15.1942343161,-24.893456581,-64.4649272409)) ;
#1213=CARTESIAN_POINT('Control Point',(-15.1942343161,-24.893456581,-64.4649272409)) ;
#1214=CARTESIAN_POINT('Control Point',(-15.1937498631,-24.8312334873,-64.4517522055)) ;
#1215=CARTESIAN_POINT('Control Point',(-15.1878769361,-24.7701973678,-64.4323171357)) ;
#1216=CARTESIAN_POINT('Control Point',(-15.1770768964,-24.7124698444,-64.4071873244)) ;
#1217=CARTESIAN_POINT('Control Point',(-15.1520286501,-24.6254233365,-64.3590182007)) ;
#1218=CARTESIAN_POINT('Control Point',(-15.116157546,-24.5460825878,-64.3001828742)) ;
#1219=CARTESIAN_POINT('Control Point',(-15.1027380696,-24.5200240649,-64.2789837644)) ;
#1220=CARTESIAN_POINT('Control Point',(-15.0735461845,-24.4697476702,-64.2341981684)) ;
#1221=CARTESIAN_POINT('Control Point',(-15.0404254372,-24.4242462014,-64.18558379)) ;
#1222=CARTESIAN_POINT('Control Point',(-15.0227550073,-24.4024939753,-64.1600736757)) ;
#1223=CARTESIAN_POINT('Control Point',(-14.9949222711,-24.3716831108,-64.1203499693)) ;
#1224=CARTESIAN_POINT('Control Point',(-14.9654283518,-24.3438675636,-64.0787088192)) ;
#1225=CARTESIAN_POINT('Control Point',(-14.9552467254,-24.3347789015,-64.0643719014)) ;
#1226=CARTESIAN_POINT('Control Point',(-14.9344668599,-24.3172406744,-64.0351718898)) ;
#1227=CARTESIAN_POINT('Control Point',(-14.9131552053,-24.3011685108,-64.0053553342)) ;
#1228=CARTESIAN_POINT('Control Point',(-14.9037990148,-24.2943495604,-63.9921411241)) ;
#1229=CARTESIAN_POINT('Control Point',(-14.8903644798,-24.2854788415,-63.9734847252)) ;
#1230=CARTESIAN_POINT('Control Point',(-14.880399484,-24.2791792514,-63.9595511578)) ;
#1231=CARTESIAN_POINT('Vertex',(-14.880399484,-24.2791792514,-63.9595511578)) ;
#1235=CARTESIAN_POINT('Control Point',(-14.880399484,-24.2791792514,-63.9595511578)) ;
#1236=CARTESIAN_POINT('Control Point',(-14.7465662216,-24.1945736264,-63.7724186365)) ;
#1237=CARTESIAN_POINT('Control Point',(-14.5735134653,-24.1513445996,-63.5455192426)) ;
#1238=CARTESIAN_POINT('Control Point',(-14.3804408642,-24.1595711008,-63.3089094657)) ;
#1239=CARTESIAN_POINT('Control Point',(-14.1890273546,-24.2198863137,-63.0675508013)) ;
#1249=CARTESIAN_POINT('Axis2P3D Location',(-23.8626383984,-46.5004727845,-31.7287366641)) ;
#1254=CARTESIAN_POINT('Axis2P3D Location',(-23.8626383984,-46.5004727845,-29.3956883447)) ;
#1258=CARTESIAN_POINT('Vertex',(-24.86260811,-46.4926897317,-29.3956883453)) ;
#1260=CARTESIAN_POINT('Vertex',(-23.8704214504,-47.5004424961,-29.3956883453)) ;
#1263=CARTESIAN_POINT('Line Origine',(-23.8704214513,-47.5004424961,-31.7287366632)) ;
#1267=CARTESIAN_POINT('Vertex',(-23.8704214513,-47.5004424961,-24.3956883447)) ;
#1270=CARTESIAN_POINT('Axis2P3D Location',(-23.8626383984,-46.5004727845,-24.3956883447)) ;
#1274=CARTESIAN_POINT('Vertex',(-24.8626081103,-46.4926897314,-24.3956883453)) ;
#1277=CARTESIAN_POINT('Line Origine',(-24.86260811,-46.4926897317,-31.7287366632)) ;
#1289=CARTESIAN_POINT('Axis2P3D Location',(23.1359380462,-46.8662762684,-30.3369648701)) ;
#1294=CARTESIAN_POINT('Axis2P3D Location',(23.1359380462,-46.8662762684,-29.3956883459)) ;
#1298=CARTESIAN_POINT('Vertex',(23.1281724577,-47.866246116,-29.3956883453)) ;
#1300=CARTESIAN_POINT('Vertex',(24.1359077578,-46.8740593213,-29.3956883459)) ;
#1303=CARTESIAN_POINT('Line Origine',(24.1359077578,-46.8740593213,-30.3369648699)) ;
#1307=CARTESIAN_POINT('Vertex',(24.1359077578,-46.8740593216,-24.3956883459)) ;
#1310=CARTESIAN_POINT('Axis2P3D Location',(23.1359380462,-46.8662762684,-24.3956883459)) ;
#1314=CARTESIAN_POINT('Vertex',(23.1281549914,-47.8662459803,-24.3956883453)) ;
#1317=CARTESIAN_POINT('Line Origine',(23.1281549933,-47.86624598,-30.3369648699)) ;
#1329=CARTESIAN_POINT('Axis2P3D Location',(7.15977181929,-43.7418382881,-34.2040144574)) ;
#1334=CARTESIAN_POINT('Axis2P3D Location',(7.15977181929,-43.7418382881,-26.3956883453)) ;
#1338=CARTESIAN_POINT('Vertex',(7.17300300913,-42.0418897784,-26.3956883453)) ;
#1340=CARTESIAN_POINT('Vertex',(7.14654062946,-45.4417867978,-26.3956883453)) ;
#1343=CARTESIAN_POINT('Line Origine',(7.14654062946,-45.4417867978,-34.2040144578)) ;
#1347=CARTESIAN_POINT('Vertex',(7.14654062946,-45.4417867978,-24.3956883453)) ;
#1350=CARTESIAN_POINT('Axis2P3D Location',(7.15977181929,-43.7418382881,-24.3956883453)) ;
#1354=CARTESIAN_POINT('Vertex',(7.17300300882,-42.0418897782,-24.3956883453)) ;
#1357=CARTESIAN_POINT('Line Origine',(7.17300300912,-42.0418897784,-34.2040144578)) ;
#1369=CARTESIAN_POINT('Axis2P3D Location',(7.15977181929,-43.7418382881,-26.3956883453)) ;
#1374=CARTESIAN_POINT('Axis2P3D Location',(7.15977181929,-43.7418382881,-24.3956883453)) ;
#1386=CARTESIAN_POINT('Axis2P3D Location',(-7.83977385451,-43.6250924954,-34.2040144574)) ;
#1391=CARTESIAN_POINT('Axis2P3D Location',(-7.83977385451,-43.6250924954,-26.3956883453)) ;
#1395=CARTESIAN_POINT('Vertex',(-7.82654266466,-41.9251439857,-26.3956883453)) ;
#1397=CARTESIAN_POINT('Vertex',(-7.85300504435,-45.3250410051,-26.3956883453)) ;
#1400=CARTESIAN_POINT('Line Origine',(-7.85300504435,-45.3250410051,-34.2040144578)) ;
#1404=CARTESIAN_POINT('Vertex',(-7.85300504435,-45.3250410051,-24.3956883453)) ;
#1407=CARTESIAN_POINT('Axis2P3D Location',(-7.83977385451,-43.6250924954,-24.3956883453)) ;
#1411=CARTESIAN_POINT('Vertex',(-7.82654266409,-41.9251439859,-24.3956883453)) ;
#1414=CARTESIAN_POINT('Line Origine',(-7.82654266467,-41.9251439857,-34.2040144578)) ;
#1426=CARTESIAN_POINT('Axis2P3D Location',(-7.83977385451,-43.6250924954,-26.3956883453)) ;
#1432=CARTESIAN_POINT('Control Point',(-7.82654266467,-41.9251439857,-24.3956883453)) ;
#1433=CARTESIAN_POINT('Control Point',(-8.36059723962,-41.9209872848,-24.3956883453)) ;
#1434=CARTESIAN_POINT('Control Point',(-8.89628414719,-42.1265533251,-24.3956883453)) ;
#1435=CARTESIAN_POINT('Control Point',(-9.32168622128,-42.5453844883,-24.3956883453)) ;
#1436=CARTESIAN_POINT('Control Point',(-9.74944510537,-43.6102289729,-24.3956883453)) ;
#1437=CARTESIAN_POINT('Control Point',(-9.33831302481,-44.6816027881,-24.3956883453)) ;
#1438=CARTESIAN_POINT('Control Point',(-8.91948186164,-45.1070048622,-24.3956883453)) ;
#1439=CARTESIAN_POINT('Control Point',(-8.38705961931,-45.3208843042,-24.3956883453)) ;
#1440=CARTESIAN_POINT('Control Point',(-7.85300504435,-45.3250410051,-24.3956883453)) ;
#1449=CARTESIAN_POINT('Axis2P3D Location',(7.32788576082,-22.1424925224,-34.2040144574)) ;
#1454=CARTESIAN_POINT('Axis2P3D Location',(7.32788576082,-22.1424925224,-26.3956883453)) ;
#1458=CARTESIAN_POINT('Vertex',(7.34111695067,-20.4425440127,-26.3956883453)) ;
#1460=CARTESIAN_POINT('Vertex',(7.31465457098,-23.8424410321,-26.3956883453)) ;
#1463=CARTESIAN_POINT('Line Origine',(7.31465457098,-23.8424410321,-34.2040144578)) ;
#1467=CARTESIAN_POINT('Vertex',(7.3146545703,-23.8424410326,-24.3956883453)) ;
#1470=CARTESIAN_POINT('Axis2P3D Location',(7.32788576082,-22.1424925224,-24.3956883453)) ;
#1474=CARTESIAN_POINT('Vertex',(7.34111695064,-20.4425440127,-24.3956883453)) ;
#1477=CARTESIAN_POINT('Line Origine',(7.34111695066,-20.4425440127,-34.2040144578)) ;
#1489=CARTESIAN_POINT('Axis2P3D Location',(7.32788576082,-22.1424925224,-26.3956883453)) ;
#1494=CARTESIAN_POINT('Axis2P3D Location',(7.32788576082,-22.1424925224,-24.3956883453)) ;
#1506=CARTESIAN_POINT('Axis2P3D Location',(-0.723045785892,-30.0899265867,-62.374854251)) ;
#1511=CARTESIAN_POINT('Line Origine',(-24.8131884753,-40.1431746074,-34.2394810437)) ;
#1515=CARTESIAN_POINT('Vertex',(-24.8192568157,-40.9228982824,-32.097142981)) ;
#1517=CARTESIAN_POINT('Vertex',(-24.807119187,-39.3634509415,-36.3818191063)) ;
#1521=CARTESIAN_POINT('Control Point',(-23.2614171068,-37.3604085118,-41.9180191917)) ;
#1522=CARTESIAN_POINT('Control Point',(-23.4162801902,-37.7742552612,-40.7777074763)) ;
#1523=CARTESIAN_POINT('Control Point',(-23.6504258843,-38.1838379234,-39.6474155289)) ;
#1524=CARTESIAN_POINT('Control Point',(-23.9616356817,-38.5868105003,-38.5336361711)) ;
#1525=CARTESIAN_POINT('Control Point',(-24.3478276083,-38.9808148505,-37.4428926673)) ;
#1526=CARTESIAN_POINT('Control Point',(-24.807119188,-39.3634509418,-36.3818191064)) ;
#1527=CARTESIAN_POINT('Vertex',(-23.2614171068,-37.3604085118,-41.9180191917)) ;
#1531=CARTESIAN_POINT('Control Point',(-17.2395273461,-30.8426167835,-59.9537330579)) ;
#1532=CARTESIAN_POINT('Control Point',(-17.5145225453,-30.9944967393,-59.5305785157)) ;
#1533=CARTESIAN_POINT('Control Point',(-17.7786832496,-31.1487640216,-59.1010967292)) ;
#1534=CARTESIAN_POINT('Control Point',(-18.0328065507,-31.3052240235,-58.6658053148)) ;
#1535=CARTESIAN_POINT('Control Point',(-18.6995456213,-31.7363436565,-57.4670923449)) ;
#1536=CARTESIAN_POINT('Control Point',(-19.2999720729,-32.1785208445,-56.2394179256)) ;
#1537=CARTESIAN_POINT('Control Point',(-19.6545558018,-32.4618937107,-55.4532986218)) ;
#1538=CARTESIAN_POINT('Control Point',(-20.3632194071,-33.073428693,-53.7580170627)) ;
#1539=CARTESIAN_POINT('Control Point',(-20.9747772514,-33.6982395879,-52.0283378249)) ;
#1540=CARTESIAN_POINT('Control Point',(-21.2737202075,-34.0329622822,-51.1023301101)) ;
#1541=CARTESIAN_POINT('Control Point',(-21.8573795598,-34.7486610055,-49.1235427541)) ;
#1542=CARTESIAN_POINT('Control Point',(-22.340982365,-35.4734193192,-47.1220047176)) ;
#1543=CARTESIAN_POINT('Control Point',(-22.5695350166,-35.8557939394,-46.0665835872)) ;
#1544=CARTESIAN_POINT('Control Point',(-22.8511988451,-36.3878151293,-44.5988886222)) ;
#1545=CARTESIAN_POINT('Control Point',(-23.0877283951,-36.9226633941,-43.1243917085)) ;
#1546=CARTESIAN_POINT('Control Point',(-23.1488183589,-37.0684091494,-42.7226643321)) ;
#1547=CARTESIAN_POINT('Control Point',(-23.206690654,-37.2143236773,-42.3205420767)) ;
#1548=CARTESIAN_POINT('Control Point',(-23.2614171068,-37.3604085118,-41.9180191917)) ;
#1549=CARTESIAN_POINT('Vertex',(-17.2395273461,-30.8426167835,-59.9537330579)) ;
#1552=CARTESIAN_POINT('Line Origine',(-17.2451206352,-31.4955567481,-58.1597299788)) ;
#1556=CARTESIAN_POINT('Vertex',(-17.2503455931,-32.1484993766,-56.3657275885)) ;
#1560=CARTESIAN_POINT('Control Point',(-24.8192568165,-40.9228982807,-32.0971429798)) ;
#1561=CARTESIAN_POINT('Control Point',(-24.2845356518,-40.6444229136,-32.8736589391)) ;
#1562=CARTESIAN_POINT('Control Point',(-23.7729227375,-40.3603319382,-33.6651090468)) ;
#1563=CARTESIAN_POINT('Control Point',(-23.2868341866,-40.0733083535,-34.4640703814)) ;
#1564=CARTESIAN_POINT('Control Point',(-22.0214682449,-39.2766196222,-36.6799466671)) ;
#1565=CARTESIAN_POINT('Control Point',(-20.9260262113,-38.4488808648,-38.9774960022)) ;
#1566=CARTESIAN_POINT('Control Point',(-20.3027929664,-37.915537365,-40.4561279129)) ;
#1567=CARTESIAN_POINT('Control Point',(-18.8392518076,-36.4804767699,-44.4301010882)) ;
#1568=CARTESIAN_POINT('Control Point',(-17.8689003749,-34.9901115942,-48.5454714959)) ;
#1569=CARTESIAN_POINT('Control Point',(-17.4606511467,-34.0490839864,-51.1395751946)) ;
#1570=CARTESIAN_POINT('Control Point',(-17.2527028827,-33.0996285555,-53.7525502574)) ;
#1571=CARTESIAN_POINT('Control Point',(-17.2507139242,-32.1484967127,-56.3657268998)) ;
#1582=CARTESIAN_POINT('Control Point',(-15.5966864566,-28.7482483494,-63.3336320721)) ;
#1583=CARTESIAN_POINT('Control Point',(-17.1278116755,-29.2964166051,-61.7055613851)) ;
#1584=CARTESIAN_POINT('Control Point',(-18.9950052116,-30.2687832443,-58.8808942945)) ;
#1585=CARTESIAN_POINT('Control Point',(-21.3676319183,-32.0410850282,-53.8141217596)) ;
#1586=CARTESIAN_POINT('Control Point',(-23.1311674159,-33.9942521034,-48.2898651832)) ;
#1587=CARTESIAN_POINT('Control Point',(-23.9713344424,-35.6050737558,-43.7690497841)) ;
#1588=CARTESIAN_POINT('Control Point',(-24.2761173167,-36.4307688738,-41.4571596412)) ;
#1589=CARTESIAN_POINT('Control Point',(-15.5633048914,-29.0131031221,-63.3966674274)) ;
#1590=CARTESIAN_POINT('Control Point',(-17.0965658491,-29.5653126882,-61.7796037665)) ;
#1591=CARTESIAN_POINT('Control Point',(-18.9704530036,-30.5429376432,-58.9664998641)) ;
#1592=CARTESIAN_POINT('Control Point',(-21.355042373,-32.3227062333,-53.9115769888)) ;
#1593=CARTESIAN_POINT('Control Point',(-23.1302318698,-34.2822753377,-48.3944150912)) ;
#1594=CARTESIAN_POINT('Control Point',(-23.9784287358,-35.8973967746,-43.8765539559)) ;
#1595=CARTESIAN_POINT('Control Point',(-24.2874786125,-36.725301736,-41.565548891)) ;
#1596=CARTESIAN_POINT('Control Point',(-15.3468204105,-29.4900744225,-63.3634339156)) ;
#1597=CARTESIAN_POINT('Control Point',(-16.8587419271,-30.0497313739,-61.7772853966)) ;
#1598=CARTESIAN_POINT('Control Point',(-18.7189688396,-31.0375176087,-59.002442891)) ;
#1599=CARTESIAN_POINT('Control Point',(-21.0917377395,-32.8308949806,-53.9960322467)) ;
#1600=CARTESIAN_POINT('Control Point',(-22.8644416997,-34.8023750164,-48.5175221551)) ;
#1601=CARTESIAN_POINT('Control Point',(-23.7141486303,-36.4256596459,-44.0235303929)) ;
#1602=CARTESIAN_POINT('Control Point',(-24.0242208158,-37.257436181,-41.72389134)) ;
#1603=CARTESIAN_POINT('Control Point',(-14.9786293747,-29.7262384226,-63.1016647664)) ;
#1604=CARTESIAN_POINT('Control Point',(-16.4442134417,-30.2799987009,-61.5505206996)) ;
#1605=CARTESIAN_POINT('Control Point',(-18.2609474459,-31.259429468,-58.822573954)) ;
#1606=CARTESIAN_POINT('Control Point',(-20.5853059079,-33.0413468226,-53.8800297086)) ;
#1607=CARTESIAN_POINT('Control Point',(-22.3265001405,-35.0025865098,-48.4566855747)) ;
#1608=CARTESIAN_POINT('Control Point',(-23.1597324763,-36.6187480177,-43.9999710778)) ;
#1609=CARTESIAN_POINT('Control Point',(-23.4628616166,-37.4470993998,-41.71849714)) ;
#1610=CARTESIAN_POINT('Control Point',(-14.8212635516,-29.7628000117,-62.9668177195)) ;
#1611=CARTESIAN_POINT('Control Point',(-16.2672371471,-30.3109663432,-61.4295933866)) ;
#1612=CARTESIAN_POINT('Control Point',(-18.0656273833,-31.2829899872,-58.7203440726)) ;
#1613=CARTESIAN_POINT('Control Point',(-20.3697105427,-33.0546621095,-53.8031129311)) ;
#1614=CARTESIAN_POINT('Control Point',(-22.0977735312,-35.0071174972,-48.4016466539)) ;
#1615=CARTESIAN_POINT('Control Point',(-22.924175331,-36.6173889356,-43.9597306124)) ;
#1616=CARTESIAN_POINT('Control Point',(-23.2244589192,-37.4428067156,-41.6854121521)) ;
#1618=CARTESIAN_POINT('Control Point',(-24.2456104002,-36.4129926587,-41.7078371523)) ;
#1619=CARTESIAN_POINT('Control Point',(-24.2347450675,-36.6864545432,-41.8056075379)) ;
#1620=CARTESIAN_POINT('Control Point',(-23.9816930748,-37.1622177516,-41.9439078746)) ;
#1621=CARTESIAN_POINT('Control Point',(-23.4777009343,-37.3495340107,-41.9434449475)) ;
#1622=CARTESIAN_POINT('Control Point',(-23.2614171061,-37.3604084783,-41.9180191786)) ;
#1623=CARTESIAN_POINT('Vertex',(-24.2456098454,-36.412991175,-41.7078412397)) ;
#1627=CARTESIAN_POINT('Control Point',(-24.2456098451,-36.4129911753,-41.7078412397)) ;
#1628=CARTESIAN_POINT('Control Point',(-24.1358737955,-36.1241587855,-42.5161433561)) ;
#1629=CARTESIAN_POINT('Control Point',(-24.013595752,-35.836077299,-43.3228899741)) ;
#1630=CARTESIAN_POINT('Control Point',(-23.8920287523,-35.5825152095,-44.0336125296)) ;
#1631=CARTESIAN_POINT('Control Point',(-23.6507381635,-35.1098579532,-45.3591445138)) ;
#1632=CARTESIAN_POINT('Control Point',(-23.3713832753,-34.6396887171,-46.679634523)) ;
#1633=CARTESIAN_POINT('Control Point',(-23.2137324939,-34.3885340566,-47.3854452244)) ;
#1634=CARTESIAN_POINT('Control Point',(-22.822505929,-33.8218102763,-48.9799930764)) ;
#1635=CARTESIAN_POINT('Control Point',(-22.368695658,-33.2604754502,-50.5633986434)) ;
#1636=CARTESIAN_POINT('Control Point',(-22.1865359969,-33.0587729718,-51.1335772649)) ;
#1637=CARTESIAN_POINT('Control Point',(-21.8887968325,-32.732237283,-52.0567587375)) ;
#1638=CARTESIAN_POINT('Control Point',(-21.5660271255,-32.4085844072,-52.9731660701)) ;
#1639=CARTESIAN_POINT('Control Point',(-21.3656727636,-32.2089315517,-53.538455262)) ;
#1640=CARTESIAN_POINT('Control Point',(-20.7760788625,-31.6815963036,-55.0354585513)) ;
#1641=CARTESIAN_POINT('Control Point',(-20.1079374897,-31.1656600095,-56.5070185986)) ;
#1642=CARTESIAN_POINT('Control Point',(-19.8281434445,-30.9691408951,-57.0694935909)) ;
#1643=CARTESIAN_POINT('Control Point',(-19.3282731508,-30.627329614,-58.0488491092)) ;
#1644=CARTESIAN_POINT('Control Point',(-18.7846985475,-30.2920719055,-59.0133545157)) ;
#1645=CARTESIAN_POINT('Control Point',(-18.4673840683,-30.1011097312,-59.5632627714)) ;
#1646=CARTESIAN_POINT('Control Point',(-17.7245681531,-29.7006555484,-60.7222806923)) ;
#1647=CARTESIAN_POINT('Control Point',(-16.8948622351,-29.3199268945,-61.8347500816)) ;
#1648=CARTESIAN_POINT('Control Point',(-16.5309074448,-29.164362896,-62.2915245089)) ;
#1649=CARTESIAN_POINT('Control Point',(-16.1496404013,-29.0132857812,-62.7377052469)) ;
#1650=CARTESIAN_POINT('Control Point',(-15.7500119754,-28.8672142784,-63.1720824866)) ;
#1651=CARTESIAN_POINT('Vertex',(-15.7500119754,-28.8672142784,-63.1720824866)) ;
#1655=CARTESIAN_POINT('Control Point',(-15.7500119754,-28.8672142784,-63.1720824866)) ;
#1656=CARTESIAN_POINT('Control Point',(-15.7667334284,-28.9200175689,-63.1541346989)) ;
#1657=CARTESIAN_POINT('Control Point',(-15.7856067657,-28.9734143423,-63.128964505)) ;
#1658=CARTESIAN_POINT('Control Point',(-15.8063875534,-29.0258727284,-63.0979212504)) ;
#1659=CARTESIAN_POINT('Vertex',(-15.8063875534,-29.0258727284,-63.0979212504)) ;
#1663=CARTESIAN_POINT('Control Point',(-17.2395273451,-30.8426166098,-59.9537329963)) ;
#1664=CARTESIAN_POINT('Control Point',(-17.2284934684,-30.8236354584,-60.0061531785)) ;
#1665=CARTESIAN_POINT('Control Point',(-17.1990016758,-30.8063880695,-60.0527175335)) ;
#1666=CARTESIAN_POINT('Control Point',(-17.1838432348,-30.7882870082,-60.1026232992)) ;
#1667=CARTESIAN_POINT('Control Point',(-17.1146795509,-30.723981015,-60.2757737867)) ;
#1668=CARTESIAN_POINT('Control Point',(-17.0454424851,-30.6579716345,-60.4476510397)) ;
#1669=CARTESIAN_POINT('Control Point',(-16.9906418566,-30.6044361348,-60.5832395644)) ;
#1670=CARTESIAN_POINT('Control Point',(-16.7969326244,-30.4127260517,-61.0553214014)) ;
#1671=CARTESIAN_POINT('Control Point',(-16.6017152952,-30.2054633987,-61.5112101133)) ;
#1672=CARTESIAN_POINT('Control Point',(-16.4482538551,-30.0320345392,-61.8547624946)) ;
#1673=CARTESIAN_POINT('Control Point',(-16.2143312015,-29.7532221963,-62.3463839931)) ;
#1674=CARTESIAN_POINT('Control Point',(-16.0010513922,-29.4279366843,-62.7607230762)) ;
#1675=CARTESIAN_POINT('Control Point',(-15.9261669935,-29.3000247667,-62.9001619826)) ;
#1676=CARTESIAN_POINT('Control Point',(-15.8590791368,-29.1652027143,-63.0180429752)) ;
#1677=CARTESIAN_POINT('Control Point',(-15.8063875534,-29.0258727284,-63.0979212504)) ;
#1687=CARTESIAN_POINT('Axis2P3D Location',(24.1267227098,-48.0541579093,-33.4878412479)) ;
#1693=CARTESIAN_POINT('Control Point',(24.154886423,-44.4356728831,-35.1600584955)) ;
#1694=CARTESIAN_POINT('Control Point',(24.1225924524,-44.4405644214,-35.1576819454)) ;
#1695=CARTESIAN_POINT('Control Point',(24.0899981163,-44.444059749,-35.1559495093)) ;
#1696=CARTESIAN_POINT('Control Point',(24.0571188992,-44.4462390148,-35.1548242059)) ;
#1697=CARTESIAN_POINT('Control Point',(24.0242637001,-44.4471628394,-35.1542791331)) ;
#1698=CARTESIAN_POINT('Control Point',(23.9914232696,-44.4469053284,-35.1542800131)) ;
#1699=CARTESIAN_POINT('Vertex',(24.1548864231,-44.4356728824,-35.1600584962)) ;
#1701=CARTESIAN_POINT('Vertex',(23.9914232696,-44.4469053284,-35.1542800131)) ;
#1704=CARTESIAN_POINT('Line Origine',(24.1473428538,-45.4048736741,-34.7121599227)) ;
#1708=CARTESIAN_POINT('Vertex',(24.1397992841,-46.3740744655,-34.2642613497)) ;
#1712=CARTESIAN_POINT('Control Point',(24.0669750138,-46.7409941665,-34.0944444079)) ;
#1713=CARTESIAN_POINT('Control Point',(24.0842832739,-46.6981488889,-34.1143056291)) ;
#1714=CARTESIAN_POINT('Control Point',(24.1023933896,-46.647559384,-34.1377483718)) ;
#1715=CARTESIAN_POINT('Control Point',(24.1174582371,-46.5916697149,-34.163629388)) ;
#1716=CARTESIAN_POINT('Control Point',(24.1316796321,-46.5141516627,-34.1995019302)) ;
#1717=CARTESIAN_POINT('Control Point',(24.1380283491,-46.4316198277,-34.2376630453)) ;
#1718=CARTESIAN_POINT('Control Point',(24.1390508694,-46.4126192824,-34.2464469486)) ;
#1719=CARTESIAN_POINT('Control Point',(24.1396422242,-46.3934393162,-34.2553122122)) ;
#1720=CARTESIAN_POINT('Control Point',(24.1397992845,-46.3740744651,-34.2642613498)) ;
#1721=CARTESIAN_POINT('Vertex',(24.0669750138,-46.7409941665,-34.0944444079)) ;
#1725=CARTESIAN_POINT('Control Point',(23.8581385544,-47.0620219386,-33.945345111)) ;
#1726=CARTESIAN_POINT('Control Point',(23.8881233116,-47.0310461919,-33.9597669693)) ;
#1727=CARTESIAN_POINT('Control Point',(23.9168948586,-46.9980282319,-33.9751281789)) ;
#1728=CARTESIAN_POINT('Control Point',(23.9443098146,-46.96280266,-33.9915046552)) ;
#1729=CARTESIAN_POINT('Control Point',(23.9789112899,-46.9127193993,-34.0147727747)) ;
#1730=CARTESIAN_POINT('Control Point',(24.0100009558,-46.8594017867,-34.0395228699)) ;
#1731=CARTESIAN_POINT('Control Point',(24.0178106535,-46.8453751558,-34.0460327194)) ;
#1732=CARTESIAN_POINT('Control Point',(24.029196178,-46.8239274353,-34.0559847444)) ;
#1733=CARTESIAN_POINT('Control Point',(24.0399890412,-46.8019728413,-34.0661688659)) ;
#1734=CARTESIAN_POINT('Control Point',(24.0435723267,-46.7944870779,-34.0696409541)) ;
#1735=CARTESIAN_POINT('Control Point',(24.0488731008,-46.783097677,-34.0749231056)) ;
#1736=CARTESIAN_POINT('Control Point',(24.0539796831,-46.7716881982,-34.0802138368)) ;
#1737=CARTESIAN_POINT('Control Point',(24.0556653547,-46.7678704867,-34.0819840789)) ;
#1738=CARTESIAN_POINT('Control Point',(24.0581037782,-46.7622847225,-34.0845740524)) ;
#1739=CARTESIAN_POINT('Control Point',(24.0605629856,-46.7565017498,-34.0872552315)) ;
#1740=CARTESIAN_POINT('Control Point',(24.0613891641,-46.7545416869,-34.0881639557)) ;
#1741=CARTESIAN_POINT('Control Point',(24.0626640458,-46.7514888882,-34.0895792511)) ;
#1742=CARTESIAN_POINT('Control Point',(24.0639293275,-46.748431489,-34.090996638)) ;
#1743=CARTESIAN_POINT('Control Point',(24.0643597215,-46.7473912073,-34.0914789042)) ;
#1744=CARTESIAN_POINT('Control Point',(24.0651629454,-46.7454351093,-34.0923857136)) ;
#1745=CARTESIAN_POINT('Control Point',(24.0659661692,-46.7434790114,-34.0932925229)) ;
#1746=CARTESIAN_POINT('Control Point',(24.0663893693,-46.7424438849,-34.093772381)) ;
#1747=CARTESIAN_POINT('Control Point',(24.0666821915,-46.7417190257,-34.0941083945)) ;
#1748=CARTESIAN_POINT('Control Point',(24.0669750138,-46.7409941665,-34.0944444079)) ;
#1749=CARTESIAN_POINT('Vertex',(23.8581385544,-47.0620219386,-33.945345111)) ;
#1753=CARTESIAN_POINT('Control Point',(23.5317476155,-47.286273388,-33.8405437209)) ;
#1754=CARTESIAN_POINT('Control Point',(23.5745507317,-47.2680499994,-33.8491187689)) ;
#1755=CARTESIAN_POINT('Control Point',(23.6164723001,-47.2472384465,-33.8588866469)) ;
#1756=CARTESIAN_POINT('Control Point',(23.6575472881,-47.2237297821,-33.8698978257)) ;
#1757=CARTESIAN_POINT('Control Point',(23.7105957499,-47.189144793,-33.8860704819)) ;
#1758=CARTESIAN_POINT('Control Point',(23.7609596892,-47.1502513611,-33.9042244309)) ;
#1759=CARTESIAN_POINT('Control Point',(23.7736308321,-47.1400479883,-33.9089850232)) ;
#1760=CARTESIAN_POINT('Control Point',(23.7924431292,-47.1242343108,-33.9163602468)) ;
#1761=CARTESIAN_POINT('Control Point',(23.8107401364,-47.107890803,-33.9239784537)) ;
#1762=CARTESIAN_POINT('Control Point',(23.816835517,-47.1023336558,-33.9265683561)) ;
#1763=CARTESIAN_POINT('Control Point',(23.8287881818,-47.0912309126,-33.9317419667)) ;
#1764=CARTESIAN_POINT('Control Point',(23.8406925904,-47.0796695899,-33.9371273152)) ;
#1765=CARTESIAN_POINT('Control Point',(23.8467658422,-47.0736216086,-33.9399439544)) ;
#1766=CARTESIAN_POINT('Control Point',(23.8528964544,-47.0674372888,-33.9428238024)) ;
#1767=CARTESIAN_POINT('Control Point',(23.8581385544,-47.0620219386,-33.945345111)) ;
#1768=CARTESIAN_POINT('Vertex',(23.5317476155,-47.286273388,-33.8405437209)) ;
#1772=CARTESIAN_POINT('Control Point',(23.1320465208,-47.3662611234,-33.8021434784)) ;
#1773=CARTESIAN_POINT('Control Point',(23.1807116845,-47.3666159056,-33.8021545656)) ;
#1774=CARTESIAN_POINT('Control Point',(23.229471979,-47.3640473152,-33.8035168967)) ;
#1775=CARTESIAN_POINT('Control Point',(23.2785258472,-47.3584726544,-33.8062694005)) ;
#1776=CARTESIAN_POINT('Control Point',(23.3432085413,-47.3469144144,-33.8118431515)) ;
#1777=CARTESIAN_POINT('Control Point',(23.4065986971,-47.3302167272,-33.819787212)) ;
#1778=CARTESIAN_POINT('Control Point',(23.4225002465,-47.3256784964,-33.821941539)) ;
#1779=CARTESIAN_POINT('Control Point',(23.4540173425,-47.3160125615,-33.8265215621)) ;
#1780=CARTESIAN_POINT('Control Point',(23.4853531846,-47.3049047214,-33.8317672433)) ;
#1781=CARTESIAN_POINT('Control Point',(23.5013319632,-47.2988160873,-33.8346382954)) ;
#1782=CARTESIAN_POINT('Control Point',(23.5171116686,-47.2925046294,-33.8376115992)) ;
#1783=CARTESIAN_POINT('Control Point',(23.5317476155,-47.286273388,-33.8405437209)) ;
#1784=CARTESIAN_POINT('Vertex',(23.1320465208,-47.3662611234,-33.8021434784)) ;
#1787=CARTESIAN_POINT('Line Origine',(20.1321373856,-47.3429119658,-33.8021434779)) ;
#1791=CARTESIAN_POINT('Vertex',(17.1322282504,-47.3195628066,-33.8021434783)) ;
#1794=CARTESIAN_POINT('Line Origine',(17.1694017183,-42.5435009216,-36.009313883)) ;
#1798=CARTESIAN_POINT('Vertex',(17.2065751862,-37.7674390366,-38.2164842877)) ;
#1802=CARTESIAN_POINT('Control Point',(17.2065751862,-37.7674390366,-38.2164842877)) ;
#1803=CARTESIAN_POINT('Control Point',(17.6636656822,-39.120760456,-37.5927532278)) ;
#1804=CARTESIAN_POINT('Control Point',(18.1393597049,-40.4623909832,-36.9744914855)) ;
#1805=CARTESIAN_POINT('Control Point',(18.6341338897,-41.7924527723,-36.3616443273)) ;
#1806=CARTESIAN_POINT('Control Point',(19.1478338718,-43.1094059277,-35.7549227897)) ;
#1807=CARTESIAN_POINT('Control Point',(19.6808962308,-44.4133552516,-35.1542800135)) ;
#1808=CARTESIAN_POINT('Vertex',(19.6808962308,-44.4133552516,-35.1542800135)) ;
#1811=CARTESIAN_POINT('Line Origine',(21.8361597502,-44.43013029,-35.1542800133)) ;
#1829=CARTESIAN_POINT('Axis2P3D Location',(31.9279069013,-47.434721844,-5.8956883453)) ;
#1834=CARTESIAN_POINT('Line Origine',(19.1321676742,-47.3351289128,-29.3956883453)) ;
#1838=CARTESIAN_POINT('Vertex',(23.1320465199,-47.3662611244,-29.3956883453)) ;
#1840=CARTESIAN_POINT('Vertex',(15.1322888277,-47.3039967006,-29.3956883453)) ;
#1843=CARTESIAN_POINT('Axis2P3D Location',(15.1322888279,-47.3039967014,-31.3956883453)) ;
#1847=CARTESIAN_POINT('Vertex',(17.1322282502,-47.3195628074,-31.3956883453)) ;
#1850=CARTESIAN_POINT('Line Origine',(17.132228251,-47.3195628071,-32.5989159119)) ;
#1855=CARTESIAN_POINT('Line Origine',(23.1320465205,-47.3662611242,-31.5989159119)) ;
#1868=CARTESIAN_POINT('Axis2P3D Location',(12.8635343833,-30.4287043563,-73.4298479679)) ;
#1874=CARTESIAN_POINT('Control Point',(19.6808962307,-44.4133552521,-35.1542800128)) ;
#1875=CARTESIAN_POINT('Control Point',(17.7274950573,-43.4304216427,-37.8130150471)) ;
#1876=CARTESIAN_POINT('Control Point',(15.9928689011,-42.3974105805,-40.6140108181)) ;
#1877=CARTESIAN_POINT('Control Point',(14.4909212587,-41.3225306659,-43.5350123731)) ;
#1878=CARTESIAN_POINT('Control Point',(13.2319891834,-40.2143613924,-46.5526695068)) ;
#1879=CARTESIAN_POINT('Control Point',(12.2226832434,-39.0817349444,-49.6428580861)) ;
#1880=CARTESIAN_POINT('Vertex',(12.2226832434,-39.0817349444,-49.6428580861)) ;
#1884=CARTESIAN_POINT('Control Point',(9.7891481528,-33.9443502541,-63.7052408661)) ;
#1885=CARTESIAN_POINT('Control Point',(9.84932066972,-34.4797832663,-62.2354820272)) ;
#1886=CARTESIAN_POINT('Control Point',(9.95741513169,-35.0062219017,-60.7914590384)) ;
#1887=CARTESIAN_POINT('Control Point',(10.1107843845,-35.5219338952,-59.377874509)) ;
#1888=CARTESIAN_POINT('Control Point',(10.464460942,-36.4357321773,-56.8748733416)) ;
#1889=CARTESIAN_POINT('Control Point',(10.9336069864,-37.2998685527,-54.5107821808)) ;
#1890=CARTESIAN_POINT('Control Point',(11.1644681285,-37.6772961974,-53.4787763376)) ;
#1891=CARTESIAN_POINT('Control Point',(11.513885027,-38.1905148428,-52.0762342542)) ;
#1892=CARTESIAN_POINT('Control Point',(11.8880112425,-38.6752881988,-50.7523709721)) ;
#1893=CARTESIAN_POINT('Control Point',(11.9983737356,-38.813504689,-50.3749957536)) ;
#1894=CARTESIAN_POINT('Control Point',(12.1100488726,-38.9490000326,-50.0051246665)) ;
#1895=CARTESIAN_POINT('Control Point',(12.2226832434,-39.0817349444,-49.6428580861)) ;
#1896=CARTESIAN_POINT('Vertex',(9.7891481528,-33.9443502541,-63.7052408661)) ;
#1899=CARTESIAN_POINT('Line Origine',(9.8106364169,-33.9445173877,-63.7052411842)) ;
#1903=CARTESIAN_POINT('Vertex',(9.83212467914,-33.9446846372,-63.7052411838)) ;
#1907=CARTESIAN_POINT('Control Point',(9.76469817603,-33.3531266065,-65.3290424557)) ;
#1908=CARTESIAN_POINT('Control Point',(9.77338354399,-33.4714683291,-65.0040968188)) ;
#1909=CARTESIAN_POINT('Control Point',(9.78446987361,-33.589805927,-64.6792138557)) ;
#1910=CARTESIAN_POINT('Control Point',(9.79795625776,-33.7081270396,-64.3544275067)) ;
#1911=CARTESIAN_POINT('Control Point',(9.81384140355,-33.8264193073,-64.0297717004)) ;
#1912=CARTESIAN_POINT('Control Point',(9.83212467914,-33.9446846372,-63.7052411838)) ;
#1913=CARTESIAN_POINT('Vertex',(9.76469817603,-33.3531266065,-65.3290424557)) ;
#1917=CARTESIAN_POINT('Control Point',(9.7452875195,-32.7614256818,-66.954263073)) ;
#1918=CARTESIAN_POINT('Control Point',(9.74436511247,-32.8797360749,-66.6291980603)) ;
#1919=CARTESIAN_POINT('Control Point',(9.74584467476,-32.9980651665,-66.3041330387)) ;
#1920=CARTESIAN_POINT('Control Point',(9.74972711811,-33.1164148625,-65.9790627914)) ;
#1921=CARTESIAN_POINT('Control Point',(9.75601192101,-33.2347727973,-65.6540212802)) ;
#1922=CARTESIAN_POINT('Control Point',(9.76469817603,-33.3531266065,-65.3290424557)) ;
#1923=CARTESIAN_POINT('Vertex',(9.7452875195,-32.7614256818,-66.954263073)) ;
#1926=CARTESIAN_POINT('Line Origine',(9.74979841527,-32.181440861,-68.5478064672)) ;
#1930=CARTESIAN_POINT('Vertex',(9.75431260411,-31.6014560654,-70.1413498627)) ;
#1933=CARTESIAN_POINT('Line Origine',(11.7542520263,-31.6170221602,-70.1413498927)) ;
#1937=CARTESIAN_POINT('Vertex',(13.7541914504,-31.6325882658,-70.1413498929)) ;
#1940=CARTESIAN_POINT('Line Origine',(13.7482239492,-32.3992951744,-68.0347761694)) ;
#1944=CARTESIAN_POINT('Vertex',(13.7422623889,-33.1660021343,-65.9282024319)) ;
#1948=CARTESIAN_POINT('Control Point',(23.9914232694,-44.4469053279,-35.154280013)) ;
#1949=CARTESIAN_POINT('Control Point',(21.6864851442,-43.3145925785,-38.2159012483)) ;
#1950=CARTESIAN_POINT('Control Point',(19.6748519146,-42.1087195258,-41.4858935963)) ;
#1951=CARTESIAN_POINT('Control Point',(17.9629372506,-40.8363262885,-44.9450522243)) ;
#1952=CARTESIAN_POINT('Control Point',(15.6088582983,-38.5647674356,-51.135580784)) ;
#1953=CARTESIAN_POINT('Control Point',(14.2891824574,-36.2018019582,-57.5993588037)) ;
#1954=CARTESIAN_POINT('Control Point',(13.9175702413,-35.1922816194,-60.364962663)) ;
#1955=CARTESIAN_POINT('Control Point',(13.7344016727,-34.1783794511,-63.1466347691)) ;
#1956=CARTESIAN_POINT('Control Point',(13.7422623897,-33.1660021341,-65.9282024326)) ;
#1971=CARTESIAN_POINT('Axis2P3D Location',(15.1841423268,-40.6418385169,-31.3956883453)) ;
#1976=CARTESIAN_POINT('Line Origine',(15.1841423268,-40.641838517,-29.3956883453)) ;
#1980=CARTESIAN_POINT('Vertex',(15.2004179574,-38.5507389975,-29.3956883453)) ;
#1983=CARTESIAN_POINT('Axis2P3D Location',(15.2004179578,-38.5507389982,-31.3956883453)) ;
#1987=CARTESIAN_POINT('Vertex',(17.200357381,-38.5663051039,-31.3956883453)) ;
#1990=CARTESIAN_POINT('Line Origine',(17.18408175,-40.6574046221,-31.3956883453)) ;
#2002=CARTESIAN_POINT('Axis2P3D Location',(68.8888619332,-34.4572541497,-66.2247648962)) ;
#2007=CARTESIAN_POINT('Line Origine',(12.2446633051,-36.2486023344,-49.2698361173)) ;
#2011=CARTESIAN_POINT('Vertex',(12.2740815511,-32.4689049495,-48.7722152135)) ;
#2014=CARTESIAN_POINT('Axis2P3D Location',(68.9182804087,-30.677556771,-65.727143224)) ;
#2018=CARTESIAN_POINT('Vertex',(10.2592458357,-31.2242008743,-58.1072815792)) ;
#2022=CARTESIAN_POINT('Control Point',(10.0179966156,-30.8202495688,-60.2504547101)) ;
#2023=CARTESIAN_POINT('Control Point',(10.0842996881,-30.9937404745,-59.5436233973)) ;
#2024=CARTESIAN_POINT('Control Point',(10.164812943,-31.1286614713,-58.8273671302)) ;
#2025=CARTESIAN_POINT('Control Point',(10.2592430854,-31.2242008997,-58.107281222)) ;
#2026=CARTESIAN_POINT('Vertex',(10.0179966156,-30.8202495688,-60.2504547101)) ;
#2030=CARTESIAN_POINT('Control Point',(9.86123251318,-30.1860332362,-62.3371548384)) ;
#2031=CARTESIAN_POINT('Control Point',(9.89977506214,-30.4358701882,-61.651562423)) ;
#2032=CARTESIAN_POINT('Control Point',(9.95199301558,-30.6475604663,-60.9540943308)) ;
#2033=CARTESIAN_POINT('Control Point',(10.0179966156,-30.8202495688,-60.2504547101)) ;
#2034=CARTESIAN_POINT('Vertex',(9.86137932984,-30.1860315874,-62.3371625089)) ;
#2038=CARTESIAN_POINT('Control Point',(10.0158765709,-30.9364019545,-60.2788776526)) ;
#2039=CARTESIAN_POINT('Control Point',(9.95141659367,-30.686180042,-60.963880768)) ;
#2040=CARTESIAN_POINT('Control Point',(9.89985525361,-30.4360566167,-61.650138138)) ;
#2041=CARTESIAN_POINT('Control Point',(9.86123251318,-30.1860332362,-62.3371548384)) ;
#2042=CARTESIAN_POINT('Vertex',(10.0158765709,-30.9364019545,-60.2788776526)) ;
#2045=CARTESIAN_POINT('Axis2P3D Location',(68.918280408,-30.6775568652,-65.7271432364)) ;
#2049=CARTESIAN_POINT('Vertex',(9.85181261224,-30.6423011093,-62.503028536)) ;
#2053=CARTESIAN_POINT('Control Point',(9.78913174165,-33.9443502169,-63.7052401809)) ;
#2054=CARTESIAN_POINT('Control Point',(9.80838985751,-32.8436457593,-63.3044827802)) ;
#2055=CARTESIAN_POINT('Control Point',(9.82928185282,-31.742952838,-62.9037618719)) ;
#2056=CARTESIAN_POINT('Control Point',(9.85181216535,-30.6422981074,-62.503036756)) ;
#2069=CARTESIAN_POINT('Axis2P3D Location',(9.86138100208,-30.1860280138,-62.3371606106)) ;
#2075=CARTESIAN_POINT('Control Point',(9.85181327094,-30.6422291277,-62.5032263112)) ;
#2076=CARTESIAN_POINT('Control Point',(9.84842992946,-31.3027236528,-62.7436289612)) ;
#2077=CARTESIAN_POINT('Control Point',(9.84463089045,-31.963215688,-62.9840318826)) ;
#2078=CARTESIAN_POINT('Control Point',(9.84055465051,-32.6237060116,-63.2244349663)) ;
#2079=CARTESIAN_POINT('Control Point',(9.83633974829,-33.284195325,-63.464838075)) ;
#2080=CARTESIAN_POINT('Control Point',(9.83212467976,-33.9446846372,-63.7052411839)) ;
#2088=CARTESIAN_POINT('Axis2P3D Location',(72.045430494,-29.4875375797,-65.5859180919)) ;
#2094=CARTESIAN_POINT('Control Point',(9.86137932984,-30.1860315874,-62.3371625089)) ;
#2095=CARTESIAN_POINT('Control Point',(9.8601932963,-30.3380721932,-62.3925533093)) ;
#2096=CARTESIAN_POINT('Control Point',(9.85900726748,-30.4901121894,-62.4479438895)) ;
#2097=CARTESIAN_POINT('Control Point',(9.85782156249,-30.6421935524,-62.5033371654)) ;
#2100=CARTESIAN_POINT('Control Point',(9.86137932984,-30.1860315874,-62.3371625089)) ;
#2101=CARTESIAN_POINT('Control Point',(9.83090525984,-29.9889100953,-62.8780813015)) ;
#2102=CARTESIAN_POINT('Control Point',(9.80842649299,-29.7916987968,-63.419417797)) ;
#2103=CARTESIAN_POINT('Control Point',(9.79395169835,-29.5944737476,-63.9609632264)) ;
#2104=CARTESIAN_POINT('Vertex',(9.79395172671,-29.5944699724,-63.9609618522)) ;
#2108=CARTESIAN_POINT('Control Point',(9.79395169835,-29.5944737476,-63.9609632264)) ;
#2109=CARTESIAN_POINT('Control Point',(9.77947542066,-29.3972284926,-64.5025641414)) ;
#2110=CARTESIAN_POINT('Control Point',(9.77300475579,-29.1999694879,-65.0443740223)) ;
#2111=CARTESIAN_POINT('Control Point',(9.77454219968,-29.002772823,-65.5861838745)) ;
#2112=CARTESIAN_POINT('Vertex',(9.77453893483,-29.0027690196,-65.5861824984)) ;
#2115=CARTESIAN_POINT('Line Origine',(9.77454222908,-29.0027690474,-65.5861824988)) ;
#2130=CARTESIAN_POINT('Axis2P3D Location',(0.977676785529,-11.3224619111,-55.496757744)) ;
#2135=CARTESIAN_POINT('Line Origine',(0.823347428814,-31.1507585539,-58.1072815794)) ;
#2139=CARTESIAN_POINT('Vertex',(-8.24217549308,-31.0801990764,-58.107280792)) ;
#2143=CARTESIAN_POINT('Control Point',(-8.24217549322,-31.0801990764,-58.1072807921)) ;
#2144=CARTESIAN_POINT('Control Point',(-8.24143671543,-30.9852806194,-58.8282801137)) ;
#2145=CARTESIAN_POINT('Control Point',(-8.24039157216,-30.8510002037,-59.5440954498)) ;
#2146=CARTESIAN_POINT('Control Point',(-8.23904627046,-30.6781553158,-60.2504755995)) ;
#2147=CARTESIAN_POINT('Vertex',(-8.23904627047,-30.6781553157,-60.2504755995)) ;
#2151=CARTESIAN_POINT('Control Point',(-8.23904627046,-30.6781553158,-60.2504755995)) ;
#2152=CARTESIAN_POINT('Control Point',(-8.23770097009,-30.5053105851,-60.9568551065)) ;
#2153=CARTESIAN_POINT('Control Point',(-8.23605551819,-30.2939022677,-61.6537961122)) ;
#2154=CARTESIAN_POINT('Control Point',(-8.23411968703,-30.0451859076,-62.3371595172)) ;
#2155=CARTESIAN_POINT('Vertex',(-8.23411968689,-30.0451859075,-62.3371595172)) ;
#2158=CARTESIAN_POINT('Line Origine',(0.831403234974,-30.1157454888,-62.3371595171)) ;
#2172=CARTESIAN_POINT('Axis2P3D Location',(64.6372224488,-46.8592827071,-65.5861824775)) ;
#2183=CARTESIAN_POINT('Axis2P3D Location',(14.7810511618,-28.1855334491,-66.7078455127)) ;
#2188=CARTESIAN_POINT('Line Origine',(14.7810511618,-28.1855334491,-65.5861822925)) ;
#2192=CARTESIAN_POINT('Vertex',(14.786165946,-27.5283839535,-65.5861822943)) ;
#2194=CARTESIAN_POINT('Vertex',(14.7759363776,-28.8426829438,-65.5861822925)) ;
#2197=CARTESIAN_POINT('Axis2P3D Location',(14.7810511619,-28.1855334404,-66.7078455384)) ;
#2201=CARTESIAN_POINT('Vertex',(14.7810511618,-28.1855334491,-65.407845512)) ;
#2204=CARTESIAN_POINT('Axis2P3D Location',(14.7810511617,-28.1855334578,-66.7078455384)) ;
#2215=CARTESIAN_POINT('Axis2P3D Location',(16.2445191554,-32.8850174749,-41.7078455127)) ;
#2221=CARTESIAN_POINT('Control Point',(21.5465420919,-32.9262846501,-40.4078455127)) ;
#2222=CARTESIAN_POINT('Control Point',(21.5462432264,-32.9658452651,-40.4078455127)) ;
#2223=CARTESIAN_POINT('Control Point',(21.5450305892,-33.0055132001,-40.4093504469)) ;
#2224=CARTESIAN_POINT('Control Point',(21.5429187348,-33.0452102451,-40.4123806035)) ;
#2225=CARTESIAN_POINT('Control Point',(21.5369577632,-33.1240042613,-40.421448887)) ;
#2226=CARTESIAN_POINT('Control Point',(21.5275545615,-33.2019265052,-40.4365108889)) ;
#2227=CARTESIAN_POINT('Control Point',(21.5215202746,-33.2438025659,-40.4463189928)) ;
#2228=CARTESIAN_POINT('Control Point',(21.5085638228,-33.3203955877,-40.4675272277)) ;
#2229=CARTESIAN_POINT('Control Point',(21.4924094885,-33.3948013479,-40.4943992167)) ;
#2230=CARTESIAN_POINT('Control Point',(21.4826299256,-33.4348629834,-40.5107260859)) ;
#2231=CARTESIAN_POINT('Control Point',(21.4581469128,-33.5255984495,-40.5518137659)) ;
#2232=CARTESIAN_POINT('Control Point',(21.4288379322,-33.6116069484,-40.6012040094)) ;
#2233=CARTESIAN_POINT('Control Point',(21.4102067408,-33.660471174,-40.6330032995)) ;
#2234=CARTESIAN_POINT('Control Point',(21.381212109,-33.7273089626,-40.6825366024)) ;
#2235=CARTESIAN_POINT('Control Point',(21.3496266102,-33.7895484302,-40.7368539032)) ;
#2236=CARTESIAN_POINT('Control Point',(21.3422287342,-33.8037239458,-40.749546567)) ;
#2237=CARTESIAN_POINT('Control Point',(21.332499935,-33.8213513936,-40.7664148993)) ;
#2238=CARTESIAN_POINT('Control Point',(21.3246729254,-33.8350655053,-40.7799307014)) ;
#2239=CARTESIAN_POINT('Vertex',(21.5465420917,-32.9262846501,-40.4078455127)) ;
#2241=CARTESIAN_POINT('Vertex',(21.324711107,-33.8350643104,-40.7799540331)) ;
#2245=CARTESIAN_POINT('Control Point',(21.3246729254,-33.8350655053,-40.7799307014)) ;
#2246=CARTESIAN_POINT('Control Point',(21.3017163817,-33.8752888623,-40.8195724182)) ;
#2247=CARTESIAN_POINT('Control Point',(21.2771430347,-33.9140248361,-40.8620828028)) ;
#2248=CARTESIAN_POINT('Control Point',(21.2510013236,-33.9509477512,-40.9074302018)) ;
#2249=CARTESIAN_POINT('Control Point',(21.2137716395,-33.9979523018,-40.9724835624)) ;
#2250=CARTESIAN_POINT('Control Point',(21.1742553314,-34.0403071724,-41.0420785109)) ;
#2251=CARTESIAN_POINT('Control Point',(21.1638040128,-34.0510160781,-41.0605187801)) ;
#2252=CARTESIAN_POINT('Control Point',(21.1477822141,-34.0666884077,-41.0888345458)) ;
#2253=CARTESIAN_POINT('Control Point',(21.1314170102,-34.0815595249,-41.11782018)) ;
#2254=CARTESIAN_POINT('Control Point',(21.1258220597,-34.0865145871,-41.1277365242)) ;
#2255=CARTESIAN_POINT('Control Point',(21.1173419837,-34.0938272283,-41.1427770654)) ;
#2256=CARTESIAN_POINT('Control Point',(21.1088179109,-34.1008866694,-41.157913154)) ;
#2257=CARTESIAN_POINT('Control Point',(21.1059674817,-34.1032145676,-41.162976584)) ;
#2258=CARTESIAN_POINT('Control Point',(21.1003275466,-34.1077595906,-41.1729988123)) ;
#2259=CARTESIAN_POINT('Control Point',(21.0945372331,-34.1122932169,-41.1832885806)) ;
#2260=CARTESIAN_POINT('Control Point',(21.0910102649,-34.1150115518,-41.189569737)) ;
#2261=CARTESIAN_POINT('Control Point',(21.0884322479,-34.1169647372,-41.1941447697)) ;
#2262=CARTESIAN_POINT('Control Point',(21.0858544019,-34.1188959609,-41.1987291503)) ;
#2263=CARTESIAN_POINT('Vertex',(21.0858651194,-34.1188952729,-41.1987354633)) ;
#2267=CARTESIAN_POINT('Control Point',(21.0858544019,-34.1188959609,-41.1987291503)) ;
#2268=CARTESIAN_POINT('Control Point',(21.0610765222,-34.137458601,-41.2427935473)) ;
#2269=CARTESIAN_POINT('Control Point',(21.0327855598,-34.1558316982,-41.2932522307)) ;
#2270=CARTESIAN_POINT('Control Point',(21.0083550506,-34.170162088,-41.3369857198)) ;
#2271=CARTESIAN_POINT('Control Point',(20.9759968074,-34.1848202632,-41.3953304243)) ;
#2272=CARTESIAN_POINT('Control Point',(20.9479728682,-34.1950254575,-41.4460219638)) ;
#2273=CARTESIAN_POINT('Vertex',(20.9480107384,-34.195027487,-41.4460424937)) ;
#2277=CARTESIAN_POINT('Control Point',(20.9479728682,-34.1950254575,-41.4460219638)) ;
#2278=CARTESIAN_POINT('Control Point',(20.9195798247,-34.2053650649,-41.4973811632)) ;
#2279=CARTESIAN_POINT('Control Point',(20.8923233214,-34.2131019797,-41.5470494651)) ;
#2280=CARTESIAN_POINT('Control Point',(20.8604415796,-34.21817756,-41.6054216387)) ;
#2281=CARTESIAN_POINT('Control Point',(20.8358307577,-34.2207020379,-41.6505225506)) ;
#2282=CARTESIAN_POINT('Control Point',(20.8056134009,-34.22055549,-41.7057593765)) ;
#2283=CARTESIAN_POINT('Vertex',(20.8056207792,-34.2205561143,-41.7057633894)) ;
#2287=CARTESIAN_POINT('Control Point',(20.8056134009,-34.22055549,-41.7057593765)) ;
#2288=CARTESIAN_POINT('Control Point',(20.7687574397,-34.2203767461,-41.773131461)) ;
#2289=CARTESIAN_POINT('Control Point',(20.7327941784,-34.2158389391,-41.8396053554)) ;
#2290=CARTESIAN_POINT('Control Point',(20.696735106,-34.2068129004,-41.9069374944)) ;
#2291=CARTESIAN_POINT('Control Point',(20.6526176099,-34.1903769246,-41.9896369665)) ;
#2292=CARTESIAN_POINT('Control Point',(20.6109011055,-34.1683094865,-42.0682433529)) ;
#2293=CARTESIAN_POINT('Control Point',(20.6011287124,-34.162762189,-42.0866816674)) ;
#2294=CARTESIAN_POINT('Control Point',(20.5868405512,-34.1540967045,-42.113674269)) ;
#2295=CARTESIAN_POINT('Control Point',(20.5729116716,-34.1448496214,-42.1400346929)) ;
#2296=CARTESIAN_POINT('Control Point',(20.5684156056,-34.1417788343,-42.1485486523)) ;
#2297=CARTESIAN_POINT('Control Point',(20.5617701411,-34.1371166949,-42.1611390507)) ;
#2298=CARTESIAN_POINT('Control Point',(20.5551747515,-34.1323003803,-42.1736503524)) ;
#2299=CARTESIAN_POINT('Control Point',(20.5529890839,-34.1306837711,-42.177798289)) ;
#2300=CARTESIAN_POINT('Control Point',(20.5485393375,-34.1273465857,-42.1862482734)) ;
#2301=CARTESIAN_POINT('Control Point',(20.5442423386,-34.1240419143,-42.1944105697)) ;
#2302=CARTESIAN_POINT('Control Point',(20.5426678045,-34.1228259989,-42.1973907176)) ;
#2303=CARTESIAN_POINT('Control Point',(20.5402531617,-34.1209208807,-42.2019931742)) ;
#2304=CARTESIAN_POINT('Control Point',(20.53783869,-34.1189937949,-42.2065865044)) ;
#2305=CARTESIAN_POINT('Vertex',(20.5378260401,-34.1189933304,-42.2065796591)) ;
#2309=CARTESIAN_POINT('Control Point',(20.53783869,-34.1189937949,-42.2065865044)) ;
#2310=CARTESIAN_POINT('Control Point',(20.5066518039,-34.0941023032,-42.2659169421)) ;
#2311=CARTESIAN_POINT('Control Point',(20.4766344818,-34.0656897894,-42.3233994051)) ;
#2312=CARTESIAN_POINT('Control Point',(20.4478652752,-34.0339356387,-42.3788027479)) ;
#2313=CARTESIAN_POINT('Control Point',(20.4117450123,-33.9880817537,-42.4486086859)) ;
#2314=CARTESIAN_POINT('Control Point',(20.3782317922,-33.9376223922,-42.5136847644)) ;
#2315=CARTESIAN_POINT('Control Point',(20.3702656052,-33.9251312472,-42.5291732679)) ;
#2316=CARTESIAN_POINT('Control Point',(20.3548257664,-33.8999495016,-42.5592210887)) ;
#2317=CARTESIAN_POINT('Control Point',(20.3399803015,-33.8737467458,-42.588212805)) ;
#2318=CARTESIAN_POINT('Control Point',(20.3326264536,-33.8602217695,-42.6025490007)) ;
#2319=CARTESIAN_POINT('Control Point',(20.3261359647,-33.8478977363,-42.6153098198)) ;
#2320=CARTESIAN_POINT('Control Point',(20.3188849636,-33.833515236,-42.6295584385)) ;
#2321=CARTESIAN_POINT('Vertex',(20.3188739372,-33.8335130409,-42.6295506099)) ;
#2325=CARTESIAN_POINT('Control Point',(20.3188849636,-33.833515236,-42.6295584385)) ;
#2326=CARTESIAN_POINT('Control Point',(20.281440023,-33.7592424753,-42.7031398208)) ;
#2327=CARTESIAN_POINT('Control Point',(20.2500394832,-33.684550606,-42.7652883838)) ;
#2328=CARTESIAN_POINT('Control Point',(20.217933163,-33.5821709728,-42.8297777887)) ;
#2329=CARTESIAN_POINT('Control Point',(20.1979573855,-33.5078207844,-42.8699869194)) ;
#2330=CARTESIAN_POINT('Control Point',(20.1783598378,-33.4104404799,-42.9100031783)) ;
#2331=CARTESIAN_POINT('Vertex',(20.1783397435,-33.4104408389,-42.9099942067)) ;
#2335=CARTESIAN_POINT('Control Point',(20.1783598378,-33.4104404799,-42.9100031783)) ;
#2336=CARTESIAN_POINT('Control Point',(20.1468657588,-33.2539462573,-42.9743109802)) ;
#2337=CARTESIAN_POINT('Control Point',(20.131201092,-33.0837779687,-43.0078455126)) ;
#2338=CARTESIAN_POINT('Control Point',(20.1325341354,-32.9152790181,-43.0078455127)) ;
#2339=CARTESIAN_POINT('Vertex',(20.1325341358,-32.9152790181,-43.0078455127)) ;
#2342=CARTESIAN_POINT('Line Origine',(16.2445191555,-32.8850174749,-43.0078455127)) ;
#2346=CARTESIAN_POINT('Vertex',(16.2445191554,-32.8850174749,-43.0078455127)) ;
#2349=CARTESIAN_POINT('Axis2P3D Location',(16.2445191554,-32.8850174749,-41.7078455127)) ;
#2353=CARTESIAN_POINT('Vertex',(16.2445191554,-32.8850174749,-40.4078455127)) ;
#2356=CARTESIAN_POINT('Line Origine',(16.2445191555,-32.8850174749,-40.4078455127)) ;
#2375=CARTESIAN_POINT('Axis2P3D Location',(16.2445191554,-32.8850174749,-41.7078455127)) ;
#2381=CARTESIAN_POINT('Control Point',(20.1325341354,-32.9152790175,-43.0078455127)) ;
#2382=CARTESIAN_POINT('Control Point',(20.1334440739,-32.7963005222,-43.0078455127)) ;
#2383=CARTESIAN_POINT('Control Point',(20.1415622171,-32.6764691901,-42.9942332915)) ;
#2384=CARTESIAN_POINT('Control Point',(20.1567855991,-32.557683836,-42.9664105315)) ;
#2385=CARTESIAN_POINT('Control Point',(20.1860247942,-32.4046238844,-42.9110184443)) ;
#2386=CARTESIAN_POINT('Control Point',(20.2267694169,-32.2627250913,-42.8329291873)) ;
#2387=CARTESIAN_POINT('Control Point',(20.2379096846,-32.2273070263,-42.8115552559)) ;
#2388=CARTESIAN_POINT('Control Point',(20.2618706306,-32.1576372289,-42.7655976937)) ;
#2389=CARTESIAN_POINT('Control Point',(20.2885983533,-32.0921009336,-42.7143548784)) ;
#2390=CARTESIAN_POINT('Control Point',(20.3021893866,-32.0612975784,-42.6885688254)) ;
#2391=CARTESIAN_POINT('Control Point',(20.3183378518,-32.028071836,-42.6575529136)) ;
#2392=CARTESIAN_POINT('Control Point',(20.3332040346,-31.9998238108,-42.6293283488)) ;
#2393=CARTESIAN_POINT('Vertex',(20.3332491859,-31.9998247619,-42.6293510849)) ;
#2397=CARTESIAN_POINT('Control Point',(20.3332040346,-31.9998238108,-42.6293283488)) ;
#2398=CARTESIAN_POINT('Control Point',(20.3553215799,-31.9577970859,-42.5873365278)) ;
#2399=CARTESIAN_POINT('Control Point',(20.3788639318,-31.9178884082,-42.5426339254)) ;
#2400=CARTESIAN_POINT('Control Point',(20.4038141656,-31.8803306989,-42.4953288883)) ;
#2401=CARTESIAN_POINT('Control Point',(20.4392057766,-31.8332141735,-42.4281981389)) ;
#2402=CARTESIAN_POINT('Control Point',(20.4767904659,-31.7913182289,-42.3570288445)) ;
#2403=CARTESIAN_POINT('Control Point',(20.4866029172,-31.7808958305,-42.3384597916)) ;
#2404=CARTESIAN_POINT('Control Point',(20.5016000014,-31.7657373933,-42.3101044138)) ;
#2405=CARTESIAN_POINT('Control Point',(20.516933069,-31.7514098474,-42.281166403)) ;
#2406=CARTESIAN_POINT('Control Point',(20.5221458059,-31.7466696384,-42.2713349479)) ;
#2407=CARTESIAN_POINT('Control Point',(20.5300590788,-31.7396745983,-42.2564204608)) ;
#2408=CARTESIAN_POINT('Control Point',(20.538005467,-31.7329426752,-42.2414542278)) ;
#2409=CARTESIAN_POINT('Control Point',(20.5406637533,-31.7307237059,-42.2364488126)) ;
#2410=CARTESIAN_POINT('Control Point',(20.5458975586,-31.7264145264,-42.2265954908)) ;
#2411=CARTESIAN_POINT('Control Point',(20.5513087179,-31.7220935108,-42.2164244746)) ;
#2412=CARTESIAN_POINT('Control Point',(20.5548556593,-31.7193108142,-42.2097478536)) ;
#2413=CARTESIAN_POINT('Control Point',(20.5571319278,-31.7175565671,-42.2054822635)) ;
#2414=CARTESIAN_POINT('Control Point',(20.5594080486,-31.7158212986,-42.2012088881)) ;
#2415=CARTESIAN_POINT('Vertex',(20.5593800583,-31.7158212946,-42.2011939902)) ;
#2419=CARTESIAN_POINT('Control Point',(20.5594080486,-31.7158212986,-42.2012088881)) ;
#2420=CARTESIAN_POINT('Control Point',(20.5946381378,-31.6889625914,-42.1350650365)) ;
#2421=CARTESIAN_POINT('Control Point',(20.6338415232,-31.6646007749,-42.0619828614)) ;
#2422=CARTESIAN_POINT('Control Point',(20.6734437991,-31.6460094525,-41.9883711336)) ;
#2423=CARTESIAN_POINT('Control Point',(20.7241095895,-31.6300588138,-41.8939341622)) ;
#2424=CARTESIAN_POINT('Control Point',(20.7773182529,-31.6231216928,-41.7953607335)) ;
#2425=CARTESIAN_POINT('Control Point',(20.7838980132,-31.6224072656,-41.7831813075)) ;
#2426=CARTESIAN_POINT('Control Point',(20.7938387903,-31.6215474869,-41.7647966605)) ;
#2427=CARTESIAN_POINT('Control Point',(20.8038330416,-31.6210127812,-41.7463411834)) ;
#2428=CARTESIAN_POINT('Control Point',(20.807172142,-31.6208710888,-41.7401785052)) ;
#2429=CARTESIAN_POINT('Control Point',(20.8138230241,-31.6206604655,-41.7279106145)) ;
#2430=CARTESIAN_POINT('Control Point',(20.8205771742,-31.6205947949,-41.7154689346)) ;
#2431=CARTESIAN_POINT('Control Point',(20.8232146872,-31.6205906518,-41.7106079205)) ;
#2432=CARTESIAN_POINT('Control Point',(20.8269829216,-31.6206329507,-41.7036799577)) ;
#2433=CARTESIAN_POINT('Control Point',(20.8307507969,-31.6207213953,-41.6967523888)) ;
#2434=CARTESIAN_POINT('Vertex',(20.8307547553,-31.6207219895,-41.6967545492)) ;
#2438=CARTESIAN_POINT('Control Point',(20.8307507969,-31.6207213953,-41.6967523888)) ;
#2439=CARTESIAN_POINT('Control Point',(20.8550946908,-31.6212928273,-41.6519940061)) ;
#2440=CARTESIAN_POINT('Control Point',(20.8788975603,-31.6237777697,-41.6082679585)) ;
#2441=CARTESIAN_POINT('Control Point',(20.9015428529,-31.6278691534,-41.5666597952)) ;
#2442=CARTESIAN_POINT('Control Point',(20.9288541422,-31.6350698236,-41.5167773136)) ;
#2443=CARTESIAN_POINT('Control Point',(20.950321269,-31.642093671,-41.4777750881)) ;
#2444=CARTESIAN_POINT('Control Point',(20.954204334,-31.6434172202,-41.4707278762)) ;
#2445=CARTESIAN_POINT('Control Point',(20.9592409622,-31.6451946271,-41.4615876466)) ;
#2446=CARTESIAN_POINT('Control Point',(20.9634645822,-31.6467440671,-41.453925046)) ;
#2447=CARTESIAN_POINT('Control Point',(20.9646619089,-31.6471883832,-41.4517528895)) ;
#2448=CARTESIAN_POINT('Control Point',(20.9663526217,-31.6478221665,-41.448686841)) ;
#2449=CARTESIAN_POINT('Control Point',(20.9677895404,-31.6483678512,-41.4460808724)) ;
#2450=CARTESIAN_POINT('Control Point',(20.9682519294,-31.6485443153,-41.4452421311)) ;
#2451=CARTESIAN_POINT('Control Point',(20.9688201899,-31.6487618267,-41.4442111361)) ;
#2452=CARTESIAN_POINT('Control Point',(20.9693882243,-31.6489805765,-41.4431794159)) ;
#2453=CARTESIAN_POINT('Control Point',(20.9696103568,-31.6490662899,-41.4427757922)) ;
#2454=CARTESIAN_POINT('Control Point',(20.9700286464,-31.6492281036,-41.4420153779)) ;
#2455=CARTESIAN_POINT('Control Point',(20.9704469316,-31.6493904853,-41.4412550822)) ;
#2456=CARTESIAN_POINT('Control Point',(20.9697290353,-31.6491112179,-41.442562203)) ;
#2457=CARTESIAN_POINT('Control Point',(20.9702670417,-31.6493201637,-41.4415827745)) ;
#2458=CARTESIAN_POINT('Control Point',(20.9708050407,-31.6495300517,-41.4406035439)) ;
#2459=CARTESIAN_POINT('Vertex',(20.9708181778,-31.6495302549,-41.4406108106)) ;
#2463=CARTESIAN_POINT('Control Point',(20.9708050407,-31.6495300517,-41.4406035439)) ;
#2464=CARTESIAN_POINT('Control Point',(20.9889743093,-31.6566183744,-41.4075330313)) ;
#2465=CARTESIAN_POINT('Control Point',(21.0068452271,-31.6647040026,-41.3750450304)) ;
#2466=CARTESIAN_POINT('Control Point',(21.0243898817,-31.6737275873,-41.3431975472)) ;
#2467=CARTESIAN_POINT('Control Point',(21.0469442227,-31.6867030553,-41.302349024)) ;
#2468=CARTESIAN_POINT('Control Point',(21.068700125,-31.7009244509,-41.2630614501)) ;
#2469=CARTESIAN_POINT('Control Point',(21.0738690333,-31.7044029772,-41.2537337786)) ;
#2470=CARTESIAN_POINT('Control Point',(21.0814562195,-31.7096513578,-41.2400530369)) ;
#2471=CARTESIAN_POINT('Control Point',(21.0889695859,-31.71506223,-41.2265167667)) ;
#2472=CARTESIAN_POINT('Control Point',(21.091418323,-31.7168482361,-41.2221061949)) ;
#2473=CARTESIAN_POINT('Control Point',(21.0963716154,-31.7205097583,-41.2131858455)) ;
#2474=CARTESIAN_POINT('Control Point',(21.1011774077,-31.7241515342,-41.2045386995)) ;
#2475=CARTESIAN_POINT('Control Point',(21.1030854713,-31.7256066542,-41.2011154298)) ;
#2476=CARTESIAN_POINT('Control Point',(21.1057114761,-31.7276467552,-41.1963831449)) ;
#2477=CARTESIAN_POINT('Control Point',(21.1083372991,-31.7297102173,-41.1916609671)) ;
#2478=CARTESIAN_POINT('Vertex',(21.1083959253,-31.7297110222,-41.1916938889)) ;
#2482=CARTESIAN_POINT('Control Point',(21.1083372991,-31.7297102173,-41.1916609671)) ;
#2483=CARTESIAN_POINT('Control Point',(21.1415624172,-31.7558196587,-41.131910209)) ;
#2484=CARTESIAN_POINT('Control Point',(21.1736226243,-31.7854262731,-41.0743189663)) ;
#2485=CARTESIAN_POINT('Control Point',(21.2044164061,-31.8182925937,-41.0190933676)) ;
#2486=CARTESIAN_POINT('Control Point',(21.2430298434,-31.8652428342,-40.9501454675)) ;
#2487=CARTESIAN_POINT('Control Point',(21.2788833055,-31.9162878359,-40.8864182867)) ;
#2488=CARTESIAN_POINT('Control Point',(21.2873244833,-31.9287628526,-40.871429927)) ;
#2489=CARTESIAN_POINT('Control Point',(21.3036218986,-31.9537340541,-40.8425256675)) ;
#2490=CARTESIAN_POINT('Control Point',(21.3193069055,-31.9795755298,-40.8147246744)) ;
#2491=CARTESIAN_POINT('Control Point',(21.3270723688,-31.9928620074,-40.8010293277)) ;
#2492=CARTESIAN_POINT('Control Point',(21.3337600304,-32.0046428281,-40.7891140672)) ;
#2493=CARTESIAN_POINT('Control Point',(21.3415230827,-32.0188663929,-40.7753567785)) ;
#2494=CARTESIAN_POINT('Vertex',(21.3414868652,-32.0188650641,-40.7753349943)) ;
#2498=CARTESIAN_POINT('Control Point',(21.3415230827,-32.0188663929,-40.7753567785)) ;
#2499=CARTESIAN_POINT('Control Point',(21.3809620693,-32.0911270147,-40.7054650006)) ;
#2500=CARTESIAN_POINT('Control Point',(21.4168000612,-32.1701654046,-40.6414507904)) ;
#2501=CARTESIAN_POINT('Control Point',(21.4490387598,-32.2614799388,-40.5844706815)) ;
#2502=CARTESIAN_POINT('Control Point',(21.4731949866,-32.3425846933,-40.5415073297)) ;
#2503=CARTESIAN_POINT('Control Point',(21.4946755609,-32.4370872792,-40.5032313782)) ;
#2504=CARTESIAN_POINT('Vertex',(21.4948374315,-32.4370887269,-40.5033257151)) ;
#2508=CARTESIAN_POINT('Control Point',(21.4946755609,-32.4370872792,-40.5032313782)) ;
#2509=CARTESIAN_POINT('Control Point',(21.5299546171,-32.5922955147,-40.4403680943)) ;
#2510=CARTESIAN_POINT('Control Point',(21.5478520158,-32.7605226046,-40.4078455127)) ;
#2511=CARTESIAN_POINT('Control Point',(21.5465420917,-32.9262846495,-40.4078455127)) ;
#2527=CARTESIAN_POINT('Axis2P3D Location',(14.7810511618,-28.1855334491,-66.7078455127)) ;
#2532=CARTESIAN_POINT('Axis2P3D Location',(10.7811723155,-28.1544012377,-66.7078455127)) ;
#2536=CARTESIAN_POINT('Vertex',(10.7811723155,-28.1544012377,-65.4078455127)) ;
#2538=CARTESIAN_POINT('Vertex',(10.7811723155,-28.1544012377,-68.0078455127)) ;
#2541=CARTESIAN_POINT('Line Origine',(14.7810511626,-28.1855334491,-68.0078455127)) ;
#2545=CARTESIAN_POINT('Vertex',(14.7810511618,-28.1855334491,-68.0078455134)) ;
#2548=CARTESIAN_POINT('Axis2P3D Location',(14.7810511618,-28.1855334491,-66.7078455127)) ;
#2553=CARTESIAN_POINT('Line Origine',(14.7810511626,-28.1855334491,-65.4078455127)) ;
#2567=CARTESIAN_POINT('Control Point',(10.7811723155,-28.1544012377,-68.0078455127)) ;
#2568=CARTESIAN_POINT('Control Point',(10.7779936618,-28.5627959127,-68.0078455127)) ;
#2569=CARTESIAN_POINT('Control Point',(10.7748150082,-28.9711905876,-67.8474644412)) ;
#2570=CARTESIAN_POINT('Control Point',(10.7723026011,-29.2939856489,-67.5246596026)) ;
#2571=CARTESIAN_POINT('Control Point',(10.7698060924,-29.6147380766,-66.7078455127)) ;
#2572=CARTESIAN_POINT('Control Point',(10.7723026011,-29.2939856489,-65.8910314228)) ;
#2573=CARTESIAN_POINT('Control Point',(10.7748150083,-28.9711905876,-65.5682265842)) ;
#2574=CARTESIAN_POINT('Control Point',(10.7779936619,-28.5627959127,-65.4078455127)) ;
#2575=CARTESIAN_POINT('Control Point',(10.7811723155,-28.1544012377,-65.4078455127)) ;
#2577=CARTESIAN_POINT('Axis2P3D Location',(14.7810511618,-28.1855334491,-66.7078455127)) ;
#2591=CARTESIAN_POINT('Control Point',(-15.193686982,-24.7045238416,-64.4728478868)) ;
#2592=CARTESIAN_POINT('Control Point',(-15.1785381565,-24.8804409181,-63.9585510495)) ;
#2593=CARTESIAN_POINT('Control Point',(-15.3746923568,-25.0431036473,-63.4782440478)) ;
#2594=CARTESIAN_POINT('Control Point',(-15.7516248409,-25.1672173847,-63.1066168628)) ;
#2595=CARTESIAN_POINT('Control Point',(-15.1958280031,-24.9813987536,-64.5665047056)) ;
#2596=CARTESIAN_POINT('Control Point',(-15.1803668219,-25.0833825634,-64.0320064913)) ;
#2597=CARTESIAN_POINT('Control Point',(-15.3728739166,-25.1774286288,-63.5322579778)) ;
#2598=CARTESIAN_POINT('Control Point',(-15.7438570698,-25.2491394913,-63.1437660888)) ;
#2599=CARTESIAN_POINT('Control Point',(-15.1980560562,-25.265616767,-64.600666427)) ;
#2600=CARTESIAN_POINT('Control Point',(-15.1817335054,-25.2953970475,-64.052249444)) ;
#2601=CARTESIAN_POINT('Control Point',(-15.3772471786,-25.3205743367,-63.5400683829)) ;
#2602=CARTESIAN_POINT('Control Point',(-15.7541063217,-25.3372252851,-63.1439414383)) ;
#2603=CARTESIAN_POINT('Control Point',(-15.2003659481,-25.5565964381,-64.5782148042)) ;
#2604=CARTESIAN_POINT('Control Point',(-15.1825971581,-25.5101412258,-64.0214583421)) ;
#2605=CARTESIAN_POINT('Control Point',(-15.3876591921,-25.4651848307,-63.5034562579)) ;
#2606=CARTESIAN_POINT('Control Point',(-15.7819523444,-25.4290882786,-63.1090224678)) ;
#2608=CARTESIAN_POINT('Control Point',(-15.1979950543,-25.3765673623,-64.5218682802)) ;
#2609=CARTESIAN_POINT('Control Point',(-15.1981486139,-25.3768263905,-64.3170723559)) ;
#2610=CARTESIAN_POINT('Control Point',(-15.2245035853,-25.3763809057,-64.1122984647)) ;
#2611=CARTESIAN_POINT('Control Point',(-15.272718712,-25.3754120804,-63.9293332612)) ;
#2612=CARTESIAN_POINT('Control Point',(-15.3986681483,-25.3729335796,-63.6173177528)) ;
#2613=CARTESIAN_POINT('Control Point',(-15.552731962,-25.3698095168,-63.3771790702)) ;
#2614=CARTESIAN_POINT('Control Point',(-15.6182211984,-25.3684131161,-63.2911337629)) ;
#2615=CARTESIAN_POINT('Control Point',(-15.6777949792,-25.3669656261,-63.2219114466)) ;
#2616=CARTESIAN_POINT('Control Point',(-15.7230832595,-25.3653640272,-63.1724386891)) ;
#2617=CARTESIAN_POINT('Vertex',(-15.1979945011,-25.376566638,-64.5218682788)) ;
#2619=CARTESIAN_POINT('Vertex',(-15.722198909,-25.3653709127,-63.1716297953)) ;
#2623=CARTESIAN_POINT('Control Point',(-15.7077981372,-25.2089866678,-63.1683693771)) ;
#2624=CARTESIAN_POINT('Control Point',(-15.7077151655,-25.2594592179,-63.1813526674)) ;
#2625=CARTESIAN_POINT('Control Point',(-15.712831961,-25.3117530152,-63.1826013462)) ;
#2626=CARTESIAN_POINT('Control Point',(-15.7230816762,-25.365355747,-63.1724402588)) ;
#2627=CARTESIAN_POINT('Vertex',(-15.707658204,-25.2089477661,-63.1685197131)) ;
#2631=CARTESIAN_POINT('Control Point',(-15.194234316,-24.893456581,-64.4649272409)) ;
#2632=CARTESIAN_POINT('Control Point',(-15.1951627016,-25.0127288826,-63.980912138)) ;
#2633=CARTESIAN_POINT('Control Point',(-15.3741904658,-25.1227350841,-63.5288722724)) ;
#2634=CARTESIAN_POINT('Control Point',(-15.7076582568,-25.2089442296,-63.1685189159)) ;
#2637=CARTESIAN_POINT('Control Point',(-15.194234316,-24.893456581,-64.4649272409)) ;
#2638=CARTESIAN_POINT('Control Point',(-15.1946352165,-24.9449644252,-64.4776207092)) ;
#2639=CARTESIAN_POINT('Control Point',(-15.1950381496,-24.996733434,-64.4882260596)) ;
#2640=CARTESIAN_POINT('Control Point',(-15.1954430536,-25.0487556629,-64.4967624349)) ;
#2641=CARTESIAN_POINT('Vertex',(-15.1954430534,-25.0487556273,-64.4967626516)) ;
#2645=CARTESIAN_POINT('Control Point',(-15.1954430533,-25.0487556273,-64.4967626516)) ;
#2646=CARTESIAN_POINT('Control Point',(-15.1962851948,-25.1569542919,-64.5145170703)) ;
#2647=CARTESIAN_POINT('Control Point',(-15.1971358619,-25.2662483345,-64.5233215298)) ;
#2648=CARTESIAN_POINT('Control Point',(-15.1979944982,-25.3765662795,-64.5233482604)) ;
#2658=CARTESIAN_POINT('Axis2P3D Location',(16.2445191554,-32.8850174749,-41.7078455127)) ;
#2664=CARTESIAN_POINT('Control Point',(-13.7545721744,-32.6515258895,-40.4078455127)) ;
#2665=CARTESIAN_POINT('Control Point',(-13.7577508279,-33.0599205645,-40.4078455127)) ;
#2666=CARTESIAN_POINT('Control Point',(-13.7609294815,-33.4683152395,-40.5682265842)) ;
#2667=CARTESIAN_POINT('Control Point',(-13.7634418885,-33.7911103008,-40.8910314228)) ;
#2668=CARTESIAN_POINT('Control Point',(-13.765938397,-34.1118627284,-41.7078455127)) ;
#2669=CARTESIAN_POINT('Control Point',(-13.7634418881,-33.7911103008,-42.5246596026)) ;
#2670=CARTESIAN_POINT('Control Point',(-13.7609294809,-33.4683152395,-42.8474644412)) ;
#2671=CARTESIAN_POINT('Control Point',(-13.7577508272,-33.0599205645,-43.0078455127)) ;
#2672=CARTESIAN_POINT('Control Point',(-13.7545721735,-32.6515258895,-43.0078455127)) ;
#2673=CARTESIAN_POINT('Vertex',(-13.7545721744,-32.6515258895,-40.4078455127)) ;
#2675=CARTESIAN_POINT('Vertex',(-13.7545721735,-32.6515258895,-43.0078455127)) ;
#2678=CARTESIAN_POINT('Line Origine',(16.2445191555,-32.8850174749,-43.0078455127)) ;
#2682=CARTESIAN_POINT('Vertex',(-24.0289105123,-32.5715577488,-43.0077932722)) ;
#2686=CARTESIAN_POINT('Control Point',(-24.0292486711,-32.5715551172,-43.0078455127)) ;
#2687=CARTESIAN_POINT('Control Point',(-24.0304622198,-32.7276229325,-43.0078455127)) ;
#2688=CARTESIAN_POINT('Control Point',(-24.0355547199,-32.8864039652,-42.9844237476)) ;
#2689=CARTESIAN_POINT('Control Point',(-24.0444171794,-33.0450168426,-42.9350692785)) ;
#2690=CARTESIAN_POINT('Control Point',(-24.0581403188,-33.2121425257,-42.8519167007)) ;
#2691=CARTESIAN_POINT('Control Point',(-24.0758441786,-33.3616415521,-42.7402796237)) ;
#2692=CARTESIAN_POINT('Control Point',(-24.0779329061,-33.3785937169,-42.7270655739)) ;
#2693=CARTESIAN_POINT('Control Point',(-24.0811394815,-33.4036147416,-42.7067168919)) ;
#2694=CARTESIAN_POINT('Control Point',(-24.0844664036,-33.4280661262,-42.6855324483)) ;
#2695=CARTESIAN_POINT('Control Point',(-24.0855881657,-33.4361484456,-42.6783824555)) ;
#2696=CARTESIAN_POINT('Control Point',(-24.087297147,-33.4482132488,-42.6674810599)) ;
#2697=CARTESIAN_POINT('Control Point',(-24.0890268861,-33.4600698178,-42.6564267165)) ;
#2698=CARTESIAN_POINT('Control Point',(-24.0896067852,-33.4640052519,-42.6527183597)) ;
#2699=CARTESIAN_POINT('Control Point',(-24.0907554733,-33.4717292839,-42.6453668004)) ;
#2700=CARTESIAN_POINT('Control Point',(-24.0919414667,-33.4795376542,-42.6377789349)) ;
#2701=CARTESIAN_POINT('Control Point',(-24.0926709948,-33.4842987865,-42.6330928009)) ;
#2702=CARTESIAN_POINT('Control Point',(-24.0931999685,-33.4876936558,-42.6297195495)) ;
#2703=CARTESIAN_POINT('Control Point',(-24.0937288208,-33.4910729219,-42.62633072)) ;
#2704=CARTESIAN_POINT('Vertex',(-24.0937829664,-33.4910728495,-42.6263390886)) ;
#2708=CARTESIAN_POINT('Control Point',(-24.0937288208,-33.4910729219,-42.62633072)) ;
#2709=CARTESIAN_POINT('Control Point',(-24.0997159087,-33.5293292815,-42.5879660946)) ;
#2710=CARTESIAN_POINT('Control Point',(-24.1061799686,-33.5668512738,-42.546333682)) ;
#2711=CARTESIAN_POINT('Control Point',(-24.1130903816,-33.6031123658,-42.5014107696)) ;
#2712=CARTESIAN_POINT('Control Point',(-24.1229295371,-33.6496983094,-42.4364542116)) ;
#2713=CARTESIAN_POINT('Control Point',(-24.1334024017,-33.6921487809,-42.3660470782)) ;
#2714=CARTESIAN_POINT('Control Point',(-24.1361893603,-33.7029704992,-42.3472284208)) ;
#2715=CARTESIAN_POINT('Control Point',(-24.1419399914,-33.7243112739,-42.3082275535)) ;
#2716=CARTESIAN_POINT('Control Point',(-24.1478233087,-33.7441424595,-42.2679686269)) ;
#2717=CARTESIAN_POINT('Control Point',(-24.1506267845,-33.7532368285,-42.248765669)) ;
#2718=CARTESIAN_POINT('Control Point',(-24.1540999395,-33.7636337451,-42.2247481079)) ;
#2719=CARTESIAN_POINT('Control Point',(-24.1569979072,-33.7719083371,-42.2046870765)) ;
#2720=CARTESIAN_POINT('Vertex',(-24.1569560908,-33.7719085249,-42.2046811174)) ;
#2724=CARTESIAN_POINT('Control Point',(-24.1569979072,-33.7719083371,-42.2046870765)) ;
#2725=CARTESIAN_POINT('Control Point',(-24.1797109511,-33.8367610877,-42.0474572033)) ;
#2726=CARTESIAN_POINT('Control Point',(-24.2026275223,-33.870245036,-41.8777876083)) ;
#2727=CARTESIAN_POINT('Control Point',(-24.2258169462,-33.8700645457,-41.7078455102)) ;
#2728=CARTESIAN_POINT('Vertex',(-24.2258169453,-33.8700645452,-41.7078455127)) ;
#2732=CARTESIAN_POINT('Control Point',(-24.2258169462,-33.8700645457,-41.7078455102)) ;
#2733=CARTESIAN_POINT('Control Point',(-24.233765258,-33.8700026816,-41.6480728656)) ;
#2734=CARTESIAN_POINT('Control Point',(-24.2427787973,-33.8664970676,-41.5822165858)) ;
#2735=CARTESIAN_POINT('Control Point',(-24.2531612843,-33.8575965957,-41.5083212579)) ;
#2736=CARTESIAN_POINT('Control Point',(-24.2651689519,-33.8411488642,-41.4248889453)) ;
#2737=CARTESIAN_POINT('Control Point',(-24.2777872125,-33.8166373923,-41.3401179746)) ;
#2738=CARTESIAN_POINT('Control Point',(-24.2793617097,-33.8134705156,-41.3295847042)) ;
#2739=CARTESIAN_POINT('Control Point',(-24.2817265465,-33.8085533399,-41.3138305267)) ;
#2740=CARTESIAN_POINT('Control Point',(-24.2841245023,-33.8033199325,-41.2979635231)) ;
#2741=CARTESIAN_POINT('Control Point',(-24.2849264598,-33.8015428023,-41.2926690071)) ;
#2742=CARTESIAN_POINT('Control Point',(-24.2865590466,-33.7978664088,-41.2819167723)) ;
#2743=CARTESIAN_POINT('Control Point',(-24.2881636752,-33.7941416572,-41.2713964229)) ;
#2744=CARTESIAN_POINT('Control Point',(-24.2888264757,-33.792585153,-41.2670563466)) ;
#2745=CARTESIAN_POINT('Control Point',(-24.2897126385,-33.7904717686,-41.2612762618)) ;
#2746=CARTESIAN_POINT('Control Point',(-24.2905985358,-33.7883242696,-41.2555088388)) ;
#2747=CARTESIAN_POINT('Vertex',(-24.2906007282,-33.7883238122,-41.2555093455)) ;
#2751=CARTESIAN_POINT('Control Point',(-24.2905985358,-33.7883242696,-41.2555088388)) ;
#2752=CARTESIAN_POINT('Control Point',(-24.3049492921,-33.7535366777,-41.162081666)) ;
#2753=CARTESIAN_POINT('Control Point',(-24.3187006426,-33.7108487535,-41.0747996356)) ;
#2754=CARTESIAN_POINT('Control Point',(-24.3319420657,-33.6605963216,-40.9929966832)) ;
#2755=CARTESIAN_POINT('Control Point',(-24.3450157835,-33.6029264511,-40.9156395527)) ;
#2756=CARTESIAN_POINT('Control Point',(-24.3560627716,-33.5471001605,-40.8514011831)) ;
#2757=CARTESIAN_POINT('Control Point',(-24.3570897802,-33.5418373108,-40.8454387882)) ;
#2758=CARTESIAN_POINT('Control Point',(-24.3586057037,-33.5339606358,-40.8366508289)) ;
#2759=CARTESIAN_POINT('Control Point',(-24.3600689466,-33.5261987512,-40.8281807615)) ;
#2760=CARTESIAN_POINT('Control Point',(-24.3605523784,-33.5236158543,-40.8253833651)) ;
#2761=CARTESIAN_POINT('Control Point',(-24.3612563649,-33.519829398,-40.8213108243)) ;
#2762=CARTESIAN_POINT('Control Point',(-24.3619583266,-33.5160115697,-40.8172483379)) ;
#2763=CARTESIAN_POINT('Control Point',(-24.362189497,-33.5147499801,-40.8159103035)) ;
#2764=CARTESIAN_POINT('Control Point',(-24.3626792199,-33.512065151,-40.8130744434)) ;
#2765=CARTESIAN_POINT('Control Point',(-24.3631320712,-33.5095663576,-40.810454132)) ;
#2766=CARTESIAN_POINT('Control Point',(-24.3632037733,-33.5091762668,-40.8100438431)) ;
#2767=CARTESIAN_POINT('Control Point',(-24.3635038588,-33.5075059879,-40.8083020581)) ;
#2768=CARTESIAN_POINT('Control Point',(-24.363803913,-33.5058316793,-40.8065641499)) ;
#2769=CARTESIAN_POINT('Vertex',(-24.3638212549,-33.5058318019,-40.806567019)) ;
#2773=CARTESIAN_POINT('Control Point',(-24.363803913,-33.5058316793,-40.8065641499)) ;
#2774=CARTESIAN_POINT('Control Point',(-24.3977690207,-33.3163056566,-40.6098388789)) ;
#2775=CARTESIAN_POINT('Control Point',(-24.4225275909,-33.0677274781,-40.466405105)) ;
#2776=CARTESIAN_POINT('Control Point',(-24.4342604425,-32.8125910177,-40.4078455128)) ;
#2777=CARTESIAN_POINT('Control Point',(-24.432367158,-32.5684175302,-40.4078455127)) ;
#2778=CARTESIAN_POINT('Vertex',(-24.4323671589,-32.5684175302,-40.4078455127)) ;
#2781=CARTESIAN_POINT('Line Origine',(16.2445191555,-32.8850174749,-40.4078455127)) ;
#2798=CARTESIAN_POINT('Axis2P3D Location',(-13.7545721735,-32.6515258895,-41.7078455127)) ;
#2804=CARTESIAN_POINT('Control Point',(-24.432367158,-32.5684175296,-40.4078455127)) ;
#2805=CARTESIAN_POINT('Control Point',(-24.4314871118,-32.4554257671,-40.4078455127)) ;
#2806=CARTESIAN_POINT('Control Point',(-24.4277382277,-32.3396517331,-40.420122352)) ;
#2807=CARTESIAN_POINT('Control Point',(-24.4211369049,-32.2204649888,-40.4467059451)) ;
#2808=CARTESIAN_POINT('Control Point',(-24.4091247138,-32.0662706173,-40.5007274805)) ;
#2809=CARTESIAN_POINT('Control Point',(-24.3930146427,-31.9205422775,-40.5797091968)) ;
#2810=CARTESIAN_POINT('Control Point',(-24.3885493292,-31.8832871476,-40.6019528113)) ;
#2811=CARTESIAN_POINT('Control Point',(-24.3814016847,-31.8281640892,-40.6380852921)) ;
#2812=CARTESIAN_POINT('Control Point',(-24.3736702925,-31.7751129972,-40.6779225512)) ;
#2813=CARTESIAN_POINT('Control Point',(-24.3709844663,-31.7573890901,-40.6918417247)) ;
#2814=CARTESIAN_POINT('Control Point',(-24.3668564616,-31.7311913026,-40.7133552154)) ;
#2815=CARTESIAN_POINT('Control Point',(-24.3625879198,-31.7056450876,-40.7357733331)) ;
#2816=CARTESIAN_POINT('Control Point',(-24.3611492414,-31.6972022392,-40.743347517)) ;
#2817=CARTESIAN_POINT('Control Point',(-24.3589721054,-31.6846734,-40.7548357115)) ;
#2818=CARTESIAN_POINT('Control Point',(-24.35675483,-31.6722897464,-40.7665712614)) ;
#2819=CARTESIAN_POINT('Control Point',(-24.3560118626,-31.66818116,-40.7705073891)) ;
#2820=CARTESIAN_POINT('Control Point',(-24.3548837549,-31.6620063957,-40.7764895629)) ;
#2821=CARTESIAN_POINT('Control Point',(-24.3537556668,-31.6559209811,-40.7824830396)) ;
#2822=CARTESIAN_POINT('Control Point',(-24.3533784889,-31.6538964546,-40.7844883222)) ;
#2823=CARTESIAN_POINT('Control Point',(-24.3526421435,-31.6499612145,-40.7884060123)) ;
#2824=CARTESIAN_POINT('Control Point',(-24.3518729537,-31.6458951143,-40.7924984009)) ;
#2825=CARTESIAN_POINT('Control Point',(-24.3513020837,-31.6428948057,-40.7955417123)) ;
#2826=CARTESIAN_POINT('Control Point',(-24.3510145034,-31.6413940238,-40.7970712381)) ;
#2827=CARTESIAN_POINT('Control Point',(-24.3507269477,-31.6398964019,-40.7986038564)) ;
#2828=CARTESIAN_POINT('Vertex',(-24.3507308158,-31.6398963225,-40.7986045044)) ;
#2832=CARTESIAN_POINT('Control Point',(-24.3507269477,-31.6398964019,-40.7986038564)) ;
#2833=CARTESIAN_POINT('Control Point',(-24.3426300972,-31.5977271046,-40.8417585637)) ;
#2834=CARTESIAN_POINT('Control Point',(-24.3333683954,-31.553895654,-40.8916331209)) ;
#2835=CARTESIAN_POINT('Control Point',(-24.3227340485,-31.5087607974,-40.9504523637)) ;
#2836=CARTESIAN_POINT('Control Point',(-24.3102091385,-31.4618150154,-41.0222635716)) ;
#2837=CARTESIAN_POINT('Control Point',(-24.2969951846,-31.4198310463,-41.1007284906)) ;
#2838=CARTESIAN_POINT('Control Point',(-24.2953455022,-31.4147027363,-41.1105644081)) ;
#2839=CARTESIAN_POINT('Control Point',(-24.2928671757,-31.4071660164,-41.1254003595)) ;
#2840=CARTESIAN_POINT('Control Point',(-24.2903514142,-31.3997779254,-41.1405474033)) ;
#2841=CARTESIAN_POINT('Control Point',(-24.289509831,-31.3973350775,-41.1456237329)) ;
#2842=CARTESIAN_POINT('Control Point',(-24.287794527,-31.3924188222,-41.1559905623)) ;
#2843=CARTESIAN_POINT('Control Point',(-24.2861107057,-31.3877097238,-41.1662077362)) ;
#2844=CARTESIAN_POINT('Control Point',(-24.2854229469,-31.3858027301,-41.170389452)) ;
#2845=CARTESIAN_POINT('Control Point',(-24.2844881117,-31.3832520788,-41.1760772764)) ;
#2846=CARTESIAN_POINT('Control Point',(-24.2835535427,-31.3807356244,-41.1817802339)) ;
#2847=CARTESIAN_POINT('Vertex',(-24.2835282087,-31.3807356446,-41.1817760986)) ;
#2851=CARTESIAN_POINT('Control Point',(-24.2835535427,-31.3807356244,-41.1817802339)) ;
#2852=CARTESIAN_POINT('Control Point',(-24.2603762768,-31.3183276793,-41.3232133006)) ;
#2853=CARTESIAN_POINT('Control Point',(-24.2390174515,-31.28166362,-41.4655484865)) ;
#2854=CARTESIAN_POINT('Control Point',(-24.2195841187,-31.2700343053,-41.60249883)) ;
#2855=CARTESIAN_POINT('Control Point',(-24.2055810088,-31.2701432956,-41.7078455127)) ;
#2856=CARTESIAN_POINT('Vertex',(-24.2055810079,-31.2701432954,-41.7078455127)) ;
#2860=CARTESIAN_POINT('Control Point',(-24.2055810088,-31.2701432956,-41.7078455127)) ;
#2861=CARTESIAN_POINT('Control Point',(-24.194676791,-31.2702281662,-41.7895427519)) ;
#2862=CARTESIAN_POINT('Control Point',(-24.1839081878,-31.2767299055,-41.8712506824)) ;
#2863=CARTESIAN_POINT('Control Point',(-24.1731737404,-31.2896732935,-41.9522503922)) ;
#2864=CARTESIAN_POINT('Control Point',(-24.1568715306,-31.3184436075,-42.0716407866)) ;
#2865=CARTESIAN_POINT('Control Point',(-24.1407998166,-31.3611321933,-42.1870123935)) ;
#2866=CARTESIAN_POINT('Control Point',(-24.1354663074,-31.3769560191,-42.2251007365)) ;
#2867=CARTESIAN_POINT('Control Point',(-24.1249389182,-31.4116514097,-42.3000320296)) ;
#2868=CARTESIAN_POINT('Control Point',(-24.1148249719,-31.4521572626,-42.3719701113)) ;
#2869=CARTESIAN_POINT('Control Point',(-24.1098950504,-31.4737937496,-42.4070435819)) ;
#2870=CARTESIAN_POINT('Control Point',(-24.1005281279,-31.5192479103,-42.4746685099)) ;
#2871=CARTESIAN_POINT('Control Point',(-24.0917348861,-31.5697421273,-42.5384242166)) ;
#2872=CARTESIAN_POINT('Control Point',(-24.0873143681,-31.5967660972,-42.5696651025)) ;
#2873=CARTESIAN_POINT('Control Point',(-24.0834305886,-31.6225350891,-42.5977748237)) ;
#2874=CARTESIAN_POINT('Control Point',(-24.0792614963,-31.6522307053,-42.6274157098)) ;
#2875=CARTESIAN_POINT('Vertex',(-24.0793103807,-31.6522317264,-42.6274215477)) ;
#2879=CARTESIAN_POINT('Control Point',(-24.0792614963,-31.6522307053,-42.6274157098)) ;
#2880=CARTESIAN_POINT('Control Point',(-24.0532361811,-31.8376038556,-42.8124472108)) ;
#2881=CARTESIAN_POINT('Control Point',(-24.0352992643,-32.0756975881,-42.9479172591)) ;
#2882=CARTESIAN_POINT('Control Point',(-24.0273459772,-32.3263023953,-43.0078455126)) ;
#2883=CARTESIAN_POINT('Control Point',(-24.0292486711,-32.5715551168,-43.0078455127)) ;
#2896=CARTESIAN_POINT('Axis2P3D Location',(14.0467385433,5.95397809888,-56.4605441741)) ;
#2901=CARTESIAN_POINT('Axis2P3D Location',(13.7632352123,-30.4706421113,-70.3949142139)) ;
#2905=CARTESIAN_POINT('Vertex',(13.7559658961,-31.4046067321,-70.7522057534)) ;
#2907=CARTESIAN_POINT('Vertex',(14.7632037389,-30.4785774048,-70.3945162217)) ;
#2910=CARTESIAN_POINT('Axis2P3D Location',(15.0467082549,5.94619504603,-56.4605441741)) ;
#2914=CARTESIAN_POINT('Vertex',(14.761474839,-30.7007071536,-69.7993297635)) ;
#2917=CARTESIAN_POINT('Axis2P3D Location',(13.7615051274,-30.6929241015,-69.799329764)) ;
#2921=CARTESIAN_POINT('Vertex',(14.4634189406,-31.3628704499,-70.0411745266)) ;
#2924=CARTESIAN_POINT('Axis2P3D Location',(13.7615051274,-30.6929241015,-69.799329764)) ;
#2929=CARTESIAN_POINT('Axis2P3D Location',(14.0467385433,5.95397809888,-56.4605441741)) ;
#2943=CARTESIAN_POINT('Control Point',(8.82271624528,-20.1682453025,-94.4230916166)) ;
#2944=CARTESIAN_POINT('Control Point',(8.23139731439,-20.0147648491,-95.3085315491)) ;
#2945=CARTESIAN_POINT('Control Point',(6.95641841377,-19.7296337269,-96.9604312356)) ;
#2946=CARTESIAN_POINT('Control Point',(4.56272982723,-19.3706136287,-99.0533606156)) ;
#2947=CARTESIAN_POINT('Control Point',(1.58083281303,-19.1322649361,-100.449196491)) ;
#2948=CARTESIAN_POINT('Control Point',(-1.87311561893,-19.1059709065,-100.44424384)) ;
#2949=CARTESIAN_POINT('Control Point',(-4.86463176198,-19.2976783259,-99.049011174)) ;
#2950=CARTESIAN_POINT('Control Point',(-7.26125543498,-19.618908925,-96.9597281016)) ;
#2951=CARTESIAN_POINT('Control Point',(-8.54181115176,-19.8841505813,-95.3089904698)) ;
#2952=CARTESIAN_POINT('Control Point',(-9.13523968356,-20.028369991,-94.4236972976)) ;
#2953=CARTESIAN_POINT('Control Point',(8.81213496823,-20.4654520345,-94.4699297467)) ;
#2954=CARTESIAN_POINT('Control Point',(8.21907370325,-20.3107328629,-95.3536894801)) ;
#2955=CARTESIAN_POINT('Control Point',(6.94222782479,-20.0230165926,-97.0009686811)) ;
#2956=CARTESIAN_POINT('Control Point',(4.54581441033,-19.6594212268,-99.0841839636)) ;
#2957=CARTESIAN_POINT('Control Point',(1.56998874653,-19.4164376364,-100.466204989)) ;
#2958=CARTESIAN_POINT('Control Point',(-1.86672382052,-19.390338155,-100.461368242)) ;
#2959=CARTESIAN_POINT('Control Point',(-4.85227060917,-19.586745832,-99.0800737282)) ;
#2960=CARTESIAN_POINT('Control Point',(-7.25134317509,-19.9125010465,-97.0004076717)) ;
#2961=CARTESIAN_POINT('Control Point',(-8.53411581588,-20.1802722421,-95.3541371088)) ;
#2962=CARTESIAN_POINT('Control Point',(-9.12928255705,-20.3257047855,-94.4705353849)) ;
#2963=CARTESIAN_POINT('Control Point',(8.57648212311,-20.9964952411,-94.4089481466)) ;
#2964=CARTESIAN_POINT('Control Point',(7.99001882066,-20.8397169269,-95.2805862523)) ;
#2965=CARTESIAN_POINT('Control Point',(6.72854295569,-20.5474184817,-96.9009498957)) ;
#2966=CARTESIAN_POINT('Control Point',(4.37802498997,-20.1761478987,-98.935083985)) ;
#2967=CARTESIAN_POINT('Control Point',(1.49421060588,-19.9256284465,-100.262556112)) ;
#2968=CARTESIAN_POINT('Control Point',(-1.79961653042,-19.9006885826,-100.258284893)) ;
#2969=CARTESIAN_POINT('Control Point',(-4.69245903601,-20.1061166128,-98.9315381469)) ;
#2970=CARTESIAN_POINT('Control Point',(-7.0460804539,-20.4402109204,-96.9007363532)) ;
#2971=CARTESIAN_POINT('Control Point',(-8.31331013137,-20.7127531787,-95.2810025337)) ;
#2972=CARTESIAN_POINT('Control Point',(-8.90193042569,-20.860350635,-94.4095482734)) ;
#2973=CARTESIAN_POINT('Control Point',(8.12286353914,-21.2023081082,-94.1432667484)) ;
#2974=CARTESIAN_POINT('Control Point',(7.55262708289,-21.0475252033,-94.9950838817)) ;
#2975=CARTESIAN_POINT('Control Point',(6.33034069077,-20.7596635122,-96.5721586949)) ;
#2976=CARTESIAN_POINT('Control Point',(4.07701024441,-20.3961998949,-98.5310329156)) ;
#2977=CARTESIAN_POINT('Control Point',(1.36664245481,-20.1542195366,-99.7806119592)) ;
#2978=CARTESIAN_POINT('Control Point',(-1.67654397791,-20.1311855737,-99.7770049938)) ;
#2979=CARTESIAN_POINT('Control Point',(-4.39484043753,-20.3307495414,-98.5282532996)) ;
#2980=CARTESIAN_POINT('Control Point',(-6.65116954204,-20.6585893327,-96.5723670627)) ;
#2981=CARTESIAN_POINT('Control Point',(-7.8792199922,-20.927348292,-94.9954594913)) ;
#2982=CARTESIAN_POINT('Control Point',(-8.4515808724,-21.073200301,-94.1438567568)) ;
#2983=CARTESIAN_POINT('Control Point',(7.93086087112,-21.2087508455,-94.0161639554)) ;
#2984=CARTESIAN_POINT('Control Point',(7.36745221894,-21.0556475062,-94.8596945859)) ;
#2985=CARTESIAN_POINT('Control Point',(6.16179428935,-20.7714110239,-96.4186197766)) ;
#2986=CARTESIAN_POINT('Control Point',(3.94959366649,-20.4144234472,-98.3459478673)) ;
#2987=CARTESIAN_POINT('Control Point',(1.31291771169,-20.1794149337,-99.562814282)) ;
#2988=CARTESIAN_POINT('Control Point',(-1.62360195502,-20.1571432386,-99.559478864)) ;
#2989=CARTESIAN_POINT('Control Point',(-4.26769958353,-20.3508993224,-98.3434966901)) ;
#2990=CARTESIAN_POINT('Control Point',(-6.48277821913,-20.6729262961,-96.4190075276)) ;
#2991=CARTESIAN_POINT('Control Point',(-7.69420148606,-20.9383551229,-94.8600529627)) ;
#2992=CARTESIAN_POINT('Control Point',(-8.25970599516,-21.0826317114,-94.016749757)) ;
#2994=CARTESIAN_POINT('Control Point',(-9.01526012104,-20.058911508,-94.6048757146)) ;
#2995=CARTESIAN_POINT('Control Point',(-8.99462472039,-20.3366673337,-94.6382473433)) ;
#2996=CARTESIAN_POINT('Control Point',(-8.77779428649,-20.8200081782,-94.5724704339)) ;
#2997=CARTESIAN_POINT('Control Point',(-8.37161786844,-21.0283830505,-94.3300573529)) ;
#2998=CARTESIAN_POINT('Control Point',(-8.19721850283,-21.0501274465,-94.2143915099)) ;
#2999=CARTESIAN_POINT('Vertex',(-8.19721850236,-21.050127447,-94.2143915109)) ;
#3001=CARTESIAN_POINT('Vertex',(-9.01526012104,-20.058911508,-94.6048757146)) ;
#3005=CARTESIAN_POINT('Control Point',(-0.149350670278,-19.184264014,-100.390357106)) ;
#3006=CARTESIAN_POINT('Control Point',(-0.704083259071,-19.1800458009,-100.389576783)) ;
#3007=CARTESIAN_POINT('Control Point',(-2.37050340977,-19.1943169049,-100.213519678)) ;
#3008=CARTESIAN_POINT('Control Point',(-4.86118491687,-19.3548003435,-99.0536581432)) ;
#3009=CARTESIAN_POINT('Control Point',(-7.20337247346,-19.6695931523,-97.0140156008)) ;
#3010=CARTESIAN_POINT('Control Point',(-8.45191365176,-19.9247802663,-95.4279013176)) ;
#3011=CARTESIAN_POINT('Control Point',(-9.01526012104,-20.058911508,-94.6048757146)) ;
#3012=CARTESIAN_POINT('Vertex',(-0.149350734149,-19.1842733508,-100.395688345)) ;
#3016=CARTESIAN_POINT('Control Point',(8.70205227237,-20.1968687964,-94.6045888738)) ;
#3017=CARTESIAN_POINT('Control Point',(8.14080988579,-20.0539669776,-95.4277171487)) ;
#3018=CARTESIAN_POINT('Control Point',(6.89765245834,-19.7793899383,-97.014858272)) ;
#3019=CARTESIAN_POINT('Control Point',(4.5583836054,-19.4276778905,-99.0579598243)) ;
#3020=CARTESIAN_POINT('Control Point',(2.074200201,-19.2282350085,-100.219056234)) ;
#3021=CARTESIAN_POINT('Control Point',(0.407097556356,-19.188504691,-100.391139336)) ;
#3022=CARTESIAN_POINT('Control Point',(-0.149343240367,-19.1842734077,-100.390357134)) ;
#3023=CARTESIAN_POINT('Vertex',(8.70189575939,-20.1968652312,-94.6044815379)) ;
#3027=CARTESIAN_POINT('Control Point',(8.7020526597,-20.1968665002,-94.604588333)) ;
#3028=CARTESIAN_POINT('Control Point',(8.67709497237,-20.4742653096,-94.6379591142)) ;
#3029=CARTESIAN_POINT('Control Point',(8.45276543531,-20.9541692031,-94.5721852875)) ;
#3030=CARTESIAN_POINT('Control Point',(8.04339209399,-21.1561948689,-94.3297791629)) ;
#3031=CARTESIAN_POINT('Control Point',(7.86867337504,-21.1752215483,-94.2141157309)) ;
#3032=CARTESIAN_POINT('Vertex',(7.86867337496,-21.1752215488,-94.2141157311)) ;
#3036=CARTESIAN_POINT('Control Point',(7.86867337504,-21.1752215483,-94.2141157309)) ;
#3037=CARTESIAN_POINT('Control Point',(7.33304309797,-21.0325193086,-94.9997531901)) ;
#3038=CARTESIAN_POINT('Control Point',(6.15458004104,-20.7584463365,-96.5020339404)) ;
#3039=CARTESIAN_POINT('Control Point',(3.98245893457,-20.4080362045,-98.3933712179)) ;
#3040=CARTESIAN_POINT('Control Point',(1.32678177846,-20.1713043498,-99.6186823718)) ;
#3041=CARTESIAN_POINT('Control Point',(-1.63723887811,-20.1488350536,-99.6152766782)) ;
#3042=CARTESIAN_POINT('Control Point',(-4.30046757916,-20.344014945,-98.3908353981)) ;
#3043=CARTESIAN_POINT('Control Point',(-6.4755200331,-20.6601077949,-96.5022314545)) ;
#3044=CARTESIAN_POINT('Control Point',(-7.65948273878,-20.91579708,-94.9999294096)) ;
#3045=CARTESIAN_POINT('Control Point',(-8.19721850283,-21.0501274465,-94.2143915099)) ;
#3056=CARTESIAN_POINT('Control Point',(14.5204635564,-27.8023866764,-75.9736236626)) ;
#3057=CARTESIAN_POINT('Control Point',(14.37296253,-26.8738124558,-77.6094667591)) ;
#3058=CARTESIAN_POINT('Control Point',(14.1557223996,-25.9473971791,-79.2415767119)) ;
#3059=CARTESIAN_POINT('Control Point',(13.8606266819,-25.0264863727,-80.8652565023)) ;
#3060=CARTESIAN_POINT('Control Point',(14.5240618266,-28.0715569884,-76.1295465504)) ;
#3061=CARTESIAN_POINT('Control Point',(14.3717230039,-27.1405480308,-77.7638201345)) ;
#3062=CARTESIAN_POINT('Control Point',(14.1501564079,-26.2118857148,-79.3938128429)) ;
#3063=CARTESIAN_POINT('Control Point',(13.8501250298,-25.288466959,-81.0149764913)) ;
#3064=CARTESIAN_POINT('Control Point',(14.2522228608,-28.5518779518,-76.3825674898)) ;
#3065=CARTESIAN_POINT('Control Point',(14.0980654763,-27.6167302637,-78.0064563839)) ;
#3066=CARTESIAN_POINT('Control Point',(13.874522557,-26.6837170206,-79.6257529634)) ;
#3067=CARTESIAN_POINT('Control Point',(13.5735781134,-25.7560176865,-81.2351731627)) ;
#3068=CARTESIAN_POINT('Control Point',(13.6928022176,-28.7191101919,-76.4285254155)) ;
#3069=CARTESIAN_POINT('Control Point',(13.5451448903,-27.7877042305,-78.0391341102)) ;
#3070=CARTESIAN_POINT('Control Point',(13.3288452384,-26.8585641277,-79.6451055241)) ;
#3071=CARTESIAN_POINT('Control Point',(13.0361643351,-25.9347156709,-81.2406364115)) ;
#3072=CARTESIAN_POINT('Control Point',(13.4561617893,-28.7138708157,-76.4040436325)) ;
#3073=CARTESIAN_POINT('Control Point',(13.3111372215,-27.7856158685,-78.0099225404)) ;
#3074=CARTESIAN_POINT('Control Point',(13.0978239218,-26.85954461,-79.611035335)) ;
#3075=CARTESIAN_POINT('Control Point',(12.8085226076,-25.938999961,-81.2016197442)) ;
#3077=CARTESIAN_POINT('Control Point',(13.8660966082,-25.107284942,-80.8426743238)) ;
#3078=CARTESIAN_POINT('Control Point',(13.8387868827,-25.352134188,-80.9794380678)) ;
#3079=CARTESIAN_POINT('Control Point',(13.5738134958,-25.7752133227,-81.1762823632)) ;
#3080=CARTESIAN_POINT('Control Point',(13.0849815308,-25.9504736123,-81.1891214789)) ;
#3081=CARTESIAN_POINT('Control Point',(12.8762024546,-25.9656310341,-81.160054356)) ;
#3082=CARTESIAN_POINT('Vertex',(12.8762024541,-25.9656310339,-81.1600543561)) ;
#3084=CARTESIAN_POINT('Vertex',(13.8657107748,-25.1072819364,-80.8426026593)) ;
#3088=CARTESIAN_POINT('Control Point',(14.5144120423,-27.8256770048,-76.0561713133)) ;
#3089=CARTESIAN_POINT('Control Point',(14.3677108447,-26.9163927033,-77.6568559449)) ;
#3090=CARTESIAN_POINT('Control Point',(14.154204243,-26.0092415196,-79.2538181004)) ;
#3091=CARTESIAN_POINT('Control Point',(13.8660966085,-25.1072849395,-80.8426743223)) ;
#3092=CARTESIAN_POINT('Vertex',(14.5144172899,-27.8255920293,-76.0561235229)) ;
#3096=CARTESIAN_POINT('Control Point',(14.5144172899,-27.8255920292,-76.056123523)) ;
#3097=CARTESIAN_POINT('Control Point',(14.4986656774,-28.0770171414,-76.2000250811)) ;
#3098=CARTESIAN_POINT('Control Point',(14.2370714301,-28.5109018553,-76.4268909082)) ;
#3099=CARTESIAN_POINT('Control Point',(13.7291655313,-28.6765960167,-76.4761659979)) ;
#3100=CARTESIAN_POINT('Control Point',(13.5122846149,-28.6839274972,-76.460544173)) ;
#3101=CARTESIAN_POINT('Vertex',(13.5122846141,-28.6839274972,-76.4605441729)) ;
#3105=CARTESIAN_POINT('Control Point',(13.5122846149,-28.6839274972,-76.460544173)) ;
#3106=CARTESIAN_POINT('Control Point',(13.3682524321,-27.7746640991,-78.0334452285)) ;
#3107=CARTESIAN_POINT('Control Point',(13.1586352371,-26.8675433169,-79.6017511489)) ;
#3108=CARTESIAN_POINT('Control Point',(12.8762024545,-25.9656310341,-81.160054356)) ;
#3118=CARTESIAN_POINT('Control Point',(13.8939903994,-25.1317546188,-80.6797253821)) ;
#3119=CARTESIAN_POINT('Control Point',(13.4340335824,-23.6534861618,-83.2624790696)) ;
#3120=CARTESIAN_POINT('Control Point',(12.2381765353,-21.5702891371,-88.0432946541)) ;
#3121=CARTESIAN_POINT('Control Point',(9.93723416155,-20.4419008344,-92.8159293733)) ;
#3122=CARTESIAN_POINT('Control Point',(8.61773919316,-20.1161697561,-94.72476326)) ;
#3123=CARTESIAN_POINT('Control Point',(13.8839601806,-25.3934450105,-80.8306774784)) ;
#3124=CARTESIAN_POINT('Control Point',(13.4195826603,-23.9239027726,-83.3923696931)) ;
#3125=CARTESIAN_POINT('Control Point',(12.2199884527,-21.853404012,-88.1351853588)) ;
#3126=CARTESIAN_POINT('Control Point',(9.92340321996,-20.7349484718,-92.8734721328)) ;
#3127=CARTESIAN_POINT('Control Point',(8.60701532777,-20.4133909569,-94.7704470198)) ;
#3128=CARTESIAN_POINT('Control Point',(13.6073617701,-25.8605510917,-81.0539500199)) ;
#3129=CARTESIAN_POINT('Control Point',(13.1431252314,-24.4067005365,-83.5657296252)) ;
#3130=CARTESIAN_POINT('Control Point',(11.9474312879,-22.3591446015,-88.2176495726)) ;
#3131=CARTESIAN_POINT('Control Point',(9.67175494829,-21.2586260708,-92.8541789884)) ;
#3132=CARTESIAN_POINT('Control Point',(8.3739054953,-20.9445167395,-94.7038961452)) ;
#3133=CARTESIAN_POINT('Control Point',(13.0689358628,-26.0385735963,-81.0617489528)) ;
#3134=CARTESIAN_POINT('Control Point',(12.6140767813,-24.5957465443,-83.5362525309)) ;
#3135=CARTESIAN_POINT('Control Point',(11.4353267423,-22.5629503178,-88.1128677076)) ;
#3136=CARTESIAN_POINT('Control Point',(9.19306506644,-21.4656780806,-92.6403260454)) ;
#3137=CARTESIAN_POINT('Control Point',(7.92552660455,-21.1506454475,-94.4302927986)) ;
#3138=CARTESIAN_POINT('Control Point',(12.8408737467,-26.0425187837,-81.0233349832)) ;
#3139=CARTESIAN_POINT('Control Point',(12.3899044623,-24.6028080068,-83.4880664327)) ;
#3140=CARTESIAN_POINT('Control Point',(11.218297253,-22.5738713505,-88.0421971398)) ;
#3141=CARTESIAN_POINT('Control Point',(8.99033776003,-21.4745646917,-92.5319346447)) ;
#3142=CARTESIAN_POINT('Control Point',(7.73573311694,-21.1572600688,-94.3000843859)) ;
#3144=CARTESIAN_POINT('Control Point',(13.8660967189,-25.1072839233,-80.8426737705)) ;
#3145=CARTESIAN_POINT('Control Point',(13.405726295,-23.6660376394,-83.3815251412)) ;
#3146=CARTESIAN_POINT('Control Point',(12.2218366748,-21.635002548,-88.0617945357)) ;
#3147=CARTESIAN_POINT('Control Point',(9.97697132655,-20.5214817309,-92.7347693097)) ;
#3148=CARTESIAN_POINT('Control Point',(8.70205249544,-20.1968664511,-94.6045885739)) ;
#3151=CARTESIAN_POINT('Control Point',(12.8762024546,-25.9656310341,-81.160054356)) ;
#3152=CARTESIAN_POINT('Control Point',(12.4958408694,-24.7812636143,-83.2062497396)) ;
#3153=CARTESIAN_POINT('Control Point',(11.9652434696,-23.7911513109,-85.3414832998)) ;
#3154=CARTESIAN_POINT('Control Point',(11.2124201241,-23.0063669167,-87.4794114402)) ;
#3155=CARTESIAN_POINT('Vertex',(11.2124201241,-23.0063669167,-87.4794114402)) ;
#3159=CARTESIAN_POINT('Control Point',(11.2123429566,-23.0063751139,-87.4793872764)) ;
#3160=CARTESIAN_POINT('Control Point',(11.0713944378,-22.8594423562,-87.8796641588)) ;
#3161=CARTESIAN_POINT('Control Point',(10.2152790306,-22.055147858,-90.1841399638)) ;
#3162=CARTESIAN_POINT('Control Point',(9.08543386617,-21.4917136855,-92.4729698058)) ;
#3163=CARTESIAN_POINT('Control Point',(7.86863784696,-21.1752255198,-94.2140916238)) ;
#3173=CARTESIAN_POINT('Axis2P3D Location',(-15.145959154,-18.6910446403,-86.7078455127)) ;
#3179=CARTESIAN_POINT('Control Point',(12.8397162927,-18.908865229,-85.4078455127)) ;
#3180=CARTESIAN_POINT('Control Point',(12.8385345238,-19.0681283869,-85.4078455127)) ;
#3181=CARTESIAN_POINT('Control Point',(12.8299170003,-19.2288306686,-85.4322360384)) ;
#3182=CARTESIAN_POINT('Control Point',(12.8138730595,-19.3882108024,-85.4829324712)) ;
#3183=CARTESIAN_POINT('Control Point',(12.7882889459,-19.5541324094,-85.5667887974)) ;
#3184=CARTESIAN_POINT('Control Point',(12.7545728861,-19.7014090469,-85.67754217)) ;
#3185=CARTESIAN_POINT('Control Point',(12.75062367,-19.7179482649,-85.6905136921)) ;
#3186=CARTESIAN_POINT('Control Point',(12.7445529274,-19.742335366,-85.7104492329)) ;
#3187=CARTESIAN_POINT('Control Point',(12.7382372122,-19.7661498493,-85.7311576036)) ;
#3188=CARTESIAN_POINT('Control Point',(12.7361061028,-19.7740190271,-85.7381410496)) ;
#3189=CARTESIAN_POINT('Control Point',(12.7328536522,-19.7857727852,-85.748790116)) ;
#3190=CARTESIAN_POINT('Control Point',(12.7295613943,-19.7973084209,-85.7595660141)) ;
#3191=CARTESIAN_POINT('Control Point',(12.7284570566,-19.8011374684,-85.7631803158)) ;
#3192=CARTESIAN_POINT('Control Point',(12.7262769815,-19.8086248856,-85.7703164178)) ;
#3193=CARTESIAN_POINT('Control Point',(12.7240132279,-19.8162279526,-85.7777108854)) ;
#3194=CARTESIAN_POINT('Control Point',(12.7225492666,-19.8210992141,-85.7825103121)) ;
#3195=CARTESIAN_POINT('Control Point',(12.7215763361,-19.8242780672,-85.7856708986)) ;
#3196=CARTESIAN_POINT('Control Point',(12.7206035121,-19.8274432226,-85.7888451761)) ;
#3197=CARTESIAN_POINT('Vertex',(12.839091737,-18.9088603679,-85.4076404152)) ;
#3199=CARTESIAN_POINT('Vertex',(12.7199143627,-19.8274378704,-85.7886391103)) ;
#3203=CARTESIAN_POINT('Control Point',(12.7206035121,-19.8274432226,-85.7888451761)) ;
#3204=CARTESIAN_POINT('Control Point',(12.6985339858,-19.8992480783,-85.8608569749)) ;
#3205=CARTESIAN_POINT('Control Point',(12.6724923825,-19.9681358713,-85.9440808039)) ;
#3206=CARTESIAN_POINT('Control Point',(12.6424214999,-20.0311806129,-86.0393502637)) ;
#3207=CARTESIAN_POINT('Control Point',(12.5982118309,-20.1033614733,-86.1810150428)) ;
#3208=CARTESIAN_POINT('Control Point',(12.5494425249,-20.153794218,-86.3369724875)) ;
#3209=CARTESIAN_POINT('Control Point',(12.5360178732,-20.1656656486,-86.3798218311)) ;
#3210=CARTESIAN_POINT('Control Point',(12.5151180807,-20.1810426348,-86.4463735253)) ;
#3211=CARTESIAN_POINT('Control Point',(12.493583331,-20.1920872972,-86.5145353861)) ;
#3212=CARTESIAN_POINT('Control Point',(12.4861019147,-20.1953619941,-86.5381573865)) ;
#3213=CARTESIAN_POINT('Control Point',(12.474781622,-20.1994703297,-86.5738056922)) ;
#3214=CARTESIAN_POINT('Control Point',(12.46329811,-20.2023549402,-86.6097851107)) ;
#3215=CARTESIAN_POINT('Control Point',(12.4594528862,-20.203179406,-86.6218108108)) ;
#3216=CARTESIAN_POINT('Control Point',(12.4536485669,-20.2042088614,-86.639927234)) ;
#3217=CARTESIAN_POINT('Control Point',(12.4478207065,-20.2049219407,-86.6580631161)) ;
#3218=CARTESIAN_POINT('Control Point',(12.4458743899,-20.2051242402,-86.6641137886)) ;
#3219=CARTESIAN_POINT('Control Point',(12.442000765,-20.2054577562,-86.6761440784)) ;
#3220=CARTESIAN_POINT('Control Point',(12.4380664694,-20.2056535437,-86.6883338952)) ;
#3221=CARTESIAN_POINT('Control Point',(12.4365699903,-20.2057087029,-86.6929724617)) ;
#3222=CARTESIAN_POINT('Control Point',(12.4343555628,-20.2057427292,-86.6998114581)) ;
#3223=CARTESIAN_POINT('Control Point',(12.4321414853,-20.2057317833,-86.7066504959)) ;
#3224=CARTESIAN_POINT('Vertex',(12.4312691073,-20.2057240793,-86.7063679275)) ;
#3228=CARTESIAN_POINT('Control Point',(12.4321414853,-20.2057317833,-86.7066504959)) ;
#3229=CARTESIAN_POINT('Control Point',(12.4036804302,-20.2055910787,-86.7945635125)) ;
#3230=CARTESIAN_POINT('Control Point',(12.3758917674,-20.1980218658,-86.8802287972)) ;
#3231=CARTESIAN_POINT('Control Point',(12.3487180753,-20.1835375231,-86.9641184097)) ;
#3232=CARTESIAN_POINT('Control Point',(12.3172748277,-20.1583851091,-87.0591073183)) ;
#3233=CARTESIAN_POINT('Control Point',(12.2924863004,-20.1334381081,-87.1325767162)) ;
#3234=CARTESIAN_POINT('Control Point',(12.2878933293,-20.1286076807,-87.1461358178)) ;
#3235=CARTESIAN_POINT('Control Point',(12.2818725067,-20.1220143111,-87.1639074066)) ;
#3236=CARTESIAN_POINT('Control Point',(12.2768095669,-20.1162153786,-87.1788341032)) ;
#3237=CARTESIAN_POINT('Control Point',(12.2753540303,-20.1145247798,-87.183125031)) ;
#3238=CARTESIAN_POINT('Control Point',(12.2733477091,-20.112171016,-87.1890288695)) ;
#3239=CARTESIAN_POINT('Control Point',(12.2715851644,-20.1100686405,-87.1942205172)) ;
#3240=CARTESIAN_POINT('Control Point',(12.2710281317,-20.1094004855,-87.1958622901)) ;
#3241=CARTESIAN_POINT('Control Point',(12.2702136707,-20.1084158797,-87.198269751)) ;
#3242=CARTESIAN_POINT('Control Point',(12.2694868837,-20.1075297104,-87.2004227664)) ;
#3243=CARTESIAN_POINT('Control Point',(12.269247825,-20.1072372261,-87.2011316744)) ;
#3244=CARTESIAN_POINT('Control Point',(12.2689498136,-20.1068725884,-87.2020142367)) ;
#3245=CARTESIAN_POINT('Control Point',(12.2686353039,-20.1064857858,-87.2029478934)) ;
#3246=CARTESIAN_POINT('Control Point',(12.2685117689,-20.1063336056,-87.2033149167)) ;
#3247=CARTESIAN_POINT('Control Point',(12.2682686138,-20.1060329366,-87.2040391827)) ;
#3248=CARTESIAN_POINT('Control Point',(12.268025463,-20.1057317222,-87.2047632235)) ;
#3249=CARTESIAN_POINT('Control Point',(12.2684216081,-20.106224287,-87.2035796457)) ;
#3250=CARTESIAN_POINT('Control Point',(12.2681058088,-20.1058321305,-87.2045227572)) ;
#3251=CARTESIAN_POINT('Control Point',(12.2677900167,-20.105439049,-87.2054654855)) ;
#3252=CARTESIAN_POINT('Vertex',(12.26694487,-20.1054323104,-87.2051796051)) ;
#3256=CARTESIAN_POINT('Control Point',(12.2677900167,-20.105439049,-87.2054654855)) ;
#3257=CARTESIAN_POINT('Control Point',(12.2471479964,-20.0797449403,-87.2670877239)) ;
#3258=CARTESIAN_POINT('Control Point',(12.2272638435,-20.0504430966,-87.3262548367)) ;
#3259=CARTESIAN_POINT('Control Point',(12.2082156081,-20.0178696217,-87.3827324459)) ;
#3260=CARTESIAN_POINT('Control Point',(12.1843916424,-19.9713847239,-87.4529142788)) ;
#3261=CARTESIAN_POINT('Control Point',(12.1623749906,-19.9211208224,-87.5173325865)) ;
#3262=CARTESIAN_POINT('Control Point',(12.1572101431,-19.9088830656,-87.5324214663)) ;
#3263=CARTESIAN_POINT('Control Point',(12.147270363,-19.8844805137,-87.5614115898)) ;
#3264=CARTESIAN_POINT('Control Point',(12.1377126583,-19.8592645815,-87.5892611209)) ;
#3265=CARTESIAN_POINT('Control Point',(12.1330186421,-19.846406837,-87.6028426646)) ;
#3266=CARTESIAN_POINT('Control Point',(12.1290762249,-19.8353192919,-87.6144096328)) ;
#3267=CARTESIAN_POINT('Control Point',(12.1242160576,-19.8210760445,-87.6285687803)) ;
#3268=CARTESIAN_POINT('Vertex',(12.123424771,-19.82107059,-87.6282919401)) ;
#3272=CARTESIAN_POINT('Control Point',(12.1242160576,-19.8210760445,-87.6285687803)) ;
#3273=CARTESIAN_POINT('Control Point',(12.0611562722,-19.6362725027,-87.8122811416)) ;
#3274=CARTESIAN_POINT('Control Point',(12.0163038638,-19.4010957136,-87.9466759701)) ;
#3275=CARTESIAN_POINT('Control Point',(11.9943031834,-19.1481291277,-88.0078455127)) ;
#3276=CARTESIAN_POINT('Control Point',(11.9960174201,-18.9022984771,-88.0078455127)) ;
#3277=CARTESIAN_POINT('Vertex',(11.9953518919,-18.9022932971,-88.0075424904)) ;
#3280=CARTESIAN_POINT('Line Origine',(-15.1459591538,-18.6910446403,-88.0078455127)) ;
#3284=CARTESIAN_POINT('Vertex',(7.85334419384,-18.8700548557,-88.0078455127)) ;
#3287=CARTESIAN_POINT('Axis2P3D Location',(7.85334419384,-18.8700548557,-86.7078455127)) ;
#3291=CARTESIAN_POINT('Vertex',(7.85334419384,-18.8700548557,-85.4078455127)) ;
#3294=CARTESIAN_POINT('Line Origine',(-15.1459591538,-18.6910446403,-85.4078455127)) ;
#3310=CARTESIAN_POINT('Axis2P3D Location',(7.85334419384,-18.8700548557,-86.7078455127)) ;
#3316=CARTESIAN_POINT('Control Point',(11.9960174201,-18.902298477,-88.0078455127)) ;
#3317=CARTESIAN_POINT('Control Point',(11.9973404457,-18.7464370904,-88.0078455127)) ;
#3318=CARTESIAN_POINT('Control Point',(12.0077671967,-18.5877313585,-87.9844854068)) ;
#3319=CARTESIAN_POINT('Control Point',(12.0268420057,-18.431274688,-87.9358842624)) ;
#3320=CARTESIAN_POINT('Control Point',(12.0574519018,-18.264619677,-87.8532374319)) ;
#3321=CARTESIAN_POINT('Control Point',(12.097397514,-18.1158547067,-87.7427329809)) ;
#3322=CARTESIAN_POINT('Control Point',(12.1021377163,-18.0989115024,-87.7295945803)) ;
#3323=CARTESIAN_POINT('Control Point',(12.1094221925,-18.073910846,-87.7093674681)) ;
#3324=CARTESIAN_POINT('Control Point',(12.1169886878,-18.0494941888,-87.6883229119)) ;
#3325=CARTESIAN_POINT('Control Point',(12.11954102,-18.0414244491,-87.6812211175)) ;
#3326=CARTESIAN_POINT('Control Point',(12.1234292735,-18.0293849646,-87.6703995684)) ;
#3327=CARTESIAN_POINT('Control Point',(12.1273682504,-18.0175522261,-87.65942579)) ;
#3328=CARTESIAN_POINT('Control Point',(12.1286888729,-18.013625442,-87.6557452912)) ;
#3329=CARTESIAN_POINT('Control Point',(12.1313091896,-18.0059080035,-87.6484390026)) ;
#3330=CARTESIAN_POINT('Control Point',(12.1340105326,-17.9981210128,-87.6409123554)) ;
#3331=CARTESIAN_POINT('Control Point',(12.1356387773,-17.9934664007,-87.6363566858)) ;
#3332=CARTESIAN_POINT('Control Point',(12.1368616442,-17.9900327981,-87.6329638406)) ;
#3333=CARTESIAN_POINT('Control Point',(12.1380843878,-17.9866150385,-87.6295550664)) ;
#3334=CARTESIAN_POINT('Vertex',(12.1373502022,-17.9866093806,-87.6292974676)) ;
#3338=CARTESIAN_POINT('Control Point',(12.1380843878,-17.9866150385,-87.6295550664)) ;
#3339=CARTESIAN_POINT('Control Point',(12.1571984872,-17.9331881412,-87.5762686299)) ;
#3340=CARTESIAN_POINT('Control Point',(12.178280613,-17.8818126614,-87.5172640503)) ;
#3341=CARTESIAN_POINT('Control Point',(12.1997184078,-17.8364985997,-87.456707539)) ;
#3342=CARTESIAN_POINT('Control Point',(12.2272142584,-17.7865913957,-87.3778684396)) ;
#3343=CARTESIAN_POINT('Control Point',(12.256463555,-17.7433483061,-87.2929952741)) ;
#3344=CARTESIAN_POINT('Control Point',(12.2599075842,-17.7383845545,-87.2829889771)) ;
#3345=CARTESIAN_POINT('Control Point',(12.2651134714,-17.7310751416,-87.2678441213)) ;
#3346=CARTESIAN_POINT('Control Point',(12.2703636675,-17.7239944219,-87.2525424954)) ;
#3347=CARTESIAN_POINT('Control Point',(12.2721193308,-17.7216590074,-87.2474226212)) ;
#3348=CARTESIAN_POINT('Control Point',(12.2751897065,-17.7176305176,-87.2384638697)) ;
#3349=CARTESIAN_POINT('Control Point',(12.2782915952,-17.7136605096,-87.2294056572)) ;
#3350=CARTESIAN_POINT('Control Point',(12.2796432314,-17.7119470804,-87.2254512551)) ;
#3351=CARTESIAN_POINT('Control Point',(12.2814047175,-17.7097441344,-87.2203103935)) ;
#3352=CARTESIAN_POINT('Control Point',(12.2831659879,-17.7075689085,-87.2151577119)) ;
#3353=CARTESIAN_POINT('Control Point',(12.2842154462,-17.7062820821,-87.212088942)) ;
#3354=CARTESIAN_POINT('Control Point',(12.2843665853,-17.7060974437,-87.2116470657)) ;
#3355=CARTESIAN_POINT('Control Point',(12.2845177227,-17.7059130089,-87.2112051039)) ;
#3356=CARTESIAN_POINT('Vertex',(12.2836789036,-17.7059068444,-87.2109211375)) ;
#3360=CARTESIAN_POINT('Control Point',(12.2845177227,-17.7059130089,-87.2112051039)) ;
#3361=CARTESIAN_POINT('Control Point',(12.2882034503,-17.701415275,-87.2004271636)) ;
#3362=CARTESIAN_POINT('Control Point',(12.2941927614,-17.6943290292,-87.1831036322)) ;
#3363=CARTESIAN_POINT('Control Point',(12.3023061026,-17.6852584392,-87.1596791455)) ;
#3364=CARTESIAN_POINT('Control Point',(12.3232484569,-17.6637263636,-87.0987757568)) ;
#3365=CARTESIAN_POINT('Control Point',(12.3489122138,-17.642424395,-87.0227189767)) ;
#3366=CARTESIAN_POINT('Control Point',(12.3646716834,-17.631516391,-86.9753678937)) ;
#3367=CARTESIAN_POINT('Control Point',(12.3858711117,-17.619983729,-86.9110537469)) ;
#3368=CARTESIAN_POINT('Control Point',(12.4078359532,-17.6124427647,-86.8437939106)) ;
#3369=CARTESIAN_POINT('Control Point',(12.413077177,-17.6108914006,-86.8277153779)) ;
#3370=CARTESIAN_POINT('Control Point',(12.4209826991,-17.6089300883,-86.8034264334)) ;
#3371=CARTESIAN_POINT('Control Point',(12.428970278,-17.6075298476,-86.778838882)) ;
#3372=CARTESIAN_POINT('Control Point',(12.431641814,-17.6071261821,-86.7706106983)) ;
#3373=CARTESIAN_POINT('Control Point',(12.4370122932,-17.6064472294,-86.7540606332)) ;
#3374=CARTESIAN_POINT('Control Point',(12.4423824902,-17.6060318925,-86.7374973238)) ;
#3375=CARTESIAN_POINT('Control Point',(12.4456276239,-17.6058746131,-86.7274915434)) ;
#3376=CARTESIAN_POINT('Control Point',(12.4480545638,-17.6058126547,-86.7199989522)) ;
#3377=CARTESIAN_POINT('Control Point',(12.4504810835,-17.6058046775,-86.7125061674)) ;
#3378=CARTESIAN_POINT('Vertex',(12.4496080395,-17.6057980389,-86.7122232414)) ;
#3382=CARTESIAN_POINT('Control Point',(12.4504810835,-17.6058046775,-86.7125061674)) ;
#3383=CARTESIAN_POINT('Control Point',(12.5093522809,-17.6056111378,-86.5307193866)) ;
#3384=CARTESIAN_POINT('Control Point',(12.5644737586,-17.6371831274,-86.3538757172)) ;
#3385=CARTESIAN_POINT('Control Point',(12.6152463187,-17.698690095,-86.1858638475)) ;
#3386=CARTESIAN_POINT('Control Point',(12.664561743,-17.7898893175,-86.0248476427)) ;
#3387=CARTESIAN_POINT('Control Point',(12.7048778497,-17.8966480139,-85.890508068)) ;
#3388=CARTESIAN_POINT('Control Point',(12.7088174806,-17.9074666638,-85.877343826)) ;
#3389=CARTESIAN_POINT('Control Point',(12.7145971651,-17.9239188822,-85.8579766734)) ;
#3390=CARTESIAN_POINT('Control Point',(12.7201482762,-17.9405972014,-85.8392724596)) ;
#3391=CARTESIAN_POINT('Control Point',(12.7219754237,-17.946188833,-85.8331027902)) ;
#3392=CARTESIAN_POINT('Control Point',(12.7246559079,-17.9545401835,-85.8240307176)) ;
#3393=CARTESIAN_POINT('Control Point',(12.7272981877,-17.9630091915,-85.8150463996)) ;
#3394=CARTESIAN_POINT('Control Point',(12.7281705587,-17.9658309236,-85.8120756124)) ;
#3395=CARTESIAN_POINT('Control Point',(12.7299550168,-17.9716638123,-85.8059864013)) ;
#3396=CARTESIAN_POINT('Control Point',(12.7316556547,-17.9773198678,-85.8001747229)) ;
#3397=CARTESIAN_POINT('Control Point',(12.7322044374,-17.979132828,-85.7983184838)) ;
#3398=CARTESIAN_POINT('Control Point',(12.7331902578,-17.982490371,-85.7949162825)) ;
#3399=CARTESIAN_POINT('Control Point',(12.7341759572,-17.9858634615,-85.7915295307)) ;
#3400=CARTESIAN_POINT('Vertex',(12.7334486942,-17.9858575619,-85.7913117915)) ;
#3404=CARTESIAN_POINT('Control Point',(12.7341759572,-17.9858634615,-85.7915295307)) ;
#3405=CARTESIAN_POINT('Control Point',(12.7876507098,-18.1688555395,-85.6077963246)) ;
#3406=CARTESIAN_POINT('Control Point',(12.8240981681,-18.4005804686,-85.4729427364)) ;
#3407=CARTESIAN_POINT('Control Point',(12.8417519876,-18.6568185153,-85.4078455127)) ;
#3408=CARTESIAN_POINT('Control Point',(12.8397162922,-18.9088652288,-85.4078455127)) ;
#3422=CARTESIAN_POINT('Control Point',(-14.2485668127,-24.8077054152,-80.8652542596)) ;
#3423=CARTESIAN_POINT('Control Point',(-14.5579593606,-25.7239110995,-79.2415748444)) ;
#3424=CARTESIAN_POINT('Control Point',(-14.7895914346,-26.6468324017,-77.6094653402)) ;
#3425=CARTESIAN_POINT('Control Point',(-14.9515265125,-27.5729979006,-75.973622759)) ;
#3426=CARTESIAN_POINT('Control Point',(-14.2421454648,-25.069818846,-81.0149751193)) ;
#3427=CARTESIAN_POINT('Control Point',(-14.5565121088,-25.9884553469,-79.3938118401)) ;
#3428=CARTESIAN_POINT('Control Point',(-14.7925052812,-26.913556242,-77.7638195871)) ;
#3429=CARTESIAN_POINT('Control Point',(-14.959315461,-27.8420808767,-76.1295465122)) ;
#3430=CARTESIAN_POINT('Control Point',(-13.9728957166,-25.5416026581,-81.2351608587)) ;
#3431=CARTESIAN_POINT('Control Point',(-14.288242006,-26.4645050527,-79.625741028)) ;
#3432=CARTESIAN_POINT('Control Point',(-14.5262767067,-27.3939234465,-78.0064447463)) ;
#3433=CARTESIAN_POINT('Control Point',(-14.6949697082,-28.3265580482,-76.3825563574)) ;
#3434=CARTESIAN_POINT('Control Point',(-13.4383426829,-25.728658774,-81.2406358247)) ;
#3435=CARTESIAN_POINT('Control Point',(-13.7453664585,-26.6478393371,-79.6451053097)) ;
#3436=CARTESIAN_POINT('Control Point',(-13.9761007881,-27.5734999427,-78.0391343499)) ;
#3437=CARTESIAN_POINT('Control Point',(-14.138236245,-28.5024944016,-76.4285261603)) ;
#3438=CARTESIAN_POINT('Control Point',(-13.2107940039,-25.7364846493,-81.201618455)) ;
#3439=CARTESIAN_POINT('Control Point',(-13.5143871834,-26.6524144128,-79.6110344227)) ;
#3440=CARTESIAN_POINT('Control Point',(-13.7420875735,-27.5750528549,-78.0099220729)) ;
#3441=CARTESIAN_POINT('Control Point',(-13.9015415524,-28.5009376653,-76.4040436728)) ;
#3443=CARTESIAN_POINT('Control Point',(-14.9458381703,-27.5963841255,-76.0561737385)) ;
#3444=CARTESIAN_POINT('Control Point',(-14.9339718025,-27.8479937798,-76.2000548683)) ;
#3445=CARTESIAN_POINT('Control Point',(-14.6791414366,-28.285849319,-76.4268908725)) ;
#3446=CARTESIAN_POINT('Control Point',(-14.1739009844,-28.4594289774,-76.476168861)) ;
#3447=CARTESIAN_POINT('Control Point',(-13.957144717,-28.4701269496,-76.4605407962)) ;
#3448=CARTESIAN_POINT('Vertex',(-13.9571447168,-28.4701269508,-76.4605407963)) ;
#3450=CARTESIAN_POINT('Vertex',(-14.9458381967,-27.596384277,-76.0561734757)) ;
#3454=CARTESIAN_POINT('Control Point',(-14.2552963384,-24.8883786589,-80.8426572637)) ;
#3455=CARTESIAN_POINT('Control Point',(-14.5574062872,-25.7857411133,-79.2538007378)) ;
#3456=CARTESIAN_POINT('Control Point',(-14.7850051302,-26.6894587421,-77.6568383904)) ;
#3457=CARTESIAN_POINT('Control Point',(-14.9458398236,-27.5963490515,-76.0561536816)) ;
#3458=CARTESIAN_POINT('Vertex',(-14.2552935869,-24.8884079955,-80.8426733094)) ;
#3462=CARTESIAN_POINT('Control Point',(-14.2552936034,-24.8884080456,-80.8426732223)) ;
#3463=CARTESIAN_POINT('Control Point',(-14.2317985608,-25.1336527996,-80.9794370677)) ;
#3464=CARTESIAN_POINT('Control Point',(-13.9734227055,-25.5608058139,-81.1762782266)) ;
#3465=CARTESIAN_POINT('Control Point',(-13.4873678193,-25.7436645041,-81.1891221038)) ;
#3466=CARTESIAN_POINT('Control Point',(-13.278834807,-25.7620624589,-81.1600480701)) ;
#3467=CARTESIAN_POINT('Vertex',(-13.2788348061,-25.7620624598,-81.1600480706)) ;
#3471=CARTESIAN_POINT('Control Point',(-13.278834807,-25.7620624589,-81.1600480701)) ;
#3472=CARTESIAN_POINT('Control Point',(-13.5752697559,-26.6594687011,-79.6017457955)) ;
#3473=CARTESIAN_POINT('Control Point',(-13.7989790636,-27.5632162333,-78.0334408457)) ;
#3474=CARTESIAN_POINT('Control Point',(-13.957144717,-28.4701269496,-76.4605407962)) ;
#3484=CARTESIAN_POINT('Control Point',(-14.9409442407,-27.5142002233,-76.0807403862)) ;
#3485=CARTESIAN_POINT('Control Point',(-15.1266648403,-28.5601184711,-74.2396587934)) ;
#3486=CARTESIAN_POINT('Control Point',(-15.2305102932,-29.4640537162,-72.307677633)) ;
#3487=CARTESIAN_POINT('Control Point',(-15.2335409673,-30.2098975996,-70.3140695505)) ;
#3488=CARTESIAN_POINT('Control Point',(-14.9478011457,-27.782403612,-76.236648226)) ;
#3489=CARTESIAN_POINT('Control Point',(-15.140592573,-28.8401081021,-74.3834905774)) ;
#3490=CARTESIAN_POINT('Control Point',(-15.2498155105,-29.7541470304,-72.4375365495)) ;
#3491=CARTESIAN_POINT('Control Point',(-15.2571763891,-30.5084337451,-70.4277650256)) ;
#3492=CARTESIAN_POINT('Control Point',(-14.683560969,-28.2648293041,-76.488985828)) ;
#3493=CARTESIAN_POINT('Control Point',(-14.8793917968,-29.3433414262,-74.6226823286)) ;
#3494=CARTESIAN_POINT('Control Point',(-14.9921895915,-30.2761646093,-72.6598654301)) ;
#3495=CARTESIAN_POINT('Control Point',(-15.0020355753,-31.0453103416,-70.6316671623)) ;
#3496=CARTESIAN_POINT('Control Point',(-14.1287600963,-28.4408408946,-76.5345156883)) ;
#3497=CARTESIAN_POINT('Control Point',(-14.3156314166,-29.5194885545,-74.673034582)) ;
#3498=CARTESIAN_POINT('Control Point',(-14.4212753977,-30.451738963,-72.7170453137)) ;
#3499=CARTESIAN_POINT('Control Point',(-14.426649124,-31.2208861783,-70.6973773133)) ;
#3500=CARTESIAN_POINT('Control Point',(-13.8928165157,-28.4399027815,-76.5100163682)) ;
#3501=CARTESIAN_POINT('Control Point',(-14.0760074154,-29.5139625239,-74.6534175998)) ;
#3502=CARTESIAN_POINT('Control Point',(-14.1786792412,-30.4421645194,-72.7038337197)) ;
#3503=CARTESIAN_POINT('Control Point',(-14.18222797,-31.2080387678,-70.6920072889)) ;
#3505=CARTESIAN_POINT('Control Point',(-14.2431835838,-31.1863772953,-70.7530003252)) ;
#3506=CARTESIAN_POINT('Control Point',(-14.3882841305,-31.1852897448,-70.7528910689)) ;
#3507=CARTESIAN_POINT('Control Point',(-14.5328779524,-31.1586840525,-70.7430171581)) ;
#3508=CARTESIAN_POINT('Control Point',(-14.6718046814,-31.1093820179,-70.7244436365)) ;
#3509=CARTESIAN_POINT('Control Point',(-14.8803817919,-30.9893835023,-70.6789492987)) ;
#3510=CARTESIAN_POINT('Control Point',(-15.0382582399,-30.8177735155,-70.6135614987)) ;
#3511=CARTESIAN_POINT('Control Point',(-15.0824198961,-30.7529328369,-70.5888180216)) ;
#3512=CARTESIAN_POINT('Control Point',(-15.1549255936,-30.6309789251,-70.5422531372)) ;
#3513=CARTESIAN_POINT('Control Point',(-15.2030809397,-30.4988662964,-70.4917309884)) ;
#3514=CARTESIAN_POINT('Control Point',(-15.2248736371,-30.4247636694,-70.4633791667)) ;
#3515=CARTESIAN_POINT('Control Point',(-15.2365454617,-30.3351589855,-70.4290555173)) ;
#3516=CARTESIAN_POINT('Control Point',(-15.2358905321,-30.245477351,-70.3946663918)) ;
#3517=CARTESIAN_POINT('Vertex',(-14.2431836447,-31.1863772948,-70.7530003252)) ;
#3519=CARTESIAN_POINT('Vertex',(-15.2358875908,-30.2450858078,-70.3956875332)) ;
#3523=CARTESIAN_POINT('Control Point',(-14.9458381967,-27.596384277,-76.0561734757)) ;
#3524=CARTESIAN_POINT('Control Point',(-15.1275685472,-28.6210946903,-74.247534172)) ;
#3525=CARTESIAN_POINT('Control Point',(-15.2301637169,-29.5089264718,-72.3514790737)) ;
#3526=CARTESIAN_POINT('Control Point',(-15.2358845864,-30.2446998389,-70.3955423328)) ;
#3529=CARTESIAN_POINT('Control Point',(-13.957144717,-28.4701269496,-76.4605407962)) ;
#3530=CARTESIAN_POINT('Control Point',(-14.0559041799,-29.0502811762,-75.4543830568)) ;
#3531=CARTESIAN_POINT('Control Point',(-14.1309856966,-29.5876534722,-74.4209848642)) ;
#3532=CARTESIAN_POINT('Control Point',(-14.1794253161,-30.0796247318,-73.3652193051)) ;
#3533=CARTESIAN_POINT('Vertex',(-14.1794253161,-30.0796247318,-73.3652193051)) ;
#3537=CARTESIAN_POINT('Control Point',(-14.1794731903,-30.0796235857,-73.3652209676)) ;
#3538=CARTESIAN_POINT('Control Point',(-14.218787713,-30.4789147183,-72.5083461583)) ;
#3539=CARTESIAN_POINT('Control Point',(-14.2405527135,-30.8482993691,-71.6367375198)) ;
#3540=CARTESIAN_POINT('Control Point',(-14.2431835838,-31.1863772953,-70.7530003252)) ;
#3550=CARTESIAN_POINT('Axis2P3D Location',(-15.145959154,-18.6910446403,-86.7078455127)) ;
#3555=CARTESIAN_POINT('Axis2P3D Location',(-8.1461711729,-18.7455260103,-86.7078455127)) ;
#3559=CARTESIAN_POINT('Vertex',(-8.1461711729,-18.7455260103,-88.0078455127)) ;
#3561=CARTESIAN_POINT('Vertex',(-8.1461711729,-18.7455260103,-85.4078455127)) ;
#3564=CARTESIAN_POINT('Line Origine',(-15.1459591538,-18.6910446403,-85.4078455127)) ;
#3568=CARTESIAN_POINT('Vertex',(-13.1319357089,-18.706720367,-85.4076404159)) ;
#3572=CARTESIAN_POINT('Control Point',(-13.1325602642,-18.7067155049,-85.4078455127)) ;
#3573=CARTESIAN_POINT('Control Point',(-13.1313784943,-18.5474523167,-85.4078455127)) ;
#3574=CARTESIAN_POINT('Control Point',(-13.1227609954,-18.3867500038,-85.4322360477)) ;
#3575=CARTESIAN_POINT('Control Point',(-13.1067171097,-18.22736988,-85.4829324837)) ;
#3576=CARTESIAN_POINT('Control Point',(-13.0811330803,-18.0614482401,-85.566788838)) ;
#3577=CARTESIAN_POINT('Control Point',(-13.0474171319,-17.9141715766,-85.6775422531)) ;
#3578=CARTESIAN_POINT('Control Point',(-13.0434679299,-17.8976323569,-85.6905137793)) ;
#3579=CARTESIAN_POINT('Control Point',(-13.0373972079,-17.8732452532,-85.7104493265)) ;
#3580=CARTESIAN_POINT('Control Point',(-13.031081514,-17.8494307676,-85.7311577039)) ;
#3581=CARTESIAN_POINT('Control Point',(-13.0289504118,-17.841561589,-85.7381411522)) ;
#3582=CARTESIAN_POINT('Control Point',(-13.0256979723,-17.8298078299,-85.748790222)) ;
#3583=CARTESIAN_POINT('Control Point',(-13.0224057255,-17.8182721932,-85.7595661237)) ;
#3584=CARTESIAN_POINT('Control Point',(-13.0213013915,-17.8144431453,-85.7631804265)) ;
#3585=CARTESIAN_POINT('Control Point',(-13.0191213238,-17.8069557274,-85.770316531)) ;
#3586=CARTESIAN_POINT('Control Point',(-13.0168575779,-17.7993526597,-85.7777110011)) ;
#3587=CARTESIAN_POINT('Control Point',(-13.0153936219,-17.7944813987,-85.7825104284)) ;
#3588=CARTESIAN_POINT('Control Point',(-13.0144206946,-17.7913025449,-85.7856710164)) ;
#3589=CARTESIAN_POINT('Control Point',(-13.0134478738,-17.7881373888,-85.7888452954)) ;
#3590=CARTESIAN_POINT('Vertex',(-13.0127587288,-17.7881427409,-85.7886392317)) ;
#3594=CARTESIAN_POINT('Control Point',(-13.0134478738,-17.7881373888,-85.7888452954)) ;
#3595=CARTESIAN_POINT('Control Point',(-12.9913784207,-17.7163325219,-85.8608571234)) ;
#3596=CARTESIAN_POINT('Control Point',(-12.9653369056,-17.6474447276,-85.9440809808)) ;
#3597=CARTESIAN_POINT('Control Point',(-12.935266124,-17.5843999897,-86.039350471)) ;
#3598=CARTESIAN_POINT('Control Point',(-12.8910566066,-17.5122191471,-86.1810152816)) ;
#3599=CARTESIAN_POINT('Control Point',(-12.842287467,-17.4617864289,-86.3369727538)) ;
#3600=CARTESIAN_POINT('Control Point',(-12.8288628636,-17.4499150067,-86.3798221011)) ;
#3601=CARTESIAN_POINT('Control Point',(-12.8079631443,-17.4345380342,-86.4463737991)) ;
#3602=CARTESIAN_POINT('Control Point',(-12.7864284698,-17.4234933859,-86.5145356624)) ;
#3603=CARTESIAN_POINT('Control Point',(-12.7789470789,-17.4202186941,-86.5381576625)) ;
#3604=CARTESIAN_POINT('Control Point',(-12.7676268261,-17.4161103658,-86.5738059678)) ;
#3605=CARTESIAN_POINT('Control Point',(-12.7561433546,-17.4132257628,-86.6097853857)) ;
#3606=CARTESIAN_POINT('Control Point',(-12.7522981444,-17.4124012995,-86.6218110855)) ;
#3607=CARTESIAN_POINT('Control Point',(-12.7464938454,-17.4113718478,-86.6399275085)) ;
#3608=CARTESIAN_POINT('Control Point',(-12.7406660055,-17.4106587722,-86.65806339)) ;
#3609=CARTESIAN_POINT('Control Point',(-12.7387196957,-17.4104564739,-86.6641140623)) ;
#3610=CARTESIAN_POINT('Control Point',(-12.7348460846,-17.4101229604,-86.6761443514)) ;
#3611=CARTESIAN_POINT('Control Point',(-12.7309118028,-17.4099271753,-86.6883341681)) ;
#3612=CARTESIAN_POINT('Control Point',(-12.7294153295,-17.4098720171,-86.6929727308)) ;
#3613=CARTESIAN_POINT('Control Point',(-12.7272009091,-17.4098379922,-86.6998117289)) ;
#3614=CARTESIAN_POINT('Control Point',(-12.7249868388,-17.4098489394,-86.7066507683)) ;
#3615=CARTESIAN_POINT('Vertex',(-12.724114461,-17.4098566434,-86.7063682008)) ;
#3619=CARTESIAN_POINT('Control Point',(-12.7249868388,-17.4098489394,-86.7066507683)) ;
#3620=CARTESIAN_POINT('Control Point',(-12.6965258658,-17.4099896618,-86.7945638371)) ;
#3621=CARTESIAN_POINT('Control Point',(-12.6687372827,-17.4175589007,-86.8802291718)) ;
#3622=CARTESIAN_POINT('Control Point',(-12.6415636717,-17.4320432753,-86.964118826)) ;
#3623=CARTESIAN_POINT('Control Point',(-12.6101205161,-17.4571957403,-87.0591077774)) ;
#3624=CARTESIAN_POINT('Control Point',(-12.5853320796,-17.4821427616,-87.1325771497)) ;
#3625=CARTESIAN_POINT('Control Point',(-12.5807391267,-17.4869731891,-87.1461362369)) ;
#3626=CARTESIAN_POINT('Control Point',(-12.5747183328,-17.4935665557,-87.1639077995)) ;
#3627=CARTESIAN_POINT('Control Point',(-12.5696554216,-17.4993654797,-87.1788344614)) ;
#3628=CARTESIAN_POINT('Control Point',(-12.5681998951,-17.5010560754,-87.1831253776)) ;
#3629=CARTESIAN_POINT('Control Point',(-12.566193587,-17.5034098334,-87.1890291969)) ;
#3630=CARTESIAN_POINT('Control Point',(-12.5644310554,-17.5055122017,-87.1942208232)) ;
#3631=CARTESIAN_POINT('Control Point',(-12.5638740269,-17.5061803542,-87.1958625887)) ;
#3632=CARTESIAN_POINT('Control Point',(-12.5630595725,-17.5071649561,-87.1982700384)) ;
#3633=CARTESIAN_POINT('Control Point',(-12.5623327919,-17.5080511209,-87.2004230418)) ;
#3634=CARTESIAN_POINT('Control Point',(-12.5620937354,-17.5083436038,-87.2011319457)) ;
#3635=CARTESIAN_POINT('Control Point',(-12.5617957271,-17.508708239,-87.2020145016)) ;
#3636=CARTESIAN_POINT('Control Point',(-12.5614812206,-17.5090950392,-87.2029481519)) ;
#3637=CARTESIAN_POINT('Control Point',(-12.5613576867,-17.5092472187,-87.2033151733)) ;
#3638=CARTESIAN_POINT('Control Point',(-12.5611145338,-17.5095478862,-87.2040394352)) ;
#3639=CARTESIAN_POINT('Control Point',(-12.5608713851,-17.5098490991,-87.2047634719)) ;
#3640=CARTESIAN_POINT('Control Point',(-12.5612675299,-17.5093565315,-87.203579888)) ;
#3641=CARTESIAN_POINT('Control Point',(-12.5609517318,-17.509748688,-87.2045229991)) ;
#3642=CARTESIAN_POINT('Control Point',(-12.5606359409,-17.5101417696,-87.2054657269)) ;
#3643=CARTESIAN_POINT('Vertex',(-12.5597907957,-17.5101485082,-87.2051798476)) ;
#3647=CARTESIAN_POINT('Control Point',(-12.5606359409,-17.5101417696,-87.2054657269)) ;
#3648=CARTESIAN_POINT('Control Point',(-12.5399939923,-17.5358358891,-87.2670879577)) ;
#3649=CARTESIAN_POINT('Control Point',(-12.5201099088,-17.5651377424,-87.3262550614)) ;
#3650=CARTESIAN_POINT('Control Point',(-12.5010617411,-17.5977112255,-87.3827326602)) ;
#3651=CARTESIAN_POINT('Control Point',(-12.4772378597,-17.6441961315,-87.4529144773)) ;
#3652=CARTESIAN_POINT('Control Point',(-12.4552212865,-17.6944600373,-87.5173327675)) ;
#3653=CARTESIAN_POINT('Control Point',(-12.4500564565,-17.7066977949,-87.532421643)) ;
#3654=CARTESIAN_POINT('Control Point',(-12.4401167122,-17.7311003479,-87.5614117579)) ;
#3655=CARTESIAN_POINT('Control Point',(-12.430559042,-17.7563162803,-87.58926128)) ;
#3656=CARTESIAN_POINT('Control Point',(-12.4258650449,-17.7691740249,-87.6028428195)) ;
#3657=CARTESIAN_POINT('Control Point',(-12.4219226421,-17.7802615692,-87.6144097832)) ;
#3658=CARTESIAN_POINT('Control Point',(-12.4170624925,-17.7945048162,-87.628568926)) ;
#3659=CARTESIAN_POINT('Vertex',(-12.4162712064,-17.7945102707,-87.6282920872)) ;
#3663=CARTESIAN_POINT('Control Point',(-12.4170624925,-17.7945048162,-87.628568926)) ;
#3664=CARTESIAN_POINT('Control Point',(-12.3540029336,-17.9793083603,-87.812281233)) ;
#3665=CARTESIAN_POINT('Control Point',(-12.3091506903,-18.2144851234,-87.9466760028)) ;
#3666=CARTESIAN_POINT('Control Point',(-12.2871500993,-18.4674516432,-88.0078455125)) ;
#3667=CARTESIAN_POINT('Control Point',(-12.2888643344,-18.7132822329,-88.0078455127)) ;
#3668=CARTESIAN_POINT('Vertex',(-12.2881988068,-18.7132874129,-88.0075424912)) ;
#3671=CARTESIAN_POINT('Line Origine',(-15.1459591538,-18.6910446403,-88.0078455127)) ;
#3687=CARTESIAN_POINT('Axis2P3D Location',(-8.1461711729,-18.7455260103,-86.7078455127)) ;
#3693=CARTESIAN_POINT('Control Point',(-12.2888643344,-18.7132822338,-88.0078455127)) ;
#3694=CARTESIAN_POINT('Control Point',(-12.2901873608,-18.8691436213,-88.0078455127)) ;
#3695=CARTESIAN_POINT('Control Point',(-12.3006140832,-19.0278493557,-87.9844854065)) ;
#3696=CARTESIAN_POINT('Control Point',(-12.3196888361,-19.1843060268,-87.9358842629)) ;
#3697=CARTESIAN_POINT('Control Point',(-12.3502986397,-19.3509610485,-87.8532374269)) ;
#3698=CARTESIAN_POINT('Control Point',(-12.3902441305,-19.4997260311,-87.7427329621)) ;
#3699=CARTESIAN_POINT('Control Point',(-12.394984318,-19.5166692363,-87.7295945603)) ;
#3700=CARTESIAN_POINT('Control Point',(-12.4022687718,-19.5416698941,-87.709367446)) ;
#3701=CARTESIAN_POINT('Control Point',(-12.4098352439,-19.5660865528,-87.6883228875)) ;
#3702=CARTESIAN_POINT('Control Point',(-12.4123875682,-19.574156293,-87.6812210923)) ;
#3703=CARTESIAN_POINT('Control Point',(-12.4162758098,-19.5861957784,-87.6703995418)) ;
#3704=CARTESIAN_POINT('Control Point',(-12.4202147746,-19.5980285177,-87.6594257621)) ;
#3705=CARTESIAN_POINT('Control Point',(-12.4215353931,-19.6019553021,-87.6557452629)) ;
#3706=CARTESIAN_POINT('Control Point',(-12.4241557016,-19.6096727408,-87.6484389737)) ;
#3707=CARTESIAN_POINT('Control Point',(-12.4268570363,-19.6174597321,-87.6409123254)) ;
#3708=CARTESIAN_POINT('Control Point',(-12.4284852777,-19.6221143477,-87.6363566522)) ;
#3709=CARTESIAN_POINT('Control Point',(-12.4297081403,-19.6255479489,-87.6329638081)) ;
#3710=CARTESIAN_POINT('Control Point',(-12.4309308796,-19.6289657072,-87.629555035)) ;
#3711=CARTESIAN_POINT('Vertex',(-12.4301966994,-19.628971365,-87.6292974391)) ;
#3715=CARTESIAN_POINT('Control Point',(-12.4309308796,-19.6289657072,-87.629555035)) ;
#3716=CARTESIAN_POINT('Control Point',(-12.4500449054,-19.6823925667,-87.5762686329)) ;
#3717=CARTESIAN_POINT('Control Point',(-12.4711269517,-19.7337680177,-87.5172640894)) ;
#3718=CARTESIAN_POINT('Control Point',(-12.4925646628,-19.779082056,-87.4567076185)) ;
#3719=CARTESIAN_POINT('Control Point',(-12.5200604122,-19.8289892465,-87.3778685595)) ;
#3720=CARTESIAN_POINT('Control Point',(-12.549309602,-19.8722323319,-87.2929954319)) ;
#3721=CARTESIAN_POINT('Control Point',(-12.5527536197,-19.8771960831,-87.2829891393)) ;
#3722=CARTESIAN_POINT('Control Point',(-12.5579594881,-19.8845054957,-87.2678442898)) ;
#3723=CARTESIAN_POINT('Control Point',(-12.5632096652,-19.8915862154,-87.2525426701)) ;
#3724=CARTESIAN_POINT('Control Point',(-12.5649653221,-19.8939216299,-87.2474227979)) ;
#3725=CARTESIAN_POINT('Control Point',(-12.5680356866,-19.8979501198,-87.2384640502)) ;
#3726=CARTESIAN_POINT('Control Point',(-12.5711375641,-19.9019201279,-87.2294058412)) ;
#3727=CARTESIAN_POINT('Control Point',(-12.5724891955,-19.9036335573,-87.2254514404)) ;
#3728=CARTESIAN_POINT('Control Point',(-12.5742506752,-19.9058365034,-87.2203105811)) ;
#3729=CARTESIAN_POINT('Control Point',(-12.5760119391,-19.9080117293,-87.2151579016)) ;
#3730=CARTESIAN_POINT('Control Point',(-12.5770613975,-19.9092985598,-87.2120891235)) ;
#3731=CARTESIAN_POINT('Control Point',(-12.5772125345,-19.9094831963,-87.2116472521)) ;
#3732=CARTESIAN_POINT('Control Point',(-12.5773636698,-19.9096676291,-87.2112052952)) ;
#3733=CARTESIAN_POINT('Vertex',(-12.5765248512,-19.9096737936,-87.2109213302)) ;
#3737=CARTESIAN_POINT('Control Point',(-12.5773636698,-19.9096676291,-87.2112052952)) ;
#3738=CARTESIAN_POINT('Control Point',(-12.5810493422,-19.9141653123,-87.2004274814)) ;
#3739=CARTESIAN_POINT('Control Point',(-12.5870386005,-19.9212515239,-87.183104048)) ;
#3740=CARTESIAN_POINT('Control Point',(-12.595151895,-19.9303221018,-87.159679622)) ;
#3741=CARTESIAN_POINT('Control Point',(-12.6160941494,-19.9518541734,-87.0987763307)) ;
#3742=CARTESIAN_POINT('Control Point',(-12.6417578113,-19.9731561748,-87.0227195852)) ;
#3743=CARTESIAN_POINT('Control Point',(-12.6575172324,-19.9840642051,-86.9753684942)) ;
#3744=CARTESIAN_POINT('Control Point',(-12.6787165972,-19.9955969027,-86.9110543244)) ;
#3745=CARTESIAN_POINT('Control Point',(-12.7006813738,-20.0031379005,-86.8437944579)) ;
#3746=CARTESIAN_POINT('Control Point',(-12.7059225838,-20.004689273,-86.8277159092)) ;
#3747=CARTESIAN_POINT('Control Point',(-12.7138280867,-20.0066505973,-86.8034269405)) ;
#3748=CARTESIAN_POINT('Control Point',(-12.7218156461,-20.008050849,-86.7788393642)) ;
#3749=CARTESIAN_POINT('Control Point',(-12.7244871756,-20.008454518,-86.770611172)) ;
#3750=CARTESIAN_POINT('Control Point',(-12.7298576418,-20.0091334774,-86.7540610899)) ;
#3751=CARTESIAN_POINT('Control Point',(-12.7352278257,-20.0095488206,-86.7374977633)) ;
#3752=CARTESIAN_POINT('Control Point',(-12.7384729495,-20.0097061036,-86.7274919739)) ;
#3753=CARTESIAN_POINT('Control Point',(-12.7408998838,-20.0097680646,-86.7199993739)) ;
#3754=CARTESIAN_POINT('Control Point',(-12.7433263979,-20.0097760443,-86.7125065804)) ;
#3755=CARTESIAN_POINT('Vertex',(-12.7424533544,-20.0097826828,-86.7122236549)) ;
#3759=CARTESIAN_POINT('Control Point',(-12.7433263979,-20.0097760443,-86.7125065804)) ;
#3760=CARTESIAN_POINT('Control Point',(-12.8021974587,-20.0099696435,-86.5307195883)) ;
#3761=CARTESIAN_POINT('Control Point',(-12.8573188057,-19.978397638,-86.3538756993)) ;
#3762=CARTESIAN_POINT('Control Point',(-12.9080912218,-19.9168906057,-86.1858636824)) ;
#3763=CARTESIAN_POINT('Control Point',(-12.9574065185,-19.825691226,-86.0248472928)) ;
#3764=CARTESIAN_POINT('Control Point',(-12.9977225091,-19.7189323304,-85.8905075923)) ;
#3765=CARTESIAN_POINT('Control Point',(-13.0016621284,-19.7081136618,-85.8773433403)) ;
#3766=CARTESIAN_POINT('Control Point',(-13.0074417948,-19.6916614152,-85.8579761737)) ;
#3767=CARTESIAN_POINT('Control Point',(-13.0129928884,-19.6749830669,-85.8392719468)) ;
#3768=CARTESIAN_POINT('Control Point',(-13.01482003,-19.6693914256,-85.8331022731)) ;
#3769=CARTESIAN_POINT('Control Point',(-13.0175005059,-19.6610400598,-85.8240301937)) ;
#3770=CARTESIAN_POINT('Control Point',(-13.0201427771,-19.6525710368,-85.8150458698)) ;
#3771=CARTESIAN_POINT('Control Point',(-13.0210151453,-19.6497492997,-85.8120750806)) ;
#3772=CARTESIAN_POINT('Control Point',(-13.0227995971,-19.6439164021,-85.8059858671)) ;
#3773=CARTESIAN_POINT('Control Point',(-13.0245002296,-19.6382603363,-85.8001741847)) ;
#3774=CARTESIAN_POINT('Control Point',(-13.0250490132,-19.6364473648,-85.7983179362)) ;
#3775=CARTESIAN_POINT('Control Point',(-13.0260348292,-19.6330898198,-85.7949157368)) ;
#3776=CARTESIAN_POINT('Control Point',(-13.0270205242,-19.6297167273,-85.791528987)) ;
#3777=CARTESIAN_POINT('Vertex',(-13.0262932589,-19.6297226269,-85.7913112481)) ;
#3781=CARTESIAN_POINT('Control Point',(-13.0270205242,-19.6297167273,-85.791528987)) ;
#3782=CARTESIAN_POINT('Control Point',(-13.0804949951,-19.4467246799,-85.6077960261)) ;
#3783=CARTESIAN_POINT('Control Point',(-13.1169422475,-19.214999892,-85.4729426461)) ;
#3784=CARTESIAN_POINT('Control Point',(-13.1345959584,-18.9587620436,-85.4078455129)) ;
#3785=CARTESIAN_POINT('Control Point',(-13.1325602642,-18.7067155059,-85.4078455127)) ;
#3798=CARTESIAN_POINT('Axis2P3D Location',(-14.2394218857,-30.703064999,-69.1727035632)) ;
#3804=CARTESIAN_POINT('Control Point',(-15.2376164908,-30.4672155683,-69.7993297638)) ;
#3805=CARTESIAN_POINT('Control Point',(-15.2395313221,-30.7132338156,-69.8888757951)) ;
#3806=CARTESIAN_POINT('Control Point',(-15.1336510495,-30.9585756745,-69.9778702867)) ;
#3807=CARTESIAN_POINT('Control Point',(-14.9498706494,-31.1339696096,-70.0411859118)) ;
#3808=CARTESIAN_POINT('Vertex',(-15.2376164908,-30.4672155683,-69.7993297638)) ;
#3810=CARTESIAN_POINT('Vertex',(-14.9498706493,-31.1339696095,-70.0411859117)) ;
#3814=CARTESIAN_POINT('Control Point',(-14.9498706494,-31.1339696096,-70.0411859118)) ;
#3815=CARTESIAN_POINT('Control Point',(-14.7661122798,-31.3093425195,-70.1044939469)) ;
#3816=CARTESIAN_POINT('Control Point',(-14.506736223,-31.4126253045,-70.1413499074)) ;
#3817=CARTESIAN_POINT('Control Point',(-14.2449604565,-31.4146627808,-70.1413499074)) ;
#3818=CARTESIAN_POINT('Vertex',(-14.2449604565,-31.4146627808,-70.1413499074)) ;
#3821=CARTESIAN_POINT('Line Origine',(-14.2466414094,-31.6427298868,-69.5147237033)) ;
#3825=CARTESIAN_POINT('Vertex',(-14.2809832574,-36.0549842024,-57.3917874182)) ;
#3829=CARTESIAN_POINT('Control Point',(-14.2809832574,-36.0549842027,-57.3917874184)) ;
#3830=CARTESIAN_POINT('Control Point',(-14.5427905877,-36.0529696464,-57.3917958497)) ;
#3831=CARTESIAN_POINT('Control Point',(-14.8022072038,-35.9496842384,-57.3549390495)) ;
#3832=CARTESIAN_POINT('Control Point',(-14.9859876045,-35.7742903028,-57.2916234242)) ;
#3833=CARTESIAN_POINT('Vertex',(-14.9860077498,-35.7742710762,-57.2916164836)) ;
#3836=CARTESIAN_POINT('Axis2P3D Location',(-14.2737637344,-35.115319315,-57.0497672765)) ;
#3840=CARTESIAN_POINT('Vertex',(-15.2737334459,-35.1075362631,-57.0497672787)) ;
#3843=CARTESIAN_POINT('Line Origine',(-15.2393915973,-30.695281947,-69.1727035623)) ;
#3857=CARTESIAN_POINT('Axis2P3D Location',(-15.2180401671,-27.9520418637,-66.7078455127)) ;
#3861=CARTESIAN_POINT('Vertex',(-15.218040168,-27.9520418633,-65.4078455135)) ;
#3863=CARTESIAN_POINT('Vertex',(-15.218040168,-27.9520418633,-68.0078455132)) ;
#3866=CARTESIAN_POINT('Line Origine',(14.7810511626,-28.1855334491,-68.0078455127)) ;
#3870=CARTESIAN_POINT('Vertex',(-11.2181613208,-27.9831740751,-68.0078455127)) ;
#3873=CARTESIAN_POINT('Axis2P3D Location',(-11.2181613208,-27.9831740751,-66.7078455127)) ;
#3877=CARTESIAN_POINT('Vertex',(-11.2181613208,-27.9831740751,-65.4078455127)) ;
#3880=CARTESIAN_POINT('Line Origine',(14.7810511626,-28.1855334491,-65.4078455127)) ;
#3893=CARTESIAN_POINT('Control Point',(-15.2180401671,-27.9520418637,-68.0078455127)) ;
#3894=CARTESIAN_POINT('Control Point',(-15.2212188208,-28.3604365387,-68.0078455127)) ;
#3895=CARTESIAN_POINT('Control Point',(-15.2243974745,-28.7688312137,-67.8474644412)) ;
#3896=CARTESIAN_POINT('Control Point',(-15.2269098817,-29.091626275,-67.5246596026)) ;
#3897=CARTESIAN_POINT('Control Point',(-15.2294063906,-29.4123787026,-66.7078455127)) ;
#3898=CARTESIAN_POINT('Control Point',(-15.2269098821,-29.091626275,-65.8910314228)) ;
#3899=CARTESIAN_POINT('Control Point',(-15.2243974751,-28.7688312137,-65.5682265842)) ;
#3900=CARTESIAN_POINT('Control Point',(-15.2212188215,-28.3604365387,-65.4078455127)) ;
#3901=CARTESIAN_POINT('Control Point',(-15.218040168,-27.9520418637,-65.4078455127)) ;
#3903=CARTESIAN_POINT('Axis2P3D Location',(-11.2181613208,-27.9831740751,-66.7078455127)) ;
#3916=CARTESIAN_POINT('Control Point',(-17.9468062215,-45.4532993828,-31.4925217044)) ;
#3917=CARTESIAN_POINT('Control Point',(-17.9307606489,-45.3810653006,-31.6913203179)) ;
#3918=CARTESIAN_POINT('Control Point',(-17.890137727,-45.3098561581,-31.887828574)) ;
#3919=CARTESIAN_POINT('Control Point',(-17.8255195341,-45.240792578,-32.0789552338)) ;
#3920=CARTESIAN_POINT('Control Point',(-17.7378714958,-45.1750441498,-32.261466329)) ;
#3921=CARTESIAN_POINT('Control Point',(-17.6284876697,-45.1136741531,-32.4324129397)) ;
#3922=CARTESIAN_POINT('Vertex',(-17.9468062215,-45.4532993828,-31.4925217044)) ;
#3924=CARTESIAN_POINT('Vertex',(-17.6284876697,-45.1136741531,-32.4324129397)) ;
#3928=CARTESIAN_POINT('Control Point',(-17.7735651885,-45.8119980714,-30.510739552)) ;
#3929=CARTESIAN_POINT('Control Point',(-17.8169758609,-45.7775190903,-30.6045386213)) ;
#3930=CARTESIAN_POINT('Control Point',(-17.8560976848,-45.7404568619,-30.7055266011)) ;
#3931=CARTESIAN_POINT('Control Point',(-17.8890913416,-45.7010404275,-30.8131135559)) ;
#3932=CARTESIAN_POINT('Control Point',(-17.9240290633,-45.644887983,-30.9666393563)) ;
#3933=CARTESIAN_POINT('Control Point',(-17.9434962712,-45.5859271582,-31.1282117026)) ;
#3934=CARTESIAN_POINT('Control Point',(-17.94751996,-45.5701136658,-31.1715715582)) ;
#3935=CARTESIAN_POINT('Control Point',(-17.9518137816,-45.5458760336,-31.2380700703)) ;
#3936=CARTESIAN_POINT('Control Point',(-17.953298999,-45.5213333643,-31.3054666981)) ;
#3937=CARTESIAN_POINT('Control Point',(-17.9534736196,-45.5129030735,-31.3286242961)) ;
#3938=CARTESIAN_POINT('Control Point',(-17.9532358227,-45.5002258823,-31.3634586228)) ;
#3939=CARTESIAN_POINT('Control Point',(-17.95222065,-45.487474957,-31.3985121493)) ;
#3940=CARTESIAN_POINT('Control Point',(-17.951795261,-45.4832174303,-31.4102183499)) ;
#3941=CARTESIAN_POINT('Control Point',(-17.9510203824,-45.4768046844,-31.4278532607)) ;
#3942=CARTESIAN_POINT('Control Point',(-17.950055813,-45.4703997978,-31.4454706351)) ;
#3943=CARTESIAN_POINT('Control Point',(-17.9497128222,-45.4682635723,-31.4513470231)) ;
#3944=CARTESIAN_POINT('Control Point',(-17.9491739114,-45.4650901271,-31.4600772518)) ;
#3945=CARTESIAN_POINT('Control Point',(-17.9485746619,-45.4618760975,-31.4689202724)) ;
#3946=CARTESIAN_POINT('Control Point',(-17.9483677532,-45.4607986086,-31.4718849835)) ;
#3947=CARTESIAN_POINT('Control Point',(-17.9479340278,-45.4586064212,-31.4779170614)) ;
#3948=CARTESIAN_POINT('Control Point',(-17.9474805085,-45.4564172635,-31.4839412385)) ;
#3949=CARTESIAN_POINT('Control Point',(-17.9472420748,-45.4552615106,-31.4871216459)) ;
#3950=CARTESIAN_POINT('Control Point',(-17.9470241482,-45.4542804467,-31.4898216752)) ;
#3951=CARTESIAN_POINT('Control Point',(-17.9468062215,-45.4532993828,-31.4925217044)) ;
#3952=CARTESIAN_POINT('Vertex',(-17.7735651885,-45.8119980714,-30.510739552)) ;
#3956=CARTESIAN_POINT('Control Point',(-17.0832927859,-46.1079799868,-29.7123211743)) ;
#3957=CARTESIAN_POINT('Control Point',(-17.2216485907,-46.0740262819,-29.8026468186)) ;
#3958=CARTESIAN_POINT('Control Point',(-17.3517679748,-46.034308397,-29.9089850635)) ;
#3959=CARTESIAN_POINT('Control Point',(-17.4716132071,-45.9890269025,-30.0308284369)) ;
#3960=CARTESIAN_POINT('Control Point',(-17.5910514301,-45.9324657426,-30.1836702013)) ;
#3961=CARTESIAN_POINT('Control Point',(-17.6904331948,-45.8708428914,-30.3508473094)) ;
#3962=CARTESIAN_POINT('Control Point',(-17.7016349921,-45.8636629819,-30.3703338146)) ;
#3963=CARTESIAN_POINT('Control Point',(-17.7180040321,-45.8528156902,-30.3997855693)) ;
#3964=CARTESIAN_POINT('Control Point',(-17.7337636731,-45.8418082897,-30.4296902373)) ;
#3965=CARTESIAN_POINT('Control Point',(-17.7389463146,-45.8381233455,-30.439703407)) ;
#3966=CARTESIAN_POINT('Control Point',(-17.7466475156,-45.832544193,-30.4548668577)) ;
#3967=CARTESIAN_POINT('Control Point',(-17.7541528557,-45.8269624327,-30.4700416612)) ;
#3968=CARTESIAN_POINT('Control Point',(-17.7566384108,-45.8250972615,-30.4751128711)) ;
#3969=CARTESIAN_POINT('Control Point',(-17.7602731534,-45.8223483377,-30.4825875241)) ;
#3970=CARTESIAN_POINT('Control Point',(-17.7639362855,-45.8195332991,-30.4902432132)) ;
#3971=CARTESIAN_POINT('Control Point',(-17.7651640187,-45.8185847177,-30.4928230867)) ;
#3972=CARTESIAN_POINT('Control Point',(-17.767678063,-45.8166311012,-30.4981366816)) ;
#3973=CARTESIAN_POINT('Control Point',(-17.7701733239,-45.8146761068,-30.503454464)) ;
#3974=CARTESIAN_POINT('Control Point',(-17.7715850464,-45.8135708017,-30.5064609848)) ;
#3975=CARTESIAN_POINT('Control Point',(-17.7725751174,-45.8127844365,-30.5086002684)) ;
#3976=CARTESIAN_POINT('Control Point',(-17.7735651885,-45.8119980714,-30.510739552)) ;
#3977=CARTESIAN_POINT('Vertex',(-17.0832927859,-46.1079799868,-29.7123211743)) ;
#3981=CARTESIAN_POINT('Control Point',(-16.0100840187,-46.2315814959,-29.3956883456)) ;
#3982=CARTESIAN_POINT('Control Point',(-16.1465583887,-46.2305182213,-29.3956912444)) ;
#3983=CARTESIAN_POINT('Control Point',(-16.2829492478,-46.2252098466,-29.4073588928)) ;
#3984=CARTESIAN_POINT('Control Point',(-16.4183733845,-46.2156866439,-29.4306270072)) ;
#3985=CARTESIAN_POINT('Control Point',(-16.5945656869,-46.1974143024,-29.4770606781)) ;
#3986=CARTESIAN_POINT('Control Point',(-16.7631552023,-46.1720831259,-29.5430503274)) ;
#3987=CARTESIAN_POINT('Control Point',(-16.8049621276,-46.1652850379,-29.5608333657)) ;
#3988=CARTESIAN_POINT('Control Point',(-16.8667448046,-46.1544576259,-29.5892593885)) ;
#3989=CARTESIAN_POINT('Control Point',(-16.9271569049,-46.1426707834,-29.6203506533)) ;
#3990=CARTESIAN_POINT('Control Point',(-16.9471838592,-46.1386265306,-29.6310335583)) ;
#3991=CARTESIAN_POINT('Control Point',(-16.9770215956,-46.1323901711,-29.6475292531)) ;
#3992=CARTESIAN_POINT('Control Point',(-17.0064075102,-46.1259408587,-29.6646196753)) ;
#3993=CARTESIAN_POINT('Control Point',(-17.0161629404,-46.1237649726,-29.6703890844)) ;
#3994=CARTESIAN_POINT('Control Point',(-17.0354310509,-46.1194017841,-29.6819644586)) ;
#3995=CARTESIAN_POINT('Control Point',(-17.054716251,-46.1148848597,-29.6939618404)) ;
#3996=CARTESIAN_POINT('Control Point',(-17.0645697748,-46.1125342497,-29.7002091873)) ;
#3997=CARTESIAN_POINT('Control Point',(-17.0743921033,-46.1101642909,-29.70651036)) ;
#3998=CARTESIAN_POINT('Control Point',(-17.0832927859,-46.1079799868,-29.7123211743)) ;
#3999=CARTESIAN_POINT('Vertex',(-16.0100840189,-46.2315814959,-29.3956883453)) ;
#4002=CARTESIAN_POINT('Line Origine',(-19.9352115054,-46.2010310958,-29.3956883458)) ;
#4006=CARTESIAN_POINT('Vertex',(-23.8603389923,-46.1704806888,-29.3956883453)) ;
#4010=CARTESIAN_POINT('Control Point',(-14.2809832576,-36.0549842069,-57.3917874198)) ;
#4011=CARTESIAN_POINT('Control Point',(-14.2903629796,-37.2598110836,-54.0814524697)) ;
#4012=CARTESIAN_POINT('Control Point',(-14.6013194359,-38.4622419466,-50.7712514685)) ;
#4013=CARTESIAN_POINT('Control Point',(-15.2069458927,-39.6506872428,-47.4931731796)) ;
#4014=CARTESIAN_POINT('Control Point',(-16.8249850871,-41.7518857811,-41.6857527319)) ;
#4015=CARTESIAN_POINT('Control Point',(-19.3788136684,-43.7286938161,-36.200071334)) ;
#4016=CARTESIAN_POINT('Control Point',(-20.7062940074,-44.5836182065,-33.8228704967)) ;
#4017=CARTESIAN_POINT('Control Point',(-22.2008852925,-45.398730417,-31.5514759506)) ;
#4018=CARTESIAN_POINT('Control Point',(-23.8603389921,-46.170480695,-29.3956883479)) ;
#4020=CARTESIAN_POINT('Line Origine',(-12.2450210339,-31.4302288866,-70.1413499071)) ;
#4024=CARTESIAN_POINT('Vertex',(-10.2450816108,-31.4457949961,-70.1413498969)) ;
#4027=CARTESIAN_POINT('Line Origine',(-10.2628670614,-33.730876757,-63.8629491945)) ;
#4031=CARTESIAN_POINT('Vertex',(-10.2806525121,-36.0159585179,-57.584548492)) ;
#4035=CARTESIAN_POINT('Control Point',(-10.9379307649,-38.9014739771,-49.6428449656)) ;
#4036=CARTESIAN_POINT('Control Point',(-10.8241634009,-38.6493067002,-50.3380806545)) ;
#4037=CARTESIAN_POINT('Control Point',(-10.7089533629,-38.3676951103,-51.1142423282)) ;
#4038=CARTESIAN_POINT('Control Point',(-10.6038153072,-38.0637379287,-51.9515807739)) ;
#4039=CARTESIAN_POINT('Control Point',(-10.4394995152,-37.4900533385,-53.531232181)) ;
#4040=CARTESIAN_POINT('Control Point',(-10.3338025203,-36.8716853551,-55.2323929932)) ;
#4041=CARTESIAN_POINT('Control Point',(-10.3009400754,-36.59210457,-56.0012143439)) ;
#4042=CARTESIAN_POINT('Control Point',(-10.2829725489,-36.3065597645,-56.7861027004)) ;
#4043=CARTESIAN_POINT('Control Point',(-10.2806549297,-36.0159584993,-57.5845484912)) ;
#4044=CARTESIAN_POINT('Vertex',(-10.9379307649,-38.9014739771,-49.6428449656)) ;
#4048=CARTESIAN_POINT('Control Point',(-10.9379307649,-38.9014739771,-49.6428449656)) ;
#4049=CARTESIAN_POINT('Control Point',(-11.1624610056,-39.3756356944,-48.3353345112)) ;
#4050=CARTESIAN_POINT('Control Point',(-11.4335894783,-39.8460460016,-47.0371342137)) ;
#4051=CARTESIAN_POINT('Control Point',(-11.7514786081,-40.3123253654,-45.7492833271)) ;
#4052=CARTESIAN_POINT('Control Point',(-12.2070626074,-40.8895150042,-44.15377376)) ;
#4053=CARTESIAN_POINT('Control Point',(-12.7348447429,-41.4591370793,-42.5775114055)) ;
#4054=CARTESIAN_POINT('Control Point',(-12.8432652077,-41.5727340345,-42.2630973518)) ;
#4055=CARTESIAN_POINT('Control Point',(-13.1766246534,-41.9120749565,-41.3236655911)) ;
#4056=CARTESIAN_POINT('Control Point',(-13.535551112,-42.2484961284,-40.3917088156)) ;
#4057=CARTESIAN_POINT('Control Point',(-13.78537693,-42.4706462917,-39.7760325292)) ;
#4058=CARTESIAN_POINT('Control Point',(-14.3073785969,-42.9116733366,-38.5531950233)) ;
#4059=CARTESIAN_POINT('Control Point',(-14.8743545074,-43.3466381246,-37.3460512086)) ;
#4060=CARTESIAN_POINT('Control Point',(-15.1692010149,-43.5626670677,-36.7462296151)) ;
#4061=CARTESIAN_POINT('Control Point',(-15.8056171781,-44.0086390784,-35.5073597267)) ;
#4062=CARTESIAN_POINT('Control Point',(-16.487926734,-44.4456555864,-34.2921127609)) ;
#4063=CARTESIAN_POINT('Control Point',(-16.8558584957,-44.6708817983,-33.6654598069)) ;
#4064=CARTESIAN_POINT('Control Point',(-17.2359984218,-44.8935127904,-33.0456758881)) ;
#4065=CARTESIAN_POINT('Control Point',(-17.6284876697,-45.1136741531,-32.4324129397)) ;
#4082=CARTESIAN_POINT('Control Point',(-17.7137106422,-46.1153198882,-32.4374717295)) ;
#4083=CARTESIAN_POINT('Control Point',(-17.9335743254,-46.0958761713,-32.0757590579)) ;
#4084=CARTESIAN_POINT('Control Point',(-18.058103121,-46.0848634264,-31.6555984609)) ;
#4085=CARTESIAN_POINT('Control Point',(-18.0661593273,-46.0841509732,-31.2107200286)) ;
#4086=CARTESIAN_POINT('Control Point',(-17.8478050624,-46.1034612042,-30.361915535)) ;
#4087=CARTESIAN_POINT('Control Point',(-17.2398019422,-46.1572301595,-29.7326607031)) ;
#4088=CARTESIAN_POINT('Control Point',(-16.8573235229,-46.1910547639,-29.5078310244)) ;
#4089=CARTESIAN_POINT('Control Point',(-16.4351931792,-46.2283859993,-29.3956883452)) ;
#4090=CARTESIAN_POINT('Control Point',(-16.0131022023,-46.2657137532,-29.3956883453)) ;
#4091=CARTESIAN_POINT('Control Point',(-17.5780818186,-44.5261034315,-32.4294500281)) ;
#4092=CARTESIAN_POINT('Control Point',(-17.7957815259,-44.5070398032,-32.0675024384)) ;
#4093=CARTESIAN_POINT('Control Point',(-17.918287679,-44.4963128189,-31.6478158809)) ;
#4094=CARTESIAN_POINT('Control Point',(-17.9247634632,-44.4957470457,-31.2039958603)) ;
#4095=CARTESIAN_POINT('Control Point',(-17.7044597144,-44.5150422588,-30.3578315535)) ;
#4096=CARTESIAN_POINT('Control Point',(-17.0967175295,-44.5682662677,-29.7311633741)) ;
#4097=CARTESIAN_POINT('Control Point',(-16.7148815367,-44.6017057643,-29.507334279)) ;
#4098=CARTESIAN_POINT('Control Point',(-16.2936560725,-44.638594647,-29.3956883451)) ;
#4099=CARTESIAN_POINT('Control Point',(-15.8724693755,-44.6754801351,-29.3956883453)) ;
#4100=CARTESIAN_POINT('Control Point',(-17.4440802517,-42.9367412853,-32.4214276556)) ;
#4101=CARTESIAN_POINT('Control Point',(-17.6596261464,-42.9180501383,-32.0592617021)) ;
#4102=CARTESIAN_POINT('Control Point',(-17.7801239992,-42.9076021363,-31.6400591718)) ;
#4103=CARTESIAN_POINT('Control Point',(-17.7850340072,-42.907178281,-31.1973000324)) ;
#4104=CARTESIAN_POINT('Control Point',(-17.5628038661,-42.9264543016,-30.3537708743)) ;
#4105=CARTESIAN_POINT('Control Point',(-16.9553312081,-42.9791388747,-29.7296754816)) ;
#4106=CARTESIAN_POINT('Control Point',(-16.5741375693,-43.0121982406,-29.5068406394)) ;
#4107=CARTESIAN_POINT('Control Point',(-16.1538145971,-43.0486508883,-29.3956883451)) ;
#4108=CARTESIAN_POINT('Control Point',(-15.7335298045,-43.0851002254,-29.3956883453)) ;
#4109=CARTESIAN_POINT('Control Point',(-17.3116828214,-41.3472382236,-32.4134046352)) ;
#4110=CARTESIAN_POINT('Control Point',(-17.5250849998,-41.3289121782,-32.0510365667)) ;
#4111=CARTESIAN_POINT('Control Point',(-17.6435887095,-41.3187365963,-31.6323278408)) ;
#4112=CARTESIAN_POINT('Control Point',(-17.6469473534,-41.3184500572,-31.190631985)) ;
#4113=CARTESIAN_POINT('Control Point',(-17.4228135189,-41.3377028603,-30.349733018)) ;
#4114=CARTESIAN_POINT('Control Point',(-16.8156188175,-41.3898533359,-29.7281968267)) ;
#4115=CARTESIAN_POINT('Control Point',(-16.4350674635,-41.4225373848,-29.5063500403)) ;
#4116=CARTESIAN_POINT('Control Point',(-16.0156446454,-41.4585597112,-29.3956883451)) ;
#4117=CARTESIAN_POINT('Control Point',(-15.5962594305,-41.4945788086,-29.3956883453)) ;
#4118=CARTESIAN_POINT('Control Point',(-17.180867954,-39.7576021407,-32.4053810058)) ;
#4119=CARTESIAN_POINT('Control Point',(-17.3921364522,-39.7396340283,-32.0428267816)) ;
#4120=CARTESIAN_POINT('Control Point',(-17.5086600032,-39.7297245051,-31.6246214355)) ;
#4121=CARTESIAN_POINT('Control Point',(-17.5104814763,-39.7295708294,-31.1839912005)) ;
#4122=CARTESIAN_POINT('Control Point',(-17.2844662784,-39.7487965286,-30.3457175376)) ;
#4123=CARTESIAN_POINT('Control Point',(-16.677557811,-39.8004180857,-29.7267272234)) ;
#4124=CARTESIAN_POINT('Control Point',(-16.2976486759,-39.8327314798,-29.5058624207)) ;
#4125=CARTESIAN_POINT('Control Point',(-15.8791237205,-39.8683292102,-29.3956883452)) ;
#4126=CARTESIAN_POINT('Control Point',(-15.4606358031,-39.9039237908,-29.3956883453)) ;
#4127=CARTESIAN_POINT('Control Point',(-17.0516147808,-38.167835974,-32.3973567816)) ;
#4128=CARTESIAN_POINT('Control Point',(-17.2607595704,-38.1502188253,-32.0346320833)) ;
#4129=CARTESIAN_POINT('Control Point',(-17.3753167755,-38.1405691883,-31.6169395023)) ;
#4130=CARTESIAN_POINT('Control Point',(-17.3756150572,-38.1405440628,-31.1773771659)) ;
#4131=CARTESIAN_POINT('Control Point',(-17.147740469,-38.1597389014,-30.3417239952)) ;
#4132=CARTESIAN_POINT('Control Point',(-16.5411263707,-38.2108365681,-29.7252664902)) ;
#4133=CARTESIAN_POINT('Control Point',(-16.1618593947,-38.2427838267,-29.5053777211)) ;
#4134=CARTESIAN_POINT('Control Point',(-15.7442300589,-38.2779625089,-29.3956883453)) ;
#4135=CARTESIAN_POINT('Control Point',(-15.3266372068,-38.313138118,-29.3956883453)) ;
#4137=CARTESIAN_POINT('Control Point',(-17.6284870537,-45.1136741907,-32.4324158503)) ;
#4138=CARTESIAN_POINT('Control Point',(-17.5106697066,-43.7247184829,-32.4254050098)) ;
#4139=CARTESIAN_POINT('Control Point',(-17.3940886101,-42.3356529799,-32.418393664)) ;
#4140=CARTESIAN_POINT('Control Point',(-17.2787285826,-40.9464813077,-32.4113818305)) ;
#4141=CARTESIAN_POINT('Control Point',(-17.1645752828,-39.5572083189,-32.4043695332)) ;
#4142=CARTESIAN_POINT('Control Point',(-17.0516147808,-38.167835974,-32.3973567816)) ;
#4143=CARTESIAN_POINT('Vertex',(-17.0516147808,-38.167835974,-32.3973567816)) ;
#4147=CARTESIAN_POINT('Control Point',(-17.0516147808,-38.167835974,-32.3973567816)) ;
#4148=CARTESIAN_POINT('Control Point',(-17.2607595704,-38.1502188253,-32.0346320833)) ;
#4149=CARTESIAN_POINT('Control Point',(-17.3753167755,-38.1405691883,-31.6169395023)) ;
#4150=CARTESIAN_POINT('Control Point',(-17.3756150572,-38.1405440628,-31.1773771659)) ;
#4151=CARTESIAN_POINT('Control Point',(-17.147740469,-38.1597389014,-30.3417239952)) ;
#4152=CARTESIAN_POINT('Control Point',(-16.5411263707,-38.2108365681,-29.7252664902)) ;
#4153=CARTESIAN_POINT('Control Point',(-16.1618593947,-38.2427838267,-29.5053777211)) ;
#4154=CARTESIAN_POINT('Control Point',(-15.7442300589,-38.2779625089,-29.3956883453)) ;
#4155=CARTESIAN_POINT('Control Point',(-15.3266372068,-38.313138118,-29.3956883453)) ;
#4156=CARTESIAN_POINT('Vertex',(-15.3266372074,-38.3131381178,-29.3956883453)) ;
#4160=CARTESIAN_POINT('Control Point',(-16.0100840194,-46.231581496,-29.3956883453)) ;
#4161=CARTESIAN_POINT('Control Point',(-15.8700838389,-44.6481718233,-29.3956883453)) ;
#4162=CARTESIAN_POINT('Control Point',(-15.7317621009,-43.0646171735,-29.3956883453)) ;
#4163=CARTESIAN_POINT('Control Point',(-15.5950950688,-41.4809222962,-29.3956883453)) ;
#4164=CARTESIAN_POINT('Control Point',(-15.4600605831,-39.8970949749,-29.3956883453)) ;
#4165=CARTESIAN_POINT('Control Point',(-15.3266372068,-38.313138118,-29.3956883453)) ;
#4177=CARTESIAN_POINT('Axis2P3D Location',(-64.2852070924,-34.763281058,-57.4801515108)) ;
#4182=CARTESIAN_POINT('Axis2P3D Location',(-64.2697582644,-32.7784095208,-57.2188303005)) ;
#4186=CARTESIAN_POINT('Vertex',(-10.9018940867,-34.2714672235,-49.0332843249)) ;
#4188=CARTESIAN_POINT('Vertex',(-10.2587309167,-33.1994632867,-57.2137386293)) ;
#4191=CARTESIAN_POINT('Line Origine',(-10.9172340163,-36.2563418075,-49.2945888324)) ;
#4196=CARTESIAN_POINT('Line Origine',(-10.2741350375,-35.1843351722,-57.4750598404)) ;
#4209=CARTESIAN_POINT('Control Point',(-17.0516167703,-38.1678358377,-32.3973521803)) ;
#4210=CARTESIAN_POINT('Control Point',(-17.2607603079,-38.1502186949,-32.0346267175)) ;
#4211=CARTESIAN_POINT('Control Point',(-17.3753164576,-38.1405690488,-31.6169334738)) ;
#4212=CARTESIAN_POINT('Control Point',(-17.3756140378,-38.1405438953,-31.1773705795)) ;
#4213=CARTESIAN_POINT('Control Point',(-17.1477388927,-38.1597386455,-30.3417164237)) ;
#4214=CARTESIAN_POINT('Control Point',(-16.5411257259,-38.210836192,-29.7252580907)) ;
#4215=CARTESIAN_POINT('Control Point',(-16.1618595431,-38.2427833906,-29.5053689196)) ;
#4216=CARTESIAN_POINT('Control Point',(-15.7442311677,-38.2779620255,-29.3956791459)) ;
#4217=CARTESIAN_POINT('Control Point',(-15.3266392757,-38.313137609,-29.3956787868)) ;
#4218=CARTESIAN_POINT('Control Point',(-17.0317800655,-37.9238654196,-32.396123311)) ;
#4219=CARTESIAN_POINT('Control Point',(-17.2347204221,-37.8476237378,-32.0349827938)) ;
#4220=CARTESIAN_POINT('Control Point',(-17.3439355681,-37.7792598143,-31.6194675322)) ;
#4221=CARTESIAN_POINT('Control Point',(-17.3405226935,-37.7258045942,-31.182215175)) ;
#4222=CARTESIAN_POINT('Control Point',(-17.1092199682,-37.6593011907,-30.3500959961)) ;
#4223=CARTESIAN_POINT('Control Point',(-16.5063408671,-37.677717313,-29.7334466655)) ;
#4224=CARTESIAN_POINT('Control Point',(-16.1305563867,-37.7093655091,-29.5121253117)) ;
#4225=CARTESIAN_POINT('Control Point',(-15.7172950449,-37.7603563523,-29.3995835116)) ;
#4226=CARTESIAN_POINT('Control Point',(-15.3041730396,-37.8247386757,-29.3956841402)) ;
#4227=CARTESIAN_POINT('Control Point',(-16.991221789,-37.6806911857,-32.4307612084)) ;
#4228=CARTESIAN_POINT('Control Point',(-17.1814835849,-37.5480004712,-32.0820213596)) ;
#4229=CARTESIAN_POINT('Control Point',(-17.2798678123,-37.4230017054,-31.6801775165)) ;
#4230=CARTESIAN_POINT('Control Point',(-17.2690495676,-37.3177569506,-31.2560540531)) ;
#4231=CARTESIAN_POINT('Control Point',(-17.0312325859,-37.1673763476,-30.4445994893)) ;
#4232=CARTESIAN_POINT('Control Point',(-16.4365731034,-37.1518089335,-29.83248685)) ;
#4233=CARTESIAN_POINT('Control Point',(-16.0681804747,-37.1816625188,-29.6081130656)) ;
#4234=CARTESIAN_POINT('Control Point',(-15.6640447884,-37.2463069298,-29.4870160464)) ;
#4235=CARTESIAN_POINT('Control Point',(-15.260147134,-37.337402712,-29.4702740584)) ;
#4236=CARTESIAN_POINT('Control Point',(-16.9309249543,-37.4469191394,-32.5010977166)) ;
#4237=CARTESIAN_POINT('Control Point',(-17.1032654262,-37.2659653274,-32.1745419718)) ;
#4238=CARTESIAN_POINT('Control Point',(-17.1864609569,-37.0924334125,-31.7967574695)) ;
#4239=CARTESIAN_POINT('Control Point',(-17.1653616758,-36.9421871084,-31.3956042956)) ;
#4240=CARTESIAN_POINT('Control Point',(-16.9186935765,-36.7165750086,-30.6207187731)) ;
#4241=CARTESIAN_POINT('Control Point',(-16.3358431626,-36.6644905017,-30.0184137471)) ;
#4242=CARTESIAN_POINT('Control Point',(-15.9779156654,-36.6881137947,-29.7901687833)) ;
#4243=CARTESIAN_POINT('Control Point',(-15.5866206652,-36.7592818502,-29.6560625985)) ;
#4244=CARTESIAN_POINT('Control Point',(-15.1956488737,-36.8683591901,-29.6190100097)) ;
#4245=CARTESIAN_POINT('Control Point',(-16.7456833989,-36.9225494132,-32.7483385565)) ;
#4246=CARTESIAN_POINT('Control Point',(-16.8696108384,-36.6484596553,-32.4880269)) ;
#4247=CARTESIAN_POINT('Control Point',(-16.9123621191,-36.3810149581,-32.1819114859)) ;
#4248=CARTESIAN_POINT('Control Point',(-16.8642561551,-36.1420861317,-31.84978952)) ;
#4249=CARTESIAN_POINT('Control Point',(-16.5947616865,-35.7620763114,-31.1880741205)) ;
#4250=CARTESIAN_POINT('Control Point',(-16.0435905878,-35.61904202,-30.6256830375)) ;
#4251=CARTESIAN_POINT('Control Point',(-15.7133701579,-35.6174766688,-30.3930276385)) ;
#4252=CARTESIAN_POINT('Control Point',(-15.3559155697,-35.6862100815,-30.2283539278)) ;
#4253=CARTESIAN_POINT('Control Point',(-14.9989466241,-35.8149488667,-30.1387075476)) ;
#4254=CARTESIAN_POINT('Control Point',(-16.4857223984,-36.5262667861,-33.1557399525)) ;
#4255=CARTESIAN_POINT('Control Point',(-16.5571536968,-36.2113020465,-32.9789335443)) ;
#4256=CARTESIAN_POINT('Control Point',(-16.5573992136,-35.9020335472,-32.7629788383)) ;
#4257=CARTESIAN_POINT('Control Point',(-16.4817065458,-35.6201033392,-32.5193476356)) ;
#4258=CARTESIAN_POINT('Control Point',(-16.1897387079,-35.1520652899,-32.010808439)) ;
#4259=CARTESIAN_POINT('Control Point',(-15.6721217663,-34.9233558377,-31.5259307695)) ;
#4260=CARTESIAN_POINT('Control Point',(-15.3705149482,-34.8810456411,-31.3059750163)) ;
#4261=CARTESIAN_POINT('Control Point',(-15.0477039648,-34.9141096868,-31.1242963993)) ;
#4262=CARTESIAN_POINT('Control Point',(-14.7254368004,-35.0156390574,-30.9901546685)) ;
#4263=CARTESIAN_POINT('Control Point',(-16.3178766342,-36.3522858387,-33.4365731001)) ;
#4264=CARTESIAN_POINT('Control Point',(-16.3615761697,-36.0289285697,-33.3074993088)) ;
#4265=CARTESIAN_POINT('Control Point',(-16.3399830007,-35.7107185428,-33.1431212236)) ;
#4266=CARTESIAN_POINT('Control Point',(-16.2504589677,-35.4177603881,-32.9509935411)) ;
#4267=CARTESIAN_POINT('Control Point',(-15.9475467892,-34.9208335481,-32.5355166777)) ;
#4268=CARTESIAN_POINT('Control Point',(-15.4471370358,-34.6495426473,-32.1085870986)) ;
#4269=CARTESIAN_POINT('Control Point',(-15.1599186883,-34.5824469444,-31.9049880592)) ;
#4270=CARTESIAN_POINT('Control Point',(-14.8544151799,-34.5885262406,-31.7244050961)) ;
#4271=CARTESIAN_POINT('Control Point',(-14.5494539542,-34.6632478139,-31.5760357416)) ;
#4272=CARTESIAN_POINT('Control Point',(-16.1453718253,-36.2436890135,-33.7432424768)) ;
#4273=CARTESIAN_POINT('Control Point',(-16.1643985323,-35.9220240606,-33.6597449403)) ;
#4274=CARTESIAN_POINT('Control Point',(-16.1237430834,-35.6049950797,-33.5445118704)) ;
#4275=CARTESIAN_POINT('Control Point',(-16.0223325158,-35.3107595734,-33.4019953518)) ;
#4276=CARTESIAN_POINT('Control Point',(-15.7101924559,-34.8028009314,-33.0788419458)) ;
#4277=CARTESIAN_POINT('Control Point',(-15.2247727592,-34.5013373053,-32.7174217029)) ;
#4278=CARTESIAN_POINT('Control Point',(-14.9499361388,-34.4137716569,-32.5366026736)) ;
#4279=CARTESIAN_POINT('Control Point',(-14.6592638378,-34.3946706387,-32.3662838528)) ;
#4280=CARTESIAN_POINT('Control Point',(-14.3691098285,-34.4414027294,-32.2149659914)) ;
#4281=CARTESIAN_POINT('Control Point',(-15.9766827101,-36.2033352256,-34.0597241587)) ;
#4282=CARTESIAN_POINT('Control Point',(-15.9742584045,-35.8918731694,-34.018718271)) ;
#4283=CARTESIAN_POINT('Control Point',(-15.917316636,-35.5845860846,-33.9491861274)) ;
#4284=CARTESIAN_POINT('Control Point',(-15.8059002815,-35.2975169442,-33.8531961787)) ;
#4285=CARTESIAN_POINT('Control Point',(-15.4861464955,-34.7947769771,-33.6186597561)) ;
#4286=CARTESIAN_POINT('Control Point',(-15.0135401783,-34.4767943643,-33.3262086447)) ;
#4287=CARTESIAN_POINT('Control Point',(-14.7491607755,-34.3746161633,-33.1722621331)) ;
#4288=CARTESIAN_POINT('Control Point',(-14.470963143,-34.3347675547,-33.0188977858)) ;
#4289=CARTESIAN_POINT('Control Point',(-14.1932457938,-34.3560603044,-32.8735854085)) ;
#4291=CARTESIAN_POINT('Control Point',(-17.0516167703,-38.1678358377,-32.3973521803)) ;
#4292=CARTESIAN_POINT('Control Point',(-17.0317800655,-37.9238654196,-32.396123311)) ;
#4293=CARTESIAN_POINT('Control Point',(-16.991221789,-37.6806911857,-32.4307612084)) ;
#4294=CARTESIAN_POINT('Control Point',(-16.9309249543,-37.4469191394,-32.5010977166)) ;
#4295=CARTESIAN_POINT('Control Point',(-16.7456833989,-36.9225494132,-32.7483385565)) ;
#4296=CARTESIAN_POINT('Control Point',(-16.4857223984,-36.5262667861,-33.1557399525)) ;
#4297=CARTESIAN_POINT('Control Point',(-16.3178766342,-36.3522858387,-33.4365731001)) ;
#4298=CARTESIAN_POINT('Control Point',(-16.1453718253,-36.2436890135,-33.7432424768)) ;
#4299=CARTESIAN_POINT('Control Point',(-15.9766827101,-36.2033352256,-34.0597241587)) ;
#4300=CARTESIAN_POINT('Vertex',(-15.9766827101,-36.2033352256,-34.0597241587)) ;
#4304=CARTESIAN_POINT('Control Point',(-15.9766827101,-36.2033352256,-34.0597241587)) ;
#4305=CARTESIAN_POINT('Control Point',(-15.9742584045,-35.8918731694,-34.018718271)) ;
#4306=CARTESIAN_POINT('Control Point',(-15.917316636,-35.5845860846,-33.9491861274)) ;
#4307=CARTESIAN_POINT('Control Point',(-15.8059002815,-35.2975169442,-33.8531961787)) ;
#4308=CARTESIAN_POINT('Control Point',(-15.4861464955,-34.7947769771,-33.6186597561)) ;
#4309=CARTESIAN_POINT('Control Point',(-15.0135401783,-34.4767943643,-33.3262086447)) ;
#4310=CARTESIAN_POINT('Control Point',(-14.7491607755,-34.3746161633,-33.1722621331)) ;
#4311=CARTESIAN_POINT('Control Point',(-14.470963143,-34.3347675547,-33.0188977858)) ;
#4312=CARTESIAN_POINT('Control Point',(-14.1932457938,-34.3560603044,-32.8735854085)) ;
#4313=CARTESIAN_POINT('Vertex',(-14.1932457919,-34.3560600642,-32.8735835764)) ;
#4317=CARTESIAN_POINT('Control Point',(-14.3818290351,-34.5083672937,-32.1838356842)) ;
#4318=CARTESIAN_POINT('Control Point',(-14.3440614043,-34.4657860116,-32.3187060282)) ;
#4319=CARTESIAN_POINT('Control Point',(-14.3062270679,-34.4291799845,-32.4554378675)) ;
#4320=CARTESIAN_POINT('Control Point',(-14.2684201796,-34.3986434977,-32.5937104718)) ;
#4321=CARTESIAN_POINT('Control Point',(-14.2307312149,-34.3742510433,-32.7332006719)) ;
#4322=CARTESIAN_POINT('Control Point',(-14.1932457938,-34.3560603044,-32.8735854085)) ;
#4323=CARTESIAN_POINT('Vertex',(-14.3818297345,-34.50836724,-32.1838358631)) ;
#4327=CARTESIAN_POINT('Control Point',(-14.56898658,-34.7798837463,-31.5314777748)) ;
#4328=CARTESIAN_POINT('Control Point',(-14.5320747722,-34.7140755507,-31.6569561104)) ;
#4329=CARTESIAN_POINT('Control Point',(-14.4948042428,-34.65389417,-31.7852463178)) ;
#4330=CARTESIAN_POINT('Control Point',(-14.457275234,-34.5994763231,-31.9160353687)) ;
#4331=CARTESIAN_POINT('Control Point',(-14.4195854893,-34.5509359802,-32.049005254)) ;
#4332=CARTESIAN_POINT('Control Point',(-14.3818290785,-34.5083673427,-32.1838355291)) ;
#4333=CARTESIAN_POINT('Vertex',(-14.5689836574,-34.7798968307,-31.5314837775)) ;
#4337=CARTESIAN_POINT('Control Point',(-14.9156257357,-35.6503599793,-30.4135754831)) ;
#4338=CARTESIAN_POINT('Control Point',(-14.8524678192,-35.4367816062,-30.6049362087)) ;
#4339=CARTESIAN_POINT('Control Point',(-14.7853852012,-35.2412469525,-30.8147437508)) ;
#4340=CARTESIAN_POINT('Control Point',(-14.7152225687,-35.065674129,-31.0407336269)) ;
#4341=CARTESIAN_POINT('Control Point',(-14.6428222518,-34.9115216317,-31.2804801201)) ;
#4342=CARTESIAN_POINT('Control Point',(-14.56898658,-34.7798837462,-31.531477775)) ;
#4343=CARTESIAN_POINT('Vertex',(-14.9156254603,-35.650360092,-30.4135755182)) ;
#4347=CARTESIAN_POINT('Control Point',(-15.1838185575,-36.877031056,-29.662812515)) ;
#4348=CARTESIAN_POINT('Control Point',(-15.1560244633,-36.6990076068,-29.7314314745)) ;
#4349=CARTESIAN_POINT('Control Point',(-15.1255201988,-36.5255778839,-29.8105001238)) ;
#4350=CARTESIAN_POINT('Control Point',(-15.092507543,-36.3575823857,-29.8995644688)) ;
#4351=CARTESIAN_POINT('Control Point',(-15.0385320916,-36.1101101624,-30.0502208735)) ;
#4352=CARTESIAN_POINT('Control Point',(-14.9797561895,-35.878519146,-30.2216115289)) ;
#4353=CARTESIAN_POINT('Control Point',(-14.958872822,-35.8003578017,-30.2833273467)) ;
#4354=CARTESIAN_POINT('Control Point',(-14.9374843317,-35.7242782406,-30.3473466233)) ;
#4355=CARTESIAN_POINT('Control Point',(-14.9156257357,-35.6503599793,-30.4135754831)) ;
#4356=CARTESIAN_POINT('Vertex',(-15.1838234984,-36.8770229307,-29.6627934361)) ;
#4360=CARTESIAN_POINT('Control Point',(-15.3266392757,-38.313137609,-29.3956787868)) ;
#4361=CARTESIAN_POINT('Control Point',(-15.3130558671,-38.017844609,-29.3956820235)) ;
#4362=CARTESIAN_POINT('Control Point',(-15.291591138,-37.7229401866,-29.4229502822)) ;
#4363=CARTESIAN_POINT('Control Point',(-15.2624854088,-37.4322324326,-29.4773866376)) ;
#4364=CARTESIAN_POINT('Control Point',(-15.2263207404,-37.1492611107,-29.5578817662)) ;
#4365=CARTESIAN_POINT('Control Point',(-15.1838186545,-36.8770316771,-29.6628122756)) ;
#4378=CARTESIAN_POINT('Axis2P3D Location',(-64.2697582644,-32.7784095227,-57.2188303007)) ;
#4384=CARTESIAN_POINT('Control Point',(-8.91091653206,-32.3444295968,-48.4652527517)) ;
#4385=CARTESIAN_POINT('Control Point',(-9.11469687544,-32.3386675046,-48.4970370348)) ;
#4386=CARTESIAN_POINT('Control Point',(-9.31608922033,-32.3593598619,-48.531862782)) ;
#4387=CARTESIAN_POINT('Control Point',(-9.52050214214,-32.4080915563,-48.5708021551)) ;
#4388=CARTESIAN_POINT('Control Point',(-9.89911339793,-32.5524473991,-48.6499535512)) ;
#4389=CARTESIAN_POINT('Control Point',(-10.2170242015,-32.7793479785,-48.7301630153)) ;
#4390=CARTESIAN_POINT('Control Point',(-10.3692668578,-32.9222251757,-48.7730242423)) ;
#4391=CARTESIAN_POINT('Control Point',(-10.6517211462,-33.2655037045,-48.8627278376)) ;
#4392=CARTESIAN_POINT('Control Point',(-10.8192250097,-33.6516249266,-48.9396505051)) ;
#4393=CARTESIAN_POINT('Control Point',(-10.8734723761,-33.8567004865,-48.9749341973)) ;
#4394=CARTESIAN_POINT('Control Point',(-10.9002123987,-34.0717892736,-49.0070996878)) ;
#4395=CARTESIAN_POINT('Control Point',(-10.9017851883,-34.2714702701,-49.0332676221)) ;
#4396=CARTESIAN_POINT('Vertex',(-8.91091653203,-32.3444295943,-48.4652527514)) ;
#4399=CARTESIAN_POINT('Axis2P3D Location',(-8.25874698858,-33.2150545613,-57.2135500942)) ;
#4403=CARTESIAN_POINT('Vertex',(-8.24331405308,-31.2322248971,-56.9524977097)) ;
#4406=CARTESIAN_POINT('Axis2P3D Location',(-64.2543253289,-30.7955798585,-56.9577779163)) ;
#4418=CARTESIAN_POINT('Axis2P3D Location',(-59.5954804299,-32.8590377905,-56.8827510326)) ;
#4423=CARTESIAN_POINT('Axis2P3D Location',(-59.5954804299,-32.8590377905,-56.8827510326)) ;
#4428=CARTESIAN_POINT('Axis2P3D Location',(-59.5800474944,-30.8762081263,-56.6216986482)) ;
#4440=CARTESIAN_POINT('Axis2P3D Location',(-0.313101424285,-38.4299927998,-33.3956883453)) ;
#4445=CARTESIAN_POINT('Line Origine',(-0.313101423904,-38.4299927998,-29.3956883453)) ;
#4450=CARTESIAN_POINT('Line Origine',(-0.282235553488,-34.4643334715,-32.8735835764)) ;
#4454=CARTESIAN_POINT('Vertex',(15.2312838298,-34.5850796699,-32.8735835764)) ;
#4457=CARTESIAN_POINT('Axis2P3D Location',(15.2004179588,-38.5507389983,-33.3956883453)) ;
#4473=CARTESIAN_POINT('Axis2P3D Location',(-8.2647474599,-33.9802543092,-51.4011022646)) ;
#4478=CARTESIAN_POINT('Line Origine',(-10.2646868831,-33.9646882035,-51.4011022653)) ;
#4482=CARTESIAN_POINT('Vertex',(-10.2575478518,-33.0474626348,-58.3683331765)) ;
#4485=CARTESIAN_POINT('Axis2P3D Location',(-8.25760842859,-33.0630287405,-58.3683331765)) ;
#4490=CARTESIAN_POINT('Line Origine',(-8.24931452439,-31.9974246451,-51.1400498804)) ;
#4502=CARTESIAN_POINT('Axis2P3D Location',(-7.83977385451,-43.6250924954,-27.3956883453)) ;
#4507=CARTESIAN_POINT('Axis2P3D Location',(-7.83977385451,-43.6250924954,-26.3956883453)) ;
#4511=CARTESIAN_POINT('Vertex',(-7.81642469683,-40.6251833611,-26.3956883453)) ;
#4513=CARTESIAN_POINT('Vertex',(-7.86312301376,-46.6250016303,-26.3956883453)) ;
#4516=CARTESIAN_POINT('Line Origine',(-7.86312301306,-46.6250016302,-27.3956883457)) ;
#4520=CARTESIAN_POINT('Vertex',(-7.86312301348,-46.6250016296,-29.3956883453)) ;
#4523=CARTESIAN_POINT('Axis2P3D Location',(-7.83977385451,-43.6250924954,-29.3956883453)) ;
#4527=CARTESIAN_POINT('Vertex',(-7.81642469655,-40.6251833604,-29.3956883453)) ;
#4530=CARTESIAN_POINT('Line Origine',(-7.81642469596,-40.6251833606,-27.3956883457)) ;
#4542=CARTESIAN_POINT('Axis2P3D Location',(-7.83977385451,-43.6250924954,-26.3956883453)) ;
#4547=CARTESIAN_POINT('Axis2P3D Location',(-7.83977385451,-43.6250924954,-29.3956883453)) ;
#4559=CARTESIAN_POINT('Axis2P3D Location',(7.15977181929,-43.7418382881,-27.3956883453)) ;
#4564=CARTESIAN_POINT('Axis2P3D Location',(7.15977181929,-43.7418382881,-26.3956883453)) ;
#4568=CARTESIAN_POINT('Vertex',(7.18312097794,-40.7419291534,-26.3956883453)) ;
#4570=CARTESIAN_POINT('Vertex',(7.13642266101,-46.7417474226,-26.3956883453)) ;
#4573=CARTESIAN_POINT('Line Origine',(7.13642266074,-46.7417474229,-27.3956883457)) ;
#4577=CARTESIAN_POINT('Vertex',(7.13642266129,-46.7417474219,-29.3956883453)) ;
#4580=CARTESIAN_POINT('Axis2P3D Location',(7.15977181929,-43.7418382881,-29.3956883453)) ;
#4584=CARTESIAN_POINT('Vertex',(7.18312097822,-40.7419291528,-29.3956883453)) ;
#4587=CARTESIAN_POINT('Line Origine',(7.18312097784,-40.7419291533,-27.3956883457)) ;
#4599=CARTESIAN_POINT('Axis2P3D Location',(7.15977181929,-43.7418382881,-26.3956883453)) ;
#4604=CARTESIAN_POINT('Axis2P3D Location',(7.15977181929,-43.7418382881,-29.3956883453)) ;
#4616=CARTESIAN_POINT('Axis2P3D Location',(15.2285226192,-34.93984098,-45.5014174272)) ;
#4621=CARTESIAN_POINT('Line Origine',(17.2284620424,-34.9554070858,-45.5014174264)) ;
#4625=CARTESIAN_POINT('Vertex',(17.2207517609,-35.9460271042,-37.9766834352)) ;
#4627=CARTESIAN_POINT('Vertex',(17.2157903166,-36.5834754398,-33.1346359609)) ;
#4630=CARTESIAN_POINT('Axis2P3D Location',(15.2158508934,-36.567909334,-33.1346359614)) ;
#4635=CARTESIAN_POINT('Line Origine',(15.2439555547,-32.957011316,-45.2403650414)) ;
#4639=CARTESIAN_POINT('Vertex',(15.2400262314,-33.4618523342,-41.4055999249)) ;
#4643=CARTESIAN_POINT('Control Point',(15.2400262307,-33.4618524284,-41.4055999369)) ;
#4644=CARTESIAN_POINT('Control Point',(15.3354807561,-33.4881633267,-41.2113979719)) ;
#4645=CARTESIAN_POINT('Control Point',(15.4298917491,-33.5195208147,-41.0226165819)) ;
#4646=CARTESIAN_POINT('Control Point',(15.5270987775,-33.557400279,-40.8314476954)) ;
#4647=CARTESIAN_POINT('Control Point',(15.6279678765,-33.602524754,-40.6357005189)) ;
#4648=CARTESIAN_POINT('Control Point',(15.7253350532,-33.6520896708,-40.4497737819)) ;
#4649=CARTESIAN_POINT('Control Point',(15.7354832521,-33.6573229982,-40.4304295306)) ;
#4650=CARTESIAN_POINT('Control Point',(15.7506727884,-33.6652576252,-40.4015270361)) ;
#4651=CARTESIAN_POINT('Control Point',(15.7657348939,-33.6732760355,-40.3729425065)) ;
#4652=CARTESIAN_POINT('Control Point',(15.7707474534,-33.6759614027,-40.3634383442)) ;
#4653=CARTESIAN_POINT('Control Point',(15.7781893934,-33.6799725943,-40.3493399492)) ;
#4654=CARTESIAN_POINT('Control Point',(15.7856619535,-33.6840373896,-40.3352047304)) ;
#4655=CARTESIAN_POINT('Control Point',(15.7881460753,-33.6853926299,-40.3305080019)) ;
#4656=CARTESIAN_POINT('Control Point',(15.7932492186,-33.6881857117,-40.320865235)) ;
#4657=CARTESIAN_POINT('Control Point',(15.7981733486,-33.6908977128,-40.3115671528)) ;
#4658=CARTESIAN_POINT('Control Point',(15.7998394145,-33.6918174528,-40.3084165392)) ;
#4659=CARTESIAN_POINT('Control Point',(15.8027096562,-33.6934061228,-40.3030073696)) ;
#4660=CARTESIAN_POINT('Control Point',(15.805578256,-33.6950001435,-40.297598906)) ;
#4661=CARTESIAN_POINT('Vertex',(15.805578256,-33.6950001435,-40.297598906)) ;
#4665=CARTESIAN_POINT('Control Point',(15.805578256,-33.6950001435,-40.297598906)) ;
#4666=CARTESIAN_POINT('Control Point',(15.9038070059,-33.7495837992,-40.1123982297)) ;
#4667=CARTESIAN_POINT('Control Point',(16.0006469788,-33.8099467241,-39.9330220166)) ;
#4668=CARTESIAN_POINT('Control Point',(16.0986509429,-33.8782667057,-39.7546123525)) ;
#4669=CARTESIAN_POINT('Control Point',(16.2013418891,-33.9580040071,-39.5704402062)) ;
#4670=CARTESIAN_POINT('Control Point',(16.3000221246,-34.0440038135,-39.3966613817)) ;
#4671=CARTESIAN_POINT('Control Point',(16.31036122,-34.0531223774,-39.3784907302)) ;
#4672=CARTESIAN_POINT('Control Point',(16.325828531,-34.0669282742,-39.3513652471)) ;
#4673=CARTESIAN_POINT('Control Point',(16.3411509634,-34.0808519736,-39.3245733954)) ;
#4674=CARTESIAN_POINT('Control Point',(16.3462485486,-34.0855122034,-39.315669045)) ;
#4675=CARTESIAN_POINT('Control Point',(16.3538124994,-34.0924677889,-39.3024680431)) ;
#4676=CARTESIAN_POINT('Control Point',(16.3614077518,-34.0995142893,-39.2892364663)) ;
#4677=CARTESIAN_POINT('Control Point',(16.3639326151,-34.1018633921,-39.2848405528)) ;
#4678=CARTESIAN_POINT('Control Point',(16.3691231335,-34.1067077804,-39.2758108291)) ;
#4679=CARTESIAN_POINT('Control Point',(16.3741218653,-34.1114018724,-39.2671193764)) ;
#4680=CARTESIAN_POINT('Control Point',(16.3757960583,-34.1129777212,-39.2641987981)) ;
#4681=CARTESIAN_POINT('Control Point',(16.3787208362,-34.1157374737,-39.2591298398)) ;
#4682=CARTESIAN_POINT('Control Point',(16.3816409443,-34.1185037342,-39.254061743)) ;
#4683=CARTESIAN_POINT('Vertex',(16.3816409443,-34.1185037342,-39.254061743)) ;
#4687=CARTESIAN_POINT('Control Point',(16.3816409443,-34.1185037342,-39.254061743)) ;
#4688=CARTESIAN_POINT('Control Point',(16.4816048705,-34.2132010028,-39.0805658183)) ;
#4689=CARTESIAN_POINT('Control Point',(16.5783219329,-34.31602818,-38.9163415676)) ;
#4690=CARTESIAN_POINT('Control Point',(16.6721638852,-34.4289595789,-38.7605139969)) ;
#4691=CARTESIAN_POINT('Control Point',(16.7682852497,-34.5612442731,-38.6041375121)) ;
#4692=CARTESIAN_POINT('Control Point',(16.8552931741,-34.702337186,-38.4665353303)) ;
#4693=CARTESIAN_POINT('Control Point',(16.8641797241,-34.7170012851,-38.4525279196)) ;
#4694=CARTESIAN_POINT('Control Point',(16.8773784574,-34.7391728825,-38.4317991568)) ;
#4695=CARTESIAN_POINT('Control Point',(16.8903106316,-34.761493877,-38.4115895668)) ;
#4696=CARTESIAN_POINT('Control Point',(16.8945967368,-34.7689603564,-38.4049029542)) ;
#4697=CARTESIAN_POINT('Control Point',(16.9009337715,-34.7800999654,-38.3950306519)) ;
#4698=CARTESIAN_POINT('Control Point',(16.9072573513,-34.7913710597,-38.3852123574)) ;
#4699=CARTESIAN_POINT('Control Point',(16.9093551521,-34.7951269375,-38.3819588438)) ;
#4700=CARTESIAN_POINT('Control Point',(16.9136556354,-34.8028648597,-38.3752997259)) ;
#4701=CARTESIAN_POINT('Control Point',(16.9177853049,-34.8103676927,-38.3689090265)) ;
#4702=CARTESIAN_POINT('Control Point',(16.919172194,-34.8128959688,-38.3667446412)) ;
#4703=CARTESIAN_POINT('Control Point',(16.9215753606,-34.817296814,-38.363053952)) ;
#4704=CARTESIAN_POINT('Control Point',(16.9239674275,-34.82170444,-38.3593641669)) ;
#4705=CARTESIAN_POINT('Vertex',(16.9239674275,-34.82170444,-38.3593641669)) ;
#4709=CARTESIAN_POINT('Control Point',(16.9239674275,-34.82170444,-38.3593641669)) ;
#4710=CARTESIAN_POINT('Control Point',(16.9553087875,-34.8794540783,-38.3110198296)) ;
#4711=CARTESIAN_POINT('Control Point',(16.9852654169,-34.9388585321,-38.2655433984)) ;
#4712=CARTESIAN_POINT('Control Point',(17.0137347731,-35.0000740961,-38.2230240986)) ;
#4713=CARTESIAN_POINT('Control Point',(17.0487216996,-35.0822834491,-38.1717542109)) ;
#4714=CARTESIAN_POINT('Control Point',(17.0802472453,-35.16670158,-38.126977651)) ;
#4715=CARTESIAN_POINT('Control Point',(17.0876725782,-35.1872681132,-38.116524101)) ;
#4716=CARTESIAN_POINT('Control Point',(17.098430523,-35.2181380608,-38.1015172574)) ;
#4717=CARTESIAN_POINT('Control Point',(17.1086823857,-35.2492204642,-38.0874244371)) ;
#4718=CARTESIAN_POINT('Control Point',(17.1120034552,-35.2594812531,-38.082882948)) ;
#4719=CARTESIAN_POINT('Control Point',(17.1185059438,-35.2799548602,-38.0740386567)) ;
#4720=CARTESIAN_POINT('Control Point',(17.1248240715,-35.3006444727,-38.0655592804)) ;
#4721=CARTESIAN_POINT('Control Point',(17.1279614724,-35.3111844263,-38.0613406073)) ;
#4722=CARTESIAN_POINT('Control Point',(17.1306970985,-35.3204474247,-38.0577459507)) ;
#4723=CARTESIAN_POINT('Control Point',(17.1339698285,-35.3318567207,-38.0534382054)) ;
#4724=CARTESIAN_POINT('Vertex',(17.1339698285,-35.3318567207,-38.0534382054)) ;
#4728=CARTESIAN_POINT('Control Point',(17.1339698285,-35.3318567207,-38.0534382054)) ;
#4729=CARTESIAN_POINT('Control Point',(17.1907807571,-35.5299093293,-37.9786605669)) ;
#4730=CARTESIAN_POINT('Control Point',(17.2223432888,-35.7415469623,-37.9497157101)) ;
#4731=CARTESIAN_POINT('Control Point',(17.2207517609,-35.9460271042,-37.9766834352)) ;
#4745=CARTESIAN_POINT('Control Point',(6.85918300587,-21.0472342192,-87.3808314142)) ;
#4746=CARTESIAN_POINT('Control Point',(6.83002727255,-24.7931743787,-88.7442834284)) ;
#4747=CARTESIAN_POINT('Control Point',(8.7591463133,-22.7933314839,-82.6242422751)) ;
#4748=CARTESIAN_POINT('Control Point',(8.72999057998,-26.5392716434,-83.9876942893)) ;
#4749=CARTESIAN_POINT('Control Point',(9.80573163175,-24.9964441366,-76.5938032762)) ;
#4750=CARTESIAN_POINT('Control Point',(9.77657589843,-28.7423842961,-77.9572552904)) ;
#4751=CARTESIAN_POINT('Control Point',(9.78816330052,-27.2523051208,-70.395688209)) ;
#4752=CARTESIAN_POINT('Control Point',(9.7590075672,-30.9982452803,-71.7591402232)) ;
#4754=CARTESIAN_POINT('Control Point',(6.85918300587,-21.0472342192,-87.3808314142)) ;
#4755=CARTESIAN_POINT('Control Point',(6.84567964269,-22.7821516671,-88.0123088506)) ;
#4756=CARTESIAN_POINT('Vertex',(6.84567964269,-22.7821516671,-88.0123088506)) ;
#4758=CARTESIAN_POINT('Vertex',(6.85918300587,-21.0472342192,-87.3808314142)) ;
#4762=CARTESIAN_POINT('Control Point',(6.84567964269,-22.7821516671,-88.0123088506)) ;
#4763=CARTESIAN_POINT('Control Point',(6.91603987198,-22.8443048667,-87.8353026681)) ;
#4764=CARTESIAN_POINT('Control Point',(6.98498869699,-22.9080927493,-87.6575765639)) ;
#4765=CARTESIAN_POINT('Control Point',(7.05253586284,-22.973538961,-87.479248036)) ;
#4766=CARTESIAN_POINT('Vertex',(7.05253586284,-22.973538961,-87.479248036)) ;
#4770=CARTESIAN_POINT('Control Point',(8.08947882601,-24.2810470964,-84.3327055599)) ;
#4771=CARTESIAN_POINT('Control Point',(7.78358131729,-23.7793412922,-85.4094612032)) ;
#4772=CARTESIAN_POINT('Control Point',(7.43728977209,-23.3462451749,-86.4634474352)) ;
#4773=CARTESIAN_POINT('Control Point',(7.05253586284,-22.973538961,-87.479248036)) ;
#4774=CARTESIAN_POINT('Vertex',(8.08947882601,-24.2810470964,-84.3327055599)) ;
#4778=CARTESIAN_POINT('Control Point',(8.86171614639,-25.9343915215,-81.160038841)) ;
#4779=CARTESIAN_POINT('Control Point',(8.78331004498,-25.7122556793,-81.5437183002)) ;
#4780=CARTESIAN_POINT('Control Point',(8.70059097717,-25.4973701482,-81.9270538392)) ;
#4781=CARTESIAN_POINT('Control Point',(8.61354111353,-25.2895910349,-82.3098703883)) ;
#4782=CARTESIAN_POINT('Control Point',(8.49184894758,-25.0221834566,-82.8186532092)) ;
#4783=CARTESIAN_POINT('Control Point',(8.36258606684,-24.7672020083,-83.3251548588)) ;
#4784=CARTESIAN_POINT('Control Point',(8.32980943059,-24.7042509081,-83.4515827035)) ;
#4785=CARTESIAN_POINT('Control Point',(8.27992445321,-24.6109546302,-83.6410236548)) ;
#4786=CARTESIAN_POINT('Control Point',(8.22898893278,-24.5193932226,-83.8300318231)) ;
#4787=CARTESIAN_POINT('Control Point',(8.21188820759,-24.4890553986,-83.8930051625)) ;
#4788=CARTESIAN_POINT('Control Point',(8.18607723081,-24.4438611565,-83.987335061)) ;
#4789=CARTESIAN_POINT('Control Point',(8.15998594585,-24.3990671358,-84.0816141316)) ;
#4790=CARTESIAN_POINT('Control Point',(8.15126011526,-24.3841841242,-84.1130262731)) ;
#4791=CARTESIAN_POINT('Control Point',(8.13340981709,-24.3539385958,-84.1770434404)) ;
#4792=CARTESIAN_POINT('Control Point',(8.11549079284,-24.3239754642,-84.2408182846)) ;
#4793=CARTESIAN_POINT('Control Point',(8.10795977486,-24.3114602439,-84.2675237288)) ;
#4794=CARTESIAN_POINT('Control Point',(8.09882445406,-24.2963749618,-84.2998090587)) ;
#4795=CARTESIAN_POINT('Control Point',(8.08947882601,-24.2810470964,-84.3327055599)) ;
#4796=CARTESIAN_POINT('Vertex',(8.86171613095,-25.9343934447,-81.1600399521)) ;
#4800=CARTESIAN_POINT('Control Point',(8.86171614639,-25.9343915215,-81.160038841)) ;
#4801=CARTESIAN_POINT('Control Point',(9.15719997375,-26.7715357962,-79.7140903977)) ;
#4802=CARTESIAN_POINT('Control Point',(9.39772788611,-27.6850610771,-78.1351168754)) ;
#4803=CARTESIAN_POINT('Control Point',(9.5541297326,-28.6531188422,-76.4605500856)) ;
#4804=CARTESIAN_POINT('Vertex',(9.55412972422,-28.6531200355,-76.4605441728)) ;
#4808=CARTESIAN_POINT('Control Point',(9.73947887857,-30.2658883612,-73.3652670799)) ;
#4809=CARTESIAN_POINT('Control Point',(9.70993031886,-29.7718049801,-74.424354287)) ;
#4810=CARTESIAN_POINT('Control Point',(9.64772142493,-29.2324087101,-75.458478848)) ;
#4811=CARTESIAN_POINT('Control Point',(9.55413019176,-28.6531216841,-76.4605451695)) ;
#4812=CARTESIAN_POINT('Vertex',(9.73947887857,-30.2658883612,-73.3652670799)) ;
#4816=CARTESIAN_POINT('Control Point',(9.7591836788,-30.9756178291,-71.7517937198)) ;
#4817=CARTESIAN_POINT('Control Point',(9.76092614417,-30.7508348995,-72.2951367688)) ;
#4818=CARTESIAN_POINT('Control Point',(9.7543206011,-30.5140896425,-72.8333085765)) ;
#4819=CARTESIAN_POINT('Control Point',(9.73947887857,-30.2658883612,-73.3652670799)) ;
#4820=CARTESIAN_POINT('Vertex',(9.75918368323,-30.9756178285,-71.751793721)) ;
#4824=CARTESIAN_POINT('Control Point',(9.78816330052,-27.2523051208,-70.395688209)) ;
#4825=CARTESIAN_POINT('Control Point',(9.75918145826,-30.9759036889,-71.7510083026)) ;
#4826=CARTESIAN_POINT('Vertex',(9.78816552549,-27.2520192599,-70.396473628)) ;
#4830=CARTESIAN_POINT('Control Point',(6.85918300587,-21.0472342192,-87.3808314142)) ;
#4831=CARTESIAN_POINT('Control Point',(8.75906605937,-22.7932577292,-82.6244431921)) ;
#4832=CARTESIAN_POINT('Control Point',(9.80564321528,-24.9962580196,-76.5943127221)) ;
#4833=CARTESIAN_POINT('Control Point',(9.78816552107,-27.2520192602,-70.3964736281)) ;
#4848=CARTESIAN_POINT('Control Point',(3.37925121851,-18.8610689784,-93.31267509)) ;
#4849=CARTESIAN_POINT('Control Point',(3.36131239405,-21.1658562472,-94.1515744611)) ;
#4850=CARTESIAN_POINT('Control Point',(4.2518229724,-19.2192600318,-92.3472419332)) ;
#4851=CARTESIAN_POINT('Control Point',(4.23388414794,-21.5240473006,-93.1861413043)) ;
#4852=CARTESIAN_POINT('Control Point',(5.56278020115,-19.8558188996,-90.6263969873)) ;
#4853=CARTESIAN_POINT('Control Point',(5.54484137669,-22.1606061684,-91.4652963584)) ;
#4854=CARTESIAN_POINT('Control Point',(6.85918300587,-21.0472342192,-87.3808314142)) ;
#4855=CARTESIAN_POINT('Control Point',(6.84124418141,-23.352021488,-88.2197307853)) ;
#4857=CARTESIAN_POINT('Control Point',(3.37925121851,-18.8610689784,-93.31267509)) ;
#4858=CARTESIAN_POINT('Control Point',(4.2518229724,-19.2192600318,-92.3472419332)) ;
#4859=CARTESIAN_POINT('Control Point',(5.56278020115,-19.8558188996,-90.6263969873)) ;
#4860=CARTESIAN_POINT('Control Point',(6.85918300587,-21.0472342192,-87.3808314142)) ;
#4861=CARTESIAN_POINT('Vertex',(3.37925121931,-18.8610689781,-93.3126750908)) ;
#4865=CARTESIAN_POINT('Control Point',(3.37925121851,-18.8610689784,-93.31267509)) ;
#4866=CARTESIAN_POINT('Control Point',(3.36141938505,-21.152110001,-94.1465710851)) ;
#4867=CARTESIAN_POINT('Vertex',(3.36141938505,-21.152110001,-94.1465710851)) ;
#4871=CARTESIAN_POINT('Control Point',(3.36142100934,-21.1521106678,-94.146569288)) ;
#4872=CARTESIAN_POINT('Control Point',(3.4651758569,-21.1746300724,-94.0246622664)) ;
#4873=CARTESIAN_POINT('Control Point',(3.57546279328,-21.1995779754,-93.8918528073)) ;
#4874=CARTESIAN_POINT('Control Point',(3.70183628171,-21.2297698985,-93.7349724415)) ;
#4875=CARTESIAN_POINT('Control Point',(3.84127370418,-21.2652474813,-93.5556974474)) ;
#4876=CARTESIAN_POINT('Control Point',(3.98794602371,-21.305492396,-93.3588494316)) ;
#4877=CARTESIAN_POINT('Control Point',(4.00505531266,-21.310225619,-93.3357779772)) ;
#4878=CARTESIAN_POINT('Control Point',(4.03083409829,-21.317416229,-93.3008491533)) ;
#4879=CARTESIAN_POINT('Control Point',(4.05686464163,-21.3247686396,-93.2653218558)) ;
#4880=CARTESIAN_POINT('Control Point',(4.06556505534,-21.3272362892,-93.2534186524)) ;
#4881=CARTESIAN_POINT('Control Point',(4.07870764474,-21.3309797057,-93.2353936473)) ;
#4882=CARTESIAN_POINT('Control Point',(4.09184588194,-21.3347452355,-93.2173082689)) ;
#4883=CARTESIAN_POINT('Control Point',(4.09623303213,-21.3360052819,-93.2112616069)) ;
#4884=CARTESIAN_POINT('Control Point',(4.10488204323,-21.3384942615,-93.1993269445)) ;
#4885=CARTESIAN_POINT('Control Point',(4.11374639128,-21.3410561671,-93.1870652859)) ;
#4886=CARTESIAN_POINT('Control Point',(4.11930731203,-21.3426680845,-93.1793614944)) ;
#4887=CARTESIAN_POINT('Control Point',(4.12315142354,-21.3437833773,-93.1740297585)) ;
#4888=CARTESIAN_POINT('Control Point',(4.12699897175,-21.3449024319,-93.1686877612)) ;
#4889=CARTESIAN_POINT('Vertex',(4.12699897175,-21.3449024319,-93.1686877612)) ;
#4893=CARTESIAN_POINT('Control Point',(4.12699897175,-21.3449024319,-93.1686877612)) ;
#4894=CARTESIAN_POINT('Control Point',(4.26553212685,-21.3851946255,-92.9763461183)) ;
#4895=CARTESIAN_POINT('Control Point',(4.42727676236,-21.4354697055,-92.7427062763)) ;
#4896=CARTESIAN_POINT('Control Point',(4.60276213153,-21.4970663499,-92.4719798812)) ;
#4897=CARTESIAN_POINT('Vertex',(4.60276213153,-21.4970663499,-92.4719798812)) ;
#4901=CARTESIAN_POINT('Control Point',(4.60276213153,-21.4970663499,-92.4719798812)) ;
#4902=CARTESIAN_POINT('Control Point',(4.65206190745,-21.5143709308,-92.3959236796)) ;
#4903=CARTESIAN_POINT('Control Point',(4.69482466306,-21.5297834413,-92.328913272)) ;
#4904=CARTESIAN_POINT('Control Point',(4.74317503083,-21.5475427463,-92.2525730738)) ;
#4905=CARTESIAN_POINT('Control Point',(4.80588030516,-21.5711679973,-92.1520611899)) ;
#4906=CARTESIAN_POINT('Control Point',(4.86916487651,-21.5957623744,-92.0488316873)) ;
#4907=CARTESIAN_POINT('Control Point',(4.88500366807,-21.6019642289,-92.022883723)) ;
#4908=CARTESIAN_POINT('Control Point',(4.91681066841,-21.6145120953,-91.9705455338)) ;
#4909=CARTESIAN_POINT('Control Point',(4.94865451609,-21.6272646417,-91.9176860939)) ;
#4910=CARTESIAN_POINT('Control Point',(4.96673858003,-21.6345778211,-91.8874819335)) ;
#4911=CARTESIAN_POINT('Control Point',(4.97926498332,-21.6396566216,-91.8665545974)) ;
#4912=CARTESIAN_POINT('Control Point',(4.99667623134,-21.6467875515,-91.8372682832)) ;
#4913=CARTESIAN_POINT('Vertex',(4.99667623134,-21.6467875515,-91.8372682832)) ;
#4917=CARTESIAN_POINT('Control Point',(4.99667623134,-21.6467875515,-91.8372682832)) ;
#4918=CARTESIAN_POINT('Control Point',(5.15820375179,-21.7129425697,-91.5655734735)) ;
#4919=CARTESIAN_POINT('Control Point',(5.31834404612,-21.7842558048,-91.2844000139)) ;
#4920=CARTESIAN_POINT('Control Point',(5.47217800743,-21.8585222661,-91.0022655753)) ;
#4921=CARTESIAN_POINT('Control Point',(5.64028114117,-21.9462617098,-90.6804188999)) ;
#4922=CARTESIAN_POINT('Control Point',(5.79715154792,-22.0348637371,-90.3674990049)) ;
#4923=CARTESIAN_POINT('Control Point',(5.81265054071,-22.0436884228,-90.3364515182)) ;
#4924=CARTESIAN_POINT('Control Point',(5.83569447846,-22.0569141229,-90.2900985639)) ;
#4925=CARTESIAN_POINT('Control Point',(5.85847388408,-22.0701455354,-90.2439957935)) ;
#4926=CARTESIAN_POINT('Control Point',(5.86603372063,-22.0745541944,-90.228664461)) ;
#4927=CARTESIAN_POINT('Control Point',(5.87736044166,-22.0811862497,-90.2056470077)) ;
#4928=CARTESIAN_POINT('Control Point',(5.88858147248,-22.0877954836,-90.1827753974)) ;
#4929=CARTESIAN_POINT('Control Point',(5.89231741107,-22.0900003935,-90.1751527361)) ;
#4930=CARTESIAN_POINT('Control Point',(5.8978409613,-22.0932665037,-90.1638717328)) ;
#4931=CARTESIAN_POINT('Control Point',(5.90340359028,-22.0965657977,-90.1524940419)) ;
#4932=CARTESIAN_POINT('Control Point',(5.90525007557,-22.0976620398,-90.1487155076)) ;
#4933=CARTESIAN_POINT('Control Point',(5.90909370173,-22.0999466334,-90.1408458893)) ;
#4934=CARTESIAN_POINT('Control Point',(5.91275529464,-22.1021270632,-90.1333413004)) ;
#4935=CARTESIAN_POINT('Control Point',(5.91374803139,-22.1027178401,-90.1313062803)) ;
#4936=CARTESIAN_POINT('Control Point',(5.91600459794,-22.1040644977,-90.1266776019)) ;
#4937=CARTESIAN_POINT('Control Point',(5.91826140794,-22.1054124236,-90.122045444)) ;
#4938=CARTESIAN_POINT('Vertex',(5.91826140794,-22.1054124236,-90.122045444)) ;
#4942=CARTESIAN_POINT('Control Point',(5.91826140794,-22.1054124236,-90.122045444)) ;
#4943=CARTESIAN_POINT('Control Point',(6.24404727552,-22.2999946974,-89.4533619665)) ;
#4944=CARTESIAN_POINT('Control Point',(6.55970925168,-22.5295291492,-88.7317255053)) ;
#4945=CARTESIAN_POINT('Control Point',(6.84567964268,-22.7821516671,-88.0123088506)) ;
#4959=CARTESIAN_POINT('Control Point',(1.33916031279,-18.2343779193,-94.9908176544)) ;
#4960=CARTESIAN_POINT('Control Point',(1.3189051143,-20.8367738411,-95.9380409976)) ;
#4961=CARTESIAN_POINT('Control Point',(1.85739988849,-18.3390177234,-94.714412775)) ;
#4962=CARTESIAN_POINT('Control Point',(1.83714469,-20.9414136452,-95.6616361182)) ;
#4963=CARTESIAN_POINT('Control Point',(2.54784131641,-18.5197747652,-94.2325661615)) ;
#4964=CARTESIAN_POINT('Control Point',(2.52758611792,-21.122170687,-95.1797895047)) ;
#4965=CARTESIAN_POINT('Control Point',(3.37925284286,-18.8610696452,-93.3126732928)) ;
#4966=CARTESIAN_POINT('Control Point',(3.35899764437,-21.463465567,-94.259896636)) ;
#4968=CARTESIAN_POINT('Control Point',(1.33916031279,-18.2343779193,-94.9908176544)) ;
#4969=CARTESIAN_POINT('Control Point',(1.85739988849,-18.3390177234,-94.714412775)) ;
#4970=CARTESIAN_POINT('Control Point',(2.54784131641,-18.5197747652,-94.2325661615)) ;
#4971=CARTESIAN_POINT('Control Point',(3.37925284286,-18.8610696452,-93.3126732928)) ;
#4972=CARTESIAN_POINT('Vertex',(1.33916031192,-18.234377919,-94.990817655)) ;
#4976=CARTESIAN_POINT('Control Point',(1.33916031279,-18.2343779193,-94.9908176544)) ;
#4977=CARTESIAN_POINT('Control Point',(1.31902592065,-20.8212525931,-95.9323915542)) ;
#4978=CARTESIAN_POINT('Vertex',(1.31906184087,-20.8212598459,-95.9323723959)) ;
#4982=CARTESIAN_POINT('Control Point',(1.31906184085,-20.8212598459,-95.9323723959)) ;
#4983=CARTESIAN_POINT('Control Point',(1.46640219994,-20.8371425238,-95.8488041407)) ;
#4984=CARTESIAN_POINT('Control Point',(1.62366315899,-20.8554376254,-95.7514517502)) ;
#4985=CARTESIAN_POINT('Control Point',(1.78332885874,-20.8757438403,-95.6430967722)) ;
#4986=CARTESIAN_POINT('Control Point',(1.97767487958,-20.9028426867,-95.4983427764)) ;
#4987=CARTESIAN_POINT('Control Point',(2.18004263779,-20.9338484873,-95.3317554746)) ;
#4988=CARTESIAN_POINT('Control Point',(2.20158315595,-20.9371792548,-95.3138494452)) ;
#4989=CARTESIAN_POINT('Control Point',(2.23399666318,-20.9422371194,-95.2866421324)) ;
#4990=CARTESIAN_POINT('Control Point',(2.26663029334,-20.9473979571,-95.2588500139)) ;
#4991=CARTESIAN_POINT('Control Point',(2.27752756663,-20.949128875,-95.2495251261)) ;
#4992=CARTESIAN_POINT('Control Point',(2.29395662928,-20.9517499236,-95.2353987077)) ;
#4993=CARTESIAN_POINT('Control Point',(2.31038264466,-20.9543879176,-95.221173802)) ;
#4994=CARTESIAN_POINT('Control Point',(2.31586706086,-20.9552706732,-95.2164128885)) ;
#4995=CARTESIAN_POINT('Control Point',(2.32671685162,-20.9570208348,-95.2069728341)) ;
#4996=CARTESIAN_POINT('Control Point',(2.33774769833,-20.9588074814,-95.1973298895)) ;
#4997=CARTESIAN_POINT('Control Point',(2.34424485838,-20.9598651354,-95.1916354047)) ;
#4998=CARTESIAN_POINT('Control Point',(2.3492560077,-20.9606778908,-95.1872321493)) ;
#4999=CARTESIAN_POINT('Control Point',(2.3542737178,-20.9614958945,-95.1828146151)) ;
#5000=CARTESIAN_POINT('Vertex',(2.3542737178,-20.9614958945,-95.1828146151)) ;
#5004=CARTESIAN_POINT('Control Point',(2.3542737178,-20.9614958945,-95.1828146151)) ;
#5005=CARTESIAN_POINT('Control Point',(2.65232128272,-21.0100845969,-94.9204169654)) ;
#5006=CARTESIAN_POINT('Control Point',(2.9711277134,-21.0691694821,-94.5993616036)) ;
#5007=CARTESIAN_POINT('Control Point',(3.30352798163,-21.1396875976,-94.2141278381)) ;
#5008=CARTESIAN_POINT('Vertex',(3.30352798177,-21.1396875435,-94.2141279877)) ;
#5012=CARTESIAN_POINT('Control Point',(3.36142100936,-21.1521106678,-94.146569288)) ;
#5013=CARTESIAN_POINT('Control Point',(3.34210515873,-21.147918278,-94.1692644981)) ;
#5014=CARTESIAN_POINT('Control Point',(3.32280401352,-21.1437768784,-94.1917879359)) ;
#5015=CARTESIAN_POINT('Control Point',(3.30352798163,-21.1396875976,-94.2141278381)) ;
#5027=CARTESIAN_POINT('Control Point',(-0.837728110932,-18.1024586017,-95.3067019587)) ;
#5028=CARTESIAN_POINT('Control Point',(-0.85856033457,-20.7789909425,-96.280909569)) ;
#5029=CARTESIAN_POINT('Control Point',(-0.661974511982,-18.0864129191,-95.3545440472)) ;
#5030=CARTESIAN_POINT('Control Point',(-0.68280673562,-20.7629452599,-96.3287516575)) ;
#5031=CARTESIAN_POINT('Control Point',(-0.480458891535,-18.075186894,-95.3892678502)) ;
#5032=CARTESIAN_POINT('Control Point',(-0.501291115173,-20.7517192348,-96.3634754605)) ;
#5033=CARTESIAN_POINT('Control Point',(-0.288680515333,-18.0700908836,-95.4073695428)) ;
#5034=CARTESIAN_POINT('Control Point',(-0.309512738971,-20.7466232244,-96.3815771531)) ;
#5035=CARTESIAN_POINT('Control Point',(0.104159793171,-18.0745498327,-95.4035194557)) ;
#5036=CARTESIAN_POINT('Control Point',(0.0833275695331,-20.7510821735,-96.377727066)) ;
#5037=CARTESIAN_POINT('Control Point',(0.566689612944,-18.1106650798,-95.3141872627)) ;
#5038=CARTESIAN_POINT('Control Point',(0.545857389306,-20.7871974206,-96.288394873)) ;
#5039=CARTESIAN_POINT('Control Point',(0.803752829545,-18.1378738376,-95.2445033827)) ;
#5040=CARTESIAN_POINT('Control Point',(0.782920605907,-20.8144061784,-96.218710993)) ;
#5041=CARTESIAN_POINT('Control Point',(1.06057418899,-18.1781264652,-95.1394053538)) ;
#5042=CARTESIAN_POINT('Control Point',(1.03974196535,-20.854658806,-96.1136129641)) ;
#5043=CARTESIAN_POINT('Control Point',(1.33919623301,-18.2343851721,-94.990798496)) ;
#5044=CARTESIAN_POINT('Control Point',(1.31836400937,-20.9109175129,-95.9650061063)) ;
#5046=CARTESIAN_POINT('Control Point',(-0.83715184573,-18.1024060137,-95.3068587614)) ;
#5047=CARTESIAN_POINT('Control Point',(-0.661498379693,-18.0863834897,-95.354635083)) ;
#5048=CARTESIAN_POINT('Control Point',(-0.480081604138,-18.0751768787,-95.3893034341)) ;
#5049=CARTESIAN_POINT('Control Point',(-0.288409632892,-18.070093962,-95.4073668779)) ;
#5050=CARTESIAN_POINT('Control Point',(0.104314452664,-18.0745622293,-95.4034887047)) ;
#5051=CARTESIAN_POINT('Control Point',(0.566678301196,-18.1106641966,-95.3141894474)) ;
#5052=CARTESIAN_POINT('Control Point',(0.803734491552,-18.1378717329,-95.2445087731)) ;
#5053=CARTESIAN_POINT('Control Point',(1.06054770051,-18.1781223136,-95.1394161935)) ;
#5054=CARTESIAN_POINT('Control Point',(1.3391603118,-18.2343779191,-94.9908176549)) ;
#5055=CARTESIAN_POINT('Vertex',(-0.83715184596,-18.1024060129,-95.3068587636)) ;
#5059=CARTESIAN_POINT('Control Point',(-0.837728110932,-18.1024586017,-95.3067019587)) ;
#5060=CARTESIAN_POINT('Control Point',(-0.858296037095,-20.7450338983,-96.2685498414)) ;
#5061=CARTESIAN_POINT('Vertex',(-0.857719772448,-20.7449813097,-96.2687066458)) ;
#5065=CARTESIAN_POINT('Control Point',(-0.857721368007,-20.7450089928,-96.2687162983)) ;
#5066=CARTESIAN_POINT('Control Point',(-0.735210008205,-20.7397019019,-96.3041882627)) ;
#5067=CARTESIAN_POINT('Control Point',(-0.611212669212,-20.7356167811,-96.3324683147)) ;
#5068=CARTESIAN_POINT('Control Point',(-0.491690722511,-20.7331393415,-96.3516493045)) ;
#5069=CARTESIAN_POINT('Control Point',(-0.279931792233,-20.7314816953,-96.3703759918)) ;
#5070=CARTESIAN_POINT('Control Point',(-0.0565911029036,-20.7343990536,-96.3641832374)) ;
#5071=CARTESIAN_POINT('Control Point',(0.02891479977,-20.7360792342,-96.3583855833)) ;
#5072=CARTESIAN_POINT('Control Point',(0.122450784257,-20.7387256775,-96.3477628897)) ;
#5073=CARTESIAN_POINT('Control Point',(0.211937811533,-20.7418292091,-96.3340457379)) ;
#5074=CARTESIAN_POINT('Vertex',(0.211937811533,-20.7418292091,-96.3340457379)) ;
#5078=CARTESIAN_POINT('Control Point',(0.211937811533,-20.7418292091,-96.3340457379)) ;
#5079=CARTESIAN_POINT('Control Point',(0.46436849303,-20.750583848,-96.2953515263)) ;
#5080=CARTESIAN_POINT('Control Point',(0.736442044962,-20.764906075,-96.2222488077)) ;
#5081=CARTESIAN_POINT('Control Point',(1.02561204,-20.7896325467,-96.0988126854)) ;
#5082=CARTESIAN_POINT('Control Point',(1.31906184086,-20.8212598459,-95.9323723959)) ;
#5093=CARTESIAN_POINT('Control Point',(-4.03962550163,-18.9538337863,-92.899170106)) ;
#5094=CARTESIAN_POINT('Control Point',(-4.06031683534,-21.6122645329,-93.8667890753)) ;
#5095=CARTESIAN_POINT('Control Point',(-3.10326774824,-18.5536460281,-94.0186664842)) ;
#5096=CARTESIAN_POINT('Control Point',(-3.12395908195,-21.2120767747,-94.9862854535)) ;
#5097=CARTESIAN_POINT('Control Point',(-2.21206264875,-18.2951488062,-94.7479175708)) ;
#5098=CARTESIAN_POINT('Control Point',(-2.23275398246,-20.9535795528,-95.7155365401)) ;
#5099=CARTESIAN_POINT('Control Point',(-1.45094325878,-18.1583955085,-95.139908384)) ;
#5100=CARTESIAN_POINT('Control Point',(-1.47163459249,-20.8168262551,-96.1075273533)) ;
#5101=CARTESIAN_POINT('Control Point',(-0.837151846298,-18.1024060148,-95.3068587638)) ;
#5102=CARTESIAN_POINT('Control Point',(-0.857843180005,-20.7608367614,-96.2744777331)) ;
#5104=CARTESIAN_POINT('Control Point',(-1.06138514001,-18.1261435684,-95.2368473954)) ;
#5105=CARTESIAN_POINT('Control Point',(-1.04918739558,-18.1246781102,-95.2411344202)) ;
#5106=CARTESIAN_POINT('Control Point',(-1.03703988909,-18.1232433569,-95.2453360125)) ;
#5107=CARTESIAN_POINT('Control Point',(-1.02494277233,-18.1218390529,-95.2494528712)) ;
#5108=CARTESIAN_POINT('Control Point',(-1.01289618887,-18.1204649399,-95.2534857025)) ;
#5109=CARTESIAN_POINT('Vertex',(-1.06140557611,-18.1264247658,-95.2370015559)) ;
#5111=CARTESIAN_POINT('Vertex',(-1.01289524975,-18.120465853,-95.2534832084)) ;
#5115=CARTESIAN_POINT('Control Point',(-1.44133089256,-18.2019083877,-95.0874085527)) ;
#5116=CARTESIAN_POINT('Control Point',(-1.36177128606,-18.1811172195,-95.1223505848)) ;
#5117=CARTESIAN_POINT('Control Point',(-1.27886528328,-18.1621424551,-95.1568091618)) ;
#5118=CARTESIAN_POINT('Control Point',(-1.2127172028,-18.1496340793,-95.1822007507)) ;
#5119=CARTESIAN_POINT('Control Point',(-1.14456902927,-18.1374753684,-95.2081026532)) ;
#5120=CARTESIAN_POINT('Control Point',(-1.06138748084,-18.1264443189,-95.236956863)) ;
#5121=CARTESIAN_POINT('Vertex',(-1.441427761,-18.2018431531,-95.0875902956)) ;
#5125=CARTESIAN_POINT('Control Point',(-1.85324094178,-18.3342850984,-94.8866999131)) ;
#5126=CARTESIAN_POINT('Control Point',(-1.80037232159,-18.3142570934,-94.9149594507)) ;
#5127=CARTESIAN_POINT('Control Point',(-1.74823681414,-18.295454017,-94.9420417394)) ;
#5128=CARTESIAN_POINT('Control Point',(-1.69688909938,-18.2778500924,-94.9679481659)) ;
#5129=CARTESIAN_POINT('Control Point',(-1.63006132345,-18.256130083,-95.00068972)) ;
#5130=CARTESIAN_POINT('Control Point',(-1.56495280838,-18.2364751454,-95.0313583838)) ;
#5131=CARTESIAN_POINT('Control Point',(-1.54911011838,-18.2317842163,-95.0387466417)) ;
#5132=CARTESIAN_POINT('Control Point',(-1.5178937723,-18.2227146892,-95.053159395)) ;
#5133=CARTESIAN_POINT('Control Point',(-1.48695461372,-18.2140888308,-95.0671636967)) ;
#5134=CARTESIAN_POINT('Control Point',(-1.47147234158,-18.2098629751,-95.0740866217)) ;
#5135=CARTESIAN_POINT('Control Point',(-1.45736865698,-18.2060995076,-95.0803648769)) ;
#5136=CARTESIAN_POINT('Control Point',(-1.44133089256,-18.2019083877,-95.0874085527)) ;
#5137=CARTESIAN_POINT('Vertex',(-1.85328504291,-18.3342608029,-94.8867652)) ;
#5141=CARTESIAN_POINT('Control Point',(-2.64325315033,-18.7104146225,-94.3945019448)) ;
#5142=CARTESIAN_POINT('Control Point',(-2.54509462128,-18.6547567797,-94.4642911184)) ;
#5143=CARTESIAN_POINT('Control Point',(-2.44772908872,-18.6021645217,-94.5308368625)) ;
#5144=CARTESIAN_POINT('Control Point',(-2.35122854688,-18.5526702405,-94.5941693125)) ;
#5145=CARTESIAN_POINT('Control Point',(-2.22420577325,-18.4910409246,-94.6741711939)) ;
#5146=CARTESIAN_POINT('Control Point',(-2.09928773209,-18.4351458808,-94.7485143326)) ;
#5147=CARTESIAN_POINT('Control Point',(-2.06815291537,-18.4215135632,-94.7667721919)) ;
#5148=CARTESIAN_POINT('Control Point',(-2.0215889555,-18.401576736,-94.7936722397)) ;
#5149=CARTESIAN_POINT('Control Point',(-1.97539112425,-18.3824693484,-94.8197603216)) ;
#5150=CARTESIAN_POINT('Control Point',(-1.96001455797,-18.3761852041,-94.8283764334)) ;
#5151=CARTESIAN_POINT('Control Point',(-1.92944763972,-18.3638414027,-94.8453732759)) ;
#5152=CARTESIAN_POINT('Control Point',(-1.89888646677,-18.3518062927,-94.8621048151)) ;
#5153=CARTESIAN_POINT('Control Point',(-1.8834976132,-18.3458229057,-94.8704468824)) ;
#5154=CARTESIAN_POINT('Control Point',(-1.86955639735,-18.3404658162,-94.8779789133)) ;
#5155=CARTESIAN_POINT('Control Point',(-1.85324094178,-18.3342850984,-94.8866999131)) ;
#5156=CARTESIAN_POINT('Vertex',(-2.64324563457,-18.7104177294,-94.3944938517)) ;
#5160=CARTESIAN_POINT('Control Point',(-4.04544733689,-19.7018254849,-93.171425066)) ;
#5161=CARTESIAN_POINT('Control Point',(-3.87378328743,-19.5580223506,-93.3502836283)) ;
#5162=CARTESIAN_POINT('Control Point',(-3.70262549906,-19.4211565062,-93.5190911882)) ;
#5163=CARTESIAN_POINT('Control Point',(-3.53222732206,-19.2914781045,-93.6781676738)) ;
#5164=CARTESIAN_POINT('Control Point',(-3.30657804335,-19.1287393316,-93.8775162135)) ;
#5165=CARTESIAN_POINT('Control Point',(-3.0835995689,-18.9800534326,-94.060237295)) ;
#5166=CARTESIAN_POINT('Control Point',(-3.02801095161,-18.9437560625,-94.1049043458)) ;
#5167=CARTESIAN_POINT('Control Point',(-2.94491304525,-18.8906569162,-94.1703724239)) ;
#5168=CARTESIAN_POINT('Control Point',(-2.86224967107,-18.8395913267,-94.2335736982)) ;
#5169=CARTESIAN_POINT('Control Point',(-2.83472309503,-18.822783171,-94.2544065962)) ;
#5170=CARTESIAN_POINT('Control Point',(-2.79346390524,-18.7978876693,-94.2853142466)) ;
#5171=CARTESIAN_POINT('Control Point',(-2.75238401702,-18.7735442722,-94.3156152811)) ;
#5172=CARTESIAN_POINT('Control Point',(-2.73870266736,-18.7654866619,-94.3256541093)) ;
#5173=CARTESIAN_POINT('Control Point',(-2.71149606834,-18.7495603403,-94.3455145456)) ;
#5174=CARTESIAN_POINT('Control Point',(-2.68417694264,-18.7337691882,-94.3652501485)) ;
#5175=CARTESIAN_POINT('Control Point',(-2.67030367699,-18.7258064468,-94.375204198)) ;
#5176=CARTESIAN_POINT('Control Point',(-2.65824492597,-18.7189152582,-94.3838430277)) ;
#5177=CARTESIAN_POINT('Control Point',(-2.64325315033,-18.7104146225,-94.3945019448)) ;
#5178=CARTESIAN_POINT('Vertex',(-4.04544802681,-19.7018248132,-93.1714251881)) ;
#5182=CARTESIAN_POINT('Control Point',(-4.04544733689,-19.7018254849,-93.171425066)) ;
#5183=CARTESIAN_POINT('Control Point',(-4.05691403103,-21.1750708877,-93.707658782)) ;
#5184=CARTESIAN_POINT('Vertex',(-4.05691403099,-21.1750708877,-93.707658782)) ;
#5188=CARTESIAN_POINT('Control Point',(-3.63773333399,-21.0856685119,-94.2141059355)) ;
#5189=CARTESIAN_POINT('Control Point',(-3.77752442605,-21.1128904665,-94.0535511433)) ;
#5190=CARTESIAN_POINT('Control Point',(-3.91732628249,-21.1425796608,-93.8847228399)) ;
#5191=CARTESIAN_POINT('Control Point',(-4.05691403101,-21.1750708877,-93.7076587821)) ;
#5192=CARTESIAN_POINT('Vertex',(-3.63773333399,-21.0856685119,-94.2141059355)) ;
#5196=CARTESIAN_POINT('Control Point',(-3.63773333399,-21.0856685119,-94.2141059355)) ;
#5197=CARTESIAN_POINT('Control Point',(-3.46494395572,-21.0520210671,-94.4125605119)) ;
#5198=CARTESIAN_POINT('Control Point',(-3.29329827874,-21.0205151879,-94.5987196921)) ;
#5199=CARTESIAN_POINT('Control Point',(-3.12320290679,-20.991148477,-94.7726615908)) ;
#5200=CARTESIAN_POINT('Control Point',(-2.89886484827,-20.9548106249,-94.9886325514)) ;
#5201=CARTESIAN_POINT('Control Point',(-2.67899794028,-20.9222376378,-95.1831350964)) ;
#5202=CARTESIAN_POINT('Control Point',(-2.62397116106,-20.9142779134,-95.2307262074)) ;
#5203=CARTESIAN_POINT('Control Point',(-2.54173703555,-20.9026678657,-95.3002320538)) ;
#5204=CARTESIAN_POINT('Control Point',(-2.46030219931,-20.8915927707,-95.3666745422)) ;
#5205=CARTESIAN_POINT('Control Point',(-2.43315954143,-20.887948627,-95.3885526963)) ;
#5206=CARTESIAN_POINT('Control Point',(-2.37916704817,-20.880792689,-95.4315475677)) ;
#5207=CARTESIAN_POINT('Control Point',(-2.32537946578,-20.8738471317,-95.473326179)) ;
#5208=CARTESIAN_POINT('Control Point',(-2.2981218316,-20.8703860087,-95.4941977984)) ;
#5209=CARTESIAN_POINT('Control Point',(-2.27315074617,-20.8672342443,-95.5131457656)) ;
#5210=CARTESIAN_POINT('Control Point',(-2.24522027861,-20.863771189,-95.5340213699)) ;
#5211=CARTESIAN_POINT('Vertex',(-2.24522027861,-20.863771189,-95.5340213699)) ;
#5215=CARTESIAN_POINT('Control Point',(-2.24522027861,-20.863771189,-95.5340213699)) ;
#5216=CARTESIAN_POINT('Control Point',(-1.73734290617,-20.8008002616,-95.9136156968)) ;
#5217=CARTESIAN_POINT('Control Point',(-1.26497882394,-20.7626581147,-96.1507007758)) ;
#5218=CARTESIAN_POINT('Control Point',(-0.858296037149,-20.7450338983,-96.2685498415)) ;
#5221=CARTESIAN_POINT('Control Point',(-1.01289618887,-18.1204649399,-95.2534857025)) ;
#5222=CARTESIAN_POINT('Control Point',(-0.967895271377,-18.1153318376,-95.2685506468)) ;
#5223=CARTESIAN_POINT('Control Point',(-0.923599521717,-18.1106200375,-95.2824430289)) ;
#5224=CARTESIAN_POINT('Control Point',(-0.880016422503,-18.1063160824,-95.2951996609)) ;
#5225=CARTESIAN_POINT('Control Point',(-0.837151846298,-18.1024060148,-95.3068587638)) ;
#5241=CARTESIAN_POINT('Axis2P3D Location',(12.6286575588,-60.605771756,-101.160050839)) ;
#5247=CARTESIAN_POINT('Control Point',(-8.51635341083,-24.2140399409,-84.1991308581)) ;
#5248=CARTESIAN_POINT('Control Point',(-8.20619593711,-23.7121450107,-85.276228815)) ;
#5249=CARTESIAN_POINT('Control Point',(-7.8369954663,-23.2601738007,-86.3733215781)) ;
#5250=CARTESIAN_POINT('Control Point',(-7.40803287193,-22.860977387,-87.479244246)) ;
#5251=CARTESIAN_POINT('Vertex',(-8.51635407147,-24.214058196,-84.1991395546)) ;
#5253=CARTESIAN_POINT('Vertex',(-7.40801627448,-22.8617672616,-87.4795230266)) ;
#5257=CARTESIAN_POINT('Control Point',(-8.51635341083,-24.2140399409,-84.1991308581)) ;
#5258=CARTESIAN_POINT('Control Point',(-8.80748851156,-24.6851840427,-83.1880264243)) ;
#5259=CARTESIAN_POINT('Control Point',(-9.05869270433,-25.2111061781,-82.1711936688)) ;
#5260=CARTESIAN_POINT('Control Point',(-9.27264488643,-25.7932421928,-81.1600508408)) ;
#5261=CARTESIAN_POINT('Vertex',(-9.27264489888,-25.7932437922,-81.1600480705)) ;
#5264=CARTESIAN_POINT('Line Origine',(12.8982704058,-25.9658064244,-81.1600480705)) ;
#5270=CARTESIAN_POINT('Control Point',(-11.5692002173,-22.8285972116,-87.4792239404)) ;
#5271=CARTESIAN_POINT('Control Point',(-12.3337682628,-23.6005439936,-85.34203623)) ;
#5272=CARTESIAN_POINT('Control Point',(-12.8799070319,-24.5833408274,-83.2069694143)) ;
#5273=CARTESIAN_POINT('Control Point',(-13.2788348068,-25.7620624599,-81.1600480707)) ;
#5274=CARTESIAN_POINT('Vertex',(-11.5692491942,-22.8290803805,-87.4794159811)) ;
#5278=CARTESIAN_POINT('Control Point',(-8.19721850309,-21.0501274482,-94.2143915102)) ;
#5279=CARTESIAN_POINT('Control Point',(-9.30425003343,-21.3197191091,-92.6365805694)) ;
#5280=CARTESIAN_POINT('Control Point',(-10.2079233751,-21.6987084766,-90.9419646957)) ;
#5281=CARTESIAN_POINT('Control Point',(-10.9504606319,-22.20366117,-89.2094004548)) ;
#5282=CARTESIAN_POINT('Control Point',(-11.5691929559,-22.8285898772,-87.479244246)) ;
#5284=CARTESIAN_POINT('Line Origine',(12.935249988,-21.2146551606,-94.2141214954)) ;
#5290=CARTESIAN_POINT('Control Point',(-4.05691403105,-21.1750708877,-93.7076587821)) ;
#5291=CARTESIAN_POINT('Control Point',(-4.29855382401,-21.2313166567,-93.4011421279)) ;
#5292=CARTESIAN_POINT('Control Point',(-4.53284802818,-21.2930073248,-93.0825400099)) ;
#5293=CARTESIAN_POINT('Control Point',(-4.7577931215,-21.3597521759,-92.7562776253)) ;
#5294=CARTESIAN_POINT('Control Point',(-5.00654992843,-21.4425841584,-92.3732378753)) ;
#5295=CARTESIAN_POINT('Control Point',(-5.24684741332,-21.5333379424,-91.9789320629)) ;
#5296=CARTESIAN_POINT('Control Point',(-5.27431894447,-21.5438598815,-91.9335256933)) ;
#5297=CARTESIAN_POINT('Control Point',(-5.31537108693,-21.5598051239,-91.8651818536)) ;
#5298=CARTESIAN_POINT('Control Point',(-5.35616156326,-21.5759820364,-91.7965457204)) ;
#5299=CARTESIAN_POINT('Control Point',(-5.36973130018,-21.5814009289,-91.7736315399)) ;
#5300=CARTESIAN_POINT('Control Point',(-5.39002167155,-21.589559351,-91.7392485557)) ;
#5301=CARTESIAN_POINT('Control Point',(-5.41027435811,-21.5977875223,-91.7047460038)) ;
#5302=CARTESIAN_POINT('Control Point',(-5.41701791287,-21.6005366891,-91.6932373292)) ;
#5303=CARTESIAN_POINT('Control Point',(-5.42716396615,-21.604687493,-91.6758904994)) ;
#5304=CARTESIAN_POINT('Control Point',(-5.43725152929,-21.6088352264,-91.6585999245)) ;
#5305=CARTESIAN_POINT('Control Point',(-5.44061363798,-21.6102199929,-91.6528321876)) ;
#5306=CARTESIAN_POINT('Control Point',(-5.44723223005,-21.6129502786,-91.6414692523)) ;
#5307=CARTESIAN_POINT('Control Point',(-5.45398696625,-21.6157468495,-91.6298498351)) ;
#5308=CARTESIAN_POINT('Control Point',(-5.45822116513,-21.6175024575,-91.622562988)) ;
#5309=CARTESIAN_POINT('Control Point',(-5.46113468324,-21.6187140166,-91.6175381858)) ;
#5310=CARTESIAN_POINT('Control Point',(-5.46404820767,-21.6199263882,-91.6125135834)) ;
#5311=CARTESIAN_POINT('Vertex',(-5.46410271604,-21.6199154193,-91.6125425524)) ;
#5315=CARTESIAN_POINT('Control Point',(-5.46404820767,-21.6199263882,-91.6125135834)) ;
#5316=CARTESIAN_POINT('Control Point',(-5.81064784063,-21.7641529288,-91.0147752053)) ;
#5317=CARTESIAN_POINT('Control Point',(-6.13670927822,-21.93027349,-90.3883902087)) ;
#5318=CARTESIAN_POINT('Control Point',(-6.44383191685,-22.1208056371,-89.7407555108)) ;
#5319=CARTESIAN_POINT('Vertex',(-6.44376573329,-22.1208191741,-89.7407289413)) ;
#5323=CARTESIAN_POINT('Control Point',(-7.40803287193,-22.860977387,-87.479244246)) ;
#5324=CARTESIAN_POINT('Control Point',(-7.18752842475,-22.6557739831,-88.0477340624)) ;
#5325=CARTESIAN_POINT('Control Point',(-6.95517868753,-22.4657446927,-88.6103940346)) ;
#5326=CARTESIAN_POINT('Control Point',(-6.70617035387,-22.2879932986,-89.1726576121)) ;
#5327=CARTESIAN_POINT('Control Point',(-6.44383191685,-22.1208056371,-89.7407555108)) ;
#5343=CARTESIAN_POINT('Control Point',(-6.43558913148,-21.0621627221,-89.355427815)) ;
#5344=CARTESIAN_POINT('Control Point',(-6.44719342595,-22.5530870697,-89.8980963356)) ;
#5345=CARTESIAN_POINT('Control Point',(-5.86609006922,-20.6391550091,-90.5297747857)) ;
#5346=CARTESIAN_POINT('Control Point',(-5.87769436369,-22.1300793567,-91.0724433063)) ;
#5347=CARTESIAN_POINT('Control Point',(-5.07363055989,-20.1324482487,-91.9388437673)) ;
#5348=CARTESIAN_POINT('Control Point',(-5.08523485436,-21.6233725963,-92.4815122879)) ;
#5349=CARTESIAN_POINT('Control Point',(-4.04537853668,-19.6929860125,-93.1682076637)) ;
#5350=CARTESIAN_POINT('Control Point',(-4.05698283115,-21.1839103601,-93.7108761843)) ;
#5352=CARTESIAN_POINT('Control Point',(-4.74792391877,-20.3312128293,-92.3708602559)) ;
#5353=CARTESIAN_POINT('Control Point',(-4.52063443424,-20.1145936253,-92.6531971554)) ;
#5354=CARTESIAN_POINT('Control Point',(-4.28570426019,-19.9030877958,-92.9210984472)) ;
#5355=CARTESIAN_POINT('Control Point',(-4.04544733688,-19.7018254849,-93.1714250659)) ;
#5356=CARTESIAN_POINT('Vertex',(-4.74776298177,-20.3312506615,-92.3707597231)) ;
#5360=CARTESIAN_POINT('Control Point',(-5.93947448207,-21.5597126123,-90.6454476278)) ;
#5361=CARTESIAN_POINT('Control Point',(-5.81314242487,-21.4219038859,-90.857688804)) ;
#5362=CARTESIAN_POINT('Control Point',(-5.68214311642,-21.280371386,-91.0690192328)) ;
#5363=CARTESIAN_POINT('Control Point',(-5.54244299209,-21.1314952701,-91.2848766298)) ;
#5364=CARTESIAN_POINT('Control Point',(-5.35532836219,-20.935288241,-91.5612635345)) ;
#5365=CARTESIAN_POINT('Control Point',(-5.1588581923,-20.7352834296,-91.8340941741)) ;
#5366=CARTESIAN_POINT('Control Point',(-5.10933027925,-20.6852571846,-91.9018232264)) ;
#5367=CARTESIAN_POINT('Control Point',(-5.03403523181,-20.6098623244,-92.0031947278)) ;
#5368=CARTESIAN_POINT('Control Point',(-4.9573543348,-20.5341268357,-92.1040063376)) ;
#5369=CARTESIAN_POINT('Control Point',(-4.93162927227,-20.5088382669,-92.1375581624)) ;
#5370=CARTESIAN_POINT('Control Point',(-4.87993703385,-20.4582628583,-92.2044382487)) ;
#5371=CARTESIAN_POINT('Control Point',(-4.82753669713,-20.4075053959,-92.2711483544)) ;
#5372=CARTESIAN_POINT('Control Point',(-4.80081879639,-20.3817766276,-92.3048691926)) ;
#5373=CARTESIAN_POINT('Control Point',(-4.77527353723,-20.3572784988,-92.3368868123)) ;
#5374=CARTESIAN_POINT('Control Point',(-4.74792391877,-20.3312128293,-92.3708602559)) ;
#5375=CARTESIAN_POINT('Vertex',(-5.9393827787,-21.5597292415,-90.6454038407)) ;
#5379=CARTESIAN_POINT('Control Point',(-6.44382884813,-22.1208061372,-89.7407542025)) ;
#5380=CARTESIAN_POINT('Control Point',(-6.3827335816,-22.0511475959,-89.8574566085)) ;
#5381=CARTESIAN_POINT('Control Point',(-6.3207803012,-21.9811146742,-89.9735855385)) ;
#5382=CARTESIAN_POINT('Control Point',(-6.25804948555,-21.9107889732,-90.0888870693)) ;
#5383=CARTESIAN_POINT('Control Point',(-6.16836820026,-21.8110205594,-90.2504694007)) ;
#5384=CARTESIAN_POINT('Control Point',(-6.07847202414,-21.711934073,-90.4078760523)) ;
#5385=CARTESIAN_POINT('Control Point',(-6.04005942235,-21.6697180567,-90.4744515737)) ;
#5386=CARTESIAN_POINT('Control Point',(-6.00405466362,-21.6302609642,-90.5362341695)) ;
#5387=CARTESIAN_POINT('Control Point',(-5.96785846531,-21.5906965516,-90.597613808)) ;
#5388=CARTESIAN_POINT('Control Point',(-5.95817377334,-21.5801247709,-90.6139775032)) ;
#5389=CARTESIAN_POINT('Control Point',(-5.94965363936,-21.5708164978,-90.6283463761)) ;
#5390=CARTESIAN_POINT('Control Point',(-5.93947448207,-21.5597126123,-90.6454476278)) ;
#5402=CARTESIAN_POINT('Control Point',(-10.2258537761,-28.9754083494,-71.0812782114)) ;
#5403=CARTESIAN_POINT('Control Point',(-10.2235561166,-28.6802041475,-70.9738294143)) ;
#5404=CARTESIAN_POINT('Control Point',(-10.1595891159,-28.3854769158,-70.8663743624)) ;
#5405=CARTESIAN_POINT('Control Point',(-10.0339783798,-28.1064269843,-70.7644454206)) ;
#5406=CARTESIAN_POINT('Control Point',(-9.67302995213,-27.6097799396,-70.582633809)) ;
#5407=CARTESIAN_POINT('Control Point',(-9.1389301326,-27.2784031246,-70.4604687344)) ;
#5408=CARTESIAN_POINT('Control Point',(-8.84004281071,-27.1647429183,-70.4182294558)) ;
#5409=CARTESIAN_POINT('Control Point',(-8.52543710741,-27.1092463129,-70.3971134766)) ;
#5410=CARTESIAN_POINT('Control Point',(-8.21128742437,-27.1116998717,-70.3970902856)) ;
#5411=CARTESIAN_POINT('Control Point',(-10.2204765212,-28.3043122842,-72.9251586362)) ;
#5412=CARTESIAN_POINT('Control Point',(-10.2181788617,-28.0091080835,-72.8177098348)) ;
#5413=CARTESIAN_POINT('Control Point',(-10.1542174046,-27.7150723567,-72.7083548266)) ;
#5414=CARTESIAN_POINT('Control Point',(-10.0286177639,-27.4374064733,-72.6026231209)) ;
#5415=CARTESIAN_POINT('Control Point',(-9.66770143298,-26.9447631916,-72.4098109065)) ;
#5416=CARTESIAN_POINT('Control Point',(-9.13364938988,-26.6193460073,-72.2712713558)) ;
#5417=CARTESIAN_POINT('Control Point',(-8.83478885441,-26.509027131,-72.2198515547)) ;
#5418=CARTESIAN_POINT('Control Point',(-8.52021139119,-26.4570531723,-72.1890568737)) ;
#5419=CARTESIAN_POINT('Control Point',(-8.2060899479,-26.4630293218,-72.1793551352)) ;
#5420=CARTESIAN_POINT('Control Point',(-10.1344904036,-27.6080736885,-74.8398392245)) ;
#5421=CARTESIAN_POINT('Control Point',(-10.1321927446,-27.3128695114,-74.7323903336)) ;
#5422=CARTESIAN_POINT('Control Point',(-10.06831962,-27.0195030864,-74.6211945763)) ;
#5423=CARTESIAN_POINT('Control Point',(-9.94289677668,-26.7431767884,-74.5117787)) ;
#5424=CARTESIAN_POINT('Control Point',(-9.58249188415,-26.2544086273,-74.3083090391)) ;
#5425=CARTESIAN_POINT('Control Point',(-9.04920112371,-25.9347595625,-74.1539059227)) ;
#5426=CARTESIAN_POINT('Control Point',(-8.75076741052,-25.8276746394,-74.0935920675)) ;
#5427=CARTESIAN_POINT('Control Point',(-8.43663993293,-25.7791101206,-74.0534207176)) ;
#5428=CARTESIAN_POINT('Control Point',(-8.12296847065,-25.7884956529,-74.0343424767)) ;
#5429=CARTESIAN_POINT('Control Point',(-9.96334587848,-26.9007454497,-76.786808441)) ;
#5430=CARTESIAN_POINT('Control Point',(-9.9610482294,-26.6055412502,-76.6793595822)) ;
#5431=CARTESIAN_POINT('Control Point',(-9.89733904371,-26.3128730177,-76.5662420796)) ;
#5432=CARTESIAN_POINT('Control Point',(-9.77224431426,-26.0379441791,-76.4529797907)) ;
#5433=CARTESIAN_POINT('Control Point',(-9.41278857753,-25.5532186043,-76.2383832234)) ;
#5434=CARTESIAN_POINT('Control Point',(-8.88091063301,-25.2395869975,-76.0674175803)) ;
#5435=CARTESIAN_POINT('Control Point',(-8.58326902902,-25.1358758331,-75.9978177622)) ;
#5436=CARTESIAN_POINT('Control Point',(-8.26997664448,-25.0908681564,-75.947856542)) ;
#5437=CARTESIAN_POINT('Control Point',(-7.9571402631,-25.1038104804,-75.9189885813)) ;
#5438=CARTESIAN_POINT('Control Point',(-9.58793417284,-25.889565102,-79.5729471806)) ;
#5439=CARTESIAN_POINT('Control Point',(-9.58563650901,-25.5943608991,-79.4654984095)) ;
#5440=CARTESIAN_POINT('Control Point',(-9.52230254798,-25.3027552899,-79.3494535159)) ;
#5441=CARTESIAN_POINT('Control Point',(-9.3979588474,-25.0299532962,-79.2303319516)) ;
#5442=CARTESIAN_POINT('Control Point',(-9.04067569461,-24.5513802386,-78.9987856202)) ;
#5443=CARTESIAN_POINT('Control Point',(-8.51203166787,-24.246906689,-78.8025899937)) ;
#5444=CARTESIAN_POINT('Control Point',(-8.21620319402,-24.1483300828,-78.718844694)) ;
#5445=CARTESIAN_POINT('Control Point',(-7.90482232598,-24.1087355862,-78.6539703672)) ;
#5446=CARTESIAN_POINT('Control Point',(-7.59389742556,-24.1270910007,-78.6101895158)) ;
#5447=CARTESIAN_POINT('Control Point',(-8.99625034178,-24.8836784854,-82.3491666658)) ;
#5448=CARTESIAN_POINT('Control Point',(-8.9939526841,-24.588474284,-82.2417178581)) ;
#5449=CARTESIAN_POINT('Control Point',(-8.93134185285,-24.2981037466,-82.1222642398)) ;
#5450=CARTESIAN_POINT('Control Point',(-8.8084454923,-24.0277737525,-81.9963201411)) ;
#5451=CARTESIAN_POINT('Control Point',(-8.45534918864,-23.5563516788,-81.7450376721)) ;
#5452=CARTESIAN_POINT('Control Point',(-7.93293731497,-23.262522429,-81.5194647066)) ;
#5453=CARTESIAN_POINT('Control Point',(-7.6406029639,-23.1699136639,-81.4192487002)) ;
#5454=CARTESIAN_POINT('Control Point',(-7.33290582811,-23.1366108545,-81.3370098944)) ;
#5455=CARTESIAN_POINT('Control Point',(-7.02566460376,-23.1612578582,-81.2758648477)) ;
#5456=CARTESIAN_POINT('Control Point',(-8.80245523996,-24.5888028247,-83.1634504148)) ;
#5457=CARTESIAN_POINT('Control Point',(-8.80015758503,-24.2935986222,-83.0560015969)) ;
#5458=CARTESIAN_POINT('Control Point',(-8.73779516477,-24.0036086794,-82.9354970104)) ;
#5459=CARTESIAN_POINT('Control Point',(-8.61539599672,-23.7340404479,-82.8074494064)) ;
#5460=CARTESIAN_POINT('Control Point',(-8.26373796531,-23.2648219982,-82.5500819441)) ;
#5461=CARTESIAN_POINT('Control Point',(-7.7434669689,-22.9742728638,-82.3154514348)) ;
#5462=CARTESIAN_POINT('Control Point',(-7.45233292332,-22.8835031312,-82.2101572233)) ;
#5463=CARTESIAN_POINT('Control Point',(-7.1459012279,-22.8521391503,-82.122564647)) ;
#5464=CARTESIAN_POINT('Control Point',(-6.83992542467,-22.8787249525,-82.0560659172)) ;
#5465=CARTESIAN_POINT('Control Point',(-8.48033783401,-24.1489144572,-84.3788852476)) ;
#5466=CARTESIAN_POINT('Control Point',(-8.47804018127,-23.853710253,-84.271436424)) ;
#5467=CARTESIAN_POINT('Control Point',(-8.41611461982,-23.5643212198,-84.1492715499)) ;
#5468=CARTESIAN_POINT('Control Point',(-8.29458982369,-23.295955713,-84.0179008812)) ;
#5469=CARTESIAN_POINT('Control Point',(-7.94546116695,-22.830216499,-83.7509204884)) ;
#5470=CARTESIAN_POINT('Control Point',(-7.4289551625,-22.5448462381,-83.5019810669)) ;
#5471=CARTESIAN_POINT('Control Point',(-7.13993199953,-22.4569800969,-83.3886644139)) ;
#5472=CARTESIAN_POINT('Control Point',(-6.83572573384,-22.4286772714,-83.2926140608)) ;
#5473=CARTESIAN_POINT('Control Point',(-6.53197532568,-22.4583241815,-83.2176576899)) ;
#5474=CARTESIAN_POINT('Control Point',(-8.10787308698,-23.7142031365,-85.5811733074)) ;
#5475=CARTESIAN_POINT('Control Point',(-8.10557543309,-23.418998932,-85.4737244903)) ;
#5476=CARTESIAN_POINT('Control Point',(-8.04420773072,-23.1302620317,-85.3497560269)) ;
#5477=CARTESIAN_POINT('Control Point',(-7.92379949255,-22.8632017709,-85.2147754615)) ;
#5478=CARTESIAN_POINT('Control Point',(-7.57790080745,-22.4012383627,-84.9373523788)) ;
#5479=CARTESIAN_POINT('Control Point',(-7.06620264149,-22.121488417,-84.6728689237)) ;
#5480=CARTESIAN_POINT('Control Point',(-6.77987504415,-22.0367733648,-84.5508373416)) ;
#5481=CARTESIAN_POINT('Control Point',(-6.47851061849,-22.0117926216,-84.445599143)) ;
#5482=CARTESIAN_POINT('Control Point',(-6.17760200495,-22.044761561,-84.3614550707)) ;
#5483=CARTESIAN_POINT('Control Point',(-7.97788459185,-23.5699184476,-85.9803598682)) ;
#5484=CARTESIAN_POINT('Control Point',(-7.97558693713,-23.2747142433,-85.8729110547)) ;
#5485=CARTESIAN_POINT('Control Point',(-7.91442334239,-22.9862034899,-85.7483169153)) ;
#5486=CARTESIAN_POINT('Control Point',(-7.79442362713,-22.7195958629,-85.6120840541)) ;
#5487=CARTESIAN_POINT('Control Point',(-7.44970671486,-22.2589418298,-85.3310383352)) ;
#5488=CARTESIAN_POINT('Control Point',(-6.93976762748,-21.9811408981,-85.0611625528)) ;
#5489=CARTESIAN_POINT('Control Point',(-6.65442627623,-21.897518581,-84.9361077043)) ;
#5490=CARTESIAN_POINT('Control Point',(-6.35410161508,-21.8736898698,-84.8276821811)) ;
#5491=CARTESIAN_POINT('Control Point',(-6.05423274934,-21.9078108228,-84.7403508338)) ;
#5492=CARTESIAN_POINT('Control Point',(-7.70622305969,-23.2830196686,-86.7743930559)) ;
#5493=CARTESIAN_POINT('Control Point',(-7.70392540287,-22.9878154652,-86.6669442503)) ;
#5494=CARTESIAN_POINT('Control Point',(-7.64318949794,-22.6997588333,-86.5410933253)) ;
#5495=CARTESIAN_POINT('Control Point',(-7.52404580739,-22.4340601304,-86.4023449949)) ;
#5496=CARTESIAN_POINT('Control Point',(-7.18180519902,-21.9760354244,-86.1140225368)) ;
#5497=CARTESIAN_POINT('Control Point',(-6.6755521106,-21.7021482628,-85.8333152597)) ;
#5498=CARTESIAN_POINT('Control Point',(-6.39227735378,-21.6207202415,-85.7021876164)) ;
#5499=CARTESIAN_POINT('Control Point',(-6.09413143024,-21.5992048986,-85.5873597566)) ;
#5500=CARTESIAN_POINT('Control Point',(-5.79644126694,-21.6356391825,-85.4936261722)) ;
#5501=CARTESIAN_POINT('Control Point',(-7.40963294566,-22.9993578912,-87.5600659912)) ;
#5502=CARTESIAN_POINT('Control Point',(-7.40733528657,-22.704153689,-87.4526171931)) ;
#5503=CARTESIAN_POINT('Control Point',(-7.34711377958,-22.4165889781,-87.325403778)) ;
#5504=CARTESIAN_POINT('Control Point',(-7.22899966051,-22.151874855,-87.1839284115)) ;
#5505=CARTESIAN_POINT('Control Point',(-6.88973739102,-21.6966983321,-86.887717195)) ;
#5506=CARTESIAN_POINT('Control Point',(-6.38791758471,-21.4270507091,-86.5952674288)) ;
#5507=CARTESIAN_POINT('Control Point',(-6.10712839459,-21.3479996293,-86.4575562322)) ;
#5508=CARTESIAN_POINT('Control Point',(-5.81160291646,-21.3289902114,-86.3357875612)) ;
#5509=CARTESIAN_POINT('Control Point',(-5.51653315643,-21.3679303797,-86.2351132733)) ;
#5510=CARTESIAN_POINT('Control Point',(-7.25562784182,-22.8588861318,-87.949290497)) ;
#5511=CARTESIAN_POINT('Control Point',(-7.253330181,-22.5636819332,-87.8418417047)) ;
#5512=CARTESIAN_POINT('Control Point',(-7.19335148605,-22.2763421732,-87.7140050845)) ;
#5513=CARTESIAN_POINT('Control Point',(-7.07572335787,-22.0120782856,-87.5712823647)) ;
#5514=CARTESIAN_POINT('Control Point',(-6.73786696059,-21.5582041952,-87.2714628068)) ;
#5515=CARTESIAN_POINT('Control Point',(-6.2381398063,-21.2904952449,-86.9736419865)) ;
#5516=CARTESIAN_POINT('Control Point',(-5.95852388343,-21.2125311007,-86.8329194494)) ;
#5517=CARTESIAN_POINT('Control Point',(-5.664235339,-21.194667599,-86.7079760256)) ;
#5518=CARTESIAN_POINT('Control Point',(-5.37040249187,-21.2347536641,-86.6041270331)) ;
#5519=CARTESIAN_POINT('Control Point',(-6.83281981323,-22.4927380833,-88.9642847491)) ;
#5520=CARTESIAN_POINT('Control Point',(-6.83052215587,-22.1975338762,-88.8568359445)) ;
#5521=CARTESIAN_POINT('Control Point',(-6.771418348,-21.9109484456,-88.7269081398)) ;
#5522=CARTESIAN_POINT('Control Point',(-6.65554130539,-21.6481943611,-88.5799999212)) ;
#5523=CARTESIAN_POINT('Control Point',(-6.32275043291,-21.19868783,-88.2680725977)) ;
#5524=CARTESIAN_POINT('Control Point',(-5.83056335099,-20.9374800444,-87.9522292968)) ;
#5525=CARTESIAN_POINT('Control Point',(-5.55517485043,-20.8631608512,-87.8014022692)) ;
#5526=CARTESIAN_POINT('Control Point',(-5.26534313083,-20.8491400974,-87.6658060405)) ;
#5527=CARTESIAN_POINT('Control Point',(-4.97596704072,-20.8930688528,-87.5513044165)) ;
#5528=CARTESIAN_POINT('Control Point',(-6.369838888,-22.138730083,-89.9467845506)) ;
#5529=CARTESIAN_POINT('Control Point',(-6.36754122506,-21.8435258896,-89.8393357659)) ;
#5530=CARTESIAN_POINT('Control Point',(-6.30913930363,-21.5574670252,-89.7079463249)) ;
#5531=CARTESIAN_POINT('Control Point',(-6.19466709482,-21.2957668481,-89.5581126148)) ;
#5532=CARTESIAN_POINT('Control Point',(-5.86594011946,-20.8493090329,-89.2377224275)) ;
#5533=CARTESIAN_POINT('Control Point',(-5.37980218022,-20.5926392536,-88.9092820537)) ;
#5534=CARTESIAN_POINT('Control Point',(-5.10780519443,-20.5208643353,-88.7513923365)) ;
#5535=CARTESIAN_POINT('Control Point',(-4.8215490268,-20.5095259148,-88.6083501544)) ;
#5536=CARTESIAN_POINT('Control Point',(-4.5357484275,-20.5561369556,-88.4864026876)) ;
#5537=CARTESIAN_POINT('Control Point',(-6.076889865,-21.9242259254,-90.542376382)) ;
#5538=CARTESIAN_POINT('Control Point',(-6.07459220495,-21.6290217309,-90.4349275891)) ;
#5539=CARTESIAN_POINT('Control Point',(-6.01643977548,-21.3431405689,-90.3030445835)) ;
#5540=CARTESIAN_POINT('Control Point',(-5.90246692255,-21.0817960651,-90.1522230114)) ;
#5541=CARTESIAN_POINT('Control Point',(-5.57518447751,-20.636367141,-89.8289751532)) ;
#5542=CARTESIAN_POINT('Control Point',(-5.09119673023,-20.3812288779,-89.4962811268)) ;
#5543=CARTESIAN_POINT('Control Point',(-4.82040527218,-20.3103126212,-89.3360065566)) ;
#5544=CARTESIAN_POINT('Control Point',(-4.53542005036,-20.2998794585,-89.1904501099)) ;
#5545=CARTESIAN_POINT('Control Point',(-4.2508903773,-20.3473957435,-89.0659884205)) ;
#5546=CARTESIAN_POINT('Control Point',(-5.52056600574,-21.5282103853,-91.6422834779)) ;
#5547=CARTESIAN_POINT('Control Point',(-5.51826834672,-21.2330061771,-91.5348346774)) ;
#5548=CARTESIAN_POINT('Control Point',(-5.46049444476,-20.9473930492,-91.4022071364)) ;
#5549=CARTESIAN_POINT('Control Point',(-5.34727921475,-20.6865850328,-91.2498953827)) ;
#5550=CARTESIAN_POINT('Control Point',(-5.02218841588,-20.2427080744,-90.9223367483)) ;
#5551=CARTESIAN_POINT('Control Point',(-4.54146295497,-19.9898799524,-90.583226115)) ;
#5552=CARTESIAN_POINT('Control Point',(-4.27250053412,-19.9202589067,-90.4193540098)) ;
#5553=CARTESIAN_POINT('Control Point',(-3.98944360507,-19.9111912452,-90.2700048127)) ;
#5554=CARTESIAN_POINT('Control Point',(-3.70684219834,-19.9600730145,-90.1417504375)) ;
#5555=CARTESIAN_POINT('Control Point',(-4.95252003824,-21.136479948,-92.7306683703)) ;
#5556=CARTESIAN_POINT('Control Point',(-4.95022237834,-20.8412757516,-92.6232195763)) ;
#5557=CARTESIAN_POINT('Control Point',(-4.89261530034,-20.555776654,-92.4902752212)) ;
#5558=CARTESIAN_POINT('Control Point',(-4.77973396993,-20.2951968555,-92.3373293558)) ;
#5559=CARTESIAN_POINT('Control Point',(-4.45560907322,-19.8519800681,-92.0079363593)) ;
#5560=CARTESIAN_POINT('Control Point',(-3.97632136154,-19.6001345913,-91.6660952494)) ;
#5561=CARTESIAN_POINT('Control Point',(-3.70816502854,-19.5310644709,-91.5006922703)) ;
#5562=CARTESIAN_POINT('Control Point',(-3.42595792699,-19.5225776258,-91.3497291228)) ;
#5563=CARTESIAN_POINT('Control Point',(-3.14420633077,-19.5720401982,-91.2198608188)) ;
#5564=CARTESIAN_POINT('Control Point',(-4.68864348356,-20.9558031812,-93.2327013453)) ;
#5565=CARTESIAN_POINT('Control Point',(-4.68634582358,-20.660598987,-93.1252525523)) ;
#5566=CARTESIAN_POINT('Control Point',(-4.62878509078,-20.3751313575,-92.9922207581)) ;
#5567=CARTESIAN_POINT('Control Point',(-4.51599652053,-20.1146145399,-92.8390998818)) ;
#5568=CARTESIAN_POINT('Control Point',(-4.19213995959,-19.6715799401,-92.5092006136)) ;
#5569=CARTESIAN_POINT('Control Point',(-3.71325166701,-19.4200056465,-92.166605912)) ;
#5570=CARTESIAN_POINT('Control Point',(-3.44531927227,-19.3510875671,-92.0007804232)) ;
#5571=CARTESIAN_POINT('Control Point',(-3.16334826047,-19.3427610124,-91.8493718379)) ;
#5572=CARTESIAN_POINT('Control Point',(-2.8818327496,-19.3923838718,-91.7190581026)) ;
#5573=CARTESIAN_POINT('Control Point',(-4.29197751152,-20.6851628973,-93.9847391031)) ;
#5574=CARTESIAN_POINT('Control Point',(-4.28967985175,-20.3899587024,-93.8772903094)) ;
#5575=CARTESIAN_POINT('Control Point',(-4.2321595836,-20.1045185885,-93.7441820509)) ;
#5576=CARTESIAN_POINT('Control Point',(-4.11945200322,-19.8440568444,-93.5909081318)) ;
#5577=CARTESIAN_POINT('Control Point',(-3.79582972905,-19.4011815618,-93.2605661434)) ;
#5578=CARTESIAN_POINT('Control Point',(-3.31729017418,-19.1498444147,-92.9173124509)) ;
#5579=CARTESIAN_POINT('Control Point',(-3.049553303,-19.0810592943,-92.7511174921)) ;
#5580=CARTESIAN_POINT('Control Point',(-2.76778842498,-19.072872914,-92.5993193879)) ;
#5581=CARTESIAN_POINT('Control Point',(-2.48647904485,-19.1226359459,-92.4686161401)) ;
#5582=CARTESIAN_POINT('Control Point',(-3.89457469952,-20.4147356044,-94.736207447)) ;
#5583=CARTESIAN_POINT('Control Point',(-3.89227704,-20.1195314063,-94.6287586516)) ;
#5584=CARTESIAN_POINT('Control Point',(-3.83477110857,-19.8341011689,-94.495622941)) ;
#5585=CARTESIAN_POINT('Control Point',(-3.72209222293,-19.5736591965,-94.3422940787)) ;
#5586=CARTESIAN_POINT('Control Point',(-3.39855295671,-19.1308411138,-94.0117931533)) ;
#5587=CARTESIAN_POINT('Control Point',(-2.92013696074,-18.8795891158,-93.6683028858)) ;
#5588=CARTESIAN_POINT('Control Point',(-2.65246936457,-18.8108517364,-93.5019752896)) ;
#5589=CARTESIAN_POINT('Control Point',(-2.37077752148,-18.8027156891,-93.3500373514)) ;
#5590=CARTESIAN_POINT('Control Point',(-2.08954117607,-18.8525290543,-93.219194273)) ;
#5591=CARTESIAN_POINT('Control Point',(-3.76205521719,-20.3245974331,-94.9866863014)) ;
#5592=CARTESIAN_POINT('Control Point',(-3.75975755774,-20.0293932338,-94.8792375053)) ;
#5593=CARTESIAN_POINT('Control Point',(-3.70225447167,-19.7439649894,-94.746096255)) ;
#5594=CARTESIAN_POINT('Control Point',(-3.58958128094,-19.4835270071,-94.5927563054)) ;
#5595=CARTESIAN_POINT('Control Point',(-3.26605848897,-19.0407204684,-94.2622233076)) ;
#5596=CARTESIAN_POINT('Control Point',(-2.78766701541,-18.7894856561,-93.9186853013)) ;
#5597=CARTESIAN_POINT('Control Point',(-2.52001316814,-18.7207579126,-93.7523309402)) ;
#5598=CARTESIAN_POINT('Control Point',(-2.23833582029,-18.7126320245,-93.6003647851)) ;
#5599=CARTESIAN_POINT('Control Point',(-1.95711397022,-18.7624555492,-93.4694934905)) ;
#5600=CARTESIAN_POINT('Control Point',(-3.53392707368,-20.1694624961,-95.4177813657)) ;
#5601=CARTESIAN_POINT('Control Point',(-3.53162941428,-19.8742582953,-95.3103325689)) ;
#5602=CARTESIAN_POINT('Control Point',(-3.47412916785,-19.5888320723,-95.1771856987)) ;
#5603=CARTESIAN_POINT('Control Point',(-3.36146166063,-19.3283981381,-95.0238345017)) ;
#5604=CARTESIAN_POINT('Control Point',(-3.03795530996,-18.8856033116,-94.6932689686)) ;
#5605=CARTESIAN_POINT('Control Point',(-2.55958830998,-18.6343859364,-94.349682535)) ;
#5606=CARTESIAN_POINT('Control Point',(-2.2919481843,-18.5656679698,-94.183301023)) ;
#5607=CARTESIAN_POINT('Control Point',(-2.010285303,-18.5575523899,-94.0313062442)) ;
#5608=CARTESIAN_POINT('Control Point',(-1.72907791974,-18.6073862231,-93.9004063268)) ;
#5609=CARTESIAN_POINT('Control Point',(-3.3057114143,-20.0142997181,-95.8489547919)) ;
#5610=CARTESIAN_POINT('Control Point',(-3.30341375486,-19.7190955164,-95.7415059949)) ;
#5611=CARTESIAN_POINT('Control Point',(-3.24591424631,-19.4336698446,-95.6083575923)) ;
#5612=CARTESIAN_POINT('Control Point',(-3.13324821602,-19.1732370143,-95.4550033285)) ;
#5613=CARTESIAN_POINT('Control Point',(-2.8097461379,-18.7304453826,-95.1244289242)) ;
#5614=CARTESIAN_POINT('Control Point',(-2.331385498,-18.4792327644,-94.7808292865)) ;
#5615=CARTESIAN_POINT('Control Point',(-2.06374893828,-18.4105174652,-94.6144403715)) ;
#5616=CARTESIAN_POINT('Control Point',(-1.78208981664,-18.4024046977,-94.4624377882)) ;
#5617=CARTESIAN_POINT('Control Point',(-1.50088619321,-18.4522413436,-94.3315300667)) ;
#5618=CARTESIAN_POINT('Control Point',(-3.21009519814,-19.9492926148,-96.0295995649)) ;
#5619=CARTESIAN_POINT('Control Point',(-3.20779753867,-19.654088413,-95.9221507678)) ;
#5620=CARTESIAN_POINT('Control Point',(-3.15029815238,-19.3686628346,-95.7890021056)) ;
#5621=CARTESIAN_POINT('Control Point',(-3.03763236679,-19.1082301914,-95.6356473222)) ;
#5622=CARTESIAN_POINT('Control Point',(-2.7141309966,-18.6654391011,-95.3050714147)) ;
#5623=CARTESIAN_POINT('Control Point',(-2.23577141056,-18.4142272891,-94.9614695395)) ;
#5624=CARTESIAN_POINT('Control Point',(-1.96813544173,-18.3455124421,-94.7950793701)) ;
#5625=CARTESIAN_POINT('Control Point',(-1.68647694307,-18.3374001513,-94.6430754644)) ;
#5626=CARTESIAN_POINT('Control Point',(-1.40527394268,-18.387237274,-94.5121664204)) ;
#5627=CARTESIAN_POINT('Control Point',(-3.07745853876,-19.8591173937,-96.2801827155)) ;
#5628=CARTESIAN_POINT('Control Point',(-3.07516087926,-19.5639131918,-96.1727339186)) ;
#5629=CARTESIAN_POINT('Control Point',(-3.01766156109,-19.2784876597,-96.0395851276)) ;
#5630=CARTESIAN_POINT('Control Point',(-2.9049959119,-19.0180551092,-95.8862300865)) ;
#5631=CARTESIAN_POINT('Control Point',(-2.58149493633,-18.5752642873,-95.5556534335)) ;
#5632=CARTESIAN_POINT('Control Point',(-2.10313593774,-18.3240528747,-95.2120504484)) ;
#5633=CARTESIAN_POINT('Control Point',(-1.83550029827,-18.2553382515,-95.0456596568)) ;
#5634=CARTESIAN_POINT('Control Point',(-1.55384214686,-18.2472261968,-94.893655095)) ;
#5635=CARTESIAN_POINT('Control Point',(-1.27263949372,-18.2970635556,-94.762745395)) ;
#5636=CARTESIAN_POINT('Control Point',(-2.94482152224,-19.7689421792,-96.5307658552)) ;
#5637=CARTESIAN_POINT('Control Point',(-2.94252386275,-19.4737379774,-96.4233170583)) ;
#5638=CARTESIAN_POINT('Control Point',(-2.88502455157,-19.18831245,-96.2901682541)) ;
#5639=CARTESIAN_POINT('Control Point',(-2.77235891636,-18.9278799091,-96.1368131866)) ;
#5640=CARTESIAN_POINT('Control Point',(-2.4488579812,-18.4850891146,-95.8062364572)) ;
#5641=CARTESIAN_POINT('Control Point',(-1.97049904274,-18.2338777429,-95.4626333585)) ;
#5642=CARTESIAN_POINT('Control Point',(-1.70286343698,-18.1651631426,-95.2962425032)) ;
#5643=CARTESIAN_POINT('Control Point',(-1.42120532111,-18.1570511121,-95.1442378743)) ;
#5644=CARTESIAN_POINT('Control Point',(-1.1400027035,-18.206888495,-95.0133281072)) ;
#5645=CARTESIAN_POINT('Control Point',(-2.90593364939,-19.7425037048,-96.6042343358)) ;
#5646=CARTESIAN_POINT('Control Point',(-2.9036359899,-19.4472995029,-96.4967855388)) ;
#5647=CARTESIAN_POINT('Control Point',(-2.84613667714,-19.1618739745,-96.3636367376)) ;
#5648=CARTESIAN_POINT('Control Point',(-2.73347103875,-18.9014414313,-96.2102816761)) ;
#5649=CARTESIAN_POINT('Control Point',(-2.40997009439,-18.4586506306,-95.8797049641)) ;
#5650=CARTESIAN_POINT('Control Point',(-1.93161114222,-18.2074392496,-95.5361018914)) ;
#5651=CARTESIAN_POINT('Control Point',(-1.66397552878,-18.1387246441,-95.3697110506)) ;
#5652=CARTESIAN_POINT('Control Point',(-1.3823174048,-18.1306126081,-95.2177064369)) ;
#5653=CARTESIAN_POINT('Control Point',(-1.10111477908,-18.1804499855,-95.0867966852)) ;
#5654=CARTESIAN_POINT('Control Point',(-2.86385350362,-19.713894927,-96.6837337577)) ;
#5655=CARTESIAN_POINT('Control Point',(-2.86155584414,-19.4186907252,-96.5762849607)) ;
#5656=CARTESIAN_POINT('Control Point',(-2.80405652726,-19.1332651939,-96.4431361673)) ;
#5657=CARTESIAN_POINT('Control Point',(-2.6913908806,-18.8728326452,-96.2897811214)) ;
#5658=CARTESIAN_POINT('Control Point',(-2.36788991233,-18.4300418282,-95.9592044547)) ;
#5659=CARTESIAN_POINT('Control Point',(-1.88953092454,-18.1788304229,-95.6156014492)) ;
#5660=CARTESIAN_POINT('Control Point',(-1.62189529113,-18.1101158039,-95.4492106461)) ;
#5661=CARTESIAN_POINT('Control Point',(-1.3402371461,-18.1020037536,-95.2972060723)) ;
#5662=CARTESIAN_POINT('Control Point',(-1.05903449933,-18.1518411167,-95.1662963603)) ;
#5663=CARTESIAN_POINT('Control Point',(-2.8177103018,-19.682523828,-96.7709092485)) ;
#5664=CARTESIAN_POINT('Control Point',(-2.81541264233,-19.3873196262,-96.6634604515)) ;
#5665=CARTESIAN_POINT('Control Point',(-2.75791331958,-19.101894091,-96.5303116692)) ;
#5666=CARTESIAN_POINT('Control Point',(-2.64524766119,-18.8414615342,-96.3769566455)) ;
#5667=CARTESIAN_POINT('Control Point',(-2.32174665892,-18.3986706941,-96.0463800429)) ;
#5668=CARTESIAN_POINT('Control Point',(-1.84338762054,-18.1474592545,-95.702777133)) ;
#5669=CARTESIAN_POINT('Control Point',(-1.57575195876,-18.0787446161,-95.5363863836)) ;
#5670=CARTESIAN_POINT('Control Point',(-1.29409378381,-18.0706325455,-95.3843818662)) ;
#5671=CARTESIAN_POINT('Control Point',(-1.01289110713,-18.1204698882,-95.2534722107)) ;
#5673=CARTESIAN_POINT('Control Point',(-8.21128699353,-27.1116461268,-70.3972379532)) ;
#5674=CARTESIAN_POINT('Control Point',(-8.20608443822,-26.4629846116,-72.1794780895)) ;
#5675=CARTESIAN_POINT('Control Point',(-8.12296022688,-25.7884616156,-74.0344361668)) ;
#5676=CARTESIAN_POINT('Control Point',(-7.95713176597,-25.1037876326,-75.9190515348)) ;
#5677=CARTESIAN_POINT('Control Point',(-7.59389077941,-24.1270797041,-78.610220694)) ;
#5678=CARTESIAN_POINT('Control Point',(-7.02566460376,-23.1612578582,-81.2758648477)) ;
#5679=CARTESIAN_POINT('Control Point',(-6.83992542467,-22.8787249525,-82.0560659172)) ;
#5680=CARTESIAN_POINT('Control Point',(-6.53197532568,-22.4583241815,-83.2176576899)) ;
#5681=CARTESIAN_POINT('Control Point',(-6.17760200495,-22.044761561,-84.3614550707)) ;
#5682=CARTESIAN_POINT('Control Point',(-6.05423274934,-21.9078108228,-84.7403508338)) ;
#5683=CARTESIAN_POINT('Control Point',(-5.79644126694,-21.6356391825,-85.4936261722)) ;
#5684=CARTESIAN_POINT('Control Point',(-5.51653315643,-21.3679303797,-86.2351132733)) ;
#5685=CARTESIAN_POINT('Control Point',(-5.37040249187,-21.2347536641,-86.6041270331)) ;
#5686=CARTESIAN_POINT('Control Point',(-4.97596704072,-20.8930688528,-87.5513044165)) ;
#5687=CARTESIAN_POINT('Control Point',(-4.5357484275,-20.5561369556,-88.4864026876)) ;
#5688=CARTESIAN_POINT('Control Point',(-4.2508903773,-20.3473957435,-89.0659884205)) ;
#5689=CARTESIAN_POINT('Control Point',(-3.70684219834,-19.9600730145,-90.1417504375)) ;
#5690=CARTESIAN_POINT('Control Point',(-3.14420633077,-19.5720401982,-91.2198608188)) ;
#5691=CARTESIAN_POINT('Control Point',(-2.8818327496,-19.3923838718,-91.7190581026)) ;
#5692=CARTESIAN_POINT('Control Point',(-2.48647904485,-19.1226359459,-92.4686161401)) ;
#5693=CARTESIAN_POINT('Control Point',(-2.08954117607,-18.8525290543,-93.219194273)) ;
#5694=CARTESIAN_POINT('Control Point',(-1.95711397022,-18.7624555492,-93.4694934905)) ;
#5695=CARTESIAN_POINT('Control Point',(-1.72907791974,-18.6073862231,-93.9004063268)) ;
#5696=CARTESIAN_POINT('Control Point',(-1.50088619321,-18.4522413436,-94.3315300667)) ;
#5697=CARTESIAN_POINT('Control Point',(-1.40527394268,-18.387237274,-94.5121664204)) ;
#5698=CARTESIAN_POINT('Control Point',(-1.27263949372,-18.2970635556,-94.762745395)) ;
#5699=CARTESIAN_POINT('Control Point',(-1.1400027035,-18.206888495,-95.0133281072)) ;
#5700=CARTESIAN_POINT('Control Point',(-1.10111477908,-18.1804499855,-95.0867966852)) ;
#5701=CARTESIAN_POINT('Control Point',(-1.05903449933,-18.1518411167,-95.1662963603)) ;
#5702=CARTESIAN_POINT('Control Point',(-1.01289110713,-18.1204698882,-95.2534722107)) ;
#5703=CARTESIAN_POINT('Vertex',(-8.21128710017,-27.1116461258,-70.3972379536)) ;
#5707=CARTESIAN_POINT('Control Point',(-10.2258537761,-28.9754083494,-71.0812782114)) ;
#5708=CARTESIAN_POINT('Control Point',(-10.2235561166,-28.6802041475,-70.9738294143)) ;
#5709=CARTESIAN_POINT('Control Point',(-10.1595891159,-28.3854769158,-70.8663743624)) ;
#5710=CARTESIAN_POINT('Control Point',(-10.0339783798,-28.1064269843,-70.7644454206)) ;
#5711=CARTESIAN_POINT('Control Point',(-9.67302995213,-27.6097799396,-70.582633809)) ;
#5712=CARTESIAN_POINT('Control Point',(-9.1389301326,-27.2784031246,-70.4604687344)) ;
#5713=CARTESIAN_POINT('Control Point',(-8.84004281071,-27.1647429183,-70.4182294558)) ;
#5714=CARTESIAN_POINT('Control Point',(-8.52543710741,-27.1092463129,-70.3971134766)) ;
#5715=CARTESIAN_POINT('Control Point',(-8.21128742437,-27.1116998717,-70.3970902856)) ;
#5716=CARTESIAN_POINT('Vertex',(-10.225853878,-28.9754083384,-71.08127824)) ;
#5720=CARTESIAN_POINT('Control Point',(-10.2258537761,-28.9754083494,-71.0812782114)) ;
#5721=CARTESIAN_POINT('Control Point',(-10.2204765212,-28.3043122842,-72.9251586362)) ;
#5722=CARTESIAN_POINT('Control Point',(-10.1344904036,-27.6080736885,-74.8398392245)) ;
#5723=CARTESIAN_POINT('Control Point',(-9.96334587848,-26.9007454497,-76.786808441)) ;
#5724=CARTESIAN_POINT('Control Point',(-9.60380082309,-25.9323023014,-79.4551919581)) ;
#5725=CARTESIAN_POINT('Control Point',(-9.04587865312,-24.9687148648,-82.11447697)) ;
#5726=CARTESIAN_POINT('Control Point',(-8.88476650184,-24.715963617,-82.8123294669)) ;
#5727=CARTESIAN_POINT('Control Point',(-8.70854400355,-24.4642734047,-83.5075899971)) ;
#5728=CARTESIAN_POINT('Control Point',(-8.51635407147,-24.214058196,-84.1991395546)) ;
#5746=CARTESIAN_POINT('Axis2P3D Location',(-8.20529208858,-26.3414046633,-78.3611318786)) ;
#5751=CARTESIAN_POINT('Axis2P3D Location',(-8.24874704155,-31.9245142254,-63.0211998041)) ;
#5755=CARTESIAN_POINT('Vertex',(-10.248686465,-31.9089481596,-63.0211996945)) ;
#5758=CARTESIAN_POINT('Line Origine',(-10.2052315118,-26.3258385579,-78.3611318786)) ;
#5763=CARTESIAN_POINT('Line Origine',(-8.19066473392,-24.4620763455,-77.6770915911)) ;
#5776=CARTESIAN_POINT('Control Point',(-10.2259698316,-28.9924961977,-71.0343286737)) ;
#5777=CARTESIAN_POINT('Control Point',(-10.2404096257,-30.8477266606,-71.7095977927)) ;
#5778=CARTESIAN_POINT('Control Point',(-10.2259514339,-28.9891934371,-71.0434030524)) ;
#5779=CARTESIAN_POINT('Control Point',(-10.240391228,-30.8444239,-71.7186721714)) ;
#5780=CARTESIAN_POINT('Control Point',(-10.2259310797,-28.9858895653,-71.052480526)) ;
#5781=CARTESIAN_POINT('Control Point',(-10.2403708738,-30.8411200282,-71.727749645)) ;
#5782=CARTESIAN_POINT('Control Point',(-10.225908767,-28.9825845842,-71.061561089)) ;
#5783=CARTESIAN_POINT('Control Point',(-10.2403485611,-30.8378150471,-71.736830208)) ;
#5784=CARTESIAN_POINT('Control Point',(-10.2194980071,-28.109401669,-73.4606758542)) ;
#5785=CARTESIAN_POINT('Control Point',(-10.2339378012,-29.9646321319,-74.1359449732)) ;
#5786=CARTESIAN_POINT('Control Point',(-10.0762377818,-27.159112524,-76.0745581848)) ;
#5787=CARTESIAN_POINT('Control Point',(-10.0906775759,-29.0143429869,-76.7498273038)) ;
#5788=CARTESIAN_POINT('Control Point',(-9.76602084041,-26.1713139376,-78.7950638998)) ;
#5789=CARTESIAN_POINT('Control Point',(-9.7804606345,-28.0265444005,-79.4703330188)) ;
#5790=CARTESIAN_POINT('Control Point',(-9.25662076419,-25.1778238531,-81.5354656883)) ;
#5791=CARTESIAN_POINT('Control Point',(-9.27106055828,-27.033054316,-82.2107348073)) ;
#5792=CARTESIAN_POINT('Control Point',(-8.51635355304,-24.2140582458,-84.1991394286)) ;
#5793=CARTESIAN_POINT('Control Point',(-8.53079334713,-26.0692887087,-84.8744085476)) ;
#5795=CARTESIAN_POINT('Control Point',(-10.2258537713,-28.975408339,-71.0812782399)) ;
#5796=CARTESIAN_POINT('Control Point',(-10.233028394,-29.8972148652,-71.4176579761)) ;
#5797=CARTESIAN_POINT('Control Point',(-10.2402029949,-30.8190213791,-71.7540377466)) ;
#5798=CARTESIAN_POINT('Vertex',(-10.2402032523,-30.8190216243,-71.7540378492)) ;
#5802=CARTESIAN_POINT('Control Point',(-10.2090711275,-30.1106542679,-73.3652863856)) ;
#5803=CARTESIAN_POINT('Control Point',(-10.2281712984,-30.3619978275,-72.8259366273)) ;
#5804=CARTESIAN_POINT('Control Point',(-10.2384225724,-30.5981007334,-72.2879709513)) ;
#5805=CARTESIAN_POINT('Control Point',(-10.2402029949,-30.8190213791,-71.7540377466)) ;
#5806=CARTESIAN_POINT('Vertex',(-10.2090711275,-30.1106542679,-73.3652863856)) ;
#5810=CARTESIAN_POINT('Control Point',(-9.99949903075,-28.5009266288,-76.4605493292)) ;
#5811=CARTESIAN_POINT('Control Point',(-10.1030657591,-29.0897355667,-75.4393350312)) ;
#5812=CARTESIAN_POINT('Control Point',(-10.172356497,-29.6274770031,-74.4020058137)) ;
#5813=CARTESIAN_POINT('Control Point',(-10.2090711275,-30.1106542679,-73.3652863856)) ;
#5814=CARTESIAN_POINT('Vertex',(-9.99943432417,-28.5009290193,-76.4605441454)) ;
#5818=CARTESIAN_POINT('Control Point',(-9.99949903075,-28.5009266288,-76.4605493292)) ;
#5819=CARTESIAN_POINT('Control Point',(-9.96463303797,-28.3027138414,-76.804348781)) ;
#5820=CARTESIAN_POINT('Control Point',(-9.92520543669,-28.0966171157,-77.1618022168)) ;
#5821=CARTESIAN_POINT('Control Point',(-9.88074845945,-27.8832136904,-77.5319828188)) ;
#5822=CARTESIAN_POINT('Control Point',(-9.82445444165,-27.6349795444,-77.9627068705)) ;
#5823=CARTESIAN_POINT('Control Point',(-9.7609233022,-27.3799065604,-78.4053710734)) ;
#5824=CARTESIAN_POINT('Control Point',(-9.75336310849,-27.3498642035,-78.4575087219)) ;
#5825=CARTESIAN_POINT('Control Point',(-9.74187327173,-27.3046738996,-78.5359365015)) ;
#5826=CARTESIAN_POINT('Control Point',(-9.73015059478,-27.2592710089,-78.6147348089)) ;
#5827=CARTESIAN_POINT('Control Point',(-9.72621735038,-27.2441143414,-78.6410398946)) ;
#5828=CARTESIAN_POINT('Control Point',(-9.72027445832,-27.2213297661,-78.6805837627)) ;
#5829=CARTESIAN_POINT('Control Point',(-9.71427803503,-27.1985139475,-78.7201821315)) ;
#5830=CARTESIAN_POINT('Control Point',(-9.71227268301,-27.1909030583,-78.7333913638)) ;
#5831=CARTESIAN_POINT('Control Point',(-9.70926287429,-27.1795085136,-78.7531674413)) ;
#5832=CARTESIAN_POINT('Control Point',(-9.70622972834,-27.1680689273,-78.7730217542)) ;
#5833=CARTESIAN_POINT('Control Point',(-9.70521713616,-27.1642546491,-78.7796417451)) ;
#5834=CARTESIAN_POINT('Control Point',(-9.70316977283,-27.1565524921,-78.7930094732)) ;
#5835=CARTESIAN_POINT('Control Point',(-9.701143066,-27.1489472112,-78.8062090844)) ;
#5836=CARTESIAN_POINT('Control Point',(-9.69934052411,-27.1421957822,-78.8179265596)) ;
#5837=CARTESIAN_POINT('Control Point',(-9.69871998991,-27.1398741589,-78.8219560429)) ;
#5838=CARTESIAN_POINT('Control Point',(-9.69809896695,-27.1375524968,-78.8259856432)) ;
#5839=CARTESIAN_POINT('Vertex',(-9.69809895786,-27.1375466829,-78.8259822922)) ;
#5843=CARTESIAN_POINT('Control Point',(-9.69809896695,-27.1375524968,-78.8259856432)) ;
#5844=CARTESIAN_POINT('Control Point',(-9.63923025712,-26.9174748798,-79.2079640682)) ;
#5845=CARTESIAN_POINT('Control Point',(-9.54070939858,-26.5667763142,-79.8162528116)) ;
#5846=CARTESIAN_POINT('Control Point',(-9.41959899555,-26.1930809592,-80.4655406847)) ;
#5847=CARTESIAN_POINT('Control Point',(-9.27264488625,-25.7932421924,-81.1600508406)) ;
#5859=CARTESIAN_POINT('Axis2P3D Location',(-59.6323236783,-37.592672924,-57.5059647967)) ;
#5872=CARTESIAN_POINT('Axis2P3D Location',(-10.3605059024,-46.2755537435,-70.3956883453)) ;
#5878=CARTESIAN_POINT('Control Point',(-10.2575478518,-33.0474626341,-58.3683331773)) ;
#5879=CARTESIAN_POINT('Control Point',(-10.256572666,-32.9221703808,-59.3200514201)) ;
#5880=CARTESIAN_POINT('Control Point',(-10.2551934764,-32.7449715606,-60.2649357439)) ;
#5881=CARTESIAN_POINT('Control Point',(-10.2534141443,-32.5163622656,-61.1992133926)) ;
#5882=CARTESIAN_POINT('Control Point',(-10.2512417622,-32.237253757,-62.1191599962)) ;
#5883=CARTESIAN_POINT('Control Point',(-10.248686465,-31.9089481599,-63.0211996954)) ;
#5885=CARTESIAN_POINT('Axis2P3D Location',(-9.9525345303,6.14076966562,-56.4605448568)) ;
#5900=CARTESIAN_POINT('Axis2P3D Location',(-11.2181613217,-27.9831740752,-66.7078455127)) ;
#5911=CARTESIAN_POINT('Control Point',(-24.2464324511,-46.3797257329,-28.8070438153)) ;
#5912=CARTESIAN_POINT('Control Point',(-21.4646948442,-45.1274977329,-32.3065502097)) ;
#5913=CARTESIAN_POINT('Control Point',(-16.1834782423,-41.8631864604,-41.3872910244)) ;
#5914=CARTESIAN_POINT('Control Point',(-14.1913654905,-38.0969181766,-51.7768713026)) ;
#5915=CARTESIAN_POINT('Control Point',(-14.2120352659,-35.942870998,-57.6937152337)) ;
#5916=CARTESIAN_POINT('Control Point',(-24.4692847694,-46.3378045692,-28.9690860723)) ;
#5917=CARTESIAN_POINT('Control Point',(-21.7079391456,-45.0924708519,-32.451952805)) ;
#5918=CARTESIAN_POINT('Control Point',(-16.4693601065,-41.8460994267,-41.4878497652)) ;
#5919=CARTESIAN_POINT('Control Point',(-14.5049184869,-38.1026930896,-51.8194677077)) ;
#5920=CARTESIAN_POINT('Control Point',(-14.5347689096,-35.9638254237,-57.700123375)) ;
#5921=CARTESIAN_POINT('Control Point',(-24.8678642485,-46.0544225679,-29.184315101)) ;
#5922=CARTESIAN_POINT('Control Point',(-22.1428167377,-44.8121712441,-32.6340621102)) ;
#5923=CARTESIAN_POINT('Control Point',(-16.9811403657,-41.5751633269,-41.5810665658)) ;
#5924=CARTESIAN_POINT('Control Point',(-15.067360156,-37.8457017088,-51.7980880086)) ;
#5925=CARTESIAN_POINT('Control Point',(-15.1128636013,-35.7152169673,-57.6074773686)) ;
#5926=CARTESIAN_POINT('Control Point',(-25.054717523,-45.5713928342,-29.1599307726)) ;
#5927=CARTESIAN_POINT('Control Point',(-22.3394707189,-44.3220948587,-32.5847873902)) ;
#5928=CARTESIAN_POINT('Control Point',(-17.1893484504,-41.0660089998,-41.4697234792)) ;
#5929=CARTESIAN_POINT('Control Point',(-15.2602834061,-37.3113451667,-51.6264570314)) ;
#5930=CARTESIAN_POINT('Control Point',(-15.2909504136,-35.1649490368,-57.4064984928)) ;
#5931=CARTESIAN_POINT('Control Point',(-25.079168163,-45.3662145643,-29.105936035)) ;
#5932=CARTESIAN_POINT('Control Point',(-22.3614480181,-44.1141434156,-32.5238172732)) ;
#5933=CARTESIAN_POINT('Control Point',(-17.2009403363,-40.8504843924,-41.3930292237)) ;
#5934=CARTESIAN_POINT('Control Point',(-15.2521776427,-37.0857487849,-51.5418446018)) ;
#5935=CARTESIAN_POINT('Control Point',(-15.2707403611,-34.9330422767,-57.3221658991)) ;
#5937=CARTESIAN_POINT('Control Point',(-24.2204248303,-46.1168427971,-29.3956943923)) ;
#5938=CARTESIAN_POINT('Control Point',(-24.1052841497,-46.1518840495,-29.3956827297)) ;
#5939=CARTESIAN_POINT('Control Point',(-23.9843431539,-46.1695368345,-29.3956937976)) ;
#5940=CARTESIAN_POINT('Control Point',(-23.8603389916,-46.1704806749,-29.39568834)) ;
#5941=CARTESIAN_POINT('Vertex',(-24.2204217341,-46.1168326193,-29.3956883453)) ;
#5945=CARTESIAN_POINT('Control Point',(-24.8534981409,-45.3222200304,-29.3956884093)) ;
#5946=CARTESIAN_POINT('Control Point',(-24.854115062,-45.4096675563,-29.3957702059)) ;
#5947=CARTESIAN_POINT('Control Point',(-24.8436745864,-45.4952085831,-29.3952815725)) ;
#5948=CARTESIAN_POINT('Control Point',(-24.8207600471,-45.5799907218,-29.3959083463)) ;
#5949=CARTESIAN_POINT('Control Point',(-24.7703973669,-45.6987897754,-29.3958298057)) ;
#5950=CARTESIAN_POINT('Control Point',(-24.6980534333,-45.8027495918,-29.3959054547)) ;
#5951=CARTESIAN_POINT('Control Point',(-24.671337512,-45.8360587764,-29.3959334079)) ;
#5952=CARTESIAN_POINT('Control Point',(-24.6131738984,-45.8990338266,-29.3958266371)) ;
#5953=CARTESIAN_POINT('Control Point',(-24.5461542244,-45.9544987739,-29.39585044)) ;
#5954=CARTESIAN_POINT('Control Point',(-24.5117690311,-45.9796064423,-29.3956050514)) ;
#5955=CARTESIAN_POINT('Control Point',(-24.4582346642,-46.0141311147,-29.3955606701)) ;
#5956=CARTESIAN_POINT('Control Point',(-24.4012622477,-46.0444717431,-29.3956343083)) ;
#5957=CARTESIAN_POINT('Control Point',(-24.3815255753,-46.0543214798,-29.3956516593)) ;
#5958=CARTESIAN_POINT('Control Point',(-24.3383810382,-46.0744538502,-29.3956356747)) ;
#5959=CARTESIAN_POINT('Control Point',(-24.2939160815,-46.0922474615,-29.3956333251)) ;
#5960=CARTESIAN_POINT('Control Point',(-24.2702734075,-46.1009286836,-29.3957599302)) ;
#5961=CARTESIAN_POINT('Control Point',(-24.244459174,-46.1095283232,-29.3956968267)) ;
#5962=CARTESIAN_POINT('Control Point',(-24.2204248303,-46.1168427971,-29.3956943923)) ;
#5963=CARTESIAN_POINT('Vertex',(-24.8534980065,-45.3222200314,-29.3956883453)) ;
#5967=CARTESIAN_POINT('Control Point',(-24.8534981227,-45.3222200218,-29.3956884326)) ;
#5968=CARTESIAN_POINT('Control Point',(-22.2352378935,-44.0966116889,-32.7444881536)) ;
#5969=CARTESIAN_POINT('Control Point',(-17.2231055733,-40.8987327991,-41.4441739952)) ;
#5970=CARTESIAN_POINT('Control Point',(-15.2901871404,-37.2215143839,-51.3677516968)) ;
#5971=CARTESIAN_POINT('Control Point',(-15.2737334471,-35.1075364217,-57.0497673359)) ;
#5982=CARTESIAN_POINT('Axis2P3D Location',(-8.14617117285,-18.7455260102,-86.7078455127)) ;
#5992=CARTESIAN_POINT('Axis2P3D Location',(13.1467658206,5.96098284631,-56.4605441741)) ;
#5997=CARTESIAN_POINT('Line Origine',(12.8771529607,-28.6789841002,-76.4605441453)) ;
#6002=CARTESIAN_POINT('Axis2P3D Location',(-13.952413363,6.17190357854,-56.4605441741)) ;
#6018=CARTESIAN_POINT('Axis2P3D Location',(-13.9524133633,6.17190357854,-56.4605441741)) ;
#6023=CARTESIAN_POINT('Axis2P3D Location',(-14.9523830749,6.17968663139,-56.4605441741)) ;
#6036=CARTESIAN_POINT('Axis2P3D Location',(12.9257176625,-22.4393720251,-87.2681966256)) ;
#6049=CARTESIAN_POINT('Axis2P3D Location',(7.85334419474,-18.8700548557,-86.7078455127)) ;
#6059=CARTESIAN_POINT('Line Origine',(12.898270417,-25.9658048267,-81.1600508379)) ;
#6064=CARTESIAN_POINT('Line Origine',(12.9352499805,-21.2146561768,-94.2141157318)) ;
#6085=CARTESIAN_POINT('Line Origine',(11.5332071692,-28.6685237509,-76.4605441996)) ;
#6097=CARTESIAN_POINT('Axis2P3D Location',(12.943733336,-20.1247111554,-100.395688345)) ;
#6115=CARTESIAN_POINT('Control Point',(-8.92956410947,-19.9795147661,-94.7252440892)) ;
#6116=CARTESIAN_POINT('Control Point',(-10.2541330126,-20.2846653981,-92.8162699273)) ;
#6117=CARTESIAN_POINT('Control Point',(-12.5725508026,-21.3771257823,-88.0435953701)) ;
#6118=CARTESIAN_POINT('Control Point',(-13.8006542796,-23.4415093986,-83.2624780965)) ;
#6119=CARTESIAN_POINT('Control Point',(-14.2835641247,-24.9124391079,-80.6797274609)) ;
#6120=CARTESIAN_POINT('Control Point',(-8.92346922863,-20.2768685578,-94.7709252732)) ;
#6121=CARTESIAN_POINT('Control Point',(-10.2448659846,-20.5778942356,-92.8738109565)) ;
#6122=CARTESIAN_POINT('Control Point',(-12.5587730279,-21.6604876734,-88.1354697408)) ;
#6123=CARTESIAN_POINT('Control Point',(-13.7904149539,-23.7121188747,-83.3923695098)) ;
#6124=CARTESIAN_POINT('Control Point',(-14.277609177,-25.1742545703,-80.830680032)) ;
#6125=CARTESIAN_POINT('Control Point',(-8.69865307178,-20.8115507994,-94.7043566359)) ;
#6126=CARTESIAN_POINT('Control Point',(-10.0013946792,-21.1054171681,-92.8545043843)) ;
#6127=CARTESIAN_POINT('Control Point',(-12.2941073944,-22.1704045923,-88.2179389924)) ;
#6128=CARTESIAN_POINT('Control Point',(-13.5214983698,-24.1991529273,-83.5657231069)) ;
#6129=CARTESIAN_POINT('Control Point',(-14.0083072851,-25.6456011233,-81.0539465252)) ;
#6130=CARTESIAN_POINT('Control Point',(-8.2535511575,-21.0246426544,-94.4307447695)) ;
#6131=CARTESIAN_POINT('Control Point',(-9.52599489098,-21.3199046113,-92.6406501431)) ;
#6132=CARTESIAN_POINT('Control Point',(-11.7852292768,-22.3821637458,-88.1131625248)) ;
#6133=CARTESIAN_POINT('Control Point',(-12.9954648923,-24.3964191707,-83.5362527546)) ;
#6134=CARTESIAN_POINT('Control Point',(-13.4727255654,-25.8319911202,-81.0617522104)) ;
#6135=CARTESIAN_POINT('Control Point',(-8.0638863205,-21.0342094112,-94.3005305822)) ;
#6136=CARTESIAN_POINT('Control Point',(-9.3234310733,-21.3319448215,-92.532255773)) ;
#6137=CARTESIAN_POINT('Control Point',(-11.5683892519,-22.3964625825,-88.0424909464)) ;
#6138=CARTESIAN_POINT('Control Point',(-12.7714291308,-24.406968435,-83.4880663791)) ;
#6139=CARTESIAN_POINT('Control Point',(-13.2447518417,-25.8394850505,-81.0233379573)) ;
#6141=CARTESIAN_POINT('Control Point',(-9.01525951756,-20.0589200628,-94.6048766957)) ;
#6142=CARTESIAN_POINT('Control Point',(-10.2951730941,-20.3636507365,-92.7349737811)) ;
#6143=CARTESIAN_POINT('Control Point',(-12.5572369531,-21.4421160727,-88.0620197713)) ;
#6144=CARTESIAN_POINT('Control Point',(-13.7725478586,-23.4545020752,-83.3815250166)) ;
#6145=CARTESIAN_POINT('Control Point',(-14.2552935869,-24.8884079955,-80.8426733094)) ;
#6156=CARTESIAN_POINT('Control Point',(14.7614053281,-30.4433564176,-70.3140710544)) ;
#6157=CARTESIAN_POINT('Control Point',(14.7699822498,-29.6975557672,-72.307678904)) ;
#6158=CARTESIAN_POINT('Control Point',(14.6802174742,-28.7921137068,-74.2396597654)) ;
#6159=CARTESIAN_POINT('Control Point',(14.5107976883,-27.7434315307,-76.080741005)) ;
#6160=CARTESIAN_POINT('Control Point',(14.7803895824,-30.7422227222,-70.4277659609)) ;
#6161=CARTESIAN_POINT('Control Point',(14.7847682135,-29.9879128419,-72.4375372526)) ;
#6162=CARTESIAN_POINT('Control Point',(14.6897840602,-29.0722849421,-74.3834907027)) ;
#6163=CARTESIAN_POINT('Control Point',(14.5134777408,-28.0117078765,-76.2366479898)) ;
#6164=CARTESIAN_POINT('Control Point',(14.5169416472,-31.2750845674,-70.6316760594)) ;
#6165=CARTESIAN_POINT('Control Point',(14.5190668152,-30.5058788501,-72.65987402)) ;
#6166=CARTESIAN_POINT('Control Point',(14.4207979517,-29.571408979,-74.6226938232)) ;
#6167=CARTESIAN_POINT('Control Point',(14.2417765387,-28.4899795624,-76.4889968824)) ;
#6168=CARTESIAN_POINT('Control Point',(13.9388729161,-31.4416615187,-70.6973774284)) ;
#6169=CARTESIAN_POINT('Control Point',(13.9454698132,-30.6725238598,-72.7170452084)) ;
#6170=CARTESIAN_POINT('Control Point',(13.8543476924,-29.7387423841,-74.6730339142)) ;
#6171=CARTESIAN_POINT('Control Point',(13.6842867913,-28.6573168267,-76.534514679)) ;
#6172=CARTESIAN_POINT('Control Point',(13.6946828418,-31.4250128427,-70.6920077849)) ;
#6173=CARTESIAN_POINT('Control Point',(13.7030535912,-30.6591761818,-72.7038340007)) ;
#6174=CARTESIAN_POINT('Control Point',(13.6148400536,-29.7294885601,-74.6534176103)) ;
#6175=CARTESIAN_POINT('Control Point',(13.4483877297,-28.6527076661,-76.510016049)) ;
#6177=CARTESIAN_POINT('Control Point',(14.7632044971,-30.4784778395,-70.3944787687)) ;
#6178=CARTESIAN_POINT('Control Point',(14.7689701812,-29.742632281,-72.3507737927)) ;
#6179=CARTESIAN_POINT('Control Point',(14.6802044217,-28.8531829549,-74.2471715762)) ;
#6180=CARTESIAN_POINT('Control Point',(14.5144172898,-27.8255920292,-76.056123523)) ;
#6183=CARTESIAN_POINT('Control Point',(13.7559658961,-31.4046067321,-70.7522057534)) ;
#6184=CARTESIAN_POINT('Control Point',(13.7586087173,-31.0664464181,-71.6362151095)) ;
#6185=CARTESIAN_POINT('Control Point',(13.7425954021,-30.6966659717,-72.5080893992)) ;
#6186=CARTESIAN_POINT('Control Point',(13.7094899808,-30.2966914148,-73.3652210108)) ;
#6187=CARTESIAN_POINT('Vertex',(13.7094899808,-30.2966914148,-73.3652210108)) ;
#6191=CARTESIAN_POINT('Control Point',(13.7094899143,-30.2966914153,-73.3652210085)) ;
#6192=CARTESIAN_POINT('Control Point',(13.6687125299,-29.8040253884,-74.4209872276)) ;
#6193=CARTESIAN_POINT('Control Point',(13.6020031417,-29.2655491035,-75.4543859758)) ;
#6194=CARTESIAN_POINT('Control Point',(13.5122845955,-28.6839274978,-76.4605441716)) ;
#6204=CARTESIAN_POINT('Axis2P3D Location',(-13.7545721744,-32.6515258895,-41.7078455127)) ;
#6214=CARTESIAN_POINT('Axis2P3D Location',(-17.2251145577,-28.8531790833,-64.5215327177)) ;
#6219=CARTESIAN_POINT('Axis2P3D Location',(-17.2251344218,-28.8557312322,-64.5215327177)) ;
#6223=CARTESIAN_POINT('Vertex',(-15.2251949987,-28.871297337,-64.5218682788)) ;
#6226=CARTESIAN_POINT('Line Origine',(-15.7494630945,-28.8646645062,-63.1715990733)) ;
#6231=CARTESIAN_POINT('Line Origine',(-15.2251751627,-28.8687451892,-64.5218682794)) ;
#6243=CARTESIAN_POINT('Axis2P3D Location',(10.7811723154,-28.1544012377,-66.7078455127)) ;
#6253=CARTESIAN_POINT('Axis2P3D Location',(16.2445191554,-32.8850174749,-41.7078455127)) ;
#6263=CARTESIAN_POINT('Axis2P3D Location',(-8.08784613719,-11.2519023299,-55.496757744)) ;
#6276=CARTESIAN_POINT('Line Origine',(9.78135194114,-28.1275370771,-67.9909353537)) ;
#6295=CARTESIAN_POINT('Axis2P3D Location',(2.38285160561,-30.5270893257,-62.9365712113)) ;
#6301=CARTESIAN_POINT('Control Point',(12.2741526219,-32.4689027018,-48.7722364872)) ;
#6302=CARTESIAN_POINT('Control Point',(12.756848257,-32.6719954077,-47.2581770309)) ;
#6303=CARTESIAN_POINT('Control Point',(13.2957553529,-32.8731995916,-45.7617850071)) ;
#6304=CARTESIAN_POINT('Control Point',(13.8900027449,-33.0721486601,-44.2857933821)) ;
#6305=CARTESIAN_POINT('Control Point',(14.5385151848,-33.2684826227,-42.8328729072)) ;
#6306=CARTESIAN_POINT('Control Point',(15.2400262308,-33.4618524284,-41.4055999371)) ;
#6319=CARTESIAN_POINT('Axis2P3D Location',(15.2004179579,-38.5507389982,-33.3956883453)) ;
#6324=CARTESIAN_POINT('Axis2P3D Location',(17.2003573811,-38.5663051039,-33.3956883453)) ;
#6336=CARTESIAN_POINT('Axis2P3D Location',(13.7537147117,-31.6938397945,-67.0492532035)) ;
#6341=CARTESIAN_POINT('Line Origine',(14.7536844233,-31.7016228461,-67.049253203)) ;
#6345=CARTESIAN_POINT('Vertex',(14.7495398956,-32.2341134063,-65.5861795311)) ;
#6349=CARTESIAN_POINT('Control Point',(14.7495398956,-32.2341134063,-65.5861795312)) ;
#6350=CARTESIAN_POINT('Control Point',(14.7476272703,-32.4801194495,-65.6757211145)) ;
#6351=CARTESIAN_POINT('Control Point',(14.6379542766,-32.7237725622,-65.7647115906)) ;
#6352=CARTESIAN_POINT('Control Point',(14.4514839382,-32.8962842774,-65.8280270513)) ;
#6353=CARTESIAN_POINT('Vertex',(14.4514815371,-32.8962864988,-65.8280278666)) ;
#6356=CARTESIAN_POINT('Axis2P3D Location',(13.749570125,-32.2263379291,-65.5861822886)) ;
#6370=CARTESIAN_POINT('Axis2P3D Location',(10.0468596964,5.98511031029,-56.4605441741)) ;
#6386=CARTESIAN_POINT('Axis2P3D Location',(9.63888831158,-46.4312148003,-65.5861824993)) ;
#6399=CARTESIAN_POINT('Axis2P3D Location',(64.0866076197,-40.7434878634,-66.4004436592)) ;
#6404=CARTESIAN_POINT('Line Origine',(17.1582122585,-43.9811271429,-39.034556465)) ;
#6422=CARTESIAN_POINT('Axis2P3D Location',(17.1468709161,-45.4382672999,-29.5109674411)) ;
#6436=CARTESIAN_POINT('Axis2P3D Location',(23.1398295726,-46.3662914126,-30.3369648701)) ;
#6441=CARTESIAN_POINT('Axis2P3D Location',(23.1398295726,-46.3662914126,-29.3956883459)) ;
#6445=CARTESIAN_POINT('Vertex',(24.1397992841,-46.3740744655,-29.3956883453)) ;
#6448=CARTESIAN_POINT('Line Origine',(24.1397992842,-46.3740744655,-30.3369648699)) ;
#6464=CARTESIAN_POINT('Control Point',(25.1668042018,-43.6357148603,-34.9268561565)) ;
#6465=CARTESIAN_POINT('Control Point',(21.8977695388,-42.0368875685,-39.1601852788)) ;
#6466=CARTESIAN_POINT('Control Point',(16.5292388797,-38.3293098246,-49.0238432378)) ;
#6467=CARTESIAN_POINT('Control Point',(14.69821551,-34.1844005563,-60.1399073564)) ;
#6468=CARTESIAN_POINT('Control Point',(14.7493398528,-32.0497970986,-65.8859406101)) ;
#6469=CARTESIAN_POINT('Control Point',(25.131627762,-43.9031475793,-34.9984677691)) ;
#6470=CARTESIAN_POINT('Control Point',(21.8662816274,-42.3084778792,-39.2419108776)) ;
#6471=CARTESIAN_POINT('Control Point',(16.511484491,-38.6109623053,-49.1255829018)) ;
#6472=CARTESIAN_POINT('Control Point',(14.706137794,-34.4795266718,-60.2505658622)) ;
#6473=CARTESIAN_POINT('Control Point',(14.7716707959,-32.3528738065,-65.9959964383)) ;
#6474=CARTESIAN_POINT('Control Point',(24.8924609322,-44.3819206536,-34.9908551352)) ;
#6475=CARTESIAN_POINT('Control Point',(21.6108873086,-42.7947098739,-39.2648371545)) ;
#6476=CARTESIAN_POINT('Control Point',(16.2344827854,-39.1157219086,-49.2180419168)) ;
#6477=CARTESIAN_POINT('Control Point',(14.433975759,-35.0085407782,-60.4152491493)) ;
#6478=CARTESIAN_POINT('Control Point',(14.5076892257,-32.8954536843,-66.1959297805)) ;
#6479=CARTESIAN_POINT('Control Point',(24.4854152373,-44.606535738,-34.7593717102)) ;
#6480=CARTESIAN_POINT('Control Point',(21.1636123737,-43.0124763802,-39.069332931)) ;
#6481=CARTESIAN_POINT('Control Point',(15.7124042956,-39.316702305,-49.1098098137)) ;
#6482=CARTESIAN_POINT('Control Point',(13.8636324077,-35.1876458295,-60.4186969645)) ;
#6483=CARTESIAN_POINT('Control Point',(13.9226284985,-33.062218804,-66.2620521169)) ;
#6484=CARTESIAN_POINT('Control Point',(24.3126443884,-44.6358695288,-34.6366867198)) ;
#6485=CARTESIAN_POINT('Control Point',(20.9738902851,-43.0358381225,-38.9609740427)) ;
#6486=CARTESIAN_POINT('Control Point',(15.4912996139,-39.3257890868,-49.0362220608)) ;
#6487=CARTESIAN_POINT('Control Point',(13.622727771,-35.1786735689,-60.3893587253)) ;
#6488=CARTESIAN_POINT('Control Point',(13.6758901869,-33.0430639068,-66.2573714367)) ;
#6490=CARTESIAN_POINT('Control Point',(14.7495398956,-32.2341134063,-65.5861795311)) ;
#6491=CARTESIAN_POINT('Control Point',(14.7450329959,-32.8131739949,-64.0268752913)) ;
#6492=CARTESIAN_POINT('Control Point',(14.8017633011,-33.392746104,-62.4674484971)) ;
#6493=CARTESIAN_POINT('Control Point',(14.9226962542,-34.0500006784,-60.7002825394)) ;
#6494=CARTESIAN_POINT('Control Point',(15.3833552807,-35.4363528778,-56.9770875695)) ;
#6495=CARTESIAN_POINT('Control Point',(16.1888245923,-36.8028750274,-53.3143249241)) ;
#6496=CARTESIAN_POINT('Control Point',(16.663314721,-37.4398095856,-51.6090918994)) ;
#6497=CARTESIAN_POINT('Control Point',(17.9703798799,-38.9982015989,-47.4395875867)) ;
#6498=CARTESIAN_POINT('Control Point',(19.7327524839,-40.4993722218,-43.4342118233)) ;
#6499=CARTESIAN_POINT('Control Point',(21.0449998498,-41.4353220198,-40.9416183646)) ;
#6500=CARTESIAN_POINT('Control Point',(22.5261815538,-42.3356729596,-38.5484553234)) ;
#6501=CARTESIAN_POINT('Control Point',(24.1666259794,-43.1944251907,-36.2703932942)) ;
#6502=CARTESIAN_POINT('Vertex',(24.1645476421,-43.1943956328,-36.2646513112)) ;
#6506=CARTESIAN_POINT('Control Point',(24.1593810253,-43.8635511104,-35.963970559)) ;
#6507=CARTESIAN_POINT('Control Point',(24.160470057,-43.706818199,-36.103393623)) ;
#6508=CARTESIAN_POINT('Control Point',(24.1589957435,-43.5401103102,-36.2100352905)) ;
#6509=CARTESIAN_POINT('Control Point',(24.1642323275,-43.3668352514,-36.2710666524)) ;
#6510=CARTESIAN_POINT('Control Point',(24.1666259794,-43.1944251907,-36.2703932942)) ;
#6511=CARTESIAN_POINT('Vertex',(24.1593397273,-43.8635105861,-35.9639253259)) ;
#6515=CARTESIAN_POINT('Control Point',(24.1548817,-44.4356330407,-35.1600401917)) ;
#6516=CARTESIAN_POINT('Control Point',(24.1557236518,-44.3272939949,-35.3956429326)) ;
#6517=CARTESIAN_POINT('Control Point',(24.1557609507,-44.1950691062,-35.6117109352)) ;
#6518=CARTESIAN_POINT('Control Point',(24.158139273,-44.0422634918,-35.8049954748)) ;
#6519=CARTESIAN_POINT('Control Point',(24.1593810253,-43.8635511104,-35.963970559)) ;
#6532=CARTESIAN_POINT('Control Point',(-15.2258094868,-28.8321949369,-64.5831912301)) ;
#6533=CARTESIAN_POINT('Control Point',(-15.209145199,-28.8326612893,-64.0335154128)) ;
#6534=CARTESIAN_POINT('Control Point',(-15.4085033116,-28.8314235227,-63.5209924058)) ;
#6535=CARTESIAN_POINT('Control Point',(-15.7922159155,-28.8286782434,-63.1270562121)) ;
#6536=CARTESIAN_POINT('Control Point',(-15.2259263336,-28.8474346949,-64.5831777111)) ;
#6537=CARTESIAN_POINT('Control Point',(-15.2093159838,-28.8504835334,-64.0340623477)) ;
#6538=CARTESIAN_POINT('Control Point',(-15.4082871318,-28.8516873499,-63.5219891962)) ;
#6539=CARTESIAN_POINT('Control Point',(-15.7912964613,-28.8508551947,-63.1281582821)) ;
#6540=CARTESIAN_POINT('Control Point',(-15.2320266102,-29.6148195068,-64.5873268668)) ;
#6541=CARTESIAN_POINT('Control Point',(-15.2115557467,-29.4376658345,-63.9970462196)) ;
#6542=CARTESIAN_POINT('Control Point',(-15.4386556263,-29.2624937468,-63.4518286786)) ;
#6543=CARTESIAN_POINT('Control Point',(-15.8721298403,-29.1210872943,-63.0506025922)) ;
#6544=CARTESIAN_POINT('Control Point',(-15.2396902692,-30.5508428683,-64.1003109543)) ;
#6545=CARTESIAN_POINT('Control Point',(-15.2099722,-30.1524090298,-63.4899650684)) ;
#6546=CARTESIAN_POINT('Control Point',(-15.5259301031,-29.7700468021,-62.9612988949)) ;
#6547=CARTESIAN_POINT('Control Point',(-16.1086878862,-29.4992326298,-62.6463243636)) ;
#6548=CARTESIAN_POINT('Control Point',(-15.2511711667,-31.9106814768,-62.7228214445)) ;
#6549=CARTESIAN_POINT('Control Point',(-15.1988861225,-31.1260532165,-62.145111424)) ;
#6550=CARTESIAN_POINT('Control Point',(-15.7488254219,-30.4483302756,-61.7008591466)) ;
#6551=CARTESIAN_POINT('Control Point',(-16.66773191,-30.1650460488,-61.5785505535)) ;
#6552=CARTESIAN_POINT('Control Point',(-15.2565031116,-32.5139676692,-61.5730278508)) ;
#6553=CARTESIAN_POINT('Control Point',(-15.1866593138,-31.4958175787,-61.0378523243)) ;
#6554=CARTESIAN_POINT('Control Point',(-15.9268884313,-30.6979299131,-60.6712563043)) ;
#6555=CARTESIAN_POINT('Control Point',(-17.0638813289,-30.5659376832,-60.6779975398)) ;
#6556=CARTESIAN_POINT('Control Point',(-15.2597920976,-32.8714860067,-60.6139649875)) ;
#6557=CARTESIAN_POINT('Control Point',(-15.1742110529,-31.6552999053,-60.1798439985)) ;
#6558=CARTESIAN_POINT('Control Point',(-16.087233719,-30.7905971804,-59.8738929137)) ;
#6559=CARTESIAN_POINT('Control Point',(-17.37892443,-30.8646922449,-59.9039172052)) ;
#6560=CARTESIAN_POINT('Control Point',(-15.2598038285,-32.8893567114,-60.5556333493)) ;
#6561=CARTESIAN_POINT('Control Point',(-15.1782900233,-31.720284114,-60.108136349)) ;
#6562=CARTESIAN_POINT('Control Point',(-16.0462130687,-30.873341567,-59.7863704147)) ;
#6563=CARTESIAN_POINT('Control Point',(-17.3005203522,-30.8981434367,-59.7991425931)) ;
#6565=CARTESIAN_POINT('Control Point',(-15.2552868176,-32.737506147,-60.637769397)) ;
#6566=CARTESIAN_POINT('Control Point',(-15.2534823511,-32.5055694652,-60.5532103541)) ;
#6567=CARTESIAN_POINT('Control Point',(-15.2896458156,-32.257487547,-60.4628970971)) ;
#6568=CARTESIAN_POINT('Control Point',(-15.3739431806,-32.0046768255,-60.3710182963)) ;
#6569=CARTESIAN_POINT('Control Point',(-15.5743495843,-31.6543488796,-60.2439699887)) ;
#6570=CARTESIAN_POINT('Control Point',(-15.8637655881,-31.3648690973,-60.139399858)) ;
#6571=CARTESIAN_POINT('Control Point',(-15.9388192535,-31.3053675065,-60.1179541173)) ;
#6572=CARTESIAN_POINT('Control Point',(-16.0638611985,-31.2088936515,-60.0831972659)) ;
#6573=CARTESIAN_POINT('Control Point',(-16.197705076,-31.1252212557,-60.0531443681)) ;
#6574=CARTESIAN_POINT('Control Point',(-16.2796176593,-31.0756352724,-60.0353451523)) ;
#6575=CARTESIAN_POINT('Control Point',(-16.5387844958,-30.9553242952,-59.9923599149)) ;
#6576=CARTESIAN_POINT('Control Point',(-16.8061122732,-30.8826118859,-59.9667716063)) ;
#6577=CARTESIAN_POINT('Control Point',(-16.9543644534,-30.8565478721,-59.9577869229)) ;
#6578=CARTESIAN_POINT('Control Point',(-17.0996097058,-30.8438139988,-59.9536607747)) ;
#6579=CARTESIAN_POINT('Control Point',(-17.2395273589,-30.8426185163,-59.9537336895)) ;
#6580=CARTESIAN_POINT('Vertex',(-15.2552868176,-32.737506147,-60.637769397)) ;
#6584=CARTESIAN_POINT('Control Point',(-15.2251951069,-28.8712973362,-64.5218682788)) ;
#6585=CARTESIAN_POINT('Control Point',(-15.2257749079,-28.9457934124,-64.5214215795)) ;
#6586=CARTESIAN_POINT('Control Point',(-15.2263515035,-29.0198634027,-64.5179831659)) ;
#6587=CARTESIAN_POINT('Control Point',(-15.2269212628,-29.0930842935,-64.5116310967)) ;
#6588=CARTESIAN_POINT('Control Point',(-15.2287241713,-29.3247286632,-64.4824526485)) ;
#6589=CARTESIAN_POINT('Control Point',(-15.230477339,-29.549974006,-64.4258162235)) ;
#6590=CARTESIAN_POINT('Control Point',(-15.2315384581,-29.6863074824,-64.3797045531)) ;
#6591=CARTESIAN_POINT('Control Point',(-15.2332453781,-29.9056132823,-64.2913264115)) ;
#6592=CARTESIAN_POINT('Control Point',(-15.2349306963,-30.1221436076,-64.1786041865)) ;
#6593=CARTESIAN_POINT('Control Point',(-15.235546915,-30.2013156599,-64.133956915)) ;
#6594=CARTESIAN_POINT('Control Point',(-15.2367655695,-30.3578888568,-64.0386329478)) ;
#6595=CARTESIAN_POINT('Control Point',(-15.2379383285,-30.5085653636,-63.9336292608)) ;
#6596=CARTESIAN_POINT('Control Point',(-15.2385095354,-30.5819554974,-63.8792033186)) ;
#6597=CARTESIAN_POINT('Control Point',(-15.2402941141,-30.8112242491,-63.6985792393)) ;
#6598=CARTESIAN_POINT('Control Point',(-15.2420972349,-31.0428767883,-63.4830577874)) ;
#6599=CARTESIAN_POINT('Control Point',(-15.2433768666,-31.2073108902,-63.3115694516)) ;
#6600=CARTESIAN_POINT('Control Point',(-15.2457632503,-31.5139145082,-62.9550728458)) ;
#6601=CARTESIAN_POINT('Control Point',(-15.2478457933,-31.781480108,-62.5776746779)) ;
#6602=CARTESIAN_POINT('Control Point',(-15.2489181463,-31.9192565603,-62.3612553196)) ;
#6603=CARTESIAN_POINT('Control Point',(-15.2500439878,-32.0639053111,-62.1162566489)) ;
#6604=CARTESIAN_POINT('Control Point',(-15.2510509145,-32.1932756454,-61.8749164827)) ;
#6605=CARTESIAN_POINT('Control Point',(-15.2513031694,-32.2256854349,-61.8129808215)) ;
#6606=CARTESIAN_POINT('Control Point',(-15.2520671672,-32.3238439555,-61.6206769063)) ;
#6607=CARTESIAN_POINT('Control Point',(-15.2527863218,-32.4162406909,-61.4253353176)) ;
#6608=CARTESIAN_POINT('Control Point',(-15.2532532844,-32.4762358252,-61.291902411)) ;
#6609=CARTESIAN_POINT('Control Point',(-15.2539541359,-32.5662816155,-61.0815050161)) ;
#6610=CARTESIAN_POINT('Control Point',(-15.2546100954,-32.6505602088,-60.8690797251)) ;
#6611=CARTESIAN_POINT('Control Point',(-15.2548419135,-32.6803447616,-60.7919002808)) ;
#6612=CARTESIAN_POINT('Control Point',(-15.2550663483,-32.7091801737,-60.7151770837)) ;
#6613=CARTESIAN_POINT('Control Point',(-15.2552868176,-32.737506147,-60.637769397)) ;
#6623=CARTESIAN_POINT('Axis2P3D Location',(-17.2431081054,-31.1649972154,-64.9155591585)) ;
#6628=CARTESIAN_POINT('Axis2P3D Location',(-17.2653903175,-34.0278246497,-57.0497671845)) ;
#6632=CARTESIAN_POINT('Vertex',(-15.2654507743,-34.0433753365,-57.0497672787)) ;
#6635=CARTESIAN_POINT('Line Origine',(-15.2431686949,-31.1805649479,-64.9155597501)) ;
#6648=CARTESIAN_POINT('Control Point',(-24.7762731228,-39.3896752258,-36.3050018161)) ;
#6649=CARTESIAN_POINT('Control Point',(-23.9886831822,-38.7397106863,-38.107363761)) ;
#6650=CARTESIAN_POINT('Control Point',(-23.4515106126,-38.0480273205,-40.018927994)) ;
#6651=CARTESIAN_POINT('Control Point',(-23.191069622,-37.3406486504,-41.9674978547)) ;
#6652=CARTESIAN_POINT('Control Point',(-25.0472204146,-39.3670916845,-36.4153297023)) ;
#6653=CARTESIAN_POINT('Control Point',(-24.2751203408,-38.7251868168,-38.1973199538)) ;
#6654=CARTESIAN_POINT('Control Point',(-23.7510296445,-38.0425477971,-40.0862917755)) ;
#6655=CARTESIAN_POINT('Control Point',(-23.5006121538,-37.3453507466,-42.0103691844)) ;
#6656=CARTESIAN_POINT('Control Point',(-25.531697944,-39.0951054196,-36.5286654432)) ;
#6657=CARTESIAN_POINT('Control Point',(-24.7875630222,-38.4576600974,-38.2704499632)) ;
#6658=CARTESIAN_POINT('Control Point',(-24.2869883881,-37.7800812193,-40.1148701514)) ;
#6659=CARTESIAN_POINT('Control Point',(-24.0539902159,-37.0882899867,-41.9906736456)) ;
#6660=CARTESIAN_POINT('Control Point',(-25.7327094957,-38.5930590534,-36.435581438)) ;
#6661=CARTESIAN_POINT('Control Point',(-24.9895965461,-37.9469183732,-38.1520000231)) ;
#6662=CARTESIAN_POINT('Control Point',(-24.4856678457,-37.2596372837,-39.9710776034)) ;
#6663=CARTESIAN_POINT('Control Point',(-24.2454399446,-36.5572335775,-41.8233880589)) ;
#6664=CARTESIAN_POINT('Control Point',(-25.7466308175,-38.3802488137,-36.3648669777)) ;
#6665=CARTESIAN_POINT('Control Point',(-24.9979772458,-37.730635349,-38.0758761612)) ;
#6666=CARTESIAN_POINT('Control Point',(-24.4869046919,-37.0394806017,-39.8907446237)) ;
#6667=CARTESIAN_POINT('Control Point',(-24.238496138,-36.3328594384,-41.7410317971)) ;
#6669=CARTESIAN_POINT('Control Point',(-24.7926982878,-37.4258331131,-39.053834239)) ;
#6670=CARTESIAN_POINT('Control Point',(-24.5506755949,-37.0938711007,-39.9249829441)) ;
#6671=CARTESIAN_POINT('Control Point',(-24.3673681892,-36.7552778551,-40.8122631187)) ;
#6672=CARTESIAN_POINT('Control Point',(-24.2456098451,-36.4129911753,-41.7078412397)) ;
#6673=CARTESIAN_POINT('Vertex',(-24.7920381754,-37.4258365982,-39.0536521744)) ;
#6677=CARTESIAN_POINT('Control Point',(-24.8036738553,-38.9207536425,-37.3706657475)) ;
#6678=CARTESIAN_POINT('Control Point',(-24.8049949349,-39.0919470453,-37.0475828352)) ;
#6679=CARTESIAN_POINT('Control Point',(-24.806168776,-39.2413412574,-36.7172383968)) ;
#6680=CARTESIAN_POINT('Control Point',(-24.8071191878,-39.3634510319,-36.38181914)) ;
#6681=CARTESIAN_POINT('Vertex',(-24.8036735407,-38.9207529413,-37.3706653748)) ;
#6685=CARTESIAN_POINT('Control Point',(-24.7956912214,-37.8947915461,-38.8054430897)) ;
#6686=CARTESIAN_POINT('Control Point',(-24.796399364,-37.9799425149,-38.7286991815)) ;
#6687=CARTESIAN_POINT('Control Point',(-24.7967443955,-38.0635167196,-38.6435803322)) ;
#6688=CARTESIAN_POINT('Control Point',(-24.79747546,-38.1412261878,-38.5559497963)) ;
#6689=CARTESIAN_POINT('Control Point',(-24.7990883462,-38.3151649374,-38.3433723674)) ;
#6690=CARTESIAN_POINT('Control Point',(-24.800216343,-38.4819520609,-38.1075717543)) ;
#6691=CARTESIAN_POINT('Control Point',(-24.8007319796,-38.5589275764,-37.9917306718)) ;
#6692=CARTESIAN_POINT('Control Point',(-24.8015366356,-38.6627638712,-37.8265087442)) ;
#6693=CARTESIAN_POINT('Control Point',(-24.8023703947,-38.7626968181,-37.655869973)) ;
#6694=CARTESIAN_POINT('Control Point',(-24.8025407686,-38.7828951595,-37.6208844937)) ;
#6695=CARTESIAN_POINT('Control Point',(-24.8028775866,-38.8229599836,-37.5504993369)) ;
#6696=CARTESIAN_POINT('Control Point',(-24.8032084755,-38.8624738456,-37.4790747853)) ;
#6697=CARTESIAN_POINT('Control Point',(-24.8033592654,-38.8822257922,-37.4428269416)) ;
#6698=CARTESIAN_POINT('Control Point',(-24.8035208189,-38.9009222679,-37.4080922965)) ;
#6699=CARTESIAN_POINT('Control Point',(-24.8036738553,-38.9207536425,-37.3706657475)) ;
#6700=CARTESIAN_POINT('Vertex',(-24.795688178,-37.8947903756,-38.8054417629)) ;
#6704=CARTESIAN_POINT('Control Point',(-24.7926982878,-37.4258331131,-39.053834239)) ;
#6705=CARTESIAN_POINT('Control Point',(-24.7929151355,-37.4740087227,-39.0539701772)) ;
#6706=CARTESIAN_POINT('Control Point',(-24.7931093864,-37.5249265525,-39.0442535061)) ;
#6707=CARTESIAN_POINT('Control Point',(-24.7933642035,-37.5777409566,-39.0252763188)) ;
#6708=CARTESIAN_POINT('Control Point',(-24.7938010607,-37.6514983082,-38.9886626237)) ;
#6709=CARTESIAN_POINT('Control Point',(-24.7943604013,-37.7271040523,-38.9391103664)) ;
#6710=CARTESIAN_POINT('Control Point',(-24.7945166746,-37.7472489131,-38.9251219331)) ;
#6711=CARTESIAN_POINT('Control Point',(-24.7948506895,-37.7887802288,-38.8947380853)) ;
#6712=CARTESIAN_POINT('Control Point',(-24.7951823424,-37.8304538912,-38.8613168109)) ;
#6713=CARTESIAN_POINT('Control Point',(-24.795400023,-37.8507287387,-38.8443882047)) ;
#6714=CARTESIAN_POINT('Control Point',(-24.7955234743,-37.8746207066,-38.8236224372)) ;
#6715=CARTESIAN_POINT('Control Point',(-24.7956912214,-37.8947915461,-38.8054430897)) ;
#6727=CARTESIAN_POINT('Control Point',(-15.2682966366,-34.0085285152,-57.3699152855)) ;
#6728=CARTESIAN_POINT('Control Point',(-15.2563086063,-33.7684417022,-57.2824796275)) ;
#6729=CARTESIAN_POINT('Control Point',(-15.3295295633,-33.2621601975,-57.0977649894)) ;
#6730=CARTESIAN_POINT('Control Point',(-15.7975327945,-32.5662644946,-56.8426196699)) ;
#6731=CARTESIAN_POINT('Control Point',(-16.5302421219,-32.1159513666,-56.6760518388)) ;
#6732=CARTESIAN_POINT('Control Point',(-17.0672679068,-32.0391763416,-56.646250247)) ;
#6733=CARTESIAN_POINT('Control Point',(-17.3225642183,-32.0465599097,-56.6480713867)) ;
#6734=CARTESIAN_POINT('Control Point',(-15.2344198238,-35.7691296222,-52.3046948975)) ;
#6735=CARTESIAN_POINT('Control Point',(-15.2316458586,-35.5328781053,-52.2190198464)) ;
#6736=CARTESIAN_POINT('Control Point',(-15.3211047089,-35.0373604827,-52.0495142503)) ;
#6737=CARTESIAN_POINT('Control Point',(-15.7939757376,-34.3547377086,-51.8539909599)) ;
#6738=CARTESIAN_POINT('Control Point',(-16.5137135621,-33.9000396787,-51.7672192953)) ;
#6739=CARTESIAN_POINT('Control Point',(-17.0404266543,-33.8074625572,-51.789550287)) ;
#6740=CARTESIAN_POINT('Control Point',(-17.2922417477,-33.8057886892,-51.8152778758)) ;
#6741=CARTESIAN_POINT('Control Point',(-16.5078142183,-38.3808898846,-44.7600585542)) ;
#6742=CARTESIAN_POINT('Control Point',(-16.5215927225,-38.1514266377,-44.6775484028)) ;
#6743=CARTESIAN_POINT('Control Point',(-16.6364537677,-37.673215176,-44.531479103)) ;
#6744=CARTESIAN_POINT('Control Point',(-17.1046183885,-37.0101751338,-44.4223004242)) ;
#6745=CARTESIAN_POINT('Control Point',(-17.7821809244,-36.5487104651,-44.4517134308)) ;
#6746=CARTESIAN_POINT('Control Point',(-18.2736136422,-36.43201074,-44.5538670885)) ;
#6747=CARTESIAN_POINT('Control Point',(-18.5099550342,-36.4160458593,-44.6176135272)) ;
#6748=CARTESIAN_POINT('Control Point',(-20.0606029892,-41.1593117059,-36.6835849901)) ;
#6749=CARTESIAN_POINT('Control Point',(-20.0848654279,-40.935047363,-36.6149050814)) ;
#6750=CARTESIAN_POINT('Control Point',(-20.2091865025,-40.4712088385,-36.510768726)) ;
#6751=CARTESIAN_POINT('Control Point',(-20.6433919159,-39.8258677085,-36.4995177313)) ;
#6752=CARTESIAN_POINT('Control Point',(-21.2502540936,-39.3600674586,-36.6412847363)) ;
#6753=CARTESIAN_POINT('Control Point',(-21.6891668063,-39.222558232,-36.8155509502)) ;
#6754=CARTESIAN_POINT('Control Point',(-21.9018589148,-39.1937006481,-36.9135338242)) ;
#6755=CARTESIAN_POINT('Control Point',(-22.6616367185,-42.6534541663,-32.3245588193)) ;
#6756=CARTESIAN_POINT('Control Point',(-22.6900785951,-42.4319773728,-32.2645503413)) ;
#6757=CARTESIAN_POINT('Control Point',(-22.8155038225,-41.9757312048,-32.1847541778)) ;
#6758=CARTESIAN_POINT('Control Point',(-23.2234239713,-41.3396437094,-32.2263618265)) ;
#6759=CARTESIAN_POINT('Control Point',(-23.7833007727,-40.8717312254,-32.4272739504)) ;
#6760=CARTESIAN_POINT('Control Point',(-24.1876375946,-40.7233901698,-32.6395346289)) ;
#6761=CARTESIAN_POINT('Control Point',(-24.3843990912,-40.687696381,-32.7557253199)) ;
#6762=CARTESIAN_POINT('Control Point',(-24.1829469757,-43.3696282165,-30.2289409394)) ;
#6763=CARTESIAN_POINT('Control Point',(-24.2134300727,-43.1496980764,-30.1728519505)) ;
#6764=CARTESIAN_POINT('Control Point',(-24.3388395281,-42.6974099873,-30.1042646082)) ;
#6765=CARTESIAN_POINT('Control Point',(-24.7315264761,-42.0659004339,-30.1707301577)) ;
#6766=CARTESIAN_POINT('Control Point',(-25.2647311293,-41.5968607849,-30.4001602953)) ;
#6767=CARTESIAN_POINT('Control Point',(-25.6489514228,-41.4430644321,-30.6314346257)) ;
#6768=CARTESIAN_POINT('Control Point',(-25.8361827928,-41.4038968529,-30.7569347478)) ;
#6769=CARTESIAN_POINT('Control Point',(-25.0184021276,-43.7295103455,-29.1742537647)) ;
#6770=CARTESIAN_POINT('Control Point',(-25.0498328927,-43.5104004188,-29.1201506573)) ;
#6771=CARTESIAN_POINT('Control Point',(-25.1749463955,-43.0601495363,-29.0571979947)) ;
#6772=CARTESIAN_POINT('Control Point',(-25.559243164,-42.4309294567,-29.136103801)) ;
#6773=CARTESIAN_POINT('Control Point',(-26.0780776672,-41.9613069901,-29.3798518913)) ;
#6774=CARTESIAN_POINT('Control Point',(-26.4513987755,-41.8047590892,-29.6207491456)) ;
#6775=CARTESIAN_POINT('Control Point',(-26.6334145146,-41.7638271542,-29.7509855666)) ;
#6777=CARTESIAN_POINT('Control Point',(-24.8344539679,-42.8775321525,-29.5727608395)) ;
#6778=CARTESIAN_POINT('Control Point',(-24.8363506769,-43.1164551737,-29.4580602707)) ;
#6779=CARTESIAN_POINT('Control Point',(-24.8388086203,-43.3575650842,-29.3973560582)) ;
#6780=CARTESIAN_POINT('Control Point',(-24.8412369252,-43.5885309047,-29.3969154589)) ;
#6781=CARTESIAN_POINT('Vertex',(-24.8344703511,-42.8775393259,-29.5727760546)) ;
#6783=CARTESIAN_POINT('Vertex',(-24.8400042848,-43.5885413183,-29.3964020252)) ;
#6787=CARTESIAN_POINT('Control Point',(-24.8232695126,-41.4379796656,-31.009860875)) ;
#6788=CARTESIAN_POINT('Control Point',(-24.8240406657,-41.5326099783,-30.8530058228)) ;
#6789=CARTESIAN_POINT('Control Point',(-24.8249332527,-41.6331988627,-30.701281753)) ;
#6790=CARTESIAN_POINT('Control Point',(-24.8258671615,-41.7395609648,-30.5551412435)) ;
#6791=CARTESIAN_POINT('Control Point',(-24.8270259007,-41.9046464241,-30.3495763943)) ;
#6792=CARTESIAN_POINT('Control Point',(-24.8282648135,-42.0822164419,-30.1614427358)) ;
#6793=CARTESIAN_POINT('Control Point',(-24.8287020906,-42.1408900073,-30.1026572133)) ;
#6794=CARTESIAN_POINT('Control Point',(-24.8297123794,-42.2587535906,-29.9913156533)) ;
#6795=CARTESIAN_POINT('Control Point',(-24.8308438968,-42.3809461789,-29.8890402372)) ;
#6796=CARTESIAN_POINT('Control Point',(-24.8314231933,-42.4420392024,-29.8410554055)) ;
#6797=CARTESIAN_POINT('Control Point',(-24.8321350004,-42.5336074864,-29.7739343776)) ;
#6798=CARTESIAN_POINT('Control Point',(-24.8327356364,-42.6270079344,-29.7126882876)) ;
#6799=CARTESIAN_POINT('Control Point',(-24.8329214665,-42.6577566487,-29.6932919325)) ;
#6800=CARTESIAN_POINT('Control Point',(-24.8333282683,-42.7198422922,-29.655653107)) ;
#6801=CARTESIAN_POINT('Control Point',(-24.8337701864,-42.7825685337,-29.6207473942)) ;
#6802=CARTESIAN_POINT('Control Point',(-24.8338990133,-42.8128379232,-29.6046314495)) ;
#6803=CARTESIAN_POINT('Control Point',(-24.8342113886,-42.8469751314,-29.5874304501)) ;
#6804=CARTESIAN_POINT('Control Point',(-24.8344539679,-42.8775321525,-29.5727608395)) ;
#6805=CARTESIAN_POINT('Vertex',(-24.8232657572,-41.437968669,-31.0098542232)) ;
#6809=CARTESIAN_POINT('Control Point',(-24.819256816,-40.9228983144,-32.0971429927)) ;
#6810=CARTESIAN_POINT('Control Point',(-24.8200613061,-41.0262589429,-31.8132451581)) ;
#6811=CARTESIAN_POINT('Control Point',(-24.8211679546,-41.1477793445,-31.5338971765)) ;
#6812=CARTESIAN_POINT('Control Point',(-24.8219965281,-41.2817682408,-31.2687900755)) ;
#6813=CARTESIAN_POINT('Control Point',(-24.8232695126,-41.4379796656,-31.009860875)) ;
#6816=CARTESIAN_POINT('Control Point',(-15.2654507742,-34.0433753365,-57.0497615733)) ;
#6817=CARTESIAN_POINT('Control Point',(-15.2660700662,-34.3824316315,-56.0751066113)) ;
#6818=CARTESIAN_POINT('Control Point',(-15.2940701574,-34.7211878001,-55.100699842)) ;
#6819=CARTESIAN_POINT('Control Point',(-15.349294118,-35.1194590669,-53.9546056911)) ;
#6820=CARTESIAN_POINT('Control Point',(-15.5875104551,-36.0610818157,-51.2425144245)) ;
#6821=CARTESIAN_POINT('Control Point',(-16.1937591746,-37.246634773,-47.820981956)) ;
#6822=CARTESIAN_POINT('Control Point',(-16.6180835538,-37.889027652,-45.96487233)) ;
#6823=CARTESIAN_POINT('Control Point',(-17.7291425681,-39.2007374913,-42.169372031)) ;
#6824=CARTESIAN_POINT('Control Point',(-19.223662485,-40.4451181941,-38.5588113141)) ;
#6825=CARTESIAN_POINT('Control Point',(-20.034308679,-41.0198116348,-36.8886416201)) ;
#6826=CARTESIAN_POINT('Control Point',(-21.2335015819,-41.7773477707,-34.6841639872)) ;
#6827=CARTESIAN_POINT('Control Point',(-22.3304012057,-42.3808604594,-32.9247285993)) ;
#6828=CARTESIAN_POINT('Control Point',(-22.6804476082,-42.5650263994,-32.3874814389)) ;
#6829=CARTESIAN_POINT('Control Point',(-23.2842824614,-42.8712261028,-31.4937490476)) ;
#6830=CARTESIAN_POINT('Control Point',(-23.8412884494,-43.1369624772,-30.7173838192)) ;
#6831=CARTESIAN_POINT('Control Point',(-24.0837243434,-43.2498331651,-30.3874948821)) ;
#6832=CARTESIAN_POINT('Control Point',(-24.3766700882,-43.3833074363,-29.9972490952)) ;
#6833=CARTESIAN_POINT('Control Point',(-24.6747087724,-43.5154381389,-29.610754708)) ;
#6834=CARTESIAN_POINT('Control Point',(-24.7299790772,-43.5398187648,-29.5394330887)) ;
#6835=CARTESIAN_POINT('Control Point',(-24.785421294,-43.5641535208,-29.4682396321)) ;
#6836=CARTESIAN_POINT('Control Point',(-24.8410343503,-43.5884424311,-29.397174318)) ;
#6847=CARTESIAN_POINT('Axis2P3D Location',(-60.3589914816,-45.886401101,-57.0497672787)) ;
#6852=CARTESIAN_POINT('Line Origine',(-24.8599104763,-46.1627006922,-29.3958542407)) ;
#6857=CARTESIAN_POINT('Line Origine',(-15.3603544603,-46.2366384789,-57.0497672787)) ;
#6887=CARTESIAN_POINT('Axis2P3D Location',(30.1036598507,-51.0406326873,-29.3956883453)) ;
#6892=CARTESIAN_POINT('Line Origine',(24.1378535211,-46.6240668937,-29.3956883453)) ;
#6897=CARTESIAN_POINT('Line Origine',(-0.371124496529,-47.6833443053,-29.3956883453)) ;
#6902=CARTESIAN_POINT('Line Origine',(-24.8580530843,-45.9074548816,-29.3956883453)) ;
#6931=CARTESIAN_POINT('Axis2P3D Location',(31.9240153749,-47.9347066998,-5.8956883453)) ;
#6936=CARTESIAN_POINT('Line Origine',(-0.371133229076,-47.683344238,-24.3956883453)) ;
#6949=CARTESIAN_POINT('Control Point',(-15.7429060572,-25.2947093213,-63.1451790728)) ;
#6950=CARTESIAN_POINT('Control Point',(-15.3723753665,-25.1830435858,-63.5200694612)) ;
#6951=CARTESIAN_POINT('Control Point',(-15.1783692687,-25.062660953,-64.0080199561)) ;
#6952=CARTESIAN_POINT('Control Point',(-15.1904693838,-24.9519139314,-64.5346438723)) ;
#6953=CARTESIAN_POINT('Control Point',(-15.7831706781,-24.9945495586,-63.0674768583)) ;
#6954=CARTESIAN_POINT('Control Point',(-15.3881738263,-24.9687548163,-63.467978375)) ;
#6955=CARTESIAN_POINT('Control Point',(-15.1907244099,-24.8515164154,-63.9747420193)) ;
#6956=CARTESIAN_POINT('Control Point',(-15.2232520475,-24.6620838791,-64.504553279)) ;
#6957=CARTESIAN_POINT('Control Point',(-15.5504105071,-24.6323310491,-62.9921080666)) ;
#6958=CARTESIAN_POINT('Control Point',(-15.2849011142,-24.6563051235,-63.3916059475)) ;
#6959=CARTESIAN_POINT('Control Point',(-15.1093155755,-24.5478180252,-63.825396503)) ;
#6960=CARTESIAN_POINT('Control Point',(-15.043772995,-24.319296737,-64.2437799078)) ;
#6961=CARTESIAN_POINT('Control Point',(-14.8980851279,-24.3069803269,-62.9858484949)) ;
#6962=CARTESIAN_POINT('Control Point',(-14.806699579,-24.2938340846,-63.2122569002)) ;
#6963=CARTESIAN_POINT('Control Point',(-14.7150638703,-24.2413651953,-63.4328294633)) ;
#6964=CARTESIAN_POINT('Control Point',(-14.6256569842,-24.1509928913,-63.6415990966)) ;
#6965=CARTESIAN_POINT('Control Point',(-14.4936788519,-24.228810788,-63.0165621352)) ;
#6966=CARTESIAN_POINT('Control Point',(-14.4533320719,-24.2049158258,-63.1154070944)) ;
#6967=CARTESIAN_POINT('Control Point',(-14.4117189775,-24.1811526065,-63.2137794159)) ;
#6968=CARTESIAN_POINT('Control Point',(-14.368842177,-24.1575226198,-63.3116729333)) ;
#6969=CARTESIAN_POINT('Control Point',(-14.1889614277,-24.2198853766,-63.0675567406)) ;
#6970=CARTESIAN_POINT('Control Point',(-14.1889614277,-24.2198853766,-63.0675567406)) ;
#6971=CARTESIAN_POINT('Control Point',(-14.1889614277,-24.2198853766,-63.0675567406)) ;
#6972=CARTESIAN_POINT('Control Point',(-14.1889614277,-24.2198853766,-63.0675567406)) ;
#6974=CARTESIAN_POINT('Control Point',(-14.1890274852,-24.2198867456,-63.0675479841)) ;
#6975=CARTESIAN_POINT('Control Point',(-14.2432306528,-24.2210107905,-63.0603632482)) ;
#6976=CARTESIAN_POINT('Control Point',(-14.2974047611,-24.2235810468,-63.0539240538)) ;
#6977=CARTESIAN_POINT('Control Point',(-14.3523564483,-24.2276293495,-63.048314045)) ;
#6978=CARTESIAN_POINT('Control Point',(-14.5577544162,-24.2483968547,-63.0287192174)) ;
#6979=CARTESIAN_POINT('Control Point',(-14.7523568709,-24.2884422802,-63.018438112)) ;
#6980=CARTESIAN_POINT('Control Point',(-14.8687701364,-24.3211215456,-63.0158617301)) ;
#6981=CARTESIAN_POINT('Control Point',(-15.1136241742,-24.4118439393,-63.0181550102)) ;
#6982=CARTESIAN_POINT('Control Point',(-15.3136105587,-24.5352600435,-63.0331083177)) ;
#6983=CARTESIAN_POINT('Control Point',(-15.3919030192,-24.5961988018,-63.0414372782)) ;
#6984=CARTESIAN_POINT('Control Point',(-15.5510217059,-24.7495083719,-63.0662303483)) ;
#6985=CARTESIAN_POINT('Control Point',(-15.6529298311,-24.921747876,-63.1010830437)) ;
#6986=CARTESIAN_POINT('Control Point',(-15.6898056558,-25.0166476999,-63.1220685238)) ;
#6987=CARTESIAN_POINT('Control Point',(-15.7083394019,-25.1131875424,-63.1445862795)) ;
#6988=CARTESIAN_POINT('Control Point',(-15.7076582659,-25.208947753,-63.1685197672)) ;
#6997=CARTESIAN_POINT('Axis2P3D Location',(-15.3603544603,-46.2366384792,-70.3956883453)) ;
#7002=CARTESIAN_POINT('Line Origine',(-15.2082395172,-26.6928503675,-70.3956875332)) ;
#7024=CARTESIAN_POINT('Axis2P3D Location',(12.9904316531,-14.1248928859,-88.9385453673)) ;
#7029=CARTESIAN_POINT('Line Origine',(-0.109192199261,-14.022934733,-88.9385493962)) ;
#7040=CARTESIAN_POINT('Control Point',(-0.237070225426,-30.4538650697,-100.395688345)) ;
#7041=CARTESIAN_POINT('Control Point',(-0.116966606123,-15.022904511,-100.395688345)) ;
#7042=CARTESIAN_POINT('Control Point',(-0.767385177044,-30.4497374754,-100.395688701)) ;
#7043=CARTESIAN_POINT('Control Point',(-0.647281557741,-15.0187769167,-100.395688701)) ;
#7044=CARTESIAN_POINT('Control Point',(-1.30762927703,-30.4455325996,-100.348584965)) ;
#7045=CARTESIAN_POINT('Control Point',(-1.18752565773,-15.0145720409,-100.348584965)) ;
#7046=CARTESIAN_POINT('Control Point',(-1.8556534791,-30.4412671691,-100.251398183)) ;
#7047=CARTESIAN_POINT('Control Point',(-1.7355498598,-15.0103066104,-100.251398183)) ;
#7048=CARTESIAN_POINT('Control Point',(-2.96296294678,-30.43264866,-99.9509009066)) ;
#7049=CARTESIAN_POINT('Control Point',(-2.84285932748,-15.0016881013,-99.9509009066)) ;
#7050=CARTESIAN_POINT('Control Point',(-4.08420042603,-30.4239217451,-99.4262402412)) ;
#7051=CARTESIAN_POINT('Control Point',(-3.96409680673,-14.9929611864,-99.4262402412)) ;
#7052=CARTESIAN_POINT('Control Point',(-4.6454386742,-30.4195534658,-99.1065025981)) ;
#7053=CARTESIAN_POINT('Control Point',(-4.5253350549,-14.9885929071,-99.1065025981)) ;
#7054=CARTESIAN_POINT('Control Point',(-5.76343133451,-30.4108518063,-98.3494785585)) ;
#7055=CARTESIAN_POINT('Control Point',(-5.64332771521,-14.9798912476,-98.3494785585)) ;
#7056=CARTESIAN_POINT('Control Point',(-6.8610084941,-30.4023090465,-97.3518897417)) ;
#7057=CARTESIAN_POINT('Control Point',(-6.7409048748,-14.9713484878,-97.3518897417)) ;
#7058=CARTESIAN_POINT('Control Point',(-7.40152425046,-30.3981020564,-96.7940310658)) ;
#7059=CARTESIAN_POINT('Control Point',(-7.28142063116,-14.9671414977,-96.7940310658)) ;
#7060=CARTESIAN_POINT('Control Point',(-8.45967221973,-30.3898661854,-95.5623390326)) ;
#7061=CARTESIAN_POINT('Control Point',(-8.33956860043,-14.9589056267,-95.5623390326)) ;
#7062=CARTESIAN_POINT('Control Point',(-9.45937730908,-30.3820851922,-94.1030053442)) ;
#7063=CARTESIAN_POINT('Control Point',(-9.33927368978,-14.9511246335,-94.1030053442)) ;
#7064=CARTESIAN_POINT('Control Point',(-9.94182714408,-30.3783301459,-93.3200630283)) ;
#7065=CARTESIAN_POINT('Control Point',(-9.82172352478,-14.9473695872,-93.3200630283)) ;
#7066=CARTESIAN_POINT('Control Point',(-11.328592551,-30.3675365505,-90.8223144922)) ;
#7067=CARTESIAN_POINT('Control Point',(-11.2084889317,-14.9365759918,-90.8223144922)) ;
#7068=CARTESIAN_POINT('Control Point',(-12.5084777565,-30.3583531634,-87.9105156702)) ;
#7069=CARTESIAN_POINT('Control Point',(-12.3883741372,-14.9273926047,-87.9105156702)) ;
#7070=CARTESIAN_POINT('Control Point',(-13.1857002611,-30.3530821452,-85.8290434576)) ;
#7071=CARTESIAN_POINT('Control Point',(-13.0655966418,-14.9221215865,-85.8290434576)) ;
#7072=CARTESIAN_POINT('Control Point',(-14.0235248919,-30.3465611143,-82.5677126611)) ;
#7073=CARTESIAN_POINT('Control Point',(-13.9034212726,-14.9156005556,-82.5677126611)) ;
#7074=CARTESIAN_POINT('Control Point',(-14.591659772,-30.3421391566,-79.2131231657)) ;
#7075=CARTESIAN_POINT('Control Point',(-14.4715561527,-14.9111785979,-79.2131231657)) ;
#7076=CARTESIAN_POINT('Control Point',(-14.7516946081,-30.3408935593,-78.0903790078)) ;
#7077=CARTESIAN_POINT('Control Point',(-14.6315909888,-14.9099330006,-78.0903790078)) ;
#7078=CARTESIAN_POINT('Control Point',(-15.014336345,-30.3388493429,-75.8472974886)) ;
#7079=CARTESIAN_POINT('Control Point',(-14.8942327257,-14.9078887842,-75.8472974886)) ;
#7080=CARTESIAN_POINT('Control Point',(-15.1645681174,-30.3376800456,-73.6325438797)) ;
#7081=CARTESIAN_POINT('Control Point',(-15.0444644981,-14.9067194869,-73.6325438797)) ;
#7082=CARTESIAN_POINT('Control Point',(-15.2131135211,-30.3373022027,-72.5364239514)) ;
#7083=CARTESIAN_POINT('Control Point',(-15.0930099018,-14.906341644,-72.5364239514)) ;
#7084=CARTESIAN_POINT('Control Point',(-15.2366151389,-30.3371192829,-71.4558601191)) ;
#7085=CARTESIAN_POINT('Control Point',(-15.1165115196,-14.9061587242,-71.4558601191)) ;
#7086=CARTESIAN_POINT('Control Point',(-15.2366039112,-30.3371193703,-70.3950890417)) ;
#7087=CARTESIAN_POINT('Control Point',(-15.1165002919,-14.9061588116,-70.3950890417)) ;
#7089=CARTESIAN_POINT('Control Point',(-0.149355740443,-19.1842733118,-100.395688345)) ;
#7090=CARTESIAN_POINT('Control Point',(-0.116966606123,-15.022904511,-100.395688345)) ;
#7116=CARTESIAN_POINT('Control Point',(14.7624874124,-30.5706109653,-70.395089237)) ;
#7117=CARTESIAN_POINT('Control Point',(14.8825910298,-15.1396506558,-70.395089237)) ;
#7118=CARTESIAN_POINT('Control Point',(14.7624974359,-30.5706110433,-71.4558602889)) ;
#7119=CARTESIAN_POINT('Control Point',(14.8826010533,-15.1396507338,-71.4558602889)) ;
#7120=CARTESIAN_POINT('Control Point',(14.7389945925,-30.5704281139,-72.5364240943)) ;
#7121=CARTESIAN_POINT('Control Point',(14.8590982099,-15.1394678044,-72.5364240943)) ;
#7122=CARTESIAN_POINT('Control Point',(14.6904479468,-30.5700502614,-73.6325439946)) ;
#7123=CARTESIAN_POINT('Control Point',(14.8105515642,-15.1390899519,-73.6325439946)) ;
#7124=CARTESIAN_POINT('Control Point',(14.5402136656,-30.5688809446,-75.8472975747)) ;
#7125=CARTESIAN_POINT('Control Point',(14.660317283,-15.1379206351,-75.8472975747)) ;
#7126=CARTESIAN_POINT('Control Point',(14.2775693907,-30.5668367084,-78.0903790638)) ;
#7127=CARTESIAN_POINT('Control Point',(14.3976730081,-15.1358763989,-78.0903790638)) ;
#7128=CARTESIAN_POINT('Control Point',(14.1175332825,-30.5655911012,-79.213123221)) ;
#7129=CARTESIAN_POINT('Control Point',(14.2376368999,-15.1346307917,-79.213123221)) ;
#7130=CARTESIAN_POINT('Control Point',(13.5493946017,-30.5611691139,-82.5677127143)) ;
#7131=CARTESIAN_POINT('Control Point',(13.6694982191,-15.1302088044,-82.5677127143)) ;
#7132=CARTESIAN_POINT('Control Point',(12.7115662759,-30.5546480542,-85.8290435075)) ;
#7133=CARTESIAN_POINT('Control Point',(12.8316698933,-15.1236877447,-85.8290435075)) ;
#7134=CARTESIAN_POINT('Control Point',(12.034341413,-30.5493770177,-87.9105157175)) ;
#7135=CARTESIAN_POINT('Control Point',(12.1544450304,-15.1184167082,-87.9105157175)) ;
#7136=CARTESIAN_POINT('Control Point',(10.8544529084,-30.5401936049,-90.822314535)) ;
#7137=CARTESIAN_POINT('Control Point',(10.9745565258,-15.1092332954,-90.822314535)) ;
#7138=CARTESIAN_POINT('Control Point',(9.46768467155,-30.5293999875,-93.3200630657)) ;
#7139=CARTESIAN_POINT('Control Point',(9.58778828892,-15.098439678,-93.3200630657)) ;
#7140=CARTESIAN_POINT('Control Point',(8.98523394947,-30.5256449343,-94.1030053797)) ;
#7141=CARTESIAN_POINT('Control Point',(9.10533756684,-15.0946846248,-94.1030053797)) ;
#7142=CARTESIAN_POINT('Control Point',(7.98552720671,-30.5178639283,-95.5623390643)) ;
#7143=CARTESIAN_POINT('Control Point',(8.10563082408,-15.0869036188,-95.5623390643)) ;
#7144=CARTESIAN_POINT('Control Point',(6.92737784193,-30.5096280464,-96.7940310934)) ;
#7145=CARTESIAN_POINT('Control Point',(7.0474814593,-15.0786677369,-96.7940310934)) ;
#7146=CARTESIAN_POINT('Control Point',(6.38686145352,-30.5054210513,-97.3518897673)) ;
#7147=CARTESIAN_POINT('Control Point',(6.50696507089,-15.0744607418,-97.3518897673)) ;
#7148=CARTESIAN_POINT('Control Point',(5.28928316366,-30.4968782828,-98.3494785799)) ;
#7149=CARTESIAN_POINT('Control Point',(5.40938678103,-15.0659179733,-98.3494785799)) ;
#7150=CARTESIAN_POINT('Control Point',(4.17128964564,-30.4881766166,-99.106502615)) ;
#7151=CARTESIAN_POINT('Control Point',(4.29139326301,-15.0572163071,-99.106502615)) ;
#7152=CARTESIAN_POINT('Control Point',(3.61005103521,-30.4838083345,-99.426240256)) ;
#7153=CARTESIAN_POINT('Control Point',(3.73015465258,-15.052848025,-99.426240256)) ;
#7154=CARTESIAN_POINT('Control Point',(2.48881417499,-30.4750814244,-99.9509003491)) ;
#7155=CARTESIAN_POINT('Control Point',(2.60891779236,-15.0441211149,-99.9509003491)) ;
#7156=CARTESIAN_POINT('Control Point',(1.38150555017,-30.4664629218,-100.251397539)) ;
#7157=CARTESIAN_POINT('Control Point',(1.50160916754,-15.0355026123,-100.251397539)) ;
#7158=CARTESIAN_POINT('Control Point',(0.833482399827,-30.4621974995,-100.348584338)) ;
#7159=CARTESIAN_POINT('Control Point',(0.953586017196,-15.03123719,-100.348584338)) ;
#7160=CARTESIAN_POINT('Control Point',(0.293239365314,-30.457992632,-100.395688295)) ;
#7161=CARTESIAN_POINT('Control Point',(0.413342982683,-15.0270323225,-100.395688295)) ;
#7162=CARTESIAN_POINT('Control Point',(-0.237074524399,-30.453865046,-100.395688345)) ;
#7163=CARTESIAN_POINT('Control Point',(-0.11697090703,-15.0229047365,-100.395688345)) ;
#7165=CARTESIAN_POINT('Control Point',(14.7632037362,-30.4785774048,-70.395089237)) ;
#7166=CARTESIAN_POINT('Control Point',(14.8184998652,-23.3741088581,-70.395089237)) ;
#7191=CARTESIAN_POINT('Line Origine',(14.7966599139,-26.1801148021,-65.5861822934)) ;
#7196=CARTESIAN_POINT('Line Origine',(14.7627381366,-30.5383981755,-65.5861809122)) ;
#7212=CARTESIAN_POINT('Axis2P3D Location',(-44.0665124695,-35.7471849023,-44.3441592843)) ;
#7217=CARTESIAN_POINT('Line Origine',(-24.241628098,-35.9014876988,-41.7078455127)) ;
#7223=CARTESIAN_POINT('Control Point',(-24.7272110212,-29.0795598703,-39.0509062695)) ;
#7224=CARTESIAN_POINT('Control Point',(-24.7486351945,-31.861653556,-39.0517430649)) ;
#7225=CARTESIAN_POINT('Control Point',(-24.7700689317,-34.643747174,-39.052545193)) ;
#7226=CARTESIAN_POINT('Control Point',(-24.7914624349,-37.4258410792,-39.0534942412)) ;
#7228=CARTESIAN_POINT('Line Origine',(-24.241628098,-35.9014876988,-41.7078455127)) ;
#7248=CARTESIAN_POINT('Control Point',(-15.809215818,-36.5453378272,-63.1716297953)) ;
#7249=CARTESIAN_POINT('Control Point',(-15.7216799214,-25.2986911895,-63.1716297953)) ;
#7250=CARTESIAN_POINT('Control Point',(-16.4187040682,-36.5405940043,-62.5049939335)) ;
#7251=CARTESIAN_POINT('Control Point',(-16.3311681716,-25.2939473666,-62.5049939335)) ;
#7252=CARTESIAN_POINT('Control Point',(-17.0151742474,-36.5359515047,-61.7750201579)) ;
#7253=CARTESIAN_POINT('Control Point',(-16.9276383508,-25.289304867,-61.7750201579)) ;
#7254=CARTESIAN_POINT('Control Point',(-17.5956607629,-36.5314334106,-60.9836896664)) ;
#7255=CARTESIAN_POINT('Control Point',(-17.5081248663,-25.2847867729,-60.9836896664)) ;
#7256=CARTESIAN_POINT('Control Point',(-18.7187889359,-36.5226917799,-59.2821963608)) ;
#7257=CARTESIAN_POINT('Control Point',(-18.6312530393,-25.2760451422,-59.2821963608)) ;
#7258=CARTESIAN_POINT('Control Point',(-19.7542493349,-36.5146324928,-57.3511038363)) ;
#7259=CARTESIAN_POINT('Control Point',(-19.6667134383,-25.2679858551,-57.3511038363)) ;
#7260=CARTESIAN_POINT('Control Point',(-20.2474234841,-36.5107939761,-56.332277202)) ;
#7261=CARTESIAN_POINT('Control Point',(-20.1598875875,-25.2641473384,-56.332277202)) ;
#7262=CARTESIAN_POINT('Control Point',(-21.6452186405,-36.499914533,-53.1286070106)) ;
#7263=CARTESIAN_POINT('Control Point',(-21.5576827439,-25.2532678953,-53.1286070106)) ;
#7264=CARTESIAN_POINT('Control Point',(-22.7738751915,-36.4911298733,-49.5209072429)) ;
#7265=CARTESIAN_POINT('Control Point',(-22.6863392949,-25.2444832356,-49.5209072429)) ;
#7266=CARTESIAN_POINT('Control Point',(-23.3999601292,-36.4862568736,-46.9841797415)) ;
#7267=CARTESIAN_POINT('Control Point',(-23.3124242326,-25.2396102359,-46.9841797415)) ;
#7268=CARTESIAN_POINT('Control Point',(-23.8929565631,-36.4824197401,-44.3638328491)) ;
#7269=CARTESIAN_POINT('Control Point',(-23.8054206665,-25.2357731024,-44.3638328491)) ;
#7270=CARTESIAN_POINT('Control Point',(-24.246128833,-36.4796708984,-41.7078412397)) ;
#7271=CARTESIAN_POINT('Control Point',(-24.1585929364,-25.2330242607,-41.7078412397)) ;
#7273=CARTESIAN_POINT('Control Point',(-19.11994934,-26.338822108,-58.3457286124)) ;
#7274=CARTESIAN_POINT('Control Point',(-19.6660876466,-26.5216258924,-57.3546784882)) ;
#7275=CARTESIAN_POINT('Control Point',(-20.177092732,-26.7043405292,-56.3214185988)) ;
#7276=CARTESIAN_POINT('Control Point',(-20.658769247,-26.8875990088,-55.2402164347)) ;
#7277=CARTESIAN_POINT('Control Point',(-21.7175917255,-27.316195879,-52.5910622452)) ;
#7278=CARTESIAN_POINT('Control Point',(-22.5769630943,-27.7216859284,-49.7939398875)) ;
#7279=CARTESIAN_POINT('Control Point',(-23.0161867409,-27.9493853449,-48.1204999057)) ;
#7280=CARTESIAN_POINT('Control Point',(-23.3940020836,-28.1668950485,-46.4190007869)) ;
#7281=CARTESIAN_POINT('Control Point',(-23.7110511152,-28.3741720963,-44.6975889018)) ;
#7282=CARTESIAN_POINT('Vertex',(-19.11994934,-26.338822108,-58.3457286124)) ;
#7286=CARTESIAN_POINT('Control Point',(-15.722198909,-25.3653709127,-63.1716297953)) ;
#7287=CARTESIAN_POINT('Control Point',(-16.9847620597,-25.6649944604,-61.7933188098)) ;
#7288=CARTESIAN_POINT('Control Point',(-18.1263445776,-26.0037998122,-60.1487393583)) ;
#7289=CARTESIAN_POINT('Control Point',(-19.11994934,-26.338822108,-58.3457286124)) ;
#7307=CARTESIAN_POINT('Control Point',(-23.7484700558,-28.4582946756,-44.4944743602)) ;
#7308=CARTESIAN_POINT('Control Point',(-23.1948222208,-28.0901178558,-47.5731188888)) ;
#7309=CARTESIAN_POINT('Control Point',(-21.9024859671,-27.4110079108,-52.5920868058)) ;
#7310=CARTESIAN_POINT('Control Point',(-18.8448801236,-26.262414184,-59.2644259926)) ;
#7311=CARTESIAN_POINT('Control Point',(-16.3199207937,-25.5495906184,-62.6841587937)) ;
#7312=CARTESIAN_POINT('Control Point',(-14.7246657796,-25.2171774552,-64.1792272019)) ;
#7313=CARTESIAN_POINT('Control Point',(-23.7610590352,-28.288213052,-44.4760332641)) ;
#7314=CARTESIAN_POINT('Control Point',(-23.2087653214,-27.919360805,-47.5537239892)) ;
#7315=CARTESIAN_POINT('Control Point',(-21.9193879964,-27.2388013227,-52.5708120285)) ;
#7316=CARTESIAN_POINT('Control Point',(-18.8687527767,-26.0857670796,-59.2428065641)) ;
#7317=CARTESIAN_POINT('Control Point',(-16.3491235267,-25.367963583,-62.6666321485)) ;
#7318=CARTESIAN_POINT('Control Point',(-14.7545085597,-25.0318736827,-64.1671638234)) ;
#7319=CARTESIAN_POINT('Control Point',(-23.7002198238,-27.9643635153,-44.4256906468)) ;
#7320=CARTESIAN_POINT('Control Point',(-23.1504040824,-27.5941828159,-47.4970044492)) ;
#7321=CARTESIAN_POINT('Control Point',(-21.8665768186,-26.910830896,-52.5022060808)) ;
#7322=CARTESIAN_POINT('Control Point',(-18.8313691847,-25.7490696632,-59.1547642281)) ;
#7323=CARTESIAN_POINT('Control Point',(-16.326673026,-25.0215274832,-62.5690837468)) ;
#7324=CARTESIAN_POINT('Control Point',(-14.7402437833,-24.6781738377,-64.0681237398)) ;
#7325=CARTESIAN_POINT('Control Point',(-23.3433464012,-27.5154068669,-44.3069546245)) ;
#7326=CARTESIAN_POINT('Control Point',(-22.7969402835,-27.1445786824,-47.3551007953)) ;
#7327=CARTESIAN_POINT('Control Point',(-21.521164773,-26.4597462555,-52.3171817367)) ;
#7328=CARTESIAN_POINT('Control Point',(-18.5153403404,-25.2934249764,-58.8853149695)) ;
#7329=CARTESIAN_POINT('Control Point',(-16.0469771766,-24.5603010848,-62.2337631567)) ;
#7330=CARTESIAN_POINT('Control Point',(-14.4938421916,-24.2126448347,-63.6948860032)) ;
#7331=CARTESIAN_POINT('Control Point',(-22.9437339333,-27.3956674653,-44.2206126871)) ;
#7332=CARTESIAN_POINT('Control Point',(-22.3988947198,-27.0268345831,-47.2467959832)) ;
#7333=CARTESIAN_POINT('Control Point',(-21.1271180616,-26.3466098964,-52.1683113035)) ;
#7334=CARTESIAN_POINT('Control Point',(-18.1416553142,-25.1928968257,-58.6532715933)) ;
#7335=CARTESIAN_POINT('Control Point',(-15.7032253839,-24.4732812829,-61.9306125174)) ;
#7336=CARTESIAN_POINT('Control Point',(-14.1841887624,-24.1347587151,-63.346026447)) ;
#7337=CARTESIAN_POINT('Control Point',(-22.7007509967,-27.4181042144,-44.1797051956)) ;
#7338=CARTESIAN_POINT('Control Point',(-22.156889579,-27.0514515488,-47.1936633943)) ;
#7339=CARTESIAN_POINT('Control Point',(-20.8876471974,-26.3755845953,-52.0928153902)) ;
#7340=CARTESIAN_POINT('Control Point',(-17.9147505724,-25.2353381826,-58.5325167522)) ;
#7341=CARTESIAN_POINT('Control Point',(-15.4947262907,-24.5294886511,-61.7711472255)) ;
#7342=CARTESIAN_POINT('Control Point',(-13.9965674181,-24.2007399355,-63.1614572762)) ;
#7344=CARTESIAN_POINT('Control Point',(-22.7214597824,-27.3894270113,-44.3956950925)) ;
#7345=CARTESIAN_POINT('Control Point',(-22.1797049535,-27.0287252488,-47.3417913552)) ;
#7346=CARTESIAN_POINT('Control Point',(-20.9158889776,-26.3593364318,-52.1743507365)) ;
#7347=CARTESIAN_POINT('Control Point',(-17.9974883548,-25.2380685322,-58.500348511)) ;
#7348=CARTESIAN_POINT('Control Point',(-15.6255887745,-24.5418317338,-61.7010569782)) ;
#7349=CARTESIAN_POINT('Control Point',(-14.1890273443,-24.219886315,-63.0675507908)) ;
#7360=CARTESIAN_POINT('Axis2P3D Location',(64.6372224488,-46.8592827071,-65.5861824775)) ;
#7365=CARTESIAN_POINT('Line Origine',(24.1384761655,-46.544069279,-36.2646513106)) ;
#7369=CARTESIAN_POINT('Vertex',(24.1735466329,-42.038201742,-36.2646513112)) ;
#7373=CARTESIAN_POINT('Control Point',(24.1629350786,-43.1446537536,-36.2674135102)) ;
#7374=CARTESIAN_POINT('Control Point',(24.1665047468,-42.7758366894,-36.2664478356)) ;
#7375=CARTESIAN_POINT('Control Point',(24.169392724,-42.4070117746,-36.2664238724)) ;
#7376=CARTESIAN_POINT('Control Point',(24.1735466328,-42.0382017418,-36.2646513106)) ;
#7377=CARTESIAN_POINT('Vertex',(24.1649346764,-43.1446693173,-36.2688610327)) ;
#7380=CARTESIAN_POINT('Line Origine',(24.1384761655,-46.544069279,-36.2646513106)) ;
#7415=CARTESIAN_POINT('Axis2P3D Location',(12.2187715789,-36.1809837488,-24.3956883453)) ;
#7420=CARTESIAN_POINT('Line Origine',(24.2184081179,-36.274380383,-25.1456883453)) ;
#7424=CARTESIAN_POINT('Vertex',(24.2184081173,-36.274380383,-24.3956883453)) ;
#7426=CARTESIAN_POINT('Vertex',(24.2184081179,-36.2743803826,-25.8956883453)) ;
#7429=CARTESIAN_POINT('Line Origine',(18.2185898484,-36.227682066,-25.8956883453)) ;
#7434=CARTESIAN_POINT('Line Origine',(18.2185898484,-36.2276820659,-24.3956883453)) ;
#7447=CARTESIAN_POINT('Control Point',(18.5860259251,-27.7109359212,-44.3956884053)) ;
#7448=CARTESIAN_POINT('Control Point',(-22.9678265028,-27.3875102955,-44.3956884053)) ;
#7449=CARTESIAN_POINT('Control Point',(18.588657469,-27.3728341151,-47.1254521773)) ;
#7450=CARTESIAN_POINT('Control Point',(-22.9651949589,-27.0494084894,-47.1254521773)) ;
#7451=CARTESIAN_POINT('Control Point',(18.5914081065,-27.0194311209,-49.6965309273)) ;
#7452=CARTESIAN_POINT('Control Point',(-22.9624443214,-26.6960054952,-49.6965309273)) ;
#7453=CARTESIAN_POINT('Control Point',(18.5942719664,-26.6514812724,-52.112989727)) ;
#7454=CARTESIAN_POINT('Control Point',(-22.9595804615,-26.3280556467,-52.112989727)) ;
#7455=CARTESIAN_POINT('Control Point',(18.6002143884,-25.8879965324,-56.644797579)) ;
#7456=CARTESIAN_POINT('Control Point',(-22.9536380395,-25.5645709067,-56.644797579)) ;
#7457=CARTESIAN_POINT('Control Point',(18.6065627304,-25.0723590442,-60.5906462)) ;
#7458=CARTESIAN_POINT('Control Point',(-22.9472896975,-24.7489334185,-60.5906462)) ;
#7459=CARTESIAN_POINT('Control Point',(18.6098239317,-24.653358609,-62.4257954562)) ;
#7460=CARTESIAN_POINT('Control Point',(-22.9440284962,-24.3299329833,-62.4257954562)) ;
#7461=CARTESIAN_POINT('Control Point',(18.6198252777,-23.3683817236,-67.544062298)) ;
#7462=CARTESIAN_POINT('Control Point',(-22.9340271502,-23.0449560979,-67.544062298)) ;
#7463=CARTESIAN_POINT('Control Point',(18.6303498028,-22.016186571,-71.5792191065)) ;
#7464=CARTESIAN_POINT('Control Point',(-22.9235026251,-21.6927609453,-71.5792191065)) ;
#7465=CARTESIAN_POINT('Control Point',(18.6374469686,-21.1043398976,-73.8685086645)) ;
#7466=CARTESIAN_POINT('Control Point',(-22.9164054593,-20.7809142719,-73.8685086645)) ;
#7467=CARTESIAN_POINT('Control Point',(18.6479546884,-19.7543038963,-76.8168838861)) ;
#7468=CARTESIAN_POINT('Control Point',(-22.9058977395,-19.4308782706,-76.8168838861)) ;
#7469=CARTESIAN_POINT('Control Point',(18.657818951,-18.4869395251,-79.2026341786)) ;
#7470=CARTESIAN_POINT('Control Point',(-22.8960334769,-18.1635138994,-79.2026341786)) ;
#7471=CARTESIAN_POINT('Control Point',(18.6610103828,-18.0769031141,-79.9431507277)) ;
#7472=CARTESIAN_POINT('Control Point',(-22.8928420451,-17.7534774884,-79.9431507277)) ;
#7473=CARTESIAN_POINT('Control Point',(18.6671496134,-17.2881323361,-81.3302773944)) ;
#7474=CARTESIAN_POINT('Control Point',(-22.8867028145,-16.9647067104,-81.3302773944)) ;
#7475=CARTESIAN_POINT('Control Point',(18.6727009359,-16.574896217,-82.5607125286)) ;
#7476=CARTESIAN_POINT('Control Point',(-22.881151492,-16.2514705913,-82.5607125286)) ;
#7477=CARTESIAN_POINT('Control Point',(18.675305016,-16.2403229752,-83.1425216786)) ;
#7478=CARTESIAN_POINT('Control Point',(-22.8785474119,-15.9168973495,-83.1425216786)) ;
#7479=CARTESIAN_POINT('Control Point',(18.6801208055,-15.6215884332,-84.2508520761)) ;
#7480=CARTESIAN_POINT('Control Point',(-22.8737316224,-15.2981628075,-84.2508520761)) ;
#7481=CARTESIAN_POINT('Control Point',(18.684053437,-15.1163223864,-85.2716645327)) ;
#7482=CARTESIAN_POINT('Control Point',(-22.8697989909,-14.7928967607,-85.2716645327)) ;
#7483=CARTESIAN_POINT('Control Point',(18.6857786253,-14.8946695134,-85.7637574345)) ;
#7484=CARTESIAN_POINT('Control Point',(-22.8680738026,-14.5712438877,-85.7637574345)) ;
#7485=CARTESIAN_POINT('Control Point',(18.6887060765,-14.5185494144,-86.7184506961)) ;
#7486=CARTESIAN_POINT('Control Point',(-22.8651463514,-14.1951237887,-86.7184506961)) ;
#7487=CARTESIAN_POINT('Control Point',(18.6905063103,-14.2872546731,-87.6284197529)) ;
#7488=CARTESIAN_POINT('Control Point',(-22.8633461176,-13.9638290474,-87.6284197529)) ;
#7489=CARTESIAN_POINT('Control Point',(18.6911155055,-14.2089850204,-88.073450451)) ;
#7490=CARTESIAN_POINT('Control Point',(-22.8627369224,-13.8855593947,-88.073450451)) ;
#7491=CARTESIAN_POINT('Control Point',(18.6914246598,-14.1692647627,-88.509752872)) ;
#7492=CARTESIAN_POINT('Control Point',(-22.8624277681,-13.845839137,-88.509752872)) ;
#7493=CARTESIAN_POINT('Control Point',(18.6914246551,-14.1692653597,-88.9385534239)) ;
#7494=CARTESIAN_POINT('Control Point',(-22.8624277728,-13.845839734,-88.9385534239)) ;
#7506=CARTESIAN_POINT('Axis2P3D Location',(12.2187715789,-36.1809837489,-25.8956883453)) ;
#7511=CARTESIAN_POINT('Line Origine',(24.2767810143,-28.7746075453,-25.8956883455)) ;
#7532=CARTESIAN_POINT('Axis2P3D Location',(24.2982733597,-26.0132624954,-10.3956882857)) ;
#7537=CARTESIAN_POINT('Line Origine',(24.1771579378,-41.5742198519,-24.3956883453)) ;
#7542=CARTESIAN_POINT('Line Origine',(24.3236970132,-22.7468214344,-29.3956883453)) ;
#7570=CARTESIAN_POINT('Axis2P3D Location',(30.3583213387,-18.3216238916,36.728128509)) ;
#7575=CARTESIAN_POINT('Line Origine',(-5.64058827838,-18.041433989,-24.3956883444)) ;
#7580=CARTESIAN_POINT('Line Origine',(-0.140754864657,-18.0842407797,-29.3956883444)) ;
#7594=CARTESIAN_POINT('Axis2P3D Location',(-24.700242508,-25.6318929058,-30.3956882857)) ;
#7599=CARTESIAN_POINT('Line Origine',(-24.7552019807,-32.6931077139,-24.3956883453)) ;
#7604=CARTESIAN_POINT('Line Origine',(-24.6748188545,-22.3654518448,-29.3956883453)) ;
#7632=CARTESIAN_POINT('Axis2P3D Location',(-23.4675595162,4.25941841779,-24.3956883453)) ;
#8=PRODUCT_RELATED_PRODUCT_CATEGORY('part',$,(#5)) ;
#15=UNCERTAINTY_MEASURE_WITH_UNIT(LENGTH_MEASURE(0.005),#12,'distance_accuracy_value','CONFUSED CURVE UNCERTAINTY') ;
#29=STYLED_ITEM(' ',(#28),#21) ;
#28=PRESENTATION_STYLE_ASSIGNMENT((#27)) ;
#27=SURFACE_STYLE_USAGE(.BOTH.,#26) ;
#26=SURFACE_SIDE_STYLE(' ',(#25)) ;
#25=SURFACE_STYLE_FILL_AREA(#24) ;
#24=FILL_AREA_STYLE(' ',(#23)) ;
#23=FILL_AREA_STYLE_COLOUR(' ',#22) ;
#116=VECTOR('Line Direction',#115,1.) ;
#130=VECTOR('Line Direction',#129,1.) ;
#159=VECTOR('Line Direction',#158,1.) ;
#173=VECTOR('Line Direction',#172,1.) ;
#202=VECTOR('Line Direction',#201,1.) ;
#218=VECTOR('Line Direction',#217,1.) ;
#254=VECTOR('Line Direction',#253,1.) ;
#268=VECTOR('Line Direction',#267,1.) ;
#294=VECTOR('Line Direction',#293,1.) ;
#308=VECTOR('Line Direction',#307,1.) ;
#334=VECTOR('Line Direction',#333,1.) ;
#348=VECTOR('Line Direction',#347,1.) ;
#382=VECTOR('Line Direction',#381,1.) ;
#389=VECTOR('Line Direction',#388,1.) ;
#396=VECTOR('Line Direction',#395,1.) ;
#403=VECTOR('Line Direction',#402,1.) ;
#421=VECTOR('Line Direction',#420,1.) ;
#438=VECTOR('Line Direction',#437,1.) ;
#471=VECTOR('Line Direction',#470,1.) ;
#491=VECTOR('Line Direction',#490,1.) ;
#498=VECTOR('Line Direction',#497,1.) ;
#505=VECTOR('Line Direction',#504,1.) ;
#512=VECTOR('Line Direction',#511,1.) ;
#1265=VECTOR('Line Direction',#1264,1.) ;
#1279=VECTOR('Line Direction',#1278,1.) ;
#1305=VECTOR('Line Direction',#1304,1.) ;
#1319=VECTOR('Line Direction',#1318,1.) ;
#1345=VECTOR('Line Direction',#1344,1.) ;
#1359=VECTOR('Line Direction',#1358,1.) ;
#1402=VECTOR('Line Direction',#1401,1.) ;
#1416=VECTOR('Line Direction',#1415,1.) ;
#1465=VECTOR('Line Direction',#1464,1.) ;
#1479=VECTOR('Line Direction',#1478,1.) ;
#1513=VECTOR('Line Direction',#1512,1.) ;
#1554=VECTOR('Line Direction',#1553,1.) ;
#1706=VECTOR('Line Direction',#1705,1.) ;
#1789=VECTOR('Line Direction',#1788,1.) ;
#1796=VECTOR('Line Direction',#1795,1.) ;
#1813=VECTOR('Line Direction',#1812,1.) ;
#1836=VECTOR('Line Direction',#1835,1.) ;
#1852=VECTOR('Line Direction',#1851,1.) ;
#1857=VECTOR('Line Direction',#1856,1.) ;
#1901=VECTOR('Line Direction',#1900,1.) ;
#1928=VECTOR('Line Direction',#1927,1.) ;
#1935=VECTOR('Line Direction',#1934,1.) ;
#1942=VECTOR('Line Direction',#1941,1.) ;
#1978=VECTOR('Line Direction',#1977,1.) ;
#1992=VECTOR('Line Direction',#1991,1.) ;
#2009=VECTOR('Line Direction',#2008,1.) ;
#2117=VECTOR('Line Direction',#2116,1.) ;
#2137=VECTOR('Line Direction',#2136,1.) ;
#2160=VECTOR('Line Direction',#2159,1.) ;
#2190=VECTOR('Line Direction',#2189,1.) ;
#2344=VECTOR('Line Direction',#2343,1.) ;
#2358=VECTOR('Line Direction',#2357,1.) ;
#2543=VECTOR('Line Direction',#2542,1.) ;
#2555=VECTOR('Line Direction',#2554,1.) ;
#2680=VECTOR('Line Direction',#2679,1.) ;
#2783=VECTOR('Line Direction',#2782,1.) ;
#3282=VECTOR('Line Direction',#3281,1.) ;
#3296=VECTOR('Line Direction',#3295,1.) ;
#3566=VECTOR('Line Direction',#3565,1.) ;
#3673=VECTOR('Line Direction',#3672,1.) ;
#3823=VECTOR('Line Direction',#3822,1.) ;
#3845=VECTOR('Line Direction',#3844,1.) ;
#3868=VECTOR('Line Direction',#3867,1.) ;
#3882=VECTOR('Line Direction',#3881,1.) ;
#4004=VECTOR('Line Direction',#4003,1.) ;
#4022=VECTOR('Line Direction',#4021,1.) ;
#4029=VECTOR('Line Direction',#4028,1.) ;
#4193=VECTOR('Line Direction',#4192,1.) ;
#4198=VECTOR('Line Direction',#4197,1.) ;
#4447=VECTOR('Line Direction',#4446,1.) ;
#4452=VECTOR('Line Direction',#4451,1.) ;
#4480=VECTOR('Line Direction',#4479,1.) ;
#4492=VECTOR('Line Direction',#4491,1.) ;
#4518=VECTOR('Line Direction',#4517,1.) ;
#4532=VECTOR('Line Direction',#4531,1.) ;
#4575=VECTOR('Line Direction',#4574,1.) ;
#4589=VECTOR('Line Direction',#4588,1.) ;
#4623=VECTOR('Line Direction',#4622,1.) ;
#4637=VECTOR('Line Direction',#4636,1.) ;
#5266=VECTOR('Line Direction',#5265,1.) ;
#5286=VECTOR('Line Direction',#5285,1.) ;
#5760=VECTOR('Line Direction',#5759,1.) ;
#5765=VECTOR('Line Direction',#5764,1.) ;
#5999=VECTOR('Line Direction',#5998,1.) ;
#6061=VECTOR('Line Direction',#6060,1.) ;
#6066=VECTOR('Line Direction',#6065,1.) ;
#6087=VECTOR('Line Direction',#6086,1.) ;
#6228=VECTOR('Line Direction',#6227,1.) ;
#6233=VECTOR('Line Direction',#6232,1.) ;
#6278=VECTOR('Line Direction',#6277,1.) ;
#6343=VECTOR('Line Direction',#6342,1.) ;
#6406=VECTOR('Line Direction',#6405,1.) ;
#6450=VECTOR('Line Direction',#6449,1.) ;
#6637=VECTOR('Line Direction',#6636,1.) ;
#6854=VECTOR('Line Direction',#6853,1.) ;
#6859=VECTOR('Line Direction',#6858,1.) ;
#6894=VECTOR('Line Direction',#6893,1.) ;
#6899=VECTOR('Line Direction',#6898,1.) ;
#6904=VECTOR('Line Direction',#6903,1.) ;
#6938=VECTOR('Line Direction',#6937,1.) ;
#7004=VECTOR('Line Direction',#7003,1.) ;
#7031=VECTOR('Line Direction',#7030,1.) ;
#7193=VECTOR('Line Direction',#7192,1.) ;
#7198=VECTOR('Line Direction',#7197,1.) ;
#7219=VECTOR('Line Direction',#7218,1.) ;
#7230=VECTOR('Line Direction',#7229,1.) ;
#7367=VECTOR('Line Direction',#7366,1.) ;
#7382=VECTOR('Line Direction',#7381,1.) ;
#7422=VECTOR('Line Direction',#7421,1.) ;
#7431=VECTOR('Line Direction',#7430,1.) ;
#7436=VECTOR('Line Direction',#7435,1.) ;
#7513=VECTOR('Line Direction',#7512,1.) ;
#7539=VECTOR('Line Direction',#7538,1.) ;
#7544=VECTOR('Line Direction',#7543,1.) ;
#7577=VECTOR('Line Direction',#7576,1.) ;
#7582=VECTOR('Line Direction',#7581,1.) ;
#7601=VECTOR('Line Direction',#7600,1.) ;
#7606=VECTOR('Line Direction',#7605,1.) ;
#32=DIRECTION('Axis2P3D Direction',(0.,0.,1.)) ;
#33=DIRECTION('Axis2P3D XDirection',(1.,0.,0.)) ;
#37=DIRECTION('Axis2P3D Direction',(0.,0.,1.)) ;
#46=DIRECTION('Axis2P3D Direction',(0.,0.,1.)) ;
#110=DIRECTION('Axis2P3D Direction',(0.,0.,1.)) ;
#111=DIRECTION('Axis2P3D XDirection',(-0.00778305285,-0.999969711585,0.)) ;
#115=DIRECTION('Vector Direction',(0.,0.,1.)) ;
#122=DIRECTION('Axis2P3D Direction',(0.,0.,1.)) ;
#129=DIRECTION('Vector Direction',(0.,0.,1.)) ;
#141=DIRECTION('Axis2P3D Direction',(0.,0.,1.)) ;
#153=DIRECTION('Axis2P3D Direction',(0.,0.,-1.)) ;
#154=DIRECTION('Axis2P3D XDirection',(0.00778305284116,0.999969711586,0.)) ;
#158=DIRECTION('Vector Direction',(0.,0.,-1.)) ;
#165=DIRECTION('Axis2P3D Direction',(0.,0.,-1.)) ;
#172=DIRECTION('Vector Direction',(0.,0.,-1.)) ;
#184=DIRECTION('Axis2P3D Direction',(0.,0.,-1.)) ;
#196=DIRECTION('Axis2P3D Direction',(0.,0.,-1.)) ;
#197=DIRECTION('Axis2P3D XDirection',(-0.999969711585,0.00778305285001,0.)) ;
#201=DIRECTION('Vector Direction',(0.,0.,-1.)) ;
#210=DIRECTION('Axis2P3D Direction',(0.,0.,-1.)) ;
#217=DIRECTION('Vector Direction',(0.,0.,-1.)) ;
#224=DIRECTION('Axis2P3D Direction',(0.,0.,-1.)) ;
#236=DIRECTION('Axis2P3D Direction',(0.,0.,1.)) ;
#237=DIRECTION('Axis2P3D XDirection',(0.999969711585,-0.00778305285001,0.)) ;
#253=DIRECTION('Vector Direction',(0.,0.,1.)) ;
#260=DIRECTION('Axis2P3D Direction',(0.,0.,1.)) ;
#267=DIRECTION('Vector Direction',(0.,0.,1.)) ;
#279=DIRECTION('Axis2P3D Direction',(0.999969711585,-0.00778305285,0.)) ;
#280=DIRECTION('Axis2P3D XDirection',(0.,0.,1.)) ;
#284=DIRECTION('Axis2P3D Direction',(0.999969711585,-0.00778305285,0.)) ;
#293=DIRECTION('Vector Direction',(0.999969711585,-0.00778305285,0.)) ;
#300=DIRECTION('Axis2P3D Direction',(0.999969711585,-0.00778305285,0.)) ;
#307=DIRECTION('Vector Direction',(0.999969711585,-0.00778305285,0.)) ;
#319=DIRECTION('Axis2P3D Direction',(0.,0.,1.)) ;
#320=DIRECTION('Axis2P3D XDirection',(-0.00778305285015,-0.999969711585,0.)) ;
#324=DIRECTION('Axis2P3D Direction',(0.,0.,1.)) ;
#333=DIRECTION('Vector Direction',(0.,0.,1.)) ;
#340=DIRECTION('Axis2P3D Direction',(0.,0.,1.)) ;
#347=DIRECTION('Vector Direction',(0.,0.,1.)) ;
#359=DIRECTION('Axis2P3D Direction',(0.,0.,1.)) ;
#364=DIRECTION('Axis2P3D Direction',(0.,0.,1.)) ;
#376=DIRECTION('Axis2P3D Direction',(-0.00348068704898,-0.447200050104,-0.894427191002)) ;
#377=DIRECTION('Axis2P3D XDirection',(0.,0.894432609126,-0.447202759084)) ;
#381=DIRECTION('Vector Direction',(0.999969711587,-0.00778305271323,-6.8389738319E-11)) ;
#388=DIRECTION('Vector Direction',(0.00696137411032,0.894400100221,-0.447213595495)) ;
#395=DIRECTION('Vector Direction',(0.999969711585,-0.00778305287738,1.36900861024E-11)) ;
#402=DIRECTION('Vector Direction',(0.00696137411225,0.894400100221,-0.447213595495)) ;
#415=DIRECTION('Axis2P3D Direction',(0.00772402882063,0.992386280924,0.122921962289)) ;
#416=DIRECTION('Axis2P3D XDirection',(0.998031592419,0.,-0.0627131607744)) ;
#420=DIRECTION('Vector Direction',(-0.000956707700236,-0.122918239181,0.992416339641)) ;
#437=DIRECTION('Vector Direction',(-0.999969711585,0.00778305284966,2.75496833316E-12)) ;
#470=DIRECTION('Vector Direction',(0.000956708102078,0.122918239178,-0.992416339641)) ;
#485=DIRECTION('Axis2P3D Direction',(0.999969711585,-0.00778305285,8.43408057868E-16)) ;
#486=DIRECTION('Axis2P3D XDirection',(0.00778305285,0.999969711585,0.)) ;
#490=DIRECTION('Vector Direction',(-5.92118946467E-16,0.,1.)) ;
#497=DIRECTION('Vector Direction',(-0.00778305285,-0.999969711585,0.)) ;
#504=DIRECTION('Vector Direction',(0.,0.,-1.)) ;
#511=DIRECTION('Vector Direction',(0.00778305285,0.999969711585,0.)) ;
#1250=DIRECTION('Axis2P3D Direction',(-0.,0.,-1.)) ;
#1251=DIRECTION('Axis2P3D XDirection',(-0.00778305285001,-0.999969711585,0.)) ;
#1255=DIRECTION('Axis2P3D Direction',(-0.,0.,-1.)) ;
#1264=DIRECTION('Vector Direction',(0.,0.,-1.)) ;
#1271=DIRECTION('Axis2P3D Direction',(-0.,0.,-1.)) ;
#1278=DIRECTION('Vector Direction',(0.,0.,-1.)) ;
#1290=DIRECTION('Axis2P3D Direction',(0.,0.,1.)) ;
#1291=DIRECTION('Axis2P3D XDirection',(-0.00778305285001,-0.999969711585,0.)) ;
#1295=DIRECTION('Axis2P3D Direction',(0.,0.,1.)) ;
#1304=DIRECTION('Vector Direction',(0.,0.,1.)) ;
#1311=DIRECTION('Axis2P3D Direction',(0.,0.,1.)) ;
#1318=DIRECTION('Vector Direction',(0.,0.,1.)) ;
#1330=DIRECTION('Axis2P3D Direction',(0.,0.,-1.)) ;
#1331=DIRECTION('Axis2P3D XDirection',(0.00778305284383,0.999969711586,0.)) ;
#1335=DIRECTION('Axis2P3D Direction',(0.,0.,-1.)) ;
#1344=DIRECTION('Vector Direction',(0.,0.,-1.)) ;
#1351=DIRECTION('Axis2P3D Direction',(0.,0.,-1.)) ;
#1358=DIRECTION('Vector Direction',(0.,0.,-1.)) ;
#1370=DIRECTION('Axis2P3D Direction',(0.,0.,-1.)) ;
#1375=DIRECTION('Axis2P3D Direction',(0.,0.,-1.)) ;
#1387=DIRECTION('Axis2P3D Direction',(0.,0.,-1.)) ;
#1388=DIRECTION('Axis2P3D XDirection',(0.00778305284926,0.999969711585,0.)) ;
#1392=DIRECTION('Axis2P3D Direction',(0.,0.,-1.)) ;
#1401=DIRECTION('Vector Direction',(0.,0.,-1.)) ;
#1408=DIRECTION('Axis2P3D Direction',(0.,0.,-1.)) ;
#1415=DIRECTION('Vector Direction',(0.,0.,-1.)) ;
#1427=DIRECTION('Axis2P3D Direction',(0.,0.,-1.)) ;
#1450=DIRECTION('Axis2P3D Direction',(0.,0.,-1.)) ;
#1451=DIRECTION('Axis2P3D XDirection',(0.00778305284704,0.999969711585,0.)) ;
#1455=DIRECTION('Axis2P3D Direction',(0.,0.,-1.)) ;
#1464=DIRECTION('Vector Direction',(0.,0.,-1.)) ;
#1471=DIRECTION('Axis2P3D Direction',(0.,0.,-1.)) ;
#1478=DIRECTION('Vector Direction',(0.,0.,-1.)) ;
#1490=DIRECTION('Axis2P3D Direction',(0.,0.,-1.)) ;
#1495=DIRECTION('Axis2P3D Direction',(0.,0.,-1.)) ;
#1507=DIRECTION('Axis2P3D Direction',(-0.00731367733033,-0.939664158986,-0.342020143326)) ;
#1508=DIRECTION('Axis2P3D XDirection',(0.,0.342029291001,-0.939689291254)) ;
#1512=DIRECTION('Vector Direction',(0.00266154334288,0.342009787328,-0.939692620786)) ;
#1553=DIRECTION('Vector Direction',(-0.00292974538599,-0.34200768757,0.939692587092)) ;
#1688=DIRECTION('Axis2P3D Direction',(-0.00326492630424,-0.419479024199,-0.907759157769)) ;
#1689=DIRECTION('Axis2P3D XDirection',(0.,-0.907763996048,0.419481259986)) ;
#1705=DIRECTION('Vector Direction',(-0.00706513732176,-0.907731663185,0.419491729938)) ;
#1788=DIRECTION('Vector Direction',(0.999969711584,-0.00778305308055,1.06552988639E-10)) ;
#1795=DIRECTION('Vector Direction',(0.00706513748812,0.907731663183,-0.419491729938)) ;
#1812=DIRECTION('Vector Direction',(-0.999969711584,0.00778305307001,-1.01682769388E-10)) ;
#1830=DIRECTION('Axis2P3D Direction',(-0.00778305285,-0.999969711585,0.)) ;
#1831=DIRECTION('Axis2P3D XDirection',(-0.999969711585,0.00778305285,0.)) ;
#1835=DIRECTION('Vector Direction',(-0.999969711585,0.00778305285,0.)) ;
#1844=DIRECTION('Axis2P3D Direction',(-0.00778305285,-0.999969711585,0.)) ;
#1851=DIRECTION('Vector Direction',(0.,0.,-1.)) ;
#1856=DIRECTION('Vector Direction',(0.,0.,1.)) ;
#1869=DIRECTION('Axis2P3D Direction',(-0.00731367733033,-0.939664158986,-0.342020143326)) ;
#1870=DIRECTION('Axis2P3D XDirection',(0.,0.342029291001,-0.939689291254)) ;
#1900=DIRECTION('Vector Direction',(-0.99996971153,0.00778306003001,-1.97277339064E-08)) ;
#1927=DIRECTION('Vector Direction',(0.00266196073157,0.342009784079,-0.939692620786)) ;
#1934=DIRECTION('Vector Direction',(0.999969711586,-0.0077830528028,-1.29698918212E-10)) ;
#1941=DIRECTION('Vector Direction',(-0.00266196086201,-0.342009784078,0.939692620786)) ;
#1972=DIRECTION('Axis2P3D Direction',(-0.00778305285,-0.999969711585,0.)) ;
#1973=DIRECTION('Axis2P3D XDirection',(0.999969711585,-0.00778305285,0.)) ;
#1977=DIRECTION('Vector Direction',(-0.00778305285,-0.999969711585,0.)) ;
#1984=DIRECTION('Axis2P3D Direction',(-0.00778305285,-0.999969711585,0.)) ;
#1991=DIRECTION('Vector Direction',(-0.00778305285,-0.999969711585,0.)) ;
#2003=DIRECTION('Axis2P3D Direction',(0.00771646776072,0.991414832079,0.130526192232)) ;
#2004=DIRECTION('Axis2P3D XDirection',(0.957565162733,0.0302825824761,-0.286621569876)) ;
#2008=DIRECTION('Vector Direction',(0.00771646776072,0.991414832079,0.130526192232)) ;
#2015=DIRECTION('Axis2P3D Direction',(0.00771646776072,0.991414832079,0.130526192232)) ;
#2046=DIRECTION('Axis2P3D Direction',(0.00771646776072,0.991414832079,0.130526192232)) ;
#2070=DIRECTION('Axis2P3D Direction',(-0.00266196085127,-0.342009784078,0.939692620786)) ;
#2071=DIRECTION('Axis2P3D XDirection',(-0.999969711585,0.00778305285,0.)) ;
#2089=DIRECTION('Axis2P3D Direction',(0.00731367732963,0.939664159,0.342020143287)) ;
#2090=DIRECTION('Axis2P3D XDirection',(-0.999658014407,-0.00171716119103,0.0260941677236)) ;
#2116=DIRECTION('Vector Direction',(0.00731367732963,0.939664159,0.342020143287)) ;
#2131=DIRECTION('Axis2P3D Direction',(-0.999969711585,0.00778305285,-6.80662123886E-16)) ;
#2132=DIRECTION('Axis2P3D XDirection',(-0.00756000666393,-0.971312649292,-0.237685892776)) ;
#2136=DIRECTION('Vector Direction',(-0.999969711585,0.00778305285,-6.80662282093E-16)) ;
#2159=DIRECTION('Vector Direction',(-0.999969711585,0.00778305285,-6.80662282093E-16)) ;
#2173=DIRECTION('Axis2P3D Direction',(0.00778305285,0.999969711585,-9.20704484875E-16)) ;
#2174=DIRECTION('Axis2P3D XDirection',(0.689978560276,-0.00537030225794,-0.723809882644)) ;
#2184=DIRECTION('Axis2P3D Direction',(0.999969711585,-0.00778305285,2.5911711753E-14)) ;
#2185=DIRECTION('Axis2P3D XDirection',(0.,-3.32924782247E-12,-1.)) ;
#2189=DIRECTION('Vector Direction',(-0.00778305285001,-0.999969711585,3.33014840141E-12)) ;
#2198=DIRECTION('Axis2P3D Direction',(0.999969711585,-0.00778305285,2.5911711753E-14)) ;
#2205=DIRECTION('Axis2P3D Direction',(0.999969711585,-0.00778305285,2.5911711753E-14)) ;
#2216=DIRECTION('Axis2P3D Direction',(0.999969711585,-0.00778305285,7.5937965303E-16)) ;
#2217=DIRECTION('Axis2P3D XDirection',(-8.00674838622E-15,-1.1262785563E-12,-1.)) ;
#2343=DIRECTION('Vector Direction',(0.999969711585,-0.00778305285,7.59379759074E-16)) ;
#2350=DIRECTION('Axis2P3D Direction',(0.999969711585,-0.00778305285,7.5937965303E-16)) ;
#2357=DIRECTION('Vector Direction',(0.999969711585,-0.00778305285,7.59379759074E-16)) ;
#2376=DIRECTION('Axis2P3D Direction',(0.999969711585,-0.00778305285,7.5937965303E-16)) ;
#2528=DIRECTION('Axis2P3D Direction',(-0.999969711585,0.00778305285,1.03857265336E-16)) ;
#2529=DIRECTION('Axis2P3D XDirection',(1.81858225894E-15,2.46996195368E-13,-1.)) ;
#2533=DIRECTION('Axis2P3D Direction',(-0.999969711585,0.00778305285,1.03857265336E-16)) ;
#2542=DIRECTION('Vector Direction',(-0.999969711585,0.00778305285,1.03857189515E-16)) ;
#2549=DIRECTION('Axis2P3D Direction',(-0.999969711585,0.00778305285,1.03857265336E-16)) ;
#2554=DIRECTION('Vector Direction',(-0.999969711585,0.00778305285,1.03857189515E-16)) ;
#2578=DIRECTION('Axis2P3D Direction',(-0.999969711585,0.00778305285,1.03857265336E-16)) ;
#2659=DIRECTION('Axis2P3D Direction',(0.999969711585,-0.00778305285,3.75514976646E-16)) ;
#2660=DIRECTION('Axis2P3D XDirection',(-1.06752213906E-14,-1.41980444495E-12,-1.)) ;
#2679=DIRECTION('Vector Direction',(0.999969711585,-0.00778305285,3.75514730422E-16)) ;
#2782=DIRECTION('Vector Direction',(0.999969711585,-0.00778305285,3.75514730422E-16)) ;
#2799=DIRECTION('Axis2P3D Direction',(0.999969711585,-0.00778305285,3.75514976646E-16)) ;
#2897=DIRECTION('Axis2P3D Direction',(-0.999969711585,0.00778305285,-2.5911711753E-14)) ;
#2898=DIRECTION('Axis2P3D XDirection',(0.00778305285,0.999969711585,1.86984930463E-16)) ;
#2902=DIRECTION('Axis2P3D Direction',(0.00278081893468,0.357280717689,-0.933992909938)) ;
#2911=DIRECTION('Axis2P3D Direction',(-0.999969711585,0.00778305285,-2.5911711753E-14)) ;
#2918=DIRECTION('Axis2P3D Direction',(0.00266196085133,0.342009784082,-0.939692620784)) ;
#2925=DIRECTION('Axis2P3D Direction',(0.00266196085133,0.342009784082,-0.939692620784)) ;
#2930=DIRECTION('Axis2P3D Direction',(-0.999969711585,0.00778305285,-2.5911711753E-14)) ;
#3174=DIRECTION('Axis2P3D Direction',(0.999969711585,-0.00778305285,0.)) ;
#3175=DIRECTION('Axis2P3D XDirection',(-6.64686498151E-19,-8.53991844409E-17,-1.)) ;
#3281=DIRECTION('Vector Direction',(0.999969711585,-0.00778305285,0.)) ;
#3288=DIRECTION('Axis2P3D Direction',(0.999969711585,-0.00778305285,0.)) ;
#3295=DIRECTION('Vector Direction',(0.999969711585,-0.00778305285,0.)) ;
#3311=DIRECTION('Axis2P3D Direction',(0.999969711585,-0.00778305285,0.)) ;
#3551=DIRECTION('Axis2P3D Direction',(0.999969711585,-0.00778305285,0.)) ;
#3552=DIRECTION('Axis2P3D XDirection',(0.,0.,-1.)) ;
#3556=DIRECTION('Axis2P3D Direction',(0.999969711585,-0.00778305285,0.)) ;
#3565=DIRECTION('Vector Direction',(0.999969711585,-0.00778305285,0.)) ;
#3672=DIRECTION('Vector Direction',(0.999969711585,-0.00778305285,0.)) ;
#3688=DIRECTION('Axis2P3D Direction',(0.999969711585,-0.00778305285,0.)) ;
#3799=DIRECTION('Axis2P3D Direction',(-0.00266196085117,-0.342009784078,0.939692620786)) ;
#3800=DIRECTION('Axis2P3D XDirection',(-0.712223870108,-0.658970987729,-0.241856147701)) ;
#3822=DIRECTION('Vector Direction',(-0.00266196085117,-0.342009784078,0.939692620786)) ;
#3837=DIRECTION('Axis2P3D Direction',(-0.00266196085117,-0.342009784078,0.939692620786)) ;
#3844=DIRECTION('Vector Direction',(-0.00266196085117,-0.342009784078,0.939692620786)) ;
#3858=DIRECTION('Axis2P3D Direction',(-0.999969711585,0.00778305285,1.03857265336E-16)) ;
#3867=DIRECTION('Vector Direction',(-0.999969711585,0.00778305285,1.03857189515E-16)) ;
#3874=DIRECTION('Axis2P3D Direction',(-0.999969711585,0.00778305285,1.03857265336E-16)) ;
#3881=DIRECTION('Vector Direction',(-0.999969711585,0.00778305285,1.03857189515E-16)) ;
#3904=DIRECTION('Axis2P3D Direction',(-0.999969711585,0.00778305285,1.03857265336E-16)) ;
#4003=DIRECTION('Vector Direction',(-0.999969711585,0.0077830528762,-7.19838698581E-11)) ;
#4021=DIRECTION('Vector Direction',(0.999969711586,-0.00778305280322,-1.28533628186E-10)) ;
#4028=DIRECTION('Vector Direction',(-0.00266196082956,-0.342009784078,0.939692620786)) ;
#4178=DIRECTION('Axis2P3D Direction',(0.00771646776625,0.991414832081,0.130526192221)) ;
#4179=DIRECTION('Axis2P3D XDirection',(-0.999969610473,0.0077954630689,-9.42679993387E-05)) ;
#4183=DIRECTION('Axis2P3D Direction',(0.00771646776625,0.991414832081,0.130526192221)) ;
#4192=DIRECTION('Vector Direction',(0.00771646776625,0.991414832081,0.130526192221)) ;
#4197=DIRECTION('Vector Direction',(0.00771646776625,0.991414832081,0.130526192221)) ;
#4379=DIRECTION('Axis2P3D Direction',(0.00771646775393,0.991414832081,0.13052619222)) ;
#4380=DIRECTION('Axis2P3D XDirection',(-0.999969610473,0.00779546305671,-9.42680011499E-05)) ;
#4400=DIRECTION('Axis2P3D Direction',(-0.00111097080391,-0.130521498175,0.991444856892)) ;
#4407=DIRECTION('Axis2P3D Direction',(0.00771646775393,0.991414832081,0.13052619222)) ;
#4419=DIRECTION('Axis2P3D Direction',(0.00771646775392,0.991414832081,0.13052619222)) ;
#4420=DIRECTION('Axis2P3D XDirection',(-0.986886296407,0.0285966547942,-0.158863681497)) ;
#4424=DIRECTION('Axis2P3D Direction',(0.00771646775392,0.991414832081,0.13052619222)) ;
#4429=DIRECTION('Axis2P3D Direction',(0.00771646775392,0.991414832081,0.13052619222)) ;
#4441=DIRECTION('Axis2P3D Direction',(-0.999969711585,0.00778305285,0.)) ;
#4442=DIRECTION('Axis2P3D XDirection',(0.,0.,1.)) ;
#4446=DIRECTION('Vector Direction',(-0.999969711585,0.00778305285,0.)) ;
#4451=DIRECTION('Vector Direction',(-0.999969711585,0.00778305285,0.)) ;
#4458=DIRECTION('Axis2P3D Direction',(-0.999969711585,0.00778305285,0.)) ;
#4474=DIRECTION('Axis2P3D Direction',(-0.00101589225236,-0.130522238789,0.991444861374)) ;
#4475=DIRECTION('Axis2P3D XDirection',(0.00771646775393,0.991414832081,0.13052619222)) ;
#4479=DIRECTION('Vector Direction',(-0.00101589225236,-0.130522238789,0.991444861374)) ;
#4486=DIRECTION('Axis2P3D Direction',(-0.00101589225236,-0.130522238789,0.991444861374)) ;
#4491=DIRECTION('Vector Direction',(-0.00101589225236,-0.130522238789,0.991444861374)) ;
#4503=DIRECTION('Axis2P3D Direction',(0.,0.,1.)) ;
#4504=DIRECTION('Axis2P3D XDirection',(-0.00778305285015,-0.999969711585,0.)) ;
#4508=DIRECTION('Axis2P3D Direction',(0.,0.,1.)) ;
#4517=DIRECTION('Vector Direction',(0.,0.,1.)) ;
#4524=DIRECTION('Axis2P3D Direction',(0.,0.,1.)) ;
#4531=DIRECTION('Vector Direction',(0.,0.,1.)) ;
#4543=DIRECTION('Axis2P3D Direction',(0.,0.,1.)) ;
#4548=DIRECTION('Axis2P3D Direction',(0.,0.,1.)) ;
#4560=DIRECTION('Axis2P3D Direction',(0.,0.,1.)) ;
#4561=DIRECTION('Axis2P3D XDirection',(-0.00778305285,-0.999969711585,0.)) ;
#4565=DIRECTION('Axis2P3D Direction',(0.,0.,1.)) ;
#4574=DIRECTION('Vector Direction',(0.,0.,1.)) ;
#4581=DIRECTION('Axis2P3D Direction',(0.,0.,1.)) ;
#4588=DIRECTION('Vector Direction',(0.,0.,1.)) ;
#4600=DIRECTION('Axis2P3D Direction',(0.,0.,1.)) ;
#4605=DIRECTION('Axis2P3D Direction',(0.,0.,1.)) ;
#4617=DIRECTION('Axis2P3D Direction',(-0.00101589225236,-0.130522238789,0.991444861374)) ;
#4618=DIRECTION('Axis2P3D XDirection',(0.999969711585,-0.00778305285,0.)) ;
#4622=DIRECTION('Vector Direction',(-0.00101589225236,-0.130522238789,0.991444861374)) ;
#4631=DIRECTION('Axis2P3D Direction',(-0.00101589225236,-0.130522238789,0.991444861374)) ;
#4636=DIRECTION('Vector Direction',(-0.00101589225236,-0.130522238789,0.991444861374)) ;
#5242=DIRECTION('Axis2P3D Direction',(0.999969711585,-0.00778305285001,-1.15012166457E-15)) ;
#5243=DIRECTION('Axis2P3D XDirection',(0.00731367726944,0.939664151162,0.342020164824)) ;
#5265=DIRECTION('Vector Direction',(0.999969711585,-0.00778305285001,-1.15012142032E-15)) ;
#5285=DIRECTION('Vector Direction',(0.999969711585,-0.00778305285001,-1.15012142032E-15)) ;
#5747=DIRECTION('Axis2P3D Direction',(-0.00266196085127,-0.342009784078,0.939692620786)) ;
#5748=DIRECTION('Axis2P3D XDirection',(0.00731367733033,0.939664158986,0.342020143326)) ;
#5752=DIRECTION('Axis2P3D Direction',(-0.00266196085127,-0.342009784078,0.939692620786)) ;
#5759=DIRECTION('Vector Direction',(-0.00266196085127,-0.342009784078,0.939692620786)) ;
#5764=DIRECTION('Vector Direction',(-0.00266196085127,-0.342009784078,0.939692620786)) ;
#5860=DIRECTION('Axis2P3D Direction',(0.00771646775352,0.991414832081,0.130526192218)) ;
#5861=DIRECTION('Axis2P3D XDirection',(-0.986850383568,0.0286250537775,-0.159081509764)) ;
#5873=DIRECTION('Axis2P3D Direction',(-0.999969711585,0.00778305285,0.)) ;
#5874=DIRECTION('Axis2P3D XDirection',(0.,0.,1.)) ;
#5886=DIRECTION('Axis2P3D Direction',(-0.999969711585,0.00778305285,0.)) ;
#5901=DIRECTION('Axis2P3D Direction',(-0.999969711585,0.00778305285,1.20781935746E-13)) ;
#5902=DIRECTION('Axis2P3D XDirection',(1.2078559415E-13,0.,1.)) ;
#5983=DIRECTION('Axis2P3D Direction',(-0.999969711585,0.00778305285,1.20781935746E-13)) ;
#5984=DIRECTION('Axis2P3D XDirection',(1.2078559415E-13,0.,1.)) ;
#5993=DIRECTION('Axis2P3D Direction',(0.999969711585,-0.00778305285001,-2.112025832E-15)) ;
#5994=DIRECTION('Axis2P3D XDirection',(-0.00705384140486,-0.906280336408,-0.422618261746)) ;
#5998=DIRECTION('Vector Direction',(0.999969711585,-0.00778305285001,-2.11202575429E-15)) ;
#6003=DIRECTION('Axis2P3D Direction',(0.999969711585,-0.00778305285001,-2.112025832E-15)) ;
#6019=DIRECTION('Axis2P3D Direction',(0.999969711585,-0.00778305285,-1.20789252665E-13)) ;
#6020=DIRECTION('Axis2P3D XDirection',(-0.00778305285,-0.999969711585,1.86984930463E-16)) ;
#6024=DIRECTION('Axis2P3D Direction',(0.999969711585,-0.00778305285,-1.20789252665E-13)) ;
#6037=DIRECTION('Axis2P3D Direction',(-0.00674032148709,-0.865999173248,-0.5)) ;
#6038=DIRECTION('Axis2P3D XDirection',(0.,0.50001135837,-0.866018845927)) ;
#6050=DIRECTION('Axis2P3D Direction',(0.999969711585,-0.00778305285,2.5911711753E-14)) ;
#6051=DIRECTION('Axis2P3D XDirection',(0.,-3.32924782247E-12,-1.)) ;
#6060=DIRECTION('Vector Direction',(0.999969711585,-0.00778305285001,-1.15012142032E-15)) ;
#6065=DIRECTION('Vector Direction',(0.999969711585,-0.00778305285001,-1.15012142032E-15)) ;
#6086=DIRECTION('Vector Direction',(-0.999969711525,0.00778306063269,-1.34804330958E-08)) ;
#6098=DIRECTION('Axis2P3D Direction',(-0.00766481078878,-0.984777924747,-0.173648177667)) ;
#6099=DIRECTION('Axis2P3D XDirection',(0.,0.173653278748,-0.98480685354)) ;
#6205=DIRECTION('Axis2P3D Direction',(-0.999969711585,0.00778305285,1.20781935746E-13)) ;
#6206=DIRECTION('Axis2P3D XDirection',(1.2078559415E-13,0.,1.)) ;
#6215=DIRECTION('Axis2P3D Direction',(-0.00778305285,-0.999969711585,-0.)) ;
#6216=DIRECTION('Axis2P3D XDirection',(0.,0.,-1.)) ;
#6220=DIRECTION('Axis2P3D Direction',(-0.00778305285,-0.999969711585,-0.)) ;
#6227=DIRECTION('Vector Direction',(-0.00778305285,-0.999969711585,0.)) ;
#6232=DIRECTION('Vector Direction',(-0.00778305285,-0.999969711585,0.)) ;
#6244=DIRECTION('Axis2P3D Direction',(0.999969711585,-0.00778305285,2.5911711753E-14)) ;
#6245=DIRECTION('Axis2P3D XDirection',(0.,-3.32924782247E-12,-1.)) ;
#6254=DIRECTION('Axis2P3D Direction',(0.999969711585,-0.00778305285,2.5911711753E-14)) ;
#6255=DIRECTION('Axis2P3D XDirection',(0.,-3.32924782247E-12,-1.)) ;
#6264=DIRECTION('Axis2P3D Direction',(0.999969711585,-0.00778305285,-2.36266470117E-16)) ;
#6265=DIRECTION('Axis2P3D XDirection',(0.00731367748519,0.939664178882,0.342020088661)) ;
#6277=DIRECTION('Vector Direction',(-0.00266163941183,-0.34200978658,0.939692620786)) ;
#6296=DIRECTION('Axis2P3D Direction',(-0.00771646775393,-0.991414832081,-0.13052619222)) ;
#6297=DIRECTION('Axis2P3D XDirection',(0.,0.130530078411,-0.991444349739)) ;
#6320=DIRECTION('Axis2P3D Direction',(-0.999969711585,0.00778305285001,2.63677968348E-16)) ;
#6321=DIRECTION('Axis2P3D XDirection',(-0.00771646775394,-0.991414832081,-0.13052619222)) ;
#6325=DIRECTION('Axis2P3D Direction',(-0.999969711585,0.00778305285001,2.63677968348E-16)) ;
#6337=DIRECTION('Axis2P3D Direction',(-0.00266196085106,-0.342009784078,0.939692620786)) ;
#6338=DIRECTION('Axis2P3D XDirection',(0.701913813203,-0.66994634831,-0.24184476265)) ;
#6342=DIRECTION('Vector Direction',(-0.00266196085106,-0.342009784078,0.939692620786)) ;
#6357=DIRECTION('Axis2P3D Direction',(-0.00266196085106,-0.342009784078,0.939692620786)) ;
#6371=DIRECTION('Axis2P3D Direction',(0.999969711585,-0.00778305285001,-2.112025832E-15)) ;
#6387=DIRECTION('Axis2P3D Direction',(0.999969711585,-0.00778305285,6.23508543661E-12)) ;
#6388=DIRECTION('Axis2P3D XDirection',(0.,-8.01110509819E-10,-1.)) ;
#6400=DIRECTION('Axis2P3D Direction',(0.0077164677536,0.991414832081,0.130526192221)) ;
#6401=DIRECTION('Axis2P3D XDirection',(0.733873028579,0.0830496358899,-0.674190726651)) ;
#6405=DIRECTION('Vector Direction',(0.0077164677536,0.991414832081,0.130526192221)) ;
#6423=DIRECTION('Axis2P3D Direction',(0.999969711585,-0.00778305285,2.06337225951E-18)) ;
#6424=DIRECTION('Axis2P3D XDirection',(0.,-2.65110914609E-16,-1.)) ;
#6437=DIRECTION('Axis2P3D Direction',(0.,0.,1.)) ;
#6438=DIRECTION('Axis2P3D XDirection',(-0.00778305285001,-0.999969711585,0.)) ;
#6442=DIRECTION('Axis2P3D Direction',(0.,0.,1.)) ;
#6449=DIRECTION('Vector Direction',(0.,0.,1.)) ;
#6624=DIRECTION('Axis2P3D Direction',(-0.00266196085116,-0.342009784078,0.939692620786)) ;
#6625=DIRECTION('Axis2P3D XDirection',(-0.00731367733033,-0.939664158986,-0.342020143326)) ;
#6629=DIRECTION('Axis2P3D Direction',(-0.00266196085116,-0.342009784078,0.939692620786)) ;
#6636=DIRECTION('Vector Direction',(-0.00266196085116,-0.342009784078,0.939692620786)) ;
#6848=DIRECTION('Axis2P3D Direction',(0.00778305285,0.999969711585,0.)) ;
#6849=DIRECTION('Axis2P3D XDirection',(-0.999969711585,0.00778305285,0.)) ;
#6853=DIRECTION('Vector Direction',(0.00778305285,0.999969711585,0.)) ;
#6858=DIRECTION('Vector Direction',(0.00778305285,0.999969711585,0.)) ;
#6888=DIRECTION('Axis2P3D Direction',(0.,0.,-1.)) ;
#6889=DIRECTION('Axis2P3D XDirection',(0.,-1.,0.)) ;
#6893=DIRECTION('Vector Direction',(-0.00778305532028,-0.999969711566,0.)) ;
#6898=DIRECTION('Vector Direction',(-0.999969711585,0.00778305284916,0.)) ;
#6903=DIRECTION('Vector Direction',(0.00778300740303,0.999969711939,0.)) ;
#6932=DIRECTION('Axis2P3D Direction',(-0.00778305285,-0.999969711585,0.)) ;
#6933=DIRECTION('Axis2P3D XDirection',(-0.999969711585,0.00778305285,0.)) ;
#6937=DIRECTION('Vector Direction',(0.999969711585,-0.00778305285,0.)) ;
#6998=DIRECTION('Axis2P3D Direction',(-0.999969711585,0.00778305285,1.20781935746E-13)) ;
#6999=DIRECTION('Axis2P3D XDirection',(1.2078559415E-13,0.,1.)) ;
#7003=DIRECTION('Vector Direction',(-0.00778305285,-0.999969711585,2.00020867561E-15)) ;
#7025=DIRECTION('Axis2P3D Direction',(0.00778305285,0.999969711585,0.)) ;
#7026=DIRECTION('Axis2P3D XDirection',(0.,0.,-1.)) ;
#7030=DIRECTION('Vector Direction',(0.999969711585,-0.00778305285,3.75843753744E-07)) ;
#7192=DIRECTION('Vector Direction',(-0.00778305285,-0.999969711585,6.94063836679E-10)) ;
#7197=DIRECTION('Vector Direction',(-0.00778305285,-0.999969711585,8.13924335294E-07)) ;
#7213=DIRECTION('Axis2P3D Direction',(0.00778305285001,0.999969711585,1.30321101133E-16)) ;
#7214=DIRECTION('Axis2P3D XDirection',(-0.991244218577,0.0077151398198,-0.131815688578)) ;
#7218=DIRECTION('Vector Direction',(0.00778305285001,0.999969711585,1.30321353708E-16)) ;
#7229=DIRECTION('Vector Direction',(0.00778305285001,0.999969711585,1.30321353708E-16)) ;
#7361=DIRECTION('Axis2P3D Direction',(0.00778305285,0.999969711585,-9.28077059648E-16)) ;
#7362=DIRECTION('Axis2P3D XDirection',(0.689978560276,-0.00537030225794,-0.723809882644)) ;
#7366=DIRECTION('Vector Direction',(0.00778305285,0.999969711585,-9.28076815399E-16)) ;
#7381=DIRECTION('Vector Direction',(0.00778305285,0.999969711585,-9.28076815399E-16)) ;
#7416=DIRECTION('Axis2P3D Direction',(-0.00778305285,-0.999969711585,6.66616541868E-11)) ;
#7417=DIRECTION('Axis2P3D XDirection',(0.999969711585,-0.00778305285,0.)) ;
#7421=DIRECTION('Vector Direction',(-5.18696197105E-13,-6.66583825174E-11,-1.)) ;
#7430=DIRECTION('Vector Direction',(0.999969711585,-0.00778305285,0.)) ;
#7435=DIRECTION('Vector Direction',(0.999969711585,-0.00778305285,0.)) ;
#7507=DIRECTION('Axis2P3D Direction',(-2.07547805132E-13,-2.66658241744E-11,-1.)) ;
#7508=DIRECTION('Axis2P3D XDirection',(0.,1.,-2.66658241744E-11)) ;
#7512=DIRECTION('Vector Direction',(0.00778305294561,0.999969711585,-2.66666688713E-11)) ;
#7533=DIRECTION('Axis2P3D Direction',(-0.999969711585,0.00778305285,0.)) ;
#7534=DIRECTION('Axis2P3D XDirection',(0.,0.,1.)) ;
#7538=DIRECTION('Vector Direction',(0.00778305285,0.999969711585,0.)) ;
#7543=DIRECTION('Vector Direction',(-0.00778305285,-0.999969711585,0.)) ;
#7571=DIRECTION('Axis2P3D Direction',(-0.00778305285,-0.999969711585,0.)) ;
#7572=DIRECTION('Axis2P3D XDirection',(-0.999969711585,0.00778305285,0.)) ;
#7576=DIRECTION('Vector Direction',(-0.999969711585,0.00778305285,0.)) ;
#7581=DIRECTION('Vector Direction',(0.999969711585,-0.00778305285,0.)) ;
#7595=DIRECTION('Axis2P3D Direction',(0.999969711585,-0.00778305285,0.)) ;
#7596=DIRECTION('Axis2P3D XDirection',(0.,0.,-1.)) ;
#7600=DIRECTION('Vector Direction',(0.00778305285,0.999969711585,0.)) ;
#7605=DIRECTION('Vector Direction',(0.00778305285,0.999969711585,0.)) ;
#7633=DIRECTION('Axis2P3D Direction',(0.,0.,1.)) ;
#7634=DIRECTION('Axis2P3D XDirection',(1.,0.,0.)) ;
#7683=SHAPE_REPRESENTATION_RELATIONSHIP(' ',' ',#19,#7682) ;
#18=AXIS2_PLACEMENT_3D(' ',#17,$,$) ;
#34=AXIS2_PLACEMENT_3D('Plane Axis2P3D',#31,#32,#33) ;
#38=AXIS2_PLACEMENT_3D('Circle Axis2P3D',#36,#37,$) ;
#47=AXIS2_PLACEMENT_3D('Circle Axis2P3D',#45,#46,$) ;
#112=AXIS2_PLACEMENT_3D('Cylinder Axis2P3D',#109,#110,#111) ;
#123=AXIS2_PLACEMENT_3D('Circle Axis2P3D',#121,#122,$) ;
#142=AXIS2_PLACEMENT_3D('Circle Axis2P3D',#140,#141,$) ;
#155=AXIS2_PLACEMENT_3D('Cylinder Axis2P3D',#152,#153,#154) ;
#166=AXIS2_PLACEMENT_3D('Circle Axis2P3D',#164,#165,$) ;
#185=AXIS2_PLACEMENT_3D('Circle Axis2P3D',#183,#184,$) ;
#198=AXIS2_PLACEMENT_3D('Cylinder Axis2P3D',#195,#196,#197) ;
#211=AXIS2_PLACEMENT_3D('Circle Axis2P3D',#209,#210,$) ;
#225=AXIS2_PLACEMENT_3D('Circle Axis2P3D',#223,#224,$) ;
#238=AXIS2_PLACEMENT_3D('Cylinder Axis2P3D',#235,#236,#237) ;
#261=AXIS2_PLACEMENT_3D('Circle Axis2P3D',#259,#260,$) ;
#281=AXIS2_PLACEMENT_3D('Cylinder Axis2P3D',#278,#279,#280) ;
#285=AXIS2_PLACEMENT_3D('Circle Axis2P3D',#283,#284,$) ;
#301=AXIS2_PLACEMENT_3D('Circle Axis2P3D',#299,#300,$) ;
#321=AXIS2_PLACEMENT_3D('Cylinder Axis2P3D',#318,#319,#320) ;
#325=AXIS2_PLACEMENT_3D('Circle Axis2P3D',#323,#324,$) ;
#341=AXIS2_PLACEMENT_3D('Circle Axis2P3D',#339,#340,$) ;
#360=AXIS2_PLACEMENT_3D('Circle Axis2P3D',#358,#359,$) ;
#365=AXIS2_PLACEMENT_3D('Circle Axis2P3D',#363,#364,$) ;
#378=AXIS2_PLACEMENT_3D('Plane Axis2P3D',#375,#376,#377) ;
#417=AXIS2_PLACEMENT_3D('Plane Axis2P3D',#414,#415,#416) ;
#487=AXIS2_PLACEMENT_3D('Plane Axis2P3D',#484,#485,#486) ;
#1252=AXIS2_PLACEMENT_3D('Cylinder Axis2P3D',#1249,#1250,#1251) ;
#1256=AXIS2_PLACEMENT_3D('Circle Axis2P3D',#1254,#1255,$) ;
#1272=AXIS2_PLACEMENT_3D('Circle Axis2P3D',#1270,#1271,$) ;
#1292=AXIS2_PLACEMENT_3D('Cylinder Axis2P3D',#1289,#1290,#1291) ;
#1296=AXIS2_PLACEMENT_3D('Circle Axis2P3D',#1294,#1295,$) ;
#1312=AXIS2_PLACEMENT_3D('Circle Axis2P3D',#1310,#1311,$) ;
#1332=AXIS2_PLACEMENT_3D('Cylinder Axis2P3D',#1329,#1330,#1331) ;
#1336=AXIS2_PLACEMENT_3D('Circle Axis2P3D',#1334,#1335,$) ;
#1352=AXIS2_PLACEMENT_3D('Circle Axis2P3D',#1350,#1351,$) ;
#1371=AXIS2_PLACEMENT_3D('Circle Axis2P3D',#1369,#1370,$) ;
#1376=AXIS2_PLACEMENT_3D('Circle Axis2P3D',#1374,#1375,$) ;
#1389=AXIS2_PLACEMENT_3D('Cylinder Axis2P3D',#1386,#1387,#1388) ;
#1393=AXIS2_PLACEMENT_3D('Circle Axis2P3D',#1391,#1392,$) ;
#1409=AXIS2_PLACEMENT_3D('Circle Axis2P3D',#1407,#1408,$) ;
#1428=AXIS2_PLACEMENT_3D('Circle Axis2P3D',#1426,#1427,$) ;
#1452=AXIS2_PLACEMENT_3D('Cylinder Axis2P3D',#1449,#1450,#1451) ;
#1456=AXIS2_PLACEMENT_3D('Circle Axis2P3D',#1454,#1455,$) ;
#1472=AXIS2_PLACEMENT_3D('Circle Axis2P3D',#1470,#1471,$) ;
#1491=AXIS2_PLACEMENT_3D('Circle Axis2P3D',#1489,#1490,$) ;
#1496=AXIS2_PLACEMENT_3D('Circle Axis2P3D',#1494,#1495,$) ;
#1509=AXIS2_PLACEMENT_3D('Plane Axis2P3D',#1506,#1507,#1508) ;
#1690=AXIS2_PLACEMENT_3D('Plane Axis2P3D',#1687,#1688,#1689) ;
#1832=AXIS2_PLACEMENT_3D('Plane Axis2P3D',#1829,#1830,#1831) ;
#1845=AXIS2_PLACEMENT_3D('Circle Axis2P3D',#1843,#1844,$) ;
#1871=AXIS2_PLACEMENT_3D('Plane Axis2P3D',#1868,#1869,#1870) ;
#1974=AXIS2_PLACEMENT_3D('Cylinder Axis2P3D',#1971,#1972,#1973) ;
#1985=AXIS2_PLACEMENT_3D('Circle Axis2P3D',#1983,#1984,$) ;
#2005=AXIS2_PLACEMENT_3D('Cylinder Axis2P3D',#2002,#2003,#2004) ;
#2016=AXIS2_PLACEMENT_3D('Circle Axis2P3D',#2014,#2015,$) ;
#2047=AXIS2_PLACEMENT_3D('Circle Axis2P3D',#2045,#2046,$) ;
#2072=AXIS2_PLACEMENT_3D('Plane Axis2P3D',#2069,#2070,#2071) ;
#2091=AXIS2_PLACEMENT_3D('Cylinder Axis2P3D',#2088,#2089,#2090) ;
#2133=AXIS2_PLACEMENT_3D('Cylinder Axis2P3D',#2130,#2131,#2132) ;
#2175=AXIS2_PLACEMENT_3D('Cylinder Axis2P3D',#2172,#2173,#2174) ;
#2186=AXIS2_PLACEMENT_3D('Plane Axis2P3D',#2183,#2184,#2185) ;
#2199=AXIS2_PLACEMENT_3D('Circle Axis2P3D',#2197,#2198,$) ;
#2206=AXIS2_PLACEMENT_3D('Circle Axis2P3D',#2204,#2205,$) ;
#2218=AXIS2_PLACEMENT_3D('Cylinder Axis2P3D',#2215,#2216,#2217) ;
#2351=AXIS2_PLACEMENT_3D('Circle Axis2P3D',#2349,#2350,$) ;
#2377=AXIS2_PLACEMENT_3D('Circle Axis2P3D',#2375,#2376,$) ;
#2530=AXIS2_PLACEMENT_3D('Cylinder Axis2P3D',#2527,#2528,#2529) ;
#2534=AXIS2_PLACEMENT_3D('Circle Axis2P3D',#2532,#2533,$) ;
#2550=AXIS2_PLACEMENT_3D('Circle Axis2P3D',#2548,#2549,$) ;
#2579=AXIS2_PLACEMENT_3D('Circle Axis2P3D',#2577,#2578,$) ;
#2661=AXIS2_PLACEMENT_3D('Cylinder Axis2P3D',#2658,#2659,#2660) ;
#2800=AXIS2_PLACEMENT_3D('Circle Axis2P3D',#2798,#2799,$) ;
#2899=AXIS2_PLACEMENT_3D('Torus Axis2P3D',#2896,#2897,#2898) ;
#2903=AXIS2_PLACEMENT_3D('Circle Axis2P3D',#2901,#2902,$) ;
#2912=AXIS2_PLACEMENT_3D('Circle Axis2P3D',#2910,#2911,$) ;
#2919=AXIS2_PLACEMENT_3D('Circle Axis2P3D',#2917,#2918,$) ;
#2926=AXIS2_PLACEMENT_3D('Circle Axis2P3D',#2924,#2925,$) ;
#2931=AXIS2_PLACEMENT_3D('Circle Axis2P3D',#2929,#2930,$) ;
#3176=AXIS2_PLACEMENT_3D('Cylinder Axis2P3D',#3173,#3174,#3175) ;
#3289=AXIS2_PLACEMENT_3D('Circle Axis2P3D',#3287,#3288,$) ;
#3312=AXIS2_PLACEMENT_3D('Circle Axis2P3D',#3310,#3311,$) ;
#3553=AXIS2_PLACEMENT_3D('Cylinder Axis2P3D',#3550,#3551,#3552) ;
#3557=AXIS2_PLACEMENT_3D('Circle Axis2P3D',#3555,#3556,$) ;
#3689=AXIS2_PLACEMENT_3D('Circle Axis2P3D',#3687,#3688,$) ;
#3801=AXIS2_PLACEMENT_3D('Cylinder Axis2P3D',#3798,#3799,#3800) ;
#3838=AXIS2_PLACEMENT_3D('Circle Axis2P3D',#3836,#3837,$) ;
#3859=AXIS2_PLACEMENT_3D('Circle Axis2P3D',#3857,#3858,$) ;
#3875=AXIS2_PLACEMENT_3D('Circle Axis2P3D',#3873,#3874,$) ;
#3905=AXIS2_PLACEMENT_3D('Circle Axis2P3D',#3903,#3904,$) ;
#4180=AXIS2_PLACEMENT_3D('Cylinder Axis2P3D',#4177,#4178,#4179) ;
#4184=AXIS2_PLACEMENT_3D('Circle Axis2P3D',#4182,#4183,$) ;
#4381=AXIS2_PLACEMENT_3D('Torus Axis2P3D',#4378,#4379,#4380) ;
#4401=AXIS2_PLACEMENT_3D('Circle Axis2P3D',#4399,#4400,$) ;
#4408=AXIS2_PLACEMENT_3D('Circle Axis2P3D',#4406,#4407,$) ;
#4421=AXIS2_PLACEMENT_3D('Torus Axis2P3D',#4418,#4419,#4420) ;
#4425=AXIS2_PLACEMENT_3D('Circle Axis2P3D',#4423,#4424,$) ;
#4430=AXIS2_PLACEMENT_3D('Circle Axis2P3D',#4428,#4429,$) ;
#4443=AXIS2_PLACEMENT_3D('Cylinder Axis2P3D',#4440,#4441,#4442) ;
#4459=AXIS2_PLACEMENT_3D('Circle Axis2P3D',#4457,#4458,$) ;
#4476=AXIS2_PLACEMENT_3D('Cylinder Axis2P3D',#4473,#4474,#4475) ;
#4487=AXIS2_PLACEMENT_3D('Circle Axis2P3D',#4485,#4486,$) ;
#4505=AXIS2_PLACEMENT_3D('Cylinder Axis2P3D',#4502,#4503,#4504) ;
#4509=AXIS2_PLACEMENT_3D('Circle Axis2P3D',#4507,#4508,$) ;
#4525=AXIS2_PLACEMENT_3D('Circle Axis2P3D',#4523,#4524,$) ;
#4544=AXIS2_PLACEMENT_3D('Circle Axis2P3D',#4542,#4543,$) ;
#4549=AXIS2_PLACEMENT_3D('Circle Axis2P3D',#4547,#4548,$) ;
#4562=AXIS2_PLACEMENT_3D('Cylinder Axis2P3D',#4559,#4560,#4561) ;
#4566=AXIS2_PLACEMENT_3D('Circle Axis2P3D',#4564,#4565,$) ;
#4582=AXIS2_PLACEMENT_3D('Circle Axis2P3D',#4580,#4581,$) ;
#4601=AXIS2_PLACEMENT_3D('Circle Axis2P3D',#4599,#4600,$) ;
#4606=AXIS2_PLACEMENT_3D('Circle Axis2P3D',#4604,#4605,$) ;
#4619=AXIS2_PLACEMENT_3D('Cylinder Axis2P3D',#4616,#4617,#4618) ;
#4632=AXIS2_PLACEMENT_3D('Circle Axis2P3D',#4630,#4631,$) ;
#5244=AXIS2_PLACEMENT_3D('Cylinder Axis2P3D',#5241,#5242,#5243) ;
#5749=AXIS2_PLACEMENT_3D('Cylinder Axis2P3D',#5746,#5747,#5748) ;
#5753=AXIS2_PLACEMENT_3D('Circle Axis2P3D',#5751,#5752,$) ;
#5862=AXIS2_PLACEMENT_3D('Cylinder Axis2P3D',#5859,#5860,#5861) ;
#5875=AXIS2_PLACEMENT_3D('Plane Axis2P3D',#5872,#5873,#5874) ;
#5887=AXIS2_PLACEMENT_3D('Circle Axis2P3D',#5885,#5886,$) ;
#5903=AXIS2_PLACEMENT_3D('Plane Axis2P3D',#5900,#5901,#5902) ;
#5985=AXIS2_PLACEMENT_3D('Plane Axis2P3D',#5982,#5983,#5984) ;
#5995=AXIS2_PLACEMENT_3D('Cylinder Axis2P3D',#5992,#5993,#5994) ;
#6004=AXIS2_PLACEMENT_3D('Circle Axis2P3D',#6002,#6003,$) ;
#6021=AXIS2_PLACEMENT_3D('Torus Axis2P3D',#6018,#6019,#6020) ;
#6025=AXIS2_PLACEMENT_3D('Circle Axis2P3D',#6023,#6024,$) ;
#6039=AXIS2_PLACEMENT_3D('Plane Axis2P3D',#6036,#6037,#6038) ;
#6052=AXIS2_PLACEMENT_3D('Plane Axis2P3D',#6049,#6050,#6051) ;
#6100=AXIS2_PLACEMENT_3D('Plane Axis2P3D',#6097,#6098,#6099) ;
#6207=AXIS2_PLACEMENT_3D('Plane Axis2P3D',#6204,#6205,#6206) ;
#6217=AXIS2_PLACEMENT_3D('Cylinder Axis2P3D',#6214,#6215,#6216) ;
#6221=AXIS2_PLACEMENT_3D('Circle Axis2P3D',#6219,#6220,$) ;
#6246=AXIS2_PLACEMENT_3D('Plane Axis2P3D',#6243,#6244,#6245) ;
#6256=AXIS2_PLACEMENT_3D('Plane Axis2P3D',#6253,#6254,#6255) ;
#6266=AXIS2_PLACEMENT_3D('Torus Axis2P3D',#6263,#6264,#6265) ;
#6298=AXIS2_PLACEMENT_3D('Plane Axis2P3D',#6295,#6296,#6297) ;
#6322=AXIS2_PLACEMENT_3D('Torus Axis2P3D',#6319,#6320,#6321) ;
#6326=AXIS2_PLACEMENT_3D('Circle Axis2P3D',#6324,#6325,$) ;
#6339=AXIS2_PLACEMENT_3D('Cylinder Axis2P3D',#6336,#6337,#6338) ;
#6358=AXIS2_PLACEMENT_3D('Circle Axis2P3D',#6356,#6357,$) ;
#6372=AXIS2_PLACEMENT_3D('Circle Axis2P3D',#6370,#6371,$) ;
#6389=AXIS2_PLACEMENT_3D('Plane Axis2P3D',#6386,#6387,#6388) ;
#6402=AXIS2_PLACEMENT_3D('Cylinder Axis2P3D',#6399,#6400,#6401) ;
#6425=AXIS2_PLACEMENT_3D('Plane Axis2P3D',#6422,#6423,#6424) ;
#6439=AXIS2_PLACEMENT_3D('Cylinder Axis2P3D',#6436,#6437,#6438) ;
#6443=AXIS2_PLACEMENT_3D('Circle Axis2P3D',#6441,#6442,$) ;
#6626=AXIS2_PLACEMENT_3D('Cylinder Axis2P3D',#6623,#6624,#6625) ;
#6630=AXIS2_PLACEMENT_3D('Circle Axis2P3D',#6628,#6629,$) ;
#6850=AXIS2_PLACEMENT_3D('Cylinder Axis2P3D',#6847,#6848,#6849) ;
#6890=AXIS2_PLACEMENT_3D('Plane Axis2P3D',#6887,#6888,#6889) ;
#6934=AXIS2_PLACEMENT_3D('Plane Axis2P3D',#6931,#6932,#6933) ;
#7000=AXIS2_PLACEMENT_3D('Plane Axis2P3D',#6997,#6998,#6999) ;
#7027=AXIS2_PLACEMENT_3D('Plane Axis2P3D',#7024,#7025,#7026) ;
#7215=AXIS2_PLACEMENT_3D('Cylinder Axis2P3D',#7212,#7213,#7214) ;
#7363=AXIS2_PLACEMENT_3D('Cylinder Axis2P3D',#7360,#7361,#7362) ;
#7418=AXIS2_PLACEMENT_3D('Plane Axis2P3D',#7415,#7416,#7417) ;
#7509=AXIS2_PLACEMENT_3D('Plane Axis2P3D',#7506,#7507,#7508) ;
#7535=AXIS2_PLACEMENT_3D('Plane Axis2P3D',#7532,#7533,#7534) ;
#7573=AXIS2_PLACEMENT_3D('Plane Axis2P3D',#7570,#7571,#7572) ;
#7597=AXIS2_PLACEMENT_3D('Plane Axis2P3D',#7594,#7595,#7596) ;
#7635=AXIS2_PLACEMENT_3D('Plane Axis2P3D',#7632,#7633,#7634) ;
#117=LINE('Line',#114,#116) ;
#131=LINE('Line',#128,#130) ;
#160=LINE('Line',#157,#159) ;
#174=LINE('Line',#171,#173) ;
#203=LINE('Line',#200,#202) ;
#219=LINE('Line',#216,#218) ;
#255=LINE('Line',#252,#254) ;
#269=LINE('Line',#266,#268) ;
#295=LINE('Line',#292,#294) ;
#309=LINE('Line',#306,#308) ;
#335=LINE('Line',#332,#334) ;
#349=LINE('Line',#346,#348) ;
#383=LINE('Line',#380,#382) ;
#390=LINE('Line',#387,#389) ;
#397=LINE('Line',#394,#396) ;
#404=LINE('Line',#401,#403) ;
#422=LINE('Line',#419,#421) ;
#439=LINE('Line',#436,#438) ;
#472=LINE('Line',#469,#471) ;
#492=LINE('Line',#489,#491) ;
#499=LINE('Line',#496,#498) ;
#506=LINE('Line',#503,#505) ;
#513=LINE('Line',#510,#512) ;
#1266=LINE('Line',#1263,#1265) ;
#1280=LINE('Line',#1277,#1279) ;
#1306=LINE('Line',#1303,#1305) ;
#1320=LINE('Line',#1317,#1319) ;
#1346=LINE('Line',#1343,#1345) ;
#1360=LINE('Line',#1357,#1359) ;
#1403=LINE('Line',#1400,#1402) ;
#1417=LINE('Line',#1414,#1416) ;
#1466=LINE('Line',#1463,#1465) ;
#1480=LINE('Line',#1477,#1479) ;
#1514=LINE('Line',#1511,#1513) ;
#1555=LINE('Line',#1552,#1554) ;
#1707=LINE('Line',#1704,#1706) ;
#1790=LINE('Line',#1787,#1789) ;
#1797=LINE('Line',#1794,#1796) ;
#1814=LINE('Line',#1811,#1813) ;
#1837=LINE('Line',#1834,#1836) ;
#1853=LINE('Line',#1850,#1852) ;
#1858=LINE('Line',#1855,#1857) ;
#1902=LINE('Line',#1899,#1901) ;
#1929=LINE('Line',#1926,#1928) ;
#1936=LINE('Line',#1933,#1935) ;
#1943=LINE('Line',#1940,#1942) ;
#1979=LINE('Line',#1976,#1978) ;
#1993=LINE('Line',#1990,#1992) ;
#2010=LINE('Line',#2007,#2009) ;
#2118=LINE('Line',#2115,#2117) ;
#2138=LINE('Line',#2135,#2137) ;
#2161=LINE('Line',#2158,#2160) ;
#2191=LINE('Line',#2188,#2190) ;
#2345=LINE('Line',#2342,#2344) ;
#2359=LINE('Line',#2356,#2358) ;
#2544=LINE('Line',#2541,#2543) ;
#2556=LINE('Line',#2553,#2555) ;
#2681=LINE('Line',#2678,#2680) ;
#2784=LINE('Line',#2781,#2783) ;
#3283=LINE('Line',#3280,#3282) ;
#3297=LINE('Line',#3294,#3296) ;
#3567=LINE('Line',#3564,#3566) ;
#3674=LINE('Line',#3671,#3673) ;
#3824=LINE('Line',#3821,#3823) ;
#3846=LINE('Line',#3843,#3845) ;
#3869=LINE('Line',#3866,#3868) ;
#3883=LINE('Line',#3880,#3882) ;
#4005=LINE('Line',#4002,#4004) ;
#4023=LINE('Line',#4020,#4022) ;
#4030=LINE('Line',#4027,#4029) ;
#4194=LINE('Line',#4191,#4193) ;
#4199=LINE('Line',#4196,#4198) ;
#4448=LINE('Line',#4445,#4447) ;
#4453=LINE('Line',#4450,#4452) ;
#4481=LINE('Line',#4478,#4480) ;
#4493=LINE('Line',#4490,#4492) ;
#4519=LINE('Line',#4516,#4518) ;
#4533=LINE('Line',#4530,#4532) ;
#4576=LINE('Line',#4573,#4575) ;
#4590=LINE('Line',#4587,#4589) ;
#4624=LINE('Line',#4621,#4623) ;
#4638=LINE('Line',#4635,#4637) ;
#5267=LINE('Line',#5264,#5266) ;
#5287=LINE('Line',#5284,#5286) ;
#5761=LINE('Line',#5758,#5760) ;
#5766=LINE('Line',#5763,#5765) ;
#6000=LINE('Line',#5997,#5999) ;
#6062=LINE('Line',#6059,#6061) ;
#6067=LINE('Line',#6064,#6066) ;
#6088=LINE('Line',#6085,#6087) ;
#6229=LINE('Line',#6226,#6228) ;
#6234=LINE('Line',#6231,#6233) ;
#6279=LINE('Line',#6276,#6278) ;
#6344=LINE('Line',#6341,#6343) ;
#6407=LINE('Line',#6404,#6406) ;
#6451=LINE('Line',#6448,#6450) ;
#6638=LINE('Line',#6635,#6637) ;
#6855=LINE('Line',#6852,#6854) ;
#6860=LINE('Line',#6857,#6859) ;
#6895=LINE('Line',#6892,#6894) ;
#6900=LINE('Line',#6897,#6899) ;
#6905=LINE('Line',#6902,#6904) ;
#6939=LINE('Line',#6936,#6938) ;
#7005=LINE('Line',#7002,#7004) ;
#7032=LINE('Line',#7029,#7031) ;
#7194=LINE('Line',#7191,#7193) ;
#7199=LINE('Line',#7196,#7198) ;
#7220=LINE('Line',#7217,#7219) ;
#7231=LINE('Line',#7228,#7230) ;
#7368=LINE('Line',#7365,#7367) ;
#7383=LINE('Line',#7380,#7382) ;
#7423=LINE('Line',#7420,#7422) ;
#7432=LINE('Line',#7429,#7431) ;
#7437=LINE('Line',#7434,#7436) ;
#7514=LINE('Line',#7511,#7513) ;
#7540=LINE('Line',#7537,#7539) ;
#7545=LINE('Line',#7542,#7544) ;
#7578=LINE('Line',#7575,#7577) ;
#7583=LINE('Line',#7580,#7582) ;
#7602=LINE('Line',#7599,#7601) ;
#7607=LINE('Line',#7604,#7606) ;
#39=CIRCLE('generated circle',#38,2.99999999982) ;
#48=CIRCLE('generated circle',#47,2.99999999982) ;
#124=CIRCLE('generated circle',#123,3.) ;
#143=CIRCLE('generated circle',#142,3.) ;
#167=CIRCLE('generated circle',#166,1.7) ;
#186=CIRCLE('generated circle',#185,1.7) ;
#212=CIRCLE('generated circle',#211,1.) ;
#226=CIRCLE('generated circle',#225,1.) ;
#262=CIRCLE('generated circle',#261,1.) ;
#286=CIRCLE('generated circle',#285,3.) ;
#302=CIRCLE('generated circle',#301,3.) ;
#326=CIRCLE('generated circle',#325,3.) ;
#342=CIRCLE('generated circle',#341,3.) ;
#361=CIRCLE('generated circle',#360,3.) ;
#366=CIRCLE('generated circle',#365,3.) ;
#1257=CIRCLE('generated circle',#1256,1.) ;
#1273=CIRCLE('generated circle',#1272,1.) ;
#1297=CIRCLE('generated circle',#1296,1.) ;
#1313=CIRCLE('generated circle',#1312,1.) ;
#1337=CIRCLE('generated circle',#1336,1.7) ;
#1353=CIRCLE('generated circle',#1352,1.7) ;
#1372=CIRCLE('generated circle',#1371,1.7) ;
#1377=CIRCLE('generated circle',#1376,1.7) ;
#1394=CIRCLE('generated circle',#1393,1.7) ;
#1410=CIRCLE('generated circle',#1409,1.7) ;
#1429=CIRCLE('generated circle',#1428,1.7) ;
#1457=CIRCLE('generated circle',#1456,1.7) ;
#1473=CIRCLE('generated circle',#1472,1.7) ;
#1492=CIRCLE('generated circle',#1491,1.7) ;
#1497=CIRCLE('generated circle',#1496,1.7) ;
#1846=CIRCLE('generated circle',#1845,1.99999999996) ;
#1986=CIRCLE('generated circle',#1985,2.) ;
#2017=CIRCLE('generated circle',#2016,59.1544062301) ;
#2048=CIRCLE('generated circle',#2047,59.1544062301) ;
#2200=CIRCLE('generated circle',#2199,1.30000002649) ;
#2207=CIRCLE('generated circle',#2206,1.30000002649) ;
#2352=CIRCLE('generated circle',#2351,1.3) ;
#2378=CIRCLE('generated circle',#2377,1.3) ;
#2535=CIRCLE('generated circle',#2534,1.3) ;
#2551=CIRCLE('generated circle',#2550,1.3) ;
#2580=CIRCLE('generated circle',#2579,1.3) ;
#2801=CIRCLE('generated circle',#2800,1.3) ;
#2904=CIRCLE('generated circle',#2903,1.) ;
#2913=CIRCLE('generated circle',#2912,38.9999999991) ;
#2920=CIRCLE('generated circle',#2919,1.) ;
#2927=CIRCLE('generated circle',#2926,1.) ;
#2932=CIRCLE('generated circle',#2931,40.) ;
#3290=CIRCLE('generated circle',#3289,1.3) ;
#3313=CIRCLE('generated circle',#3312,1.3) ;
#3558=CIRCLE('generated circle',#3557,1.3) ;
#3690=CIRCLE('generated circle',#3689,1.3) ;
#3839=CIRCLE('generated circle',#3838,1.) ;
#3860=CIRCLE('generated circle',#3859,1.3) ;
#3876=CIRCLE('generated circle',#3875,1.3) ;
#3906=CIRCLE('generated circle',#3905,1.3) ;
#4185=CIRCLE('generated circle',#4184,54.0127134757) ;
#4402=CIRCLE('generated circle',#4401,2.) ;
#4409=CIRCLE('generated circle',#4408,56.0127134757) ;
#4426=CIRCLE('generated circle',#4425,49.3424202432) ;
#4431=CIRCLE('generated circle',#4430,51.3424202432) ;
#4460=CIRCLE('generated circle',#4459,4.) ;
#4488=CIRCLE('generated circle',#4487,2.) ;
#4510=CIRCLE('generated circle',#4509,3.) ;
#4526=CIRCLE('generated circle',#4525,3.) ;
#4545=CIRCLE('generated circle',#4544,3.) ;
#4550=CIRCLE('generated circle',#4549,3.) ;
#4567=CIRCLE('generated circle',#4566,3.) ;
#4583=CIRCLE('generated circle',#4582,3.) ;
#4602=CIRCLE('generated circle',#4601,3.) ;
#4607=CIRCLE('generated circle',#4606,3.) ;
#4633=CIRCLE('generated circle',#4632,2.) ;
#5754=CIRCLE('generated circle',#5753,2.) ;
#5888=CIRCLE('generated circle',#5887,39.9999981674) ;
#6005=CIRCLE('generated circle',#6004,40.) ;
#6026=CIRCLE('generated circle',#6025,38.9999999993) ;
#6222=CIRCLE('generated circle',#6221,2.) ;
#6327=CIRCLE('generated circle',#6326,1.99999999993) ;
#6359=CIRCLE('generated circle',#6358,1.) ;
#6373=CIRCLE('generated circle',#6372,40.) ;
#6444=CIRCLE('generated circle',#6443,1.) ;
#6631=CIRCLE('generated circle',#6630,2.) ;
#35=PLANE('',#34) ;
#379=PLANE('',#378) ;
#418=PLANE('',#417) ;
#488=PLANE('',#487) ;
#1510=PLANE('',#1509) ;
#1691=PLANE('',#1690) ;
#1833=PLANE('',#1832) ;
#1872=PLANE('',#1871) ;
#2073=PLANE('',#2072) ;
#2187=PLANE('',#2186) ;
#5876=PLANE('',#5875) ;
#5904=PLANE('',#5903) ;
#5986=PLANE('',#5985) ;
#6040=PLANE('',#6039) ;
#6053=PLANE('',#6052) ;
#6101=PLANE('',#6100) ;
#6208=PLANE('',#6207) ;
#6247=PLANE('',#6246) ;
#6257=PLANE('',#6256) ;
#6299=PLANE('',#6298) ;
#6390=PLANE('',#6389) ;
#6426=PLANE('',#6425) ;
#6891=PLANE('',#6890) ;
#6935=PLANE('',#6934) ;
#7001=PLANE('',#7000) ;
#7028=PLANE('',#7027) ;
#7419=PLANE('',#7418) ;
#7510=PLANE('',#7509) ;
#7536=PLANE('',#7535) ;
#7574=PLANE('',#7573) ;
#7598=PLANE('',#7597) ;
#7636=PLANE('',#7635) ;
#113=CYLINDRICAL_SURFACE('generated cylinder',#112,3.) ;
#156=CYLINDRICAL_SURFACE('generated cylinder',#155,1.7) ;
#199=CYLINDRICAL_SURFACE('generated cylinder',#198,1.) ;
#239=CYLINDRICAL_SURFACE('generated cylinder',#238,1.) ;
#282=CYLINDRICAL_SURFACE('generated cylinder',#281,3.) ;
#322=CYLINDRICAL_SURFACE('generated cylinder',#321,3.) ;
#1253=CYLINDRICAL_SURFACE('generated cylinder',#1252,1.) ;
#1293=CYLINDRICAL_SURFACE('generated cylinder',#1292,1.) ;
#1333=CYLINDRICAL_SURFACE('generated cylinder',#1332,1.7) ;
#1390=CYLINDRICAL_SURFACE('generated cylinder',#1389,1.7) ;
#1453=CYLINDRICAL_SURFACE('generated cylinder',#1452,1.7) ;
#1975=CYLINDRICAL_SURFACE('generated cylinder',#1974,2.) ;
#2006=CYLINDRICAL_SURFACE('generated cylinder',#2005,59.1544062301) ;
#2092=CYLINDRICAL_SURFACE('generated cylinder',#2091,62.2727751582) ;
#2134=CYLINDRICAL_SURFACE('generated cylinder',#2133,20.) ;
#2176=CYLINDRICAL_SURFACE('generated cylinder',#2175,55.) ;
#2219=CYLINDRICAL_SURFACE('generated cylinder',#2218,1.3) ;
#2531=CYLINDRICAL_SURFACE('generated cylinder',#2530,1.3) ;
#2662=CYLINDRICAL_SURFACE('generated cylinder',#2661,1.3) ;
#3177=CYLINDRICAL_SURFACE('generated cylinder',#3176,1.3) ;
#3554=CYLINDRICAL_SURFACE('generated cylinder',#3553,1.3) ;
#3802=CYLINDRICAL_SURFACE('generated cylinder',#3801,1.) ;
#4181=CYLINDRICAL_SURFACE('generated cylinder',#4180,54.0127134757) ;
#4444=CYLINDRICAL_SURFACE('generated cylinder',#4443,4.) ;
#4477=CYLINDRICAL_SURFACE('generated cylinder',#4476,2.) ;
#4506=CYLINDRICAL_SURFACE('generated cylinder',#4505,3.) ;
#4563=CYLINDRICAL_SURFACE('generated cylinder',#4562,3.) ;
#4620=CYLINDRICAL_SURFACE('generated cylinder',#4619,2.) ;
#5245=CYLINDRICAL_SURFACE('generated cylinder',#5244,40.) ;
#5750=CYLINDRICAL_SURFACE('generated cylinder',#5749,2.) ;
#5863=CYLINDRICAL_SURFACE('generated cylinder',#5862,49.3424202432) ;
#5996=CYLINDRICAL_SURFACE('generated cylinder',#5995,40.) ;
#6218=CYLINDRICAL_SURFACE('generated cylinder',#6217,2.) ;
#6340=CYLINDRICAL_SURFACE('generated cylinder',#6339,1.) ;
#6403=CYLINDRICAL_SURFACE('generated cylinder',#6402,54.421028851) ;
#6440=CYLINDRICAL_SURFACE('generated cylinder',#6439,1.) ;
#6627=CYLINDRICAL_SURFACE('generated cylinder',#6626,2.) ;
#6851=CYLINDRICAL_SURFACE('generated cylinder',#6850,45.) ;
#7216=CYLINDRICAL_SURFACE('generated cylinder',#7215,20.) ;
#7364=CYLINDRICAL_SURFACE('generated cylinder',#7363,50.) ;
#2900=TOROIDAL_SURFACE('homeo Torus',#2899,39.,1.) ;
#4382=TOROIDAL_SURFACE('homeo Torus',#4381,56.0127134757,2.) ;
#4422=TOROIDAL_SURFACE('homeo Torus',#4421,51.3424202432,2.) ;
#6022=TOROIDAL_SURFACE('homeo Torus',#6021,39.,1.) ;
#6267=TOROIDAL_SURFACE('homeo Torus',#6266,22.,2.) ;
#6323=TOROIDAL_SURFACE('homeo Torus',#6322,2.,2.) ;
#107=FACE_BOUND('',#104,.T.) ;
#6876=FACE_BOUND('',#6873,.T.) ;
#6885=FACE_BOUND('',#6882,.T.) ;
#6925=FACE_BOUND('',#6922,.T.) ;
#6929=FACE_BOUND('',#6926,.T.) ;
#7022=FACE_BOUND('',#7019,.T.) ;
#7113=FACE_BOUND('',#7102,.T.) ;
#7189=FACE_BOUND('',#7178,.T.) ;
#7413=FACE_BOUND('',#7396,.T.) ;
#7530=FACE_BOUND('',#7527,.T.) ;
#7651=FACE_BOUND('',#7648,.T.) ;
#7655=FACE_BOUND('',#7652,.T.) ;
#7659=FACE_BOUND('',#7656,.T.) ;
#7663=FACE_BOUND('',#7660,.T.) ;
#7676=FACE_BOUND('',#7673,.T.) ;
#7680=FACE_BOUND('',#7677,.T.) ;
#44=EDGE_CURVE('',#41,#43,#39,.T.) ;
#49=EDGE_CURVE('',#43,#41,#48,.T.) ;
#80=EDGE_CURVE('',#77,#79,#54,.T.) ;
#103=EDGE_CURVE('',#79,#77,#81,.T.) ;
#120=EDGE_CURVE('',#41,#119,#117,.F.) ;
#127=EDGE_CURVE('',#119,#126,#124,.F.) ;
#132=EDGE_CURVE('',#43,#126,#131,.F.) ;
#144=EDGE_CURVE('',#126,#119,#143,.F.) ;
#163=EDGE_CURVE('',#77,#162,#160,.F.) ;
#170=EDGE_CURVE('',#162,#169,#167,.F.) ;
#175=EDGE_CURVE('',#79,#169,#174,.F.) ;
#187=EDGE_CURVE('',#169,#162,#186,.F.) ;
#208=EDGE_CURVE('',#205,#207,#203,.T.) ;
#215=EDGE_CURVE('',#214,#205,#212,.F.) ;
#222=EDGE_CURVE('',#221,#214,#219,.F.) ;
#227=EDGE_CURVE('',#221,#207,#226,.F.) ;
#251=EDGE_CURVE('',#248,#250,#240,.T.) ;
#258=EDGE_CURVE('',#257,#248,#255,.T.) ;
#265=EDGE_CURVE('',#257,#264,#262,.T.) ;
#270=EDGE_CURVE('',#250,#264,#269,.F.) ;
#291=EDGE_CURVE('',#288,#290,#286,.T.) ;
#298=EDGE_CURVE('',#297,#290,#295,.T.) ;
#305=EDGE_CURVE('',#297,#304,#302,.F.) ;
#310=EDGE_CURVE('',#304,#288,#309,.T.) ;
#331=EDGE_CURVE('',#328,#330,#326,.T.) ;
#338=EDGE_CURVE('',#330,#337,#335,.F.) ;
#345=EDGE_CURVE('',#337,#344,#342,.F.) ;
#350=EDGE_CURVE('',#328,#344,#349,.F.) ;
#362=EDGE_CURVE('',#330,#328,#361,.T.) ;
#367=EDGE_CURVE('',#344,#337,#366,.F.) ;
#386=EDGE_CURVE('',#385,#250,#383,.T.) ;
#393=EDGE_CURVE('',#392,#385,#390,.T.) ;
#400=EDGE_CURVE('',#392,#399,#397,.T.) ;
#405=EDGE_CURVE('',#399,#248,#404,.T.) ;
#425=EDGE_CURVE('',#424,#290,#422,.T.) ;
#435=EDGE_CURVE('',#434,#424,#426,.T.) ;
#442=EDGE_CURVE('',#434,#441,#439,.T.) ;
#452=EDGE_CURVE('',#451,#441,#443,.T.) ;
#468=EDGE_CURVE('',#467,#451,#453,.T.) ;
#473=EDGE_CURVE('',#297,#467,#472,.T.) ;
#495=EDGE_CURVE('',#385,#494,#492,.T.) ;
#502=EDGE_CURVE('',#494,#501,#499,.T.) ;
#509=EDGE_CURVE('',#501,#508,#506,.T.) ;
#514=EDGE_CURVE('',#508,#392,#513,.T.) ;
#551=EDGE_CURVE('',#550,#424,#544,.T.) ;
#570=EDGE_CURVE('',#569,#550,#552,.T.) ;
#580=EDGE_CURVE('',#579,#569,#571,.T.) ;
#588=EDGE_CURVE('',#579,#587,#581,.T.) ;
#595=EDGE_CURVE('',#434,#587,#589,.F.) ;
#634=EDGE_CURVE('',#441,#633,#626,.F.) ;
#642=EDGE_CURVE('',#633,#641,#635,.F.) ;
#649=EDGE_CURVE('',#451,#641,#643,.F.) ;
#685=EDGE_CURVE('',#641,#684,#678,.T.) ;
#694=EDGE_CURVE('',#693,#684,#686,.T.) ;
#710=EDGE_CURVE('',#709,#693,#695,.T.) ;
#720=EDGE_CURVE('',#719,#709,#711,.T.) ;
#734=EDGE_CURVE('',#467,#719,#721,.T.) ;
#781=EDGE_CURVE('',#778,#780,#771,.F.) ;
#788=EDGE_CURVE('',#778,#434,#782,.T.) ;
#795=EDGE_CURVE('',#587,#780,#789,.F.) ;
#831=EDGE_CURVE('',#780,#830,#824,.F.) ;
#841=EDGE_CURVE('',#840,#830,#832,.T.) ;
#847=EDGE_CURVE('',#840,#778,#842,.T.) ;
#922=EDGE_CURVE('',#830,#921,#910,.F.) ;
#932=EDGE_CURVE('',#931,#921,#923,.T.) ;
#943=EDGE_CURVE('',#931,#840,#933,.T.) ;
#1033=EDGE_CURVE('',#921,#1032,#1012,.T.) ;
#1046=EDGE_CURVE('',#1032,#1045,#1034,.F.) ;
#1056=EDGE_CURVE('',#1055,#1045,#1047,.T.) ;
#1070=EDGE_CURVE('',#1055,#931,#1057,.T.) ;
#1146=EDGE_CURVE('',#1045,#1145,#1134,.F.) ;
#1156=EDGE_CURVE('',#1155,#1145,#1147,.T.) ;
#1167=EDGE_CURVE('',#1155,#1055,#1157,.T.) ;
#1203=EDGE_CURVE('',#1202,#1155,#1196,.T.) ;
#1211=EDGE_CURVE('',#1145,#1210,#1204,.F.) ;
#1233=EDGE_CURVE('',#1210,#1232,#1212,.T.) ;
#1240=EDGE_CURVE('',#1232,#1202,#1234,.T.) ;
#1262=EDGE_CURVE('',#1259,#1261,#1257,.F.) ;
#1269=EDGE_CURVE('',#1268,#1261,#1266,.T.) ;
#1276=EDGE_CURVE('',#1268,#1275,#1273,.T.) ;
#1281=EDGE_CURVE('',#1259,#1275,#1280,.F.) ;
#1302=EDGE_CURVE('',#1299,#1301,#1297,.T.) ;
#1309=EDGE_CURVE('',#1308,#1301,#1306,.F.) ;
#1316=EDGE_CURVE('',#1308,#1315,#1313,.F.) ;
#1321=EDGE_CURVE('',#1299,#1315,#1320,.T.) ;
#1342=EDGE_CURVE('',#1339,#1341,#1337,.T.) ;
#1349=EDGE_CURVE('',#1341,#1348,#1346,.F.) ;
#1356=EDGE_CURVE('',#1348,#1355,#1353,.F.) ;
#1361=EDGE_CURVE('',#1339,#1355,#1360,.F.) ;
#1373=EDGE_CURVE('',#1341,#1339,#1372,.T.) ;
#1378=EDGE_CURVE('',#1355,#1348,#1377,.F.) ;
#1399=EDGE_CURVE('',#1396,#1398,#1394,.T.) ;
#1406=EDGE_CURVE('',#1398,#1405,#1403,.F.) ;
#1413=EDGE_CURVE('',#1405,#1412,#1410,.F.) ;
#1418=EDGE_CURVE('',#1396,#1412,#1417,.F.) ;
#1430=EDGE_CURVE('',#1398,#1396,#1429,.T.) ;
#1441=EDGE_CURVE('',#1412,#1405,#1431,.T.) ;
#1462=EDGE_CURVE('',#1459,#1461,#1457,.T.) ;
#1469=EDGE_CURVE('',#1461,#1468,#1466,.F.) ;
#1476=EDGE_CURVE('',#1468,#1475,#1473,.F.) ;
#1481=EDGE_CURVE('',#1459,#1475,#1480,.F.) ;
#1493=EDGE_CURVE('',#1461,#1459,#1492,.T.) ;
#1498=EDGE_CURVE('',#1475,#1468,#1497,.F.) ;
#1519=EDGE_CURVE('',#1516,#1518,#1514,.T.) ;
#1529=EDGE_CURVE('',#1528,#1518,#1520,.T.) ;
#1551=EDGE_CURVE('',#1550,#1528,#1530,.T.) ;
#1558=EDGE_CURVE('',#1550,#1557,#1555,.T.) ;
#1572=EDGE_CURVE('',#1516,#1557,#1559,.T.) ;
#1625=EDGE_CURVE('',#1528,#1624,#1617,.F.) ;
#1653=EDGE_CURVE('',#1624,#1652,#1626,.T.) ;
#1661=EDGE_CURVE('',#1652,#1660,#1654,.T.) ;
#1678=EDGE_CURVE('',#1550,#1660,#1662,.T.) ;
#1703=EDGE_CURVE('',#1700,#1702,#1692,.T.) ;
#1710=EDGE_CURVE('',#1700,#1709,#1707,.T.) ;
#1723=EDGE_CURVE('',#1722,#1709,#1711,.T.) ;
#1751=EDGE_CURVE('',#1750,#1722,#1724,.T.) ;
#1770=EDGE_CURVE('',#1769,#1750,#1752,.T.) ;
#1786=EDGE_CURVE('',#1785,#1769,#1771,.T.) ;
#1793=EDGE_CURVE('',#1792,#1785,#1790,.T.) ;
#1800=EDGE_CURVE('',#1792,#1799,#1797,.T.) ;
#1810=EDGE_CURVE('',#1799,#1809,#1801,.T.) ;
#1815=EDGE_CURVE('',#1702,#1809,#1814,.T.) ;
#1842=EDGE_CURVE('',#1839,#1841,#1837,.T.) ;
#1849=EDGE_CURVE('',#1848,#1841,#1846,.T.) ;
#1854=EDGE_CURVE('',#1848,#1792,#1853,.T.) ;
#1859=EDGE_CURVE('',#1785,#1839,#1858,.T.) ;
#1882=EDGE_CURVE('',#1809,#1881,#1873,.T.) ;
#1898=EDGE_CURVE('',#1897,#1881,#1883,.T.) ;
#1905=EDGE_CURVE('',#1904,#1897,#1902,.T.) ;
#1915=EDGE_CURVE('',#1914,#1904,#1906,.T.) ;
#1925=EDGE_CURVE('',#1924,#1914,#1916,.T.) ;
#1932=EDGE_CURVE('',#1924,#1931,#1929,.T.) ;
#1939=EDGE_CURVE('',#1931,#1938,#1936,.T.) ;
#1946=EDGE_CURVE('',#1938,#1945,#1943,.T.) ;
#1957=EDGE_CURVE('',#1702,#1945,#1947,.T.) ;
#1982=EDGE_CURVE('',#1981,#1841,#1979,.T.) ;
#1989=EDGE_CURVE('',#1981,#1988,#1986,.F.) ;
#1994=EDGE_CURVE('',#1988,#1848,#1993,.T.) ;
#2013=EDGE_CURVE('',#1881,#2012,#2010,.T.) ;
#2020=EDGE_CURVE('',#2012,#2019,#2017,.F.) ;
#2028=EDGE_CURVE('',#2027,#2019,#2021,.T.) ;
#2036=EDGE_CURVE('',#2035,#2027,#2029,.T.) ;
#2044=EDGE_CURVE('',#2043,#2035,#2037,.T.) ;
#2051=EDGE_CURVE('',#2043,#2050,#2048,.F.) ;
#2057=EDGE_CURVE('',#1897,#2050,#2052,.T.) ;
#2081=EDGE_CURVE('',#2050,#1904,#2074,.T.) ;
#2098=EDGE_CURVE('',#2035,#2050,#2093,.T.) ;
#2106=EDGE_CURVE('',#2035,#2105,#2099,.T.) ;
#2114=EDGE_CURVE('',#2105,#2113,#2107,.T.) ;
#2119=EDGE_CURVE('',#2113,#1924,#2118,.F.) ;
#2141=EDGE_CURVE('',#2140,#2019,#2138,.F.) ;
#2149=EDGE_CURVE('',#2140,#2148,#2142,.T.) ;
#2157=EDGE_CURVE('',#2148,#2156,#2150,.T.) ;
#2162=EDGE_CURVE('',#2035,#2156,#2161,.T.) ;
#2196=EDGE_CURVE('',#2193,#2195,#2191,.T.) ;
#2203=EDGE_CURVE('',#2202,#2195,#2200,.T.) ;
#2208=EDGE_CURVE('',#2193,#2202,#2207,.T.) ;
#2243=EDGE_CURVE('',#2240,#2242,#2220,.T.) ;
#2265=EDGE_CURVE('',#2242,#2264,#2244,.T.) ;
#2275=EDGE_CURVE('',#2264,#2274,#2266,.T.) ;
#2285=EDGE_CURVE('',#2274,#2284,#2276,.T.) ;
#2307=EDGE_CURVE('',#2284,#2306,#2286,.T.) ;
#2323=EDGE_CURVE('',#2306,#2322,#2308,.T.) ;
#2333=EDGE_CURVE('',#2322,#2332,#2324,.T.) ;
#2341=EDGE_CURVE('',#2332,#2340,#2334,.T.) ;
#2348=EDGE_CURVE('',#2340,#2347,#2345,.F.) ;
#2355=EDGE_CURVE('',#2347,#2354,#2352,.F.) ;
#2360=EDGE_CURVE('',#2240,#2354,#2359,.F.) ;
#2379=EDGE_CURVE('',#2354,#2347,#2378,.F.) ;
#2395=EDGE_CURVE('',#2340,#2394,#2380,.T.) ;
#2417=EDGE_CURVE('',#2394,#2416,#2396,.T.) ;
#2436=EDGE_CURVE('',#2416,#2435,#2418,.T.) ;
#2461=EDGE_CURVE('',#2435,#2460,#2437,.T.) ;
#2480=EDGE_CURVE('',#2460,#2479,#2462,.T.) ;
#2496=EDGE_CURVE('',#2479,#2495,#2481,.T.) ;
#2506=EDGE_CURVE('',#2495,#2505,#2497,.T.) ;
#2512=EDGE_CURVE('',#2505,#2240,#2507,.T.) ;
#2540=EDGE_CURVE('',#2537,#2539,#2535,.T.) ;
#2547=EDGE_CURVE('',#2539,#2546,#2544,.F.) ;
#2552=EDGE_CURVE('',#2546,#2193,#2551,.F.) ;
#2557=EDGE_CURVE('',#2537,#2202,#2556,.F.) ;
#2576=EDGE_CURVE('',#2539,#2537,#2566,.T.) ;
#2581=EDGE_CURVE('',#2195,#2546,#2580,.F.) ;
#2621=EDGE_CURVE('',#2618,#2620,#2607,.T.) ;
#2629=EDGE_CURVE('',#2620,#2628,#2622,.F.) ;
#2635=EDGE_CURVE('',#1210,#2628,#2630,.T.) ;
#2643=EDGE_CURVE('',#1210,#2642,#2636,.T.) ;
#2649=EDGE_CURVE('',#2642,#2618,#2644,.T.) ;
#2677=EDGE_CURVE('',#2674,#2676,#2663,.T.) ;
#2684=EDGE_CURVE('',#2676,#2683,#2681,.F.) ;
#2706=EDGE_CURVE('',#2683,#2705,#2685,.T.) ;
#2722=EDGE_CURVE('',#2705,#2721,#2707,.T.) ;
#2730=EDGE_CURVE('',#2721,#2729,#2723,.T.) ;
#2749=EDGE_CURVE('',#2729,#2748,#2731,.T.) ;
#2771=EDGE_CURVE('',#2748,#2770,#2750,.T.) ;
#2780=EDGE_CURVE('',#2770,#2779,#2772,.T.) ;
#2785=EDGE_CURVE('',#2674,#2779,#2784,.F.) ;
#2802=EDGE_CURVE('',#2676,#2674,#2801,.T.) ;
#2830=EDGE_CURVE('',#2779,#2829,#2803,.T.) ;
#2849=EDGE_CURVE('',#2829,#2848,#2831,.T.) ;
#2858=EDGE_CURVE('',#2848,#2857,#2850,.T.) ;
#2877=EDGE_CURVE('',#2857,#2876,#2859,.T.) ;
#2884=EDGE_CURVE('',#2876,#2683,#2878,.T.) ;
#2909=EDGE_CURVE('',#2906,#2908,#2904,.F.) ;
#2916=EDGE_CURVE('',#2908,#2915,#2913,.T.) ;
#2923=EDGE_CURVE('',#2922,#2915,#2920,.F.) ;
#2928=EDGE_CURVE('',#1938,#2922,#2927,.F.) ;
#2933=EDGE_CURVE('',#1938,#2906,#2932,.F.) ;
#3003=EDGE_CURVE('',#3000,#3002,#2993,.F.) ;
#3014=EDGE_CURVE('',#3002,#3013,#3004,.F.) ;
#3025=EDGE_CURVE('',#3013,#3024,#3015,.F.) ;
#3034=EDGE_CURVE('',#3033,#3024,#3026,.F.) ;
#3046=EDGE_CURVE('',#3033,#3000,#3035,.T.) ;
#3086=EDGE_CURVE('',#3083,#3085,#3076,.F.) ;
#3094=EDGE_CURVE('',#3085,#3093,#3087,.F.) ;
#3103=EDGE_CURVE('',#3102,#3093,#3095,.F.) ;
#3109=EDGE_CURVE('',#3102,#3083,#3104,.T.) ;
#3149=EDGE_CURVE('',#3024,#3085,#3143,.F.) ;
#3157=EDGE_CURVE('',#3083,#3156,#3150,.T.) ;
#3164=EDGE_CURVE('',#3156,#3033,#3158,.T.) ;
#3201=EDGE_CURVE('',#3198,#3200,#3178,.T.) ;
#3226=EDGE_CURVE('',#3200,#3225,#3202,.T.) ;
#3254=EDGE_CURVE('',#3225,#3253,#3227,.T.) ;
#3270=EDGE_CURVE('',#3253,#3269,#3255,.T.) ;
#3279=EDGE_CURVE('',#3269,#3278,#3271,.T.) ;
#3286=EDGE_CURVE('',#3278,#3285,#3283,.F.) ;
#3293=EDGE_CURVE('',#3285,#3292,#3290,.F.) ;
#3298=EDGE_CURVE('',#3198,#3292,#3297,.F.) ;
#3314=EDGE_CURVE('',#3292,#3285,#3313,.F.) ;
#3336=EDGE_CURVE('',#3278,#3335,#3315,.T.) ;
#3358=EDGE_CURVE('',#3335,#3357,#3337,.T.) ;
#3380=EDGE_CURVE('',#3357,#3379,#3359,.T.) ;
#3402=EDGE_CURVE('',#3379,#3401,#3381,.T.) ;
#3409=EDGE_CURVE('',#3401,#3198,#3403,.T.) ;
#3452=EDGE_CURVE('',#3449,#3451,#3442,.F.) ;
#3460=EDGE_CURVE('',#3451,#3459,#3453,.F.) ;
#3469=EDGE_CURVE('',#3468,#3459,#3461,.F.) ;
#3475=EDGE_CURVE('',#3468,#3449,#3470,.T.) ;
#3521=EDGE_CURVE('',#3518,#3520,#3504,.T.) ;
#3527=EDGE_CURVE('',#3520,#3451,#3522,.F.) ;
#3535=EDGE_CURVE('',#3449,#3534,#3528,.T.) ;
#3541=EDGE_CURVE('',#3534,#3518,#3536,.T.) ;
#3563=EDGE_CURVE('',#3560,#3562,#3558,.T.) ;
#3570=EDGE_CURVE('',#3562,#3569,#3567,.F.) ;
#3592=EDGE_CURVE('',#3569,#3591,#3571,.T.) ;
#3617=EDGE_CURVE('',#3591,#3616,#3593,.T.) ;
#3645=EDGE_CURVE('',#3616,#3644,#3618,.T.) ;
#3661=EDGE_CURVE('',#3644,#3660,#3646,.T.) ;
#3670=EDGE_CURVE('',#3660,#3669,#3662,.T.) ;
#3675=EDGE_CURVE('',#3560,#3669,#3674,.F.) ;
#3691=EDGE_CURVE('',#3562,#3560,#3690,.T.) ;
#3713=EDGE_CURVE('',#3669,#3712,#3692,.T.) ;
#3735=EDGE_CURVE('',#3712,#3734,#3714,.T.) ;
#3757=EDGE_CURVE('',#3734,#3756,#3736,.T.) ;
#3779=EDGE_CURVE('',#3756,#3778,#3758,.T.) ;
#3786=EDGE_CURVE('',#3778,#3569,#3780,.T.) ;
#3812=EDGE_CURVE('',#3809,#3811,#3803,.T.) ;
#3820=EDGE_CURVE('',#3811,#3819,#3813,.T.) ;
#3827=EDGE_CURVE('',#3826,#3819,#3824,.F.) ;
#3835=EDGE_CURVE('',#3826,#3834,#3828,.T.) ;
#3842=EDGE_CURVE('',#3834,#3841,#3839,.F.) ;
#3847=EDGE_CURVE('',#3841,#3809,#3846,.F.) ;
#3865=EDGE_CURVE('',#3862,#3864,#3860,.T.) ;
#3872=EDGE_CURVE('',#3864,#3871,#3869,.F.) ;
#3879=EDGE_CURVE('',#3871,#3878,#3876,.F.) ;
#3884=EDGE_CURVE('',#3862,#3878,#3883,.F.) ;
#3902=EDGE_CURVE('',#3864,#3862,#3892,.T.) ;
#3907=EDGE_CURVE('',#3878,#3871,#3906,.F.) ;
#3926=EDGE_CURVE('',#3923,#3925,#3915,.T.) ;
#3954=EDGE_CURVE('',#3953,#3923,#3927,.T.) ;
#3979=EDGE_CURVE('',#3978,#3953,#3955,.T.) ;
#4001=EDGE_CURVE('',#4000,#3978,#3980,.T.) ;
#4008=EDGE_CURVE('',#4000,#4007,#4005,.T.) ;
#4019=EDGE_CURVE('',#3826,#4007,#4009,.T.) ;
#4026=EDGE_CURVE('',#3819,#4025,#4023,.T.) ;
#4033=EDGE_CURVE('',#4025,#4032,#4030,.T.) ;
#4046=EDGE_CURVE('',#4045,#4032,#4034,.T.) ;
#4066=EDGE_CURVE('',#4045,#3925,#4047,.T.) ;
#4145=EDGE_CURVE('',#3925,#4144,#4136,.T.) ;
#4158=EDGE_CURVE('',#4157,#4144,#4146,.F.) ;
#4166=EDGE_CURVE('',#4000,#4157,#4159,.T.) ;
#4190=EDGE_CURVE('',#4187,#4189,#4185,.T.) ;
#4195=EDGE_CURVE('',#4045,#4187,#4194,.T.) ;
#4200=EDGE_CURVE('',#4032,#4189,#4199,.T.) ;
#4302=EDGE_CURVE('',#4144,#4301,#4290,.T.) ;
#4315=EDGE_CURVE('',#4314,#4301,#4303,.F.) ;
#4325=EDGE_CURVE('',#4324,#4314,#4316,.T.) ;
#4335=EDGE_CURVE('',#4334,#4324,#4326,.T.) ;
#4345=EDGE_CURVE('',#4344,#4334,#4336,.T.) ;
#4358=EDGE_CURVE('',#4357,#4344,#4346,.T.) ;
#4366=EDGE_CURVE('',#4157,#4357,#4359,.T.) ;
#4398=EDGE_CURVE('',#4397,#4187,#4383,.T.) ;
#4405=EDGE_CURVE('',#4404,#4189,#4402,.T.) ;
#4410=EDGE_CURVE('',#4397,#4404,#4409,.T.) ;
#4427=EDGE_CURVE('',#4301,#4187,#4426,.T.) ;
#4432=EDGE_CURVE('',#4314,#4397,#4431,.T.) ;
#4449=EDGE_CURVE('',#1981,#4157,#4448,.T.) ;
#4456=EDGE_CURVE('',#4455,#4314,#4453,.T.) ;
#4461=EDGE_CURVE('',#4455,#1981,#4460,.F.) ;
#4484=EDGE_CURVE('',#4189,#4483,#4481,.F.) ;
#4489=EDGE_CURVE('',#2140,#4483,#4488,.T.) ;
#4494=EDGE_CURVE('',#4404,#2140,#4493,.F.) ;
#4515=EDGE_CURVE('',#4512,#4514,#4510,.T.) ;
#4522=EDGE_CURVE('',#4514,#4521,#4519,.F.) ;
#4529=EDGE_CURVE('',#4521,#4528,#4526,.F.) ;
#4534=EDGE_CURVE('',#4512,#4528,#4533,.F.) ;
#4546=EDGE_CURVE('',#4514,#4512,#4545,.T.) ;
#4551=EDGE_CURVE('',#4528,#4521,#4550,.F.) ;
#4572=EDGE_CURVE('',#4569,#4571,#4567,.T.) ;
#4579=EDGE_CURVE('',#4571,#4578,#4576,.F.) ;
#4586=EDGE_CURVE('',#4578,#4585,#4583,.F.) ;
#4591=EDGE_CURVE('',#4569,#4585,#4590,.F.) ;
#4603=EDGE_CURVE('',#4571,#4569,#4602,.T.) ;
#4608=EDGE_CURVE('',#4585,#4578,#4607,.F.) ;
#4629=EDGE_CURVE('',#4626,#4628,#4624,.T.) ;
#4634=EDGE_CURVE('',#4455,#4628,#4633,.F.) ;
#4641=EDGE_CURVE('',#4640,#4455,#4638,.T.) ;
#4663=EDGE_CURVE('',#4640,#4662,#4642,.T.) ;
#4685=EDGE_CURVE('',#4662,#4684,#4664,.T.) ;
#4707=EDGE_CURVE('',#4684,#4706,#4686,.T.) ;
#4726=EDGE_CURVE('',#4706,#4725,#4708,.T.) ;
#4732=EDGE_CURVE('',#4725,#4626,#4727,.T.) ;
#4760=EDGE_CURVE('',#4757,#4759,#4753,.F.) ;
#4768=EDGE_CURVE('',#4757,#4767,#4761,.T.) ;
#4776=EDGE_CURVE('',#4775,#4767,#4769,.T.) ;
#4798=EDGE_CURVE('',#4797,#4775,#4777,.T.) ;
#4806=EDGE_CURVE('',#4797,#4805,#4799,.T.) ;
#4814=EDGE_CURVE('',#4813,#4805,#4807,.T.) ;
#4822=EDGE_CURVE('',#4821,#4813,#4815,.T.) ;
#4828=EDGE_CURVE('',#4821,#4827,#4823,.F.) ;
#4834=EDGE_CURVE('',#4827,#4759,#4829,.F.) ;
#4863=EDGE_CURVE('',#4759,#4862,#4856,.F.) ;
#4869=EDGE_CURVE('',#4868,#4862,#4864,.F.) ;
#4891=EDGE_CURVE('',#4868,#4890,#4870,.T.) ;
#4899=EDGE_CURVE('',#4890,#4898,#4892,.T.) ;
#4915=EDGE_CURVE('',#4898,#4914,#4900,.T.) ;
#4940=EDGE_CURVE('',#4914,#4939,#4916,.T.) ;
#4946=EDGE_CURVE('',#4939,#4757,#4941,.T.) ;
#4974=EDGE_CURVE('',#4862,#4973,#4967,.F.) ;
#4980=EDGE_CURVE('',#4979,#4973,#4975,.F.) ;
#5002=EDGE_CURVE('',#4979,#5001,#4981,.T.) ;
#5010=EDGE_CURVE('',#5001,#5009,#5003,.T.) ;
#5016=EDGE_CURVE('',#4868,#5009,#5011,.T.) ;
#5057=EDGE_CURVE('',#4973,#5056,#5045,.F.) ;
#5063=EDGE_CURVE('',#5062,#5056,#5058,.F.) ;
#5076=EDGE_CURVE('',#5062,#5075,#5064,.T.) ;
#5083=EDGE_CURVE('',#5075,#4979,#5077,.T.) ;
#5113=EDGE_CURVE('',#5110,#5112,#5103,.T.) ;
#5123=EDGE_CURVE('',#5122,#5110,#5114,.T.) ;
#5139=EDGE_CURVE('',#5138,#5122,#5124,.T.) ;
#5158=EDGE_CURVE('',#5157,#5138,#5140,.T.) ;
#5180=EDGE_CURVE('',#5179,#5157,#5159,.T.) ;
#5186=EDGE_CURVE('',#5185,#5179,#5181,.F.) ;
#5194=EDGE_CURVE('',#5193,#5185,#5187,.T.) ;
#5213=EDGE_CURVE('',#5193,#5212,#5195,.T.) ;
#5219=EDGE_CURVE('',#5212,#5062,#5214,.T.) ;
#5226=EDGE_CURVE('',#5056,#5112,#5220,.F.) ;
#5255=EDGE_CURVE('',#5252,#5254,#5246,.T.) ;
#5263=EDGE_CURVE('',#5252,#5262,#5256,.T.) ;
#5268=EDGE_CURVE('',#3468,#5262,#5267,.T.) ;
#5276=EDGE_CURVE('',#5275,#3468,#5269,.T.) ;
#5283=EDGE_CURVE('',#3000,#5275,#5277,.T.) ;
#5288=EDGE_CURVE('',#5193,#3000,#5287,.F.) ;
#5313=EDGE_CURVE('',#5185,#5312,#5289,.T.) ;
#5321=EDGE_CURVE('',#5312,#5320,#5314,.T.) ;
#5328=EDGE_CURVE('',#5254,#5320,#5322,.T.) ;
#5358=EDGE_CURVE('',#5357,#5179,#5351,.T.) ;
#5377=EDGE_CURVE('',#5376,#5357,#5359,.T.) ;
#5391=EDGE_CURVE('',#5320,#5376,#5378,.T.) ;
#5705=EDGE_CURVE('',#5704,#5112,#5672,.T.) ;
#5718=EDGE_CURVE('',#5704,#5717,#5706,.F.) ;
#5729=EDGE_CURVE('',#5717,#5252,#5719,.T.) ;
#5757=EDGE_CURVE('',#2156,#5756,#5754,.T.) ;
#5762=EDGE_CURVE('',#5756,#5717,#5761,.F.) ;
#5767=EDGE_CURVE('',#2156,#5704,#5766,.F.) ;
#5800=EDGE_CURVE('',#5717,#5799,#5794,.T.) ;
#5808=EDGE_CURVE('',#5807,#5799,#5801,.T.) ;
#5816=EDGE_CURVE('',#5815,#5807,#5809,.T.) ;
#5841=EDGE_CURVE('',#5815,#5840,#5817,.T.) ;
#5848=EDGE_CURVE('',#5840,#5262,#5842,.T.) ;
#5884=EDGE_CURVE('',#4483,#5756,#5877,.T.) ;
#5889=EDGE_CURVE('',#5799,#4025,#5888,.T.) ;
#5943=EDGE_CURVE('',#5942,#4007,#5936,.T.) ;
#5965=EDGE_CURVE('',#5964,#5942,#5944,.T.) ;
#5972=EDGE_CURVE('',#5964,#3841,#5966,.T.) ;
#6001=EDGE_CURVE('',#5815,#3449,#6000,.F.) ;
#6006=EDGE_CURVE('',#3518,#3819,#6005,.F.) ;
#6027=EDGE_CURVE('',#3809,#3520,#6026,.T.) ;
#6063=EDGE_CURVE('',#4797,#3083,#6062,.T.) ;
#6068=EDGE_CURVE('',#3033,#5009,#6067,.F.) ;
#6089=EDGE_CURVE('',#3102,#4805,#6088,.T.) ;
#6146=EDGE_CURVE('',#3459,#3002,#6140,.F.) ;
#6181=EDGE_CURVE('',#3093,#2908,#6176,.F.) ;
#6189=EDGE_CURVE('',#2906,#6188,#6182,.T.) ;
#6195=EDGE_CURVE('',#6188,#3102,#6190,.T.) ;
#6225=EDGE_CURVE('',#6224,#1652,#6222,.T.) ;
#6230=EDGE_CURVE('',#1652,#2620,#6229,.F.) ;
#6235=EDGE_CURVE('',#6224,#2618,#6234,.F.) ;
#6280=EDGE_CURVE('',#4827,#2113,#6279,.T.) ;
#6307=EDGE_CURVE('',#2012,#4640,#6300,.T.) ;
#6328=EDGE_CURVE('',#4628,#1988,#6327,.F.) ;
#6347=EDGE_CURVE('',#2915,#6346,#6344,.T.) ;
#6355=EDGE_CURVE('',#6346,#6354,#6348,.T.) ;
#6360=EDGE_CURVE('',#6354,#1945,#6359,.F.) ;
#6374=EDGE_CURVE('',#1931,#4821,#6373,.T.) ;
#6408=EDGE_CURVE('',#1799,#4626,#6407,.T.) ;
#6447=EDGE_CURVE('',#1839,#6446,#6444,.T.) ;
#6452=EDGE_CURVE('',#6446,#1709,#6451,.F.) ;
#6504=EDGE_CURVE('',#6346,#6503,#6489,.T.) ;
#6513=EDGE_CURVE('',#6512,#6503,#6505,.T.) ;
#6520=EDGE_CURVE('',#1700,#6512,#6514,.T.) ;
#6582=EDGE_CURVE('',#6581,#1550,#6564,.T.) ;
#6614=EDGE_CURVE('',#6224,#6581,#6583,.T.) ;
#6634=EDGE_CURVE('',#6633,#1557,#6631,.T.) ;
#6639=EDGE_CURVE('',#6581,#6633,#6638,.T.) ;
#6675=EDGE_CURVE('',#6674,#1624,#6668,.T.) ;
#6683=EDGE_CURVE('',#6682,#1518,#6676,.T.) ;
#6702=EDGE_CURVE('',#6701,#6682,#6684,.T.) ;
#6716=EDGE_CURVE('',#6674,#6701,#6703,.T.) ;
#6785=EDGE_CURVE('',#6782,#6784,#6776,.T.) ;
#6807=EDGE_CURVE('',#6806,#6782,#6786,.T.) ;
#6814=EDGE_CURVE('',#1516,#6806,#6808,.T.) ;
#6837=EDGE_CURVE('',#6633,#6784,#6815,.T.) ;
#6856=EDGE_CURVE('',#6784,#5964,#6855,.F.) ;
#6861=EDGE_CURVE('',#3841,#6633,#6860,.T.) ;
#6896=EDGE_CURVE('',#6446,#1301,#6895,.T.) ;
#6901=EDGE_CURVE('',#1299,#1261,#6900,.T.) ;
#6906=EDGE_CURVE('',#1259,#5964,#6905,.T.) ;
#6940=EDGE_CURVE('',#1268,#1315,#6939,.T.) ;
#6989=EDGE_CURVE('',#1202,#2628,#6973,.T.) ;
#7006=EDGE_CURVE('',#1145,#3520,#7005,.T.) ;
#7033=EDGE_CURVE('',#1055,#931,#7032,.T.) ;
#7091=EDGE_CURVE('',#1032,#3013,#7088,.F.) ;
#7167=EDGE_CURVE('',#2908,#830,#7164,.T.) ;
#7195=EDGE_CURVE('',#780,#2193,#7194,.T.) ;
#7200=EDGE_CURVE('',#2195,#6346,#7199,.T.) ;
#7221=EDGE_CURVE('',#2729,#1624,#7220,.F.) ;
#7227=EDGE_CURVE('',#684,#6674,#7222,.T.) ;
#7232=EDGE_CURVE('',#641,#2857,#7231,.F.) ;
#7284=EDGE_CURVE('',#7283,#633,#7272,.T.) ;
#7290=EDGE_CURVE('',#2620,#7283,#7285,.T.) ;
#7350=EDGE_CURVE('',#441,#1202,#7343,.T.) ;
#7371=EDGE_CURVE('',#7370,#579,#7368,.T.) ;
#7379=EDGE_CURVE('',#7378,#7370,#7372,.T.) ;
#7384=EDGE_CURVE('',#6503,#7378,#7383,.T.) ;
#7428=EDGE_CURVE('',#7425,#7427,#7423,.T.) ;
#7433=EDGE_CURVE('',#508,#7427,#7432,.T.) ;
#7438=EDGE_CURVE('',#501,#7425,#7437,.T.) ;
#7515=EDGE_CURVE('',#7427,#399,#7514,.T.) ;
#7541=EDGE_CURVE('',#1308,#7425,#7540,.T.) ;
#7546=EDGE_CURVE('',#257,#288,#7545,.T.) ;
#7579=EDGE_CURVE('',#494,#214,#7578,.T.) ;
#7584=EDGE_CURVE('',#221,#264,#7583,.T.) ;
#7603=EDGE_CURVE('',#1275,#205,#7602,.T.) ;
#7608=EDGE_CURVE('',#304,#207,#7607,.T.) ;
#30=CLOSED_SHELL('Closed Shell',(#108,#139,#151,#182,#194,#234,#277,#317,#357,#374,#413,#483,#522,#604,#656,#744,#802,#854,#950,#1078,#1174,#1248,#1288,#1328,#1368,#1385,#1425,#1448,#1488,#1505,#1580,#1686,#1828,#1867,#1970,#2001,#2068,#2087,#2129,#2171,#2182,#2214,#2374,#2526,#2565,#2589,#2657,#2797,#2895,#2941,#3054,#3116,#3172,#3309,#3420,#3482,#3549,#3686,#3797,#3856,#3891,#3914,#4080,#4176,#4207,#4377,#4417,#4439,#4472,#4501,#4541,#4558,#4598,#4615,#4743,#4846,#4957,#5025,#5091,#5240,#5341,#5400,#5745,#5774,#5858,#5871,#5899,#5909,#5981,#5991,#6017,#6035,#6048,#6058,#6084,#6096,#6113,#6154,#6203,#6213,#6242,#6252,#6262,#6275,#6294,#6318,#6335,#6369,#6385,#6398,#6421,#6435,#6462,#6530,#6622,#6646,#6725,#6846,#6868,#6877,#6886,#6930,#6947,#6996,#7023,#7038,#7114,#7190,#7211,#7246,#7305,#7359,#7414,#7445,#7505,#7522,#7531,#7569,#7593,#7631,#7664,#7681)) ;
#51=ORIENTED_EDGE('',*,*,#44,.F.) ;
#52=ORIENTED_EDGE('',*,*,#49,.F.) ;
#105=ORIENTED_EDGE('',*,*,#80,.F.) ;
#106=ORIENTED_EDGE('',*,*,#103,.F.) ;
#134=ORIENTED_EDGE('',*,*,#49,.T.) ;
#135=ORIENTED_EDGE('',*,*,#120,.T.) ;
#136=ORIENTED_EDGE('',*,*,#127,.T.) ;
#137=ORIENTED_EDGE('',*,*,#132,.F.) ;
#146=ORIENTED_EDGE('',*,*,#44,.T.) ;
#147=ORIENTED_EDGE('',*,*,#132,.T.) ;
#148=ORIENTED_EDGE('',*,*,#144,.T.) ;
#149=ORIENTED_EDGE('',*,*,#120,.F.) ;
#177=ORIENTED_EDGE('',*,*,#103,.T.) ;
#178=ORIENTED_EDGE('',*,*,#163,.T.) ;
#179=ORIENTED_EDGE('',*,*,#170,.T.) ;
#180=ORIENTED_EDGE('',*,*,#175,.F.) ;
#189=ORIENTED_EDGE('',*,*,#80,.T.) ;
#190=ORIENTED_EDGE('',*,*,#175,.T.) ;
#191=ORIENTED_EDGE('',*,*,#187,.T.) ;
#192=ORIENTED_EDGE('',*,*,#163,.F.) ;
#229=ORIENTED_EDGE('',*,*,#208,.F.) ;
#230=ORIENTED_EDGE('',*,*,#215,.F.) ;
#231=ORIENTED_EDGE('',*,*,#222,.F.) ;
#232=ORIENTED_EDGE('',*,*,#227,.T.) ;
#272=ORIENTED_EDGE('',*,*,#251,.F.) ;
#273=ORIENTED_EDGE('',*,*,#258,.F.) ;
#274=ORIENTED_EDGE('',*,*,#265,.T.) ;
#275=ORIENTED_EDGE('',*,*,#270,.F.) ;
#312=ORIENTED_EDGE('',*,*,#291,.T.) ;
#313=ORIENTED_EDGE('',*,*,#298,.F.) ;
#314=ORIENTED_EDGE('',*,*,#305,.T.) ;
#315=ORIENTED_EDGE('',*,*,#310,.T.) ;
#352=ORIENTED_EDGE('',*,*,#331,.T.) ;
#353=ORIENTED_EDGE('',*,*,#338,.T.) ;
#354=ORIENTED_EDGE('',*,*,#345,.T.) ;
#355=ORIENTED_EDGE('',*,*,#350,.F.) ;
#369=ORIENTED_EDGE('',*,*,#362,.T.) ;
#370=ORIENTED_EDGE('',*,*,#350,.T.) ;
#371=ORIENTED_EDGE('',*,*,#367,.T.) ;
#372=ORIENTED_EDGE('',*,*,#338,.F.) ;
#407=ORIENTED_EDGE('',*,*,#251,.T.) ;
#408=ORIENTED_EDGE('',*,*,#386,.F.) ;
#409=ORIENTED_EDGE('',*,*,#393,.F.) ;
#410=ORIENTED_EDGE('',*,*,#400,.T.) ;
#411=ORIENTED_EDGE('',*,*,#405,.T.) ;
#475=ORIENTED_EDGE('',*,*,#425,.F.) ;
#476=ORIENTED_EDGE('',*,*,#435,.F.) ;
#477=ORIENTED_EDGE('',*,*,#442,.T.) ;
#478=ORIENTED_EDGE('',*,*,#452,.F.) ;
#479=ORIENTED_EDGE('',*,*,#468,.F.) ;
#480=ORIENTED_EDGE('',*,*,#473,.F.) ;
#481=ORIENTED_EDGE('',*,*,#298,.T.) ;
#516=ORIENTED_EDGE('',*,*,#495,.T.) ;
#517=ORIENTED_EDGE('',*,*,#502,.T.) ;
#518=ORIENTED_EDGE('',*,*,#509,.T.) ;
#519=ORIENTED_EDGE('',*,*,#514,.T.) ;
#520=ORIENTED_EDGE('',*,*,#393,.T.) ;
#597=ORIENTED_EDGE('',*,*,#551,.F.) ;
#598=ORIENTED_EDGE('',*,*,#570,.F.) ;
#599=ORIENTED_EDGE('',*,*,#580,.F.) ;
#600=ORIENTED_EDGE('',*,*,#588,.T.) ;
#601=ORIENTED_EDGE('',*,*,#595,.F.) ;
#602=ORIENTED_EDGE('',*,*,#435,.T.) ;
#651=ORIENTED_EDGE('',*,*,#634,.T.) ;
#652=ORIENTED_EDGE('',*,*,#642,.T.) ;
#653=ORIENTED_EDGE('',*,*,#649,.F.) ;
#654=ORIENTED_EDGE('',*,*,#452,.T.) ;
#736=ORIENTED_EDGE('',*,*,#685,.T.) ;
#737=ORIENTED_EDGE('',*,*,#694,.F.) ;
#738=ORIENTED_EDGE('',*,*,#710,.F.) ;
#739=ORIENTED_EDGE('',*,*,#720,.F.) ;
#740=ORIENTED_EDGE('',*,*,#734,.F.) ;
#741=ORIENTED_EDGE('',*,*,#468,.T.) ;
#742=ORIENTED_EDGE('',*,*,#649,.T.) ;
#797=ORIENTED_EDGE('',*,*,#781,.F.) ;
#798=ORIENTED_EDGE('',*,*,#788,.T.) ;
#799=ORIENTED_EDGE('',*,*,#595,.T.) ;
#800=ORIENTED_EDGE('',*,*,#795,.T.) ;
#849=ORIENTED_EDGE('',*,*,#781,.T.) ;
#850=ORIENTED_EDGE('',*,*,#831,.T.) ;
#851=ORIENTED_EDGE('',*,*,#841,.F.) ;
#852=ORIENTED_EDGE('',*,*,#847,.T.) ;
#945=ORIENTED_EDGE('',*,*,#841,.T.) ;
#946=ORIENTED_EDGE('',*,*,#922,.T.) ;
#947=ORIENTED_EDGE('',*,*,#932,.F.) ;
#948=ORIENTED_EDGE('',*,*,#943,.T.) ;
#1072=ORIENTED_EDGE('',*,*,#932,.T.) ;
#1073=ORIENTED_EDGE('',*,*,#1033,.T.) ;
#1074=ORIENTED_EDGE('',*,*,#1046,.T.) ;
#1075=ORIENTED_EDGE('',*,*,#1056,.F.) ;
#1076=ORIENTED_EDGE('',*,*,#1070,.T.) ;
#1169=ORIENTED_EDGE('',*,*,#1056,.T.) ;
#1170=ORIENTED_EDGE('',*,*,#1146,.T.) ;
#1171=ORIENTED_EDGE('',*,*,#1156,.F.) ;
#1172=ORIENTED_EDGE('',*,*,#1167,.T.) ;
#1242=ORIENTED_EDGE('',*,*,#1203,.T.) ;
#1243=ORIENTED_EDGE('',*,*,#1156,.T.) ;
#1244=ORIENTED_EDGE('',*,*,#1211,.T.) ;
#1245=ORIENTED_EDGE('',*,*,#1233,.T.) ;
#1246=ORIENTED_EDGE('',*,*,#1240,.T.) ;
#1283=ORIENTED_EDGE('',*,*,#1262,.T.) ;
#1284=ORIENTED_EDGE('',*,*,#1269,.F.) ;
#1285=ORIENTED_EDGE('',*,*,#1276,.T.) ;
#1286=ORIENTED_EDGE('',*,*,#1281,.F.) ;
#1323=ORIENTED_EDGE('',*,*,#1302,.T.) ;
#1324=ORIENTED_EDGE('',*,*,#1309,.F.) ;
#1325=ORIENTED_EDGE('',*,*,#1316,.T.) ;
#1326=ORIENTED_EDGE('',*,*,#1321,.F.) ;
#1363=ORIENTED_EDGE('',*,*,#1342,.T.) ;
#1364=ORIENTED_EDGE('',*,*,#1349,.T.) ;
#1365=ORIENTED_EDGE('',*,*,#1356,.T.) ;
#1366=ORIENTED_EDGE('',*,*,#1361,.F.) ;
#1380=ORIENTED_EDGE('',*,*,#1373,.T.) ;
#1381=ORIENTED_EDGE('',*,*,#1361,.T.) ;
#1382=ORIENTED_EDGE('',*,*,#1378,.T.) ;
#1383=ORIENTED_EDGE('',*,*,#1349,.F.) ;
#1420=ORIENTED_EDGE('',*,*,#1399,.T.) ;
#1421=ORIENTED_EDGE('',*,*,#1406,.T.) ;
#1422=ORIENTED_EDGE('',*,*,#1413,.T.) ;
#1423=ORIENTED_EDGE('',*,*,#1418,.F.) ;
#1443=ORIENTED_EDGE('',*,*,#1430,.T.) ;
#1444=ORIENTED_EDGE('',*,*,#1418,.T.) ;
#1445=ORIENTED_EDGE('',*,*,#1441,.T.) ;
#1446=ORIENTED_EDGE('',*,*,#1406,.F.) ;
#1483=ORIENTED_EDGE('',*,*,#1462,.T.) ;
#1484=ORIENTED_EDGE('',*,*,#1469,.T.) ;
#1485=ORIENTED_EDGE('',*,*,#1476,.T.) ;
#1486=ORIENTED_EDGE('',*,*,#1481,.F.) ;
#1500=ORIENTED_EDGE('',*,*,#1493,.T.) ;
#1501=ORIENTED_EDGE('',*,*,#1481,.T.) ;
#1502=ORIENTED_EDGE('',*,*,#1498,.T.) ;
#1503=ORIENTED_EDGE('',*,*,#1469,.F.) ;
#1574=ORIENTED_EDGE('',*,*,#1519,.T.) ;
#1575=ORIENTED_EDGE('',*,*,#1529,.F.) ;
#1576=ORIENTED_EDGE('',*,*,#1551,.F.) ;
#1577=ORIENTED_EDGE('',*,*,#1558,.T.) ;
#1578=ORIENTED_EDGE('',*,*,#1572,.F.) ;
#1680=ORIENTED_EDGE('',*,*,#1551,.T.) ;
#1681=ORIENTED_EDGE('',*,*,#1625,.T.) ;
#1682=ORIENTED_EDGE('',*,*,#1653,.T.) ;
#1683=ORIENTED_EDGE('',*,*,#1661,.T.) ;
#1684=ORIENTED_EDGE('',*,*,#1678,.F.) ;
#1817=ORIENTED_EDGE('',*,*,#1703,.F.) ;
#1818=ORIENTED_EDGE('',*,*,#1710,.T.) ;
#1819=ORIENTED_EDGE('',*,*,#1723,.F.) ;
#1820=ORIENTED_EDGE('',*,*,#1751,.F.) ;
#1821=ORIENTED_EDGE('',*,*,#1770,.F.) ;
#1822=ORIENTED_EDGE('',*,*,#1786,.F.) ;
#1823=ORIENTED_EDGE('',*,*,#1793,.F.) ;
#1824=ORIENTED_EDGE('',*,*,#1800,.T.) ;
#1825=ORIENTED_EDGE('',*,*,#1810,.T.) ;
#1826=ORIENTED_EDGE('',*,*,#1815,.F.) ;
#1861=ORIENTED_EDGE('',*,*,#1842,.T.) ;
#1862=ORIENTED_EDGE('',*,*,#1849,.F.) ;
#1863=ORIENTED_EDGE('',*,*,#1854,.T.) ;
#1864=ORIENTED_EDGE('',*,*,#1793,.T.) ;
#1865=ORIENTED_EDGE('',*,*,#1859,.T.) ;
#1959=ORIENTED_EDGE('',*,*,#1882,.T.) ;
#1960=ORIENTED_EDGE('',*,*,#1898,.F.) ;
#1961=ORIENTED_EDGE('',*,*,#1905,.F.) ;
#1962=ORIENTED_EDGE('',*,*,#1915,.F.) ;
#1963=ORIENTED_EDGE('',*,*,#1925,.F.) ;
#1964=ORIENTED_EDGE('',*,*,#1932,.T.) ;
#1965=ORIENTED_EDGE('',*,*,#1939,.T.) ;
#1966=ORIENTED_EDGE('',*,*,#1946,.T.) ;
#1967=ORIENTED_EDGE('',*,*,#1957,.F.) ;
#1968=ORIENTED_EDGE('',*,*,#1815,.T.) ;
#1996=ORIENTED_EDGE('',*,*,#1982,.F.) ;
#1997=ORIENTED_EDGE('',*,*,#1989,.T.) ;
#1998=ORIENTED_EDGE('',*,*,#1994,.T.) ;
#1999=ORIENTED_EDGE('',*,*,#1849,.T.) ;
#2059=ORIENTED_EDGE('',*,*,#1898,.T.) ;
#2060=ORIENTED_EDGE('',*,*,#2013,.T.) ;
#2061=ORIENTED_EDGE('',*,*,#2020,.T.) ;
#2062=ORIENTED_EDGE('',*,*,#2028,.F.) ;
#2063=ORIENTED_EDGE('',*,*,#2036,.F.) ;
#2064=ORIENTED_EDGE('',*,*,#2044,.F.) ;
#2065=ORIENTED_EDGE('',*,*,#2051,.T.) ;
#2066=ORIENTED_EDGE('',*,*,#2057,.F.) ;
#2083=ORIENTED_EDGE('',*,*,#2081,.T.) ;
#2084=ORIENTED_EDGE('',*,*,#1905,.T.) ;
#2085=ORIENTED_EDGE('',*,*,#2057,.T.) ;
#2121=ORIENTED_EDGE('',*,*,#1915,.T.) ;
#2122=ORIENTED_EDGE('',*,*,#2081,.F.) ;
#2123=ORIENTED_EDGE('',*,*,#2098,.F.) ;
#2124=ORIENTED_EDGE('',*,*,#2106,.T.) ;
#2125=ORIENTED_EDGE('',*,*,#2114,.T.) ;
#2126=ORIENTED_EDGE('',*,*,#2119,.T.) ;
#2127=ORIENTED_EDGE('',*,*,#1925,.T.) ;
#2164=ORIENTED_EDGE('',*,*,#2028,.T.) ;
#2165=ORIENTED_EDGE('',*,*,#2141,.F.) ;
#2166=ORIENTED_EDGE('',*,*,#2149,.T.) ;
#2167=ORIENTED_EDGE('',*,*,#2157,.T.) ;
#2168=ORIENTED_EDGE('',*,*,#2162,.F.) ;
#2169=ORIENTED_EDGE('',*,*,#2036,.T.) ;
#2178=ORIENTED_EDGE('',*,*,#2098,.T.) ;
#2179=ORIENTED_EDGE('',*,*,#2051,.F.) ;
#2180=ORIENTED_EDGE('',*,*,#2044,.T.) ;
#2210=ORIENTED_EDGE('',*,*,#2196,.T.) ;
#2211=ORIENTED_EDGE('',*,*,#2203,.F.) ;
#2212=ORIENTED_EDGE('',*,*,#2208,.F.) ;
#2362=ORIENTED_EDGE('',*,*,#2243,.T.) ;
#2363=ORIENTED_EDGE('',*,*,#2265,.T.) ;
#2364=ORIENTED_EDGE('',*,*,#2275,.T.) ;
#2365=ORIENTED_EDGE('',*,*,#2285,.T.) ;
#2366=ORIENTED_EDGE('',*,*,#2307,.T.) ;
#2367=ORIENTED_EDGE('',*,*,#2323,.T.) ;
#2368=ORIENTED_EDGE('',*,*,#2333,.T.) ;
#2369=ORIENTED_EDGE('',*,*,#2341,.T.) ;
#2370=ORIENTED_EDGE('',*,*,#2348,.T.) ;
#2371=ORIENTED_EDGE('',*,*,#2355,.T.) ;
#2372=ORIENTED_EDGE('',*,*,#2360,.F.) ;
#2514=ORIENTED_EDGE('',*,*,#2379,.T.) ;
#2515=ORIENTED_EDGE('',*,*,#2348,.F.) ;
#2516=ORIENTED_EDGE('',*,*,#2395,.T.) ;
#2517=ORIENTED_EDGE('',*,*,#2417,.T.) ;
#2518=ORIENTED_EDGE('',*,*,#2436,.T.) ;
#2519=ORIENTED_EDGE('',*,*,#2461,.T.) ;
#2520=ORIENTED_EDGE('',*,*,#2480,.T.) ;
#2521=ORIENTED_EDGE('',*,*,#2496,.T.) ;
#2522=ORIENTED_EDGE('',*,*,#2506,.T.) ;
#2523=ORIENTED_EDGE('',*,*,#2512,.T.) ;
#2524=ORIENTED_EDGE('',*,*,#2360,.T.) ;
#2559=ORIENTED_EDGE('',*,*,#2540,.T.) ;
#2560=ORIENTED_EDGE('',*,*,#2547,.T.) ;
#2561=ORIENTED_EDGE('',*,*,#2552,.T.) ;
#2562=ORIENTED_EDGE('',*,*,#2208,.T.) ;
#2563=ORIENTED_EDGE('',*,*,#2557,.F.) ;
#2583=ORIENTED_EDGE('',*,*,#2576,.T.) ;
#2584=ORIENTED_EDGE('',*,*,#2557,.T.) ;
#2585=ORIENTED_EDGE('',*,*,#2203,.T.) ;
#2586=ORIENTED_EDGE('',*,*,#2581,.T.) ;
#2587=ORIENTED_EDGE('',*,*,#2547,.F.) ;
#2651=ORIENTED_EDGE('',*,*,#2621,.T.) ;
#2652=ORIENTED_EDGE('',*,*,#2629,.T.) ;
#2653=ORIENTED_EDGE('',*,*,#2635,.F.) ;
#2654=ORIENTED_EDGE('',*,*,#2643,.T.) ;
#2655=ORIENTED_EDGE('',*,*,#2649,.T.) ;
#2787=ORIENTED_EDGE('',*,*,#2677,.T.) ;
#2788=ORIENTED_EDGE('',*,*,#2684,.T.) ;
#2789=ORIENTED_EDGE('',*,*,#2706,.T.) ;
#2790=ORIENTED_EDGE('',*,*,#2722,.T.) ;
#2791=ORIENTED_EDGE('',*,*,#2730,.T.) ;
#2792=ORIENTED_EDGE('',*,*,#2749,.T.) ;
#2793=ORIENTED_EDGE('',*,*,#2771,.T.) ;
#2794=ORIENTED_EDGE('',*,*,#2780,.T.) ;
#2795=ORIENTED_EDGE('',*,*,#2785,.F.) ;
#2886=ORIENTED_EDGE('',*,*,#2802,.T.) ;
#2887=ORIENTED_EDGE('',*,*,#2785,.T.) ;
#2888=ORIENTED_EDGE('',*,*,#2830,.T.) ;
#2889=ORIENTED_EDGE('',*,*,#2849,.T.) ;
#2890=ORIENTED_EDGE('',*,*,#2858,.T.) ;
#2891=ORIENTED_EDGE('',*,*,#2877,.T.) ;
#2892=ORIENTED_EDGE('',*,*,#2884,.T.) ;
#2893=ORIENTED_EDGE('',*,*,#2684,.F.) ;
#2935=ORIENTED_EDGE('',*,*,#2909,.T.) ;
#2936=ORIENTED_EDGE('',*,*,#2916,.T.) ;
#2937=ORIENTED_EDGE('',*,*,#2923,.F.) ;
#2938=ORIENTED_EDGE('',*,*,#2928,.F.) ;
#2939=ORIENTED_EDGE('',*,*,#2933,.T.) ;
#3048=ORIENTED_EDGE('',*,*,#3003,.T.) ;
#3049=ORIENTED_EDGE('',*,*,#3014,.T.) ;
#3050=ORIENTED_EDGE('',*,*,#3025,.T.) ;
#3051=ORIENTED_EDGE('',*,*,#3034,.F.) ;
#3052=ORIENTED_EDGE('',*,*,#3046,.T.) ;
#3111=ORIENTED_EDGE('',*,*,#3086,.T.) ;
#3112=ORIENTED_EDGE('',*,*,#3094,.T.) ;
#3113=ORIENTED_EDGE('',*,*,#3103,.F.) ;
#3114=ORIENTED_EDGE('',*,*,#3109,.T.) ;
#3166=ORIENTED_EDGE('',*,*,#3034,.T.) ;
#3167=ORIENTED_EDGE('',*,*,#3149,.T.) ;
#3168=ORIENTED_EDGE('',*,*,#3086,.F.) ;
#3169=ORIENTED_EDGE('',*,*,#3157,.T.) ;
#3170=ORIENTED_EDGE('',*,*,#3164,.T.) ;
#3300=ORIENTED_EDGE('',*,*,#3201,.T.) ;
#3301=ORIENTED_EDGE('',*,*,#3226,.T.) ;
#3302=ORIENTED_EDGE('',*,*,#3254,.T.) ;
#3303=ORIENTED_EDGE('',*,*,#3270,.T.) ;
#3304=ORIENTED_EDGE('',*,*,#3279,.T.) ;
#3305=ORIENTED_EDGE('',*,*,#3286,.T.) ;
#3306=ORIENTED_EDGE('',*,*,#3293,.T.) ;
#3307=ORIENTED_EDGE('',*,*,#3298,.F.) ;
#3411=ORIENTED_EDGE('',*,*,#3314,.T.) ;
#3412=ORIENTED_EDGE('',*,*,#3286,.F.) ;
#3413=ORIENTED_EDGE('',*,*,#3336,.T.) ;
#3414=ORIENTED_EDGE('',*,*,#3358,.T.) ;
#3415=ORIENTED_EDGE('',*,*,#3380,.T.) ;
#3416=ORIENTED_EDGE('',*,*,#3402,.T.) ;
#3417=ORIENTED_EDGE('',*,*,#3409,.T.) ;
#3418=ORIENTED_EDGE('',*,*,#3298,.T.) ;
#3477=ORIENTED_EDGE('',*,*,#3452,.T.) ;
#3478=ORIENTED_EDGE('',*,*,#3460,.T.) ;
#3479=ORIENTED_EDGE('',*,*,#3469,.F.) ;
#3480=ORIENTED_EDGE('',*,*,#3475,.T.) ;
#3543=ORIENTED_EDGE('',*,*,#3521,.T.) ;
#3544=ORIENTED_EDGE('',*,*,#3527,.T.) ;
#3545=ORIENTED_EDGE('',*,*,#3452,.F.) ;
#3546=ORIENTED_EDGE('',*,*,#3535,.T.) ;
#3547=ORIENTED_EDGE('',*,*,#3541,.T.) ;
#3677=ORIENTED_EDGE('',*,*,#3563,.T.) ;
#3678=ORIENTED_EDGE('',*,*,#3570,.T.) ;
#3679=ORIENTED_EDGE('',*,*,#3592,.T.) ;
#3680=ORIENTED_EDGE('',*,*,#3617,.T.) ;
#3681=ORIENTED_EDGE('',*,*,#3645,.T.) ;
#3682=ORIENTED_EDGE('',*,*,#3661,.T.) ;
#3683=ORIENTED_EDGE('',*,*,#3670,.T.) ;
#3684=ORIENTED_EDGE('',*,*,#3675,.F.) ;
#3788=ORIENTED_EDGE('',*,*,#3691,.T.) ;
#3789=ORIENTED_EDGE('',*,*,#3675,.T.) ;
#3790=ORIENTED_EDGE('',*,*,#3713,.T.) ;
#3791=ORIENTED_EDGE('',*,*,#3735,.T.) ;
#3792=ORIENTED_EDGE('',*,*,#3757,.T.) ;
#3793=ORIENTED_EDGE('',*,*,#3779,.T.) ;
#3794=ORIENTED_EDGE('',*,*,#3786,.T.) ;
#3795=ORIENTED_EDGE('',*,*,#3570,.F.) ;
#3849=ORIENTED_EDGE('',*,*,#3812,.T.) ;
#3850=ORIENTED_EDGE('',*,*,#3820,.T.) ;
#3851=ORIENTED_EDGE('',*,*,#3827,.F.) ;
#3852=ORIENTED_EDGE('',*,*,#3835,.T.) ;
#3853=ORIENTED_EDGE('',*,*,#3842,.T.) ;
#3854=ORIENTED_EDGE('',*,*,#3847,.T.) ;
#3886=ORIENTED_EDGE('',*,*,#3865,.T.) ;
#3887=ORIENTED_EDGE('',*,*,#3872,.T.) ;
#3888=ORIENTED_EDGE('',*,*,#3879,.T.) ;
#3889=ORIENTED_EDGE('',*,*,#3884,.F.) ;
#3909=ORIENTED_EDGE('',*,*,#3902,.T.) ;
#3910=ORIENTED_EDGE('',*,*,#3884,.T.) ;
#3911=ORIENTED_EDGE('',*,*,#3907,.T.) ;
#3912=ORIENTED_EDGE('',*,*,#3872,.F.) ;
#4068=ORIENTED_EDGE('',*,*,#3926,.F.) ;
#4069=ORIENTED_EDGE('',*,*,#3954,.F.) ;
#4070=ORIENTED_EDGE('',*,*,#3979,.F.) ;
#4071=ORIENTED_EDGE('',*,*,#4001,.F.) ;
#4072=ORIENTED_EDGE('',*,*,#4008,.T.) ;
#4073=ORIENTED_EDGE('',*,*,#4019,.F.) ;
#4074=ORIENTED_EDGE('',*,*,#3827,.T.) ;
#4075=ORIENTED_EDGE('',*,*,#4026,.T.) ;
#4076=ORIENTED_EDGE('',*,*,#4033,.T.) ;
#4077=ORIENTED_EDGE('',*,*,#4046,.F.) ;
#4078=ORIENTED_EDGE('',*,*,#4066,.T.) ;
#4168=ORIENTED_EDGE('',*,*,#4145,.T.) ;
#4169=ORIENTED_EDGE('',*,*,#4158,.F.) ;
#4170=ORIENTED_EDGE('',*,*,#4166,.F.) ;
#4171=ORIENTED_EDGE('',*,*,#4001,.T.) ;
#4172=ORIENTED_EDGE('',*,*,#3979,.T.) ;
#4173=ORIENTED_EDGE('',*,*,#3954,.T.) ;
#4174=ORIENTED_EDGE('',*,*,#3926,.T.) ;
#4202=ORIENTED_EDGE('',*,*,#4190,.F.) ;
#4203=ORIENTED_EDGE('',*,*,#4195,.F.) ;
#4204=ORIENTED_EDGE('',*,*,#4046,.T.) ;
#4205=ORIENTED_EDGE('',*,*,#4200,.T.) ;
#4368=ORIENTED_EDGE('',*,*,#4158,.T.) ;
#4369=ORIENTED_EDGE('',*,*,#4302,.T.) ;
#4370=ORIENTED_EDGE('',*,*,#4315,.F.) ;
#4371=ORIENTED_EDGE('',*,*,#4325,.F.) ;
#4372=ORIENTED_EDGE('',*,*,#4335,.F.) ;
#4373=ORIENTED_EDGE('',*,*,#4345,.F.) ;
#4374=ORIENTED_EDGE('',*,*,#4358,.F.) ;
#4375=ORIENTED_EDGE('',*,*,#4366,.F.) ;
#4412=ORIENTED_EDGE('',*,*,#4398,.T.) ;
#4413=ORIENTED_EDGE('',*,*,#4190,.T.) ;
#4414=ORIENTED_EDGE('',*,*,#4405,.F.) ;
#4415=ORIENTED_EDGE('',*,*,#4410,.F.) ;
#4434=ORIENTED_EDGE('',*,*,#4315,.T.) ;
#4435=ORIENTED_EDGE('',*,*,#4427,.T.) ;
#4436=ORIENTED_EDGE('',*,*,#4398,.F.) ;
#4437=ORIENTED_EDGE('',*,*,#4432,.F.) ;
#4463=ORIENTED_EDGE('',*,*,#4449,.T.) ;
#4464=ORIENTED_EDGE('',*,*,#4366,.T.) ;
#4465=ORIENTED_EDGE('',*,*,#4358,.T.) ;
#4466=ORIENTED_EDGE('',*,*,#4345,.T.) ;
#4467=ORIENTED_EDGE('',*,*,#4335,.T.) ;
#4468=ORIENTED_EDGE('',*,*,#4325,.T.) ;
#4469=ORIENTED_EDGE('',*,*,#4456,.F.) ;
#4470=ORIENTED_EDGE('',*,*,#4461,.T.) ;
#4496=ORIENTED_EDGE('',*,*,#4405,.T.) ;
#4497=ORIENTED_EDGE('',*,*,#4484,.T.) ;
#4498=ORIENTED_EDGE('',*,*,#4489,.F.) ;
#4499=ORIENTED_EDGE('',*,*,#4494,.F.) ;
#4536=ORIENTED_EDGE('',*,*,#4515,.T.) ;
#4537=ORIENTED_EDGE('',*,*,#4522,.T.) ;
#4538=ORIENTED_EDGE('',*,*,#4529,.T.) ;
#4539=ORIENTED_EDGE('',*,*,#4534,.F.) ;
#4553=ORIENTED_EDGE('',*,*,#4546,.T.) ;
#4554=ORIENTED_EDGE('',*,*,#4534,.T.) ;
#4555=ORIENTED_EDGE('',*,*,#4551,.T.) ;
#4556=ORIENTED_EDGE('',*,*,#4522,.F.) ;
#4593=ORIENTED_EDGE('',*,*,#4572,.T.) ;
#4594=ORIENTED_EDGE('',*,*,#4579,.T.) ;
#4595=ORIENTED_EDGE('',*,*,#4586,.T.) ;
#4596=ORIENTED_EDGE('',*,*,#4591,.F.) ;
#4610=ORIENTED_EDGE('',*,*,#4603,.T.) ;
#4611=ORIENTED_EDGE('',*,*,#4591,.T.) ;
#4612=ORIENTED_EDGE('',*,*,#4608,.T.) ;
#4613=ORIENTED_EDGE('',*,*,#4579,.F.) ;
#4734=ORIENTED_EDGE('',*,*,#4629,.T.) ;
#4735=ORIENTED_EDGE('',*,*,#4634,.F.) ;
#4736=ORIENTED_EDGE('',*,*,#4641,.F.) ;
#4737=ORIENTED_EDGE('',*,*,#4663,.T.) ;
#4738=ORIENTED_EDGE('',*,*,#4685,.T.) ;
#4739=ORIENTED_EDGE('',*,*,#4707,.T.) ;
#4740=ORIENTED_EDGE('',*,*,#4726,.T.) ;
#4741=ORIENTED_EDGE('',*,*,#4732,.T.) ;
#4836=ORIENTED_EDGE('',*,*,#4760,.F.) ;
#4837=ORIENTED_EDGE('',*,*,#4768,.T.) ;
#4838=ORIENTED_EDGE('',*,*,#4776,.F.) ;
#4839=ORIENTED_EDGE('',*,*,#4798,.F.) ;
#4840=ORIENTED_EDGE('',*,*,#4806,.T.) ;
#4841=ORIENTED_EDGE('',*,*,#4814,.F.) ;
#4842=ORIENTED_EDGE('',*,*,#4822,.F.) ;
#4843=ORIENTED_EDGE('',*,*,#4828,.T.) ;
#4844=ORIENTED_EDGE('',*,*,#4834,.T.) ;
#4948=ORIENTED_EDGE('',*,*,#4760,.T.) ;
#4949=ORIENTED_EDGE('',*,*,#4863,.T.) ;
#4950=ORIENTED_EDGE('',*,*,#4869,.F.) ;
#4951=ORIENTED_EDGE('',*,*,#4891,.T.) ;
#4952=ORIENTED_EDGE('',*,*,#4899,.T.) ;
#4953=ORIENTED_EDGE('',*,*,#4915,.T.) ;
#4954=ORIENTED_EDGE('',*,*,#4940,.T.) ;
#4955=ORIENTED_EDGE('',*,*,#4946,.T.) ;
#5018=ORIENTED_EDGE('',*,*,#4869,.T.) ;
#5019=ORIENTED_EDGE('',*,*,#4974,.T.) ;
#5020=ORIENTED_EDGE('',*,*,#4980,.F.) ;
#5021=ORIENTED_EDGE('',*,*,#5002,.T.) ;
#5022=ORIENTED_EDGE('',*,*,#5010,.T.) ;
#5023=ORIENTED_EDGE('',*,*,#5016,.F.) ;
#5085=ORIENTED_EDGE('',*,*,#4980,.T.) ;
#5086=ORIENTED_EDGE('',*,*,#5057,.T.) ;
#5087=ORIENTED_EDGE('',*,*,#5063,.F.) ;
#5088=ORIENTED_EDGE('',*,*,#5076,.T.) ;
#5089=ORIENTED_EDGE('',*,*,#5083,.T.) ;
#5228=ORIENTED_EDGE('',*,*,#5113,.F.) ;
#5229=ORIENTED_EDGE('',*,*,#5123,.F.) ;
#5230=ORIENTED_EDGE('',*,*,#5139,.F.) ;
#5231=ORIENTED_EDGE('',*,*,#5158,.F.) ;
#5232=ORIENTED_EDGE('',*,*,#5180,.F.) ;
#5233=ORIENTED_EDGE('',*,*,#5186,.F.) ;
#5234=ORIENTED_EDGE('',*,*,#5194,.F.) ;
#5235=ORIENTED_EDGE('',*,*,#5213,.T.) ;
#5236=ORIENTED_EDGE('',*,*,#5219,.T.) ;
#5237=ORIENTED_EDGE('',*,*,#5063,.T.) ;
#5238=ORIENTED_EDGE('',*,*,#5226,.T.) ;
#5330=ORIENTED_EDGE('',*,*,#5255,.F.) ;
#5331=ORIENTED_EDGE('',*,*,#5263,.T.) ;
#5332=ORIENTED_EDGE('',*,*,#5268,.F.) ;
#5333=ORIENTED_EDGE('',*,*,#5276,.F.) ;
#5334=ORIENTED_EDGE('',*,*,#5283,.F.) ;
#5335=ORIENTED_EDGE('',*,*,#5288,.F.) ;
#5336=ORIENTED_EDGE('',*,*,#5194,.T.) ;
#5337=ORIENTED_EDGE('',*,*,#5313,.T.) ;
#5338=ORIENTED_EDGE('',*,*,#5321,.T.) ;
#5339=ORIENTED_EDGE('',*,*,#5328,.F.) ;
#5393=ORIENTED_EDGE('',*,*,#5358,.F.) ;
#5394=ORIENTED_EDGE('',*,*,#5377,.F.) ;
#5395=ORIENTED_EDGE('',*,*,#5391,.F.) ;
#5396=ORIENTED_EDGE('',*,*,#5321,.F.) ;
#5397=ORIENTED_EDGE('',*,*,#5313,.F.) ;
#5398=ORIENTED_EDGE('',*,*,#5186,.T.) ;
#5731=ORIENTED_EDGE('',*,*,#5705,.F.) ;
#5732=ORIENTED_EDGE('',*,*,#5718,.T.) ;
#5733=ORIENTED_EDGE('',*,*,#5729,.T.) ;
#5734=ORIENTED_EDGE('',*,*,#5255,.T.) ;
#5735=ORIENTED_EDGE('',*,*,#5328,.T.) ;
#5736=ORIENTED_EDGE('',*,*,#5391,.T.) ;
#5737=ORIENTED_EDGE('',*,*,#5377,.T.) ;
#5738=ORIENTED_EDGE('',*,*,#5358,.T.) ;
#5739=ORIENTED_EDGE('',*,*,#5180,.T.) ;
#5740=ORIENTED_EDGE('',*,*,#5158,.T.) ;
#5741=ORIENTED_EDGE('',*,*,#5139,.T.) ;
#5742=ORIENTED_EDGE('',*,*,#5123,.T.) ;
#5743=ORIENTED_EDGE('',*,*,#5113,.T.) ;
#5769=ORIENTED_EDGE('',*,*,#5757,.T.) ;
#5770=ORIENTED_EDGE('',*,*,#5762,.T.) ;
#5771=ORIENTED_EDGE('',*,*,#5718,.F.) ;
#5772=ORIENTED_EDGE('',*,*,#5767,.F.) ;
#5850=ORIENTED_EDGE('',*,*,#5729,.F.) ;
#5851=ORIENTED_EDGE('',*,*,#5800,.T.) ;
#5852=ORIENTED_EDGE('',*,*,#5808,.F.) ;
#5853=ORIENTED_EDGE('',*,*,#5816,.F.) ;
#5854=ORIENTED_EDGE('',*,*,#5841,.T.) ;
#5855=ORIENTED_EDGE('',*,*,#5848,.T.) ;
#5856=ORIENTED_EDGE('',*,*,#5263,.F.) ;
#5865=ORIENTED_EDGE('',*,*,#4427,.F.) ;
#5866=ORIENTED_EDGE('',*,*,#4302,.F.) ;
#5867=ORIENTED_EDGE('',*,*,#4145,.F.) ;
#5868=ORIENTED_EDGE('',*,*,#4066,.F.) ;
#5869=ORIENTED_EDGE('',*,*,#4195,.T.) ;
#5891=ORIENTED_EDGE('',*,*,#5762,.F.) ;
#5892=ORIENTED_EDGE('',*,*,#5884,.F.) ;
#5893=ORIENTED_EDGE('',*,*,#4484,.F.) ;
#5894=ORIENTED_EDGE('',*,*,#4200,.F.) ;
#5895=ORIENTED_EDGE('',*,*,#4033,.F.) ;
#5896=ORIENTED_EDGE('',*,*,#5889,.F.) ;
#5897=ORIENTED_EDGE('',*,*,#5800,.F.) ;
#5906=ORIENTED_EDGE('',*,*,#3907,.F.) ;
#5907=ORIENTED_EDGE('',*,*,#3879,.F.) ;
#5974=ORIENTED_EDGE('',*,*,#5943,.F.) ;
#5975=ORIENTED_EDGE('',*,*,#5965,.F.) ;
#5976=ORIENTED_EDGE('',*,*,#5972,.T.) ;
#5977=ORIENTED_EDGE('',*,*,#3842,.F.) ;
#5978=ORIENTED_EDGE('',*,*,#3835,.F.) ;
#5979=ORIENTED_EDGE('',*,*,#4019,.T.) ;
#5988=ORIENTED_EDGE('',*,*,#3691,.F.) ;
#5989=ORIENTED_EDGE('',*,*,#3563,.F.) ;
#6008=ORIENTED_EDGE('',*,*,#3535,.F.) ;
#6009=ORIENTED_EDGE('',*,*,#6001,.F.) ;
#6010=ORIENTED_EDGE('',*,*,#5816,.T.) ;
#6011=ORIENTED_EDGE('',*,*,#5808,.T.) ;
#6012=ORIENTED_EDGE('',*,*,#5889,.T.) ;
#6013=ORIENTED_EDGE('',*,*,#4026,.F.) ;
#6014=ORIENTED_EDGE('',*,*,#6006,.F.) ;
#6015=ORIENTED_EDGE('',*,*,#3541,.F.) ;
#6029=ORIENTED_EDGE('',*,*,#3820,.F.) ;
#6030=ORIENTED_EDGE('',*,*,#3812,.F.) ;
#6031=ORIENTED_EDGE('',*,*,#6027,.T.) ;
#6032=ORIENTED_EDGE('',*,*,#3521,.F.) ;
#6033=ORIENTED_EDGE('',*,*,#6006,.T.) ;
#6042=ORIENTED_EDGE('',*,*,#3475,.F.) ;
#6043=ORIENTED_EDGE('',*,*,#5268,.T.) ;
#6044=ORIENTED_EDGE('',*,*,#5848,.F.) ;
#6045=ORIENTED_EDGE('',*,*,#5841,.F.) ;
#6046=ORIENTED_EDGE('',*,*,#6001,.T.) ;
#6055=ORIENTED_EDGE('',*,*,#3314,.F.) ;
#6056=ORIENTED_EDGE('',*,*,#3293,.F.) ;
#6070=ORIENTED_EDGE('',*,*,#3157,.F.) ;
#6071=ORIENTED_EDGE('',*,*,#6063,.F.) ;
#6072=ORIENTED_EDGE('',*,*,#4798,.T.) ;
#6073=ORIENTED_EDGE('',*,*,#4776,.T.) ;
#6074=ORIENTED_EDGE('',*,*,#4768,.F.) ;
#6075=ORIENTED_EDGE('',*,*,#4946,.F.) ;
#6076=ORIENTED_EDGE('',*,*,#4940,.F.) ;
#6077=ORIENTED_EDGE('',*,*,#4915,.F.) ;
#6078=ORIENTED_EDGE('',*,*,#4899,.F.) ;
#6079=ORIENTED_EDGE('',*,*,#4891,.F.) ;
#6080=ORIENTED_EDGE('',*,*,#5016,.T.) ;
#6081=ORIENTED_EDGE('',*,*,#6068,.F.) ;
#6082=ORIENTED_EDGE('',*,*,#3164,.F.) ;
#6091=ORIENTED_EDGE('',*,*,#3109,.F.) ;
#6092=ORIENTED_EDGE('',*,*,#6089,.T.) ;
#6093=ORIENTED_EDGE('',*,*,#4806,.F.) ;
#6094=ORIENTED_EDGE('',*,*,#6063,.T.) ;
#6103=ORIENTED_EDGE('',*,*,#3046,.F.) ;
#6104=ORIENTED_EDGE('',*,*,#6068,.T.) ;
#6105=ORIENTED_EDGE('',*,*,#5010,.F.) ;
#6106=ORIENTED_EDGE('',*,*,#5002,.F.) ;
#6107=ORIENTED_EDGE('',*,*,#5083,.F.) ;
#6108=ORIENTED_EDGE('',*,*,#5076,.F.) ;
#6109=ORIENTED_EDGE('',*,*,#5219,.F.) ;
#6110=ORIENTED_EDGE('',*,*,#5213,.F.) ;
#6111=ORIENTED_EDGE('',*,*,#5288,.T.) ;
#6148=ORIENTED_EDGE('',*,*,#3469,.T.) ;
#6149=ORIENTED_EDGE('',*,*,#6146,.T.) ;
#6150=ORIENTED_EDGE('',*,*,#3003,.F.) ;
#6151=ORIENTED_EDGE('',*,*,#5283,.T.) ;
#6152=ORIENTED_EDGE('',*,*,#5276,.T.) ;
#6197=ORIENTED_EDGE('',*,*,#3103,.T.) ;
#6198=ORIENTED_EDGE('',*,*,#6181,.T.) ;
#6199=ORIENTED_EDGE('',*,*,#2909,.F.) ;
#6200=ORIENTED_EDGE('',*,*,#6189,.T.) ;
#6201=ORIENTED_EDGE('',*,*,#6195,.T.) ;
#6210=ORIENTED_EDGE('',*,*,#2677,.F.) ;
#6211=ORIENTED_EDGE('',*,*,#2802,.F.) ;
#6237=ORIENTED_EDGE('',*,*,#6225,.T.) ;
#6238=ORIENTED_EDGE('',*,*,#6230,.T.) ;
#6239=ORIENTED_EDGE('',*,*,#2621,.F.) ;
#6240=ORIENTED_EDGE('',*,*,#6235,.F.) ;
#6249=ORIENTED_EDGE('',*,*,#2540,.F.) ;
#6250=ORIENTED_EDGE('',*,*,#2576,.F.) ;
#6259=ORIENTED_EDGE('',*,*,#2379,.F.) ;
#6260=ORIENTED_EDGE('',*,*,#2355,.F.) ;
#6269=ORIENTED_EDGE('',*,*,#4489,.T.) ;
#6270=ORIENTED_EDGE('',*,*,#5884,.T.) ;
#6271=ORIENTED_EDGE('',*,*,#5757,.F.) ;
#6272=ORIENTED_EDGE('',*,*,#2157,.F.) ;
#6273=ORIENTED_EDGE('',*,*,#2149,.F.) ;
#6282=ORIENTED_EDGE('',*,*,#5226,.F.) ;
#6283=ORIENTED_EDGE('',*,*,#5057,.F.) ;
#6284=ORIENTED_EDGE('',*,*,#4974,.F.) ;
#6285=ORIENTED_EDGE('',*,*,#4863,.F.) ;
#6286=ORIENTED_EDGE('',*,*,#4834,.F.) ;
#6287=ORIENTED_EDGE('',*,*,#6280,.T.) ;
#6288=ORIENTED_EDGE('',*,*,#2114,.F.) ;
#6289=ORIENTED_EDGE('',*,*,#2106,.F.) ;
#6290=ORIENTED_EDGE('',*,*,#2162,.T.) ;
#6291=ORIENTED_EDGE('',*,*,#5767,.T.) ;
#6292=ORIENTED_EDGE('',*,*,#5705,.T.) ;
#6309=ORIENTED_EDGE('',*,*,#4456,.T.) ;
#6310=ORIENTED_EDGE('',*,*,#4432,.T.) ;
#6311=ORIENTED_EDGE('',*,*,#4410,.T.) ;
#6312=ORIENTED_EDGE('',*,*,#4494,.T.) ;
#6313=ORIENTED_EDGE('',*,*,#2141,.T.) ;
#6314=ORIENTED_EDGE('',*,*,#2020,.F.) ;
#6315=ORIENTED_EDGE('',*,*,#6307,.T.) ;
#6316=ORIENTED_EDGE('',*,*,#4641,.T.) ;
#6330=ORIENTED_EDGE('',*,*,#4634,.T.) ;
#6331=ORIENTED_EDGE('',*,*,#6328,.T.) ;
#6332=ORIENTED_EDGE('',*,*,#1989,.F.) ;
#6333=ORIENTED_EDGE('',*,*,#4461,.F.) ;
#6362=ORIENTED_EDGE('',*,*,#2928,.T.) ;
#6363=ORIENTED_EDGE('',*,*,#2923,.T.) ;
#6364=ORIENTED_EDGE('',*,*,#6347,.T.) ;
#6365=ORIENTED_EDGE('',*,*,#6355,.T.) ;
#6366=ORIENTED_EDGE('',*,*,#6360,.T.) ;
#6367=ORIENTED_EDGE('',*,*,#1946,.F.) ;
#6376=ORIENTED_EDGE('',*,*,#4814,.T.) ;
#6377=ORIENTED_EDGE('',*,*,#6089,.F.) ;
#6378=ORIENTED_EDGE('',*,*,#6195,.F.) ;
#6379=ORIENTED_EDGE('',*,*,#6189,.F.) ;
#6380=ORIENTED_EDGE('',*,*,#2933,.F.) ;
#6381=ORIENTED_EDGE('',*,*,#1939,.F.) ;
#6382=ORIENTED_EDGE('',*,*,#6374,.T.) ;
#6383=ORIENTED_EDGE('',*,*,#4822,.T.) ;
#6392=ORIENTED_EDGE('',*,*,#2119,.F.) ;
#6393=ORIENTED_EDGE('',*,*,#6280,.F.) ;
#6394=ORIENTED_EDGE('',*,*,#4828,.F.) ;
#6395=ORIENTED_EDGE('',*,*,#6374,.F.) ;
#6396=ORIENTED_EDGE('',*,*,#1932,.F.) ;
#6410=ORIENTED_EDGE('',*,*,#4732,.F.) ;
#6411=ORIENTED_EDGE('',*,*,#4726,.F.) ;
#6412=ORIENTED_EDGE('',*,*,#4707,.F.) ;
#6413=ORIENTED_EDGE('',*,*,#4685,.F.) ;
#6414=ORIENTED_EDGE('',*,*,#4663,.F.) ;
#6415=ORIENTED_EDGE('',*,*,#6307,.F.) ;
#6416=ORIENTED_EDGE('',*,*,#2013,.F.) ;
#6417=ORIENTED_EDGE('',*,*,#1882,.F.) ;
#6418=ORIENTED_EDGE('',*,*,#1810,.F.) ;
#6419=ORIENTED_EDGE('',*,*,#6408,.T.) ;
#6428=ORIENTED_EDGE('',*,*,#1994,.F.) ;
#6429=ORIENTED_EDGE('',*,*,#6328,.F.) ;
#6430=ORIENTED_EDGE('',*,*,#4629,.F.) ;
#6431=ORIENTED_EDGE('',*,*,#6408,.F.) ;
#6432=ORIENTED_EDGE('',*,*,#1800,.F.) ;
#6433=ORIENTED_EDGE('',*,*,#1854,.F.) ;
#6454=ORIENTED_EDGE('',*,*,#6447,.F.) ;
#6455=ORIENTED_EDGE('',*,*,#1859,.F.) ;
#6456=ORIENTED_EDGE('',*,*,#1786,.T.) ;
#6457=ORIENTED_EDGE('',*,*,#1770,.T.) ;
#6458=ORIENTED_EDGE('',*,*,#1751,.T.) ;
#6459=ORIENTED_EDGE('',*,*,#1723,.T.) ;
#6460=ORIENTED_EDGE('',*,*,#6452,.F.) ;
#6522=ORIENTED_EDGE('',*,*,#6360,.F.) ;
#6523=ORIENTED_EDGE('',*,*,#6355,.F.) ;
#6524=ORIENTED_EDGE('',*,*,#6504,.T.) ;
#6525=ORIENTED_EDGE('',*,*,#6513,.F.) ;
#6526=ORIENTED_EDGE('',*,*,#6520,.F.) ;
#6527=ORIENTED_EDGE('',*,*,#1703,.T.) ;
#6528=ORIENTED_EDGE('',*,*,#1957,.T.) ;
#6616=ORIENTED_EDGE('',*,*,#6582,.T.) ;
#6617=ORIENTED_EDGE('',*,*,#1678,.T.) ;
#6618=ORIENTED_EDGE('',*,*,#1661,.F.) ;
#6619=ORIENTED_EDGE('',*,*,#6225,.F.) ;
#6620=ORIENTED_EDGE('',*,*,#6614,.T.) ;
#6641=ORIENTED_EDGE('',*,*,#6634,.T.) ;
#6642=ORIENTED_EDGE('',*,*,#1558,.F.) ;
#6643=ORIENTED_EDGE('',*,*,#6582,.F.) ;
#6644=ORIENTED_EDGE('',*,*,#6639,.T.) ;
#6718=ORIENTED_EDGE('',*,*,#6675,.T.) ;
#6719=ORIENTED_EDGE('',*,*,#1625,.F.) ;
#6720=ORIENTED_EDGE('',*,*,#1529,.T.) ;
#6721=ORIENTED_EDGE('',*,*,#6683,.F.) ;
#6722=ORIENTED_EDGE('',*,*,#6702,.F.) ;
#6723=ORIENTED_EDGE('',*,*,#6716,.F.) ;
#6839=ORIENTED_EDGE('',*,*,#6785,.F.) ;
#6840=ORIENTED_EDGE('',*,*,#6807,.F.) ;
#6841=ORIENTED_EDGE('',*,*,#6814,.F.) ;
#6842=ORIENTED_EDGE('',*,*,#1572,.T.) ;
#6843=ORIENTED_EDGE('',*,*,#6634,.F.) ;
#6844=ORIENTED_EDGE('',*,*,#6837,.T.) ;
#6863=ORIENTED_EDGE('',*,*,#6856,.F.) ;
#6864=ORIENTED_EDGE('',*,*,#6837,.F.) ;
#6865=ORIENTED_EDGE('',*,*,#6861,.F.) ;
#6866=ORIENTED_EDGE('',*,*,#5972,.F.) ;
#6870=ORIENTED_EDGE('',*,*,#4515,.F.) ;
#6871=ORIENTED_EDGE('',*,*,#4546,.F.) ;
#6874=ORIENTED_EDGE('',*,*,#1430,.F.) ;
#6875=ORIENTED_EDGE('',*,*,#1399,.F.) ;
#6879=ORIENTED_EDGE('',*,*,#4572,.F.) ;
#6880=ORIENTED_EDGE('',*,*,#4603,.F.) ;
#6883=ORIENTED_EDGE('',*,*,#1373,.F.) ;
#6884=ORIENTED_EDGE('',*,*,#1342,.F.) ;
#6908=ORIENTED_EDGE('',*,*,#1842,.F.) ;
#6909=ORIENTED_EDGE('',*,*,#6447,.T.) ;
#6910=ORIENTED_EDGE('',*,*,#6896,.T.) ;
#6911=ORIENTED_EDGE('',*,*,#1302,.F.) ;
#6912=ORIENTED_EDGE('',*,*,#6901,.T.) ;
#6913=ORIENTED_EDGE('',*,*,#1262,.F.) ;
#6914=ORIENTED_EDGE('',*,*,#6906,.T.) ;
#6915=ORIENTED_EDGE('',*,*,#5965,.T.) ;
#6916=ORIENTED_EDGE('',*,*,#5943,.T.) ;
#6917=ORIENTED_EDGE('',*,*,#4008,.F.) ;
#6918=ORIENTED_EDGE('',*,*,#4166,.T.) ;
#6919=ORIENTED_EDGE('',*,*,#4449,.F.) ;
#6920=ORIENTED_EDGE('',*,*,#1982,.T.) ;
#6923=ORIENTED_EDGE('',*,*,#4529,.F.) ;
#6924=ORIENTED_EDGE('',*,*,#4551,.F.) ;
#6927=ORIENTED_EDGE('',*,*,#4586,.F.) ;
#6928=ORIENTED_EDGE('',*,*,#4608,.F.) ;
#6942=ORIENTED_EDGE('',*,*,#6901,.F.) ;
#6943=ORIENTED_EDGE('',*,*,#1321,.T.) ;
#6944=ORIENTED_EDGE('',*,*,#6940,.F.) ;
#6945=ORIENTED_EDGE('',*,*,#1269,.T.) ;
#6991=ORIENTED_EDGE('',*,*,#1240,.F.) ;
#6992=ORIENTED_EDGE('',*,*,#1233,.F.) ;
#6993=ORIENTED_EDGE('',*,*,#2635,.T.) ;
#6994=ORIENTED_EDGE('',*,*,#6989,.F.) ;
#7008=ORIENTED_EDGE('',*,*,#1211,.F.) ;
#7009=ORIENTED_EDGE('',*,*,#7006,.T.) ;
#7010=ORIENTED_EDGE('',*,*,#6027,.F.) ;
#7011=ORIENTED_EDGE('',*,*,#3847,.F.) ;
#7012=ORIENTED_EDGE('',*,*,#6861,.T.) ;
#7013=ORIENTED_EDGE('',*,*,#6639,.F.) ;
#7014=ORIENTED_EDGE('',*,*,#6614,.F.) ;
#7015=ORIENTED_EDGE('',*,*,#6235,.T.) ;
#7016=ORIENTED_EDGE('',*,*,#2649,.F.) ;
#7017=ORIENTED_EDGE('',*,*,#2643,.F.) ;
#7020=ORIENTED_EDGE('',*,*,#3865,.F.) ;
#7021=ORIENTED_EDGE('',*,*,#3902,.F.) ;
#7035=ORIENTED_EDGE('',*,*,#1070,.F.) ;
#7036=ORIENTED_EDGE('',*,*,#7033,.T.) ;
#7093=ORIENTED_EDGE('',*,*,#1046,.F.) ;
#7094=ORIENTED_EDGE('',*,*,#7091,.T.) ;
#7095=ORIENTED_EDGE('',*,*,#3014,.F.) ;
#7096=ORIENTED_EDGE('',*,*,#6146,.F.) ;
#7097=ORIENTED_EDGE('',*,*,#3460,.F.) ;
#7098=ORIENTED_EDGE('',*,*,#3527,.F.) ;
#7099=ORIENTED_EDGE('',*,*,#7006,.F.) ;
#7100=ORIENTED_EDGE('',*,*,#1146,.F.) ;
#7103=ORIENTED_EDGE('',*,*,#3670,.F.) ;
#7104=ORIENTED_EDGE('',*,*,#3661,.F.) ;
#7105=ORIENTED_EDGE('',*,*,#3645,.F.) ;
#7106=ORIENTED_EDGE('',*,*,#3617,.F.) ;
#7107=ORIENTED_EDGE('',*,*,#3592,.F.) ;
#7108=ORIENTED_EDGE('',*,*,#3786,.F.) ;
#7109=ORIENTED_EDGE('',*,*,#3779,.F.) ;
#7110=ORIENTED_EDGE('',*,*,#3757,.F.) ;
#7111=ORIENTED_EDGE('',*,*,#3735,.F.) ;
#7112=ORIENTED_EDGE('',*,*,#3713,.F.) ;
#7169=ORIENTED_EDGE('',*,*,#3025,.F.) ;
#7170=ORIENTED_EDGE('',*,*,#7091,.F.) ;
#7171=ORIENTED_EDGE('',*,*,#1033,.F.) ;
#7172=ORIENTED_EDGE('',*,*,#922,.F.) ;
#7173=ORIENTED_EDGE('',*,*,#7167,.F.) ;
#7174=ORIENTED_EDGE('',*,*,#6181,.F.) ;
#7175=ORIENTED_EDGE('',*,*,#3094,.F.) ;
#7176=ORIENTED_EDGE('',*,*,#3149,.F.) ;
#7179=ORIENTED_EDGE('',*,*,#3279,.F.) ;
#7180=ORIENTED_EDGE('',*,*,#3270,.F.) ;
#7181=ORIENTED_EDGE('',*,*,#3254,.F.) ;
#7182=ORIENTED_EDGE('',*,*,#3226,.F.) ;
#7183=ORIENTED_EDGE('',*,*,#3201,.F.) ;
#7184=ORIENTED_EDGE('',*,*,#3409,.F.) ;
#7185=ORIENTED_EDGE('',*,*,#3402,.F.) ;
#7186=ORIENTED_EDGE('',*,*,#3380,.F.) ;
#7187=ORIENTED_EDGE('',*,*,#3358,.F.) ;
#7188=ORIENTED_EDGE('',*,*,#3336,.F.) ;
#7202=ORIENTED_EDGE('',*,*,#2916,.F.) ;
#7203=ORIENTED_EDGE('',*,*,#7167,.T.) ;
#7204=ORIENTED_EDGE('',*,*,#831,.F.) ;
#7205=ORIENTED_EDGE('',*,*,#7195,.T.) ;
#7206=ORIENTED_EDGE('',*,*,#2552,.F.) ;
#7207=ORIENTED_EDGE('',*,*,#2581,.F.) ;
#7208=ORIENTED_EDGE('',*,*,#7200,.T.) ;
#7209=ORIENTED_EDGE('',*,*,#6347,.F.) ;
#7234=ORIENTED_EDGE('',*,*,#2858,.F.) ;
#7235=ORIENTED_EDGE('',*,*,#2849,.F.) ;
#7236=ORIENTED_EDGE('',*,*,#2830,.F.) ;
#7237=ORIENTED_EDGE('',*,*,#2780,.F.) ;
#7238=ORIENTED_EDGE('',*,*,#2771,.F.) ;
#7239=ORIENTED_EDGE('',*,*,#2749,.F.) ;
#7240=ORIENTED_EDGE('',*,*,#7221,.T.) ;
#7241=ORIENTED_EDGE('',*,*,#6675,.F.) ;
#7242=ORIENTED_EDGE('',*,*,#7227,.F.) ;
#7243=ORIENTED_EDGE('',*,*,#685,.F.) ;
#7244=ORIENTED_EDGE('',*,*,#7232,.T.) ;
#7292=ORIENTED_EDGE('',*,*,#1653,.F.) ;
#7293=ORIENTED_EDGE('',*,*,#7221,.F.) ;
#7294=ORIENTED_EDGE('',*,*,#2730,.F.) ;
#7295=ORIENTED_EDGE('',*,*,#2722,.F.) ;
#7296=ORIENTED_EDGE('',*,*,#2706,.F.) ;
#7297=ORIENTED_EDGE('',*,*,#2884,.F.) ;
#7298=ORIENTED_EDGE('',*,*,#2877,.F.) ;
#7299=ORIENTED_EDGE('',*,*,#7232,.F.) ;
#7300=ORIENTED_EDGE('',*,*,#642,.F.) ;
#7301=ORIENTED_EDGE('',*,*,#7284,.F.) ;
#7302=ORIENTED_EDGE('',*,*,#7290,.F.) ;
#7303=ORIENTED_EDGE('',*,*,#6230,.F.) ;
#7352=ORIENTED_EDGE('',*,*,#2629,.F.) ;
#7353=ORIENTED_EDGE('',*,*,#7290,.T.) ;
#7354=ORIENTED_EDGE('',*,*,#7284,.T.) ;
#7355=ORIENTED_EDGE('',*,*,#634,.F.) ;
#7356=ORIENTED_EDGE('',*,*,#7350,.T.) ;
#7357=ORIENTED_EDGE('',*,*,#6989,.T.) ;
#7386=ORIENTED_EDGE('',*,*,#7371,.F.) ;
#7387=ORIENTED_EDGE('',*,*,#7379,.F.) ;
#7388=ORIENTED_EDGE('',*,*,#7384,.F.) ;
#7389=ORIENTED_EDGE('',*,*,#6504,.F.) ;
#7390=ORIENTED_EDGE('',*,*,#7200,.F.) ;
#7391=ORIENTED_EDGE('',*,*,#2196,.F.) ;
#7392=ORIENTED_EDGE('',*,*,#7195,.F.) ;
#7393=ORIENTED_EDGE('',*,*,#795,.F.) ;
#7394=ORIENTED_EDGE('',*,*,#588,.F.) ;
#7397=ORIENTED_EDGE('',*,*,#2512,.F.) ;
#7398=ORIENTED_EDGE('',*,*,#2506,.F.) ;
#7399=ORIENTED_EDGE('',*,*,#2496,.F.) ;
#7400=ORIENTED_EDGE('',*,*,#2480,.F.) ;
#7401=ORIENTED_EDGE('',*,*,#2461,.F.) ;
#7402=ORIENTED_EDGE('',*,*,#2436,.F.) ;
#7403=ORIENTED_EDGE('',*,*,#2417,.F.) ;
#7404=ORIENTED_EDGE('',*,*,#2395,.F.) ;
#7405=ORIENTED_EDGE('',*,*,#2341,.F.) ;
#7406=ORIENTED_EDGE('',*,*,#2333,.F.) ;
#7407=ORIENTED_EDGE('',*,*,#2323,.F.) ;
#7408=ORIENTED_EDGE('',*,*,#2307,.F.) ;
#7409=ORIENTED_EDGE('',*,*,#2285,.F.) ;
#7410=ORIENTED_EDGE('',*,*,#2275,.F.) ;
#7411=ORIENTED_EDGE('',*,*,#2265,.F.) ;
#7412=ORIENTED_EDGE('',*,*,#2243,.F.) ;
#7440=ORIENTED_EDGE('',*,*,#7428,.T.) ;
#7441=ORIENTED_EDGE('',*,*,#7433,.F.) ;
#7442=ORIENTED_EDGE('',*,*,#509,.F.) ;
#7443=ORIENTED_EDGE('',*,*,#7438,.T.) ;
#7496=ORIENTED_EDGE('',*,*,#788,.F.) ;
#7497=ORIENTED_EDGE('',*,*,#847,.F.) ;
#7498=ORIENTED_EDGE('',*,*,#943,.F.) ;
#7499=ORIENTED_EDGE('',*,*,#7033,.F.) ;
#7500=ORIENTED_EDGE('',*,*,#1167,.F.) ;
#7501=ORIENTED_EDGE('',*,*,#1203,.F.) ;
#7502=ORIENTED_EDGE('',*,*,#7350,.F.) ;
#7503=ORIENTED_EDGE('',*,*,#442,.F.) ;
#7517=ORIENTED_EDGE('',*,*,#7515,.T.) ;
#7518=ORIENTED_EDGE('',*,*,#400,.F.) ;
#7519=ORIENTED_EDGE('',*,*,#514,.F.) ;
#7520=ORIENTED_EDGE('',*,*,#7433,.T.) ;
#7524=ORIENTED_EDGE('',*,*,#331,.F.) ;
#7525=ORIENTED_EDGE('',*,*,#362,.F.) ;
#7528=ORIENTED_EDGE('',*,*,#1493,.F.) ;
#7529=ORIENTED_EDGE('',*,*,#1462,.F.) ;
#7548=ORIENTED_EDGE('',*,*,#258,.T.) ;
#7549=ORIENTED_EDGE('',*,*,#405,.F.) ;
#7550=ORIENTED_EDGE('',*,*,#7515,.F.) ;
#7551=ORIENTED_EDGE('',*,*,#7428,.F.) ;
#7552=ORIENTED_EDGE('',*,*,#7541,.F.) ;
#7553=ORIENTED_EDGE('',*,*,#1309,.T.) ;
#7554=ORIENTED_EDGE('',*,*,#6896,.F.) ;
#7555=ORIENTED_EDGE('',*,*,#6452,.T.) ;
#7556=ORIENTED_EDGE('',*,*,#1710,.F.) ;
#7557=ORIENTED_EDGE('',*,*,#6520,.T.) ;
#7558=ORIENTED_EDGE('',*,*,#6513,.T.) ;
#7559=ORIENTED_EDGE('',*,*,#7384,.T.) ;
#7560=ORIENTED_EDGE('',*,*,#7379,.T.) ;
#7561=ORIENTED_EDGE('',*,*,#7371,.T.) ;
#7562=ORIENTED_EDGE('',*,*,#580,.T.) ;
#7563=ORIENTED_EDGE('',*,*,#570,.T.) ;
#7564=ORIENTED_EDGE('',*,*,#551,.T.) ;
#7565=ORIENTED_EDGE('',*,*,#425,.T.) ;
#7566=ORIENTED_EDGE('',*,*,#291,.F.) ;
#7567=ORIENTED_EDGE('',*,*,#7546,.F.) ;
#7586=ORIENTED_EDGE('',*,*,#222,.T.) ;
#7587=ORIENTED_EDGE('',*,*,#7579,.F.) ;
#7588=ORIENTED_EDGE('',*,*,#495,.F.) ;
#7589=ORIENTED_EDGE('',*,*,#386,.T.) ;
#7590=ORIENTED_EDGE('',*,*,#270,.T.) ;
#7591=ORIENTED_EDGE('',*,*,#7584,.F.) ;
#7610=ORIENTED_EDGE('',*,*,#7603,.T.) ;
#7611=ORIENTED_EDGE('',*,*,#208,.T.) ;
#7612=ORIENTED_EDGE('',*,*,#7608,.F.) ;
#7613=ORIENTED_EDGE('',*,*,#305,.F.) ;
#7614=ORIENTED_EDGE('',*,*,#473,.T.) ;
#7615=ORIENTED_EDGE('',*,*,#734,.T.) ;
#7616=ORIENTED_EDGE('',*,*,#720,.T.) ;
#7617=ORIENTED_EDGE('',*,*,#710,.T.) ;
#7618=ORIENTED_EDGE('',*,*,#694,.T.) ;
#7619=ORIENTED_EDGE('',*,*,#7227,.T.) ;
#7620=ORIENTED_EDGE('',*,*,#6716,.T.) ;
#7621=ORIENTED_EDGE('',*,*,#6702,.T.) ;
#7622=ORIENTED_EDGE('',*,*,#6683,.T.) ;
#7623=ORIENTED_EDGE('',*,*,#1519,.F.) ;
#7624=ORIENTED_EDGE('',*,*,#6814,.T.) ;
#7625=ORIENTED_EDGE('',*,*,#6807,.T.) ;
#7626=ORIENTED_EDGE('',*,*,#6785,.T.) ;
#7627=ORIENTED_EDGE('',*,*,#6856,.T.) ;
#7628=ORIENTED_EDGE('',*,*,#6906,.F.) ;
#7629=ORIENTED_EDGE('',*,*,#1281,.T.) ;
#7638=ORIENTED_EDGE('',*,*,#7579,.T.) ;
#7639=ORIENTED_EDGE('',*,*,#215,.T.) ;
#7640=ORIENTED_EDGE('',*,*,#7603,.F.) ;
#7641=ORIENTED_EDGE('',*,*,#1276,.F.) ;
#7642=ORIENTED_EDGE('',*,*,#6940,.T.) ;
#7643=ORIENTED_EDGE('',*,*,#1316,.F.) ;
#7644=ORIENTED_EDGE('',*,*,#7541,.T.) ;
#7645=ORIENTED_EDGE('',*,*,#7438,.F.) ;
#7646=ORIENTED_EDGE('',*,*,#502,.F.) ;
#7649=ORIENTED_EDGE('',*,*,#1356,.F.) ;
#7650=ORIENTED_EDGE('',*,*,#1378,.F.) ;
#7653=ORIENTED_EDGE('',*,*,#170,.F.) ;
#7654=ORIENTED_EDGE('',*,*,#187,.F.) ;
#7657=ORIENTED_EDGE('',*,*,#1413,.F.) ;
#7658=ORIENTED_EDGE('',*,*,#1441,.F.) ;
#7661=ORIENTED_EDGE('',*,*,#1476,.F.) ;
#7662=ORIENTED_EDGE('',*,*,#1498,.F.) ;
#7666=ORIENTED_EDGE('',*,*,#7608,.T.) ;
#7667=ORIENTED_EDGE('',*,*,#227,.F.) ;
#7668=ORIENTED_EDGE('',*,*,#7584,.T.) ;
#7669=ORIENTED_EDGE('',*,*,#265,.F.) ;
#7670=ORIENTED_EDGE('',*,*,#7546,.T.) ;
#7671=ORIENTED_EDGE('',*,*,#310,.F.) ;
#7674=ORIENTED_EDGE('',*,*,#127,.F.) ;
#7675=ORIENTED_EDGE('',*,*,#144,.F.) ;
#7678=ORIENTED_EDGE('',*,*,#345,.F.) ;
#7679=ORIENTED_EDGE('',*,*,#367,.F.) ;
#50=EDGE_LOOP('',(#51,#52)) ;
#104=EDGE_LOOP('',(#105,#106)) ;
#133=EDGE_LOOP('',(#134,#135,#136,#137)) ;
#145=EDGE_LOOP('',(#146,#147,#148,#149)) ;
#176=EDGE_LOOP('',(#177,#178,#179,#180)) ;
#188=EDGE_LOOP('',(#189,#190,#191,#192)) ;
#228=EDGE_LOOP('',(#229,#230,#231,#232)) ;
#271=EDGE_LOOP('',(#272,#273,#274,#275)) ;
#311=EDGE_LOOP('',(#312,#313,#314,#315)) ;
#351=EDGE_LOOP('',(#352,#353,#354,#355)) ;
#368=EDGE_LOOP('',(#369,#370,#371,#372)) ;
#406=EDGE_LOOP('',(#407,#408,#409,#410,#411)) ;
#474=EDGE_LOOP('',(#475,#476,#477,#478,#479,#480,#481)) ;
#515=EDGE_LOOP('',(#516,#517,#518,#519,#520)) ;
#596=EDGE_LOOP('',(#597,#598,#599,#600,#601,#602)) ;
#650=EDGE_LOOP('',(#651,#652,#653,#654)) ;
#735=EDGE_LOOP('',(#736,#737,#738,#739,#740,#741,#742)) ;
#796=EDGE_LOOP('',(#797,#798,#799,#800)) ;
#848=EDGE_LOOP('',(#849,#850,#851,#852)) ;
#944=EDGE_LOOP('',(#945,#946,#947,#948)) ;
#1071=EDGE_LOOP('',(#1072,#1073,#1074,#1075,#1076)) ;
#1168=EDGE_LOOP('',(#1169,#1170,#1171,#1172)) ;
#1241=EDGE_LOOP('',(#1242,#1243,#1244,#1245,#1246)) ;
#1282=EDGE_LOOP('',(#1283,#1284,#1285,#1286)) ;
#1322=EDGE_LOOP('',(#1323,#1324,#1325,#1326)) ;
#1362=EDGE_LOOP('',(#1363,#1364,#1365,#1366)) ;
#1379=EDGE_LOOP('',(#1380,#1381,#1382,#1383)) ;
#1419=EDGE_LOOP('',(#1420,#1421,#1422,#1423)) ;
#1442=EDGE_LOOP('',(#1443,#1444,#1445,#1446)) ;
#1482=EDGE_LOOP('',(#1483,#1484,#1485,#1486)) ;
#1499=EDGE_LOOP('',(#1500,#1501,#1502,#1503)) ;
#1573=EDGE_LOOP('',(#1574,#1575,#1576,#1577,#1578)) ;
#1679=EDGE_LOOP('',(#1680,#1681,#1682,#1683,#1684)) ;
#1816=EDGE_LOOP('',(#1817,#1818,#1819,#1820,#1821,#1822,#1823,#1824,#1825,#1826)) ;
#1860=EDGE_LOOP('',(#1861,#1862,#1863,#1864,#1865)) ;
#1958=EDGE_LOOP('',(#1959,#1960,#1961,#1962,#1963,#1964,#1965,#1966,#1967,#1968)) ;
#1995=EDGE_LOOP('',(#1996,#1997,#1998,#1999)) ;
#2058=EDGE_LOOP('',(#2059,#2060,#2061,#2062,#2063,#2064,#2065,#2066)) ;
#2082=EDGE_LOOP('',(#2083,#2084,#2085)) ;
#2120=EDGE_LOOP('',(#2121,#2122,#2123,#2124,#2125,#2126,#2127)) ;
#2163=EDGE_LOOP('',(#2164,#2165,#2166,#2167,#2168,#2169)) ;
#2177=EDGE_LOOP('',(#2178,#2179,#2180)) ;
#2209=EDGE_LOOP('',(#2210,#2211,#2212)) ;
#2361=EDGE_LOOP('',(#2362,#2363,#2364,#2365,#2366,#2367,#2368,#2369,#2370,#2371,#2372)) ;
#2513=EDGE_LOOP('',(#2514,#2515,#2516,#2517,#2518,#2519,#2520,#2521,#2522,#2523,#2524)) ;
#2558=EDGE_LOOP('',(#2559,#2560,#2561,#2562,#2563)) ;
#2582=EDGE_LOOP('',(#2583,#2584,#2585,#2586,#2587)) ;
#2650=EDGE_LOOP('',(#2651,#2652,#2653,#2654,#2655)) ;
#2786=EDGE_LOOP('',(#2787,#2788,#2789,#2790,#2791,#2792,#2793,#2794,#2795)) ;
#2885=EDGE_LOOP('',(#2886,#2887,#2888,#2889,#2890,#2891,#2892,#2893)) ;
#2934=EDGE_LOOP('',(#2935,#2936,#2937,#2938,#2939)) ;
#3047=EDGE_LOOP('',(#3048,#3049,#3050,#3051,#3052)) ;
#3110=EDGE_LOOP('',(#3111,#3112,#3113,#3114)) ;
#3165=EDGE_LOOP('',(#3166,#3167,#3168,#3169,#3170)) ;
#3299=EDGE_LOOP('',(#3300,#3301,#3302,#3303,#3304,#3305,#3306,#3307)) ;
#3410=EDGE_LOOP('',(#3411,#3412,#3413,#3414,#3415,#3416,#3417,#3418)) ;
#3476=EDGE_LOOP('',(#3477,#3478,#3479,#3480)) ;
#3542=EDGE_LOOP('',(#3543,#3544,#3545,#3546,#3547)) ;
#3676=EDGE_LOOP('',(#3677,#3678,#3679,#3680,#3681,#3682,#3683,#3684)) ;
#3787=EDGE_LOOP('',(#3788,#3789,#3790,#3791,#3792,#3793,#3794,#3795)) ;
#3848=EDGE_LOOP('',(#3849,#3850,#3851,#3852,#3853,#3854)) ;
#3885=EDGE_LOOP('',(#3886,#3887,#3888,#3889)) ;
#3908=EDGE_LOOP('',(#3909,#3910,#3911,#3912)) ;
#4067=EDGE_LOOP('',(#4068,#4069,#4070,#4071,#4072,#4073,#4074,#4075,#4076,#4077,#4078)) ;
#4167=EDGE_LOOP('',(#4168,#4169,#4170,#4171,#4172,#4173,#4174)) ;
#4201=EDGE_LOOP('',(#4202,#4203,#4204,#4205)) ;
#4367=EDGE_LOOP('',(#4368,#4369,#4370,#4371,#4372,#4373,#4374,#4375)) ;
#4411=EDGE_LOOP('',(#4412,#4413,#4414,#4415)) ;
#4433=EDGE_LOOP('',(#4434,#4435,#4436,#4437)) ;
#4462=EDGE_LOOP('',(#4463,#4464,#4465,#4466,#4467,#4468,#4469,#4470)) ;
#4495=EDGE_LOOP('',(#4496,#4497,#4498,#4499)) ;
#4535=EDGE_LOOP('',(#4536,#4537,#4538,#4539)) ;
#4552=EDGE_LOOP('',(#4553,#4554,#4555,#4556)) ;
#4592=EDGE_LOOP('',(#4593,#4594,#4595,#4596)) ;
#4609=EDGE_LOOP('',(#4610,#4611,#4612,#4613)) ;
#4733=EDGE_LOOP('',(#4734,#4735,#4736,#4737,#4738,#4739,#4740,#4741)) ;
#4835=EDGE_LOOP('',(#4836,#4837,#4838,#4839,#4840,#4841,#4842,#4843,#4844)) ;
#4947=EDGE_LOOP('',(#4948,#4949,#4950,#4951,#4952,#4953,#4954,#4955)) ;
#5017=EDGE_LOOP('',(#5018,#5019,#5020,#5021,#5022,#5023)) ;
#5084=EDGE_LOOP('',(#5085,#5086,#5087,#5088,#5089)) ;
#5227=EDGE_LOOP('',(#5228,#5229,#5230,#5231,#5232,#5233,#5234,#5235,#5236,#5237,#5238)) ;
#5329=EDGE_LOOP('',(#5330,#5331,#5332,#5333,#5334,#5335,#5336,#5337,#5338,#5339)) ;
#5392=EDGE_LOOP('',(#5393,#5394,#5395,#5396,#5397,#5398)) ;
#5730=EDGE_LOOP('',(#5731,#5732,#5733,#5734,#5735,#5736,#5737,#5738,#5739,#5740,#5741,#5742,#5743)) ;
#5768=EDGE_LOOP('',(#5769,#5770,#5771,#5772)) ;
#5849=EDGE_LOOP('',(#5850,#5851,#5852,#5853,#5854,#5855,#5856)) ;
#5864=EDGE_LOOP('',(#5865,#5866,#5867,#5868,#5869)) ;
#5890=EDGE_LOOP('',(#5891,#5892,#5893,#5894,#5895,#5896,#5897)) ;
#5905=EDGE_LOOP('',(#5906,#5907)) ;
#5973=EDGE_LOOP('',(#5974,#5975,#5976,#5977,#5978,#5979)) ;
#5987=EDGE_LOOP('',(#5988,#5989)) ;
#6007=EDGE_LOOP('',(#6008,#6009,#6010,#6011,#6012,#6013,#6014,#6015)) ;
#6028=EDGE_LOOP('',(#6029,#6030,#6031,#6032,#6033)) ;
#6041=EDGE_LOOP('',(#6042,#6043,#6044,#6045,#6046)) ;
#6054=EDGE_LOOP('',(#6055,#6056)) ;
#6069=EDGE_LOOP('',(#6070,#6071,#6072,#6073,#6074,#6075,#6076,#6077,#6078,#6079,#6080,#6081,#6082)) ;
#6090=EDGE_LOOP('',(#6091,#6092,#6093,#6094)) ;
#6102=EDGE_LOOP('',(#6103,#6104,#6105,#6106,#6107,#6108,#6109,#6110,#6111)) ;
#6147=EDGE_LOOP('',(#6148,#6149,#6150,#6151,#6152)) ;
#6196=EDGE_LOOP('',(#6197,#6198,#6199,#6200,#6201)) ;
#6209=EDGE_LOOP('',(#6210,#6211)) ;
#6236=EDGE_LOOP('',(#6237,#6238,#6239,#6240)) ;
#6248=EDGE_LOOP('',(#6249,#6250)) ;
#6258=EDGE_LOOP('',(#6259,#6260)) ;
#6268=EDGE_LOOP('',(#6269,#6270,#6271,#6272,#6273)) ;
#6281=EDGE_LOOP('',(#6282,#6283,#6284,#6285,#6286,#6287,#6288,#6289,#6290,#6291,#6292)) ;
#6308=EDGE_LOOP('',(#6309,#6310,#6311,#6312,#6313,#6314,#6315,#6316)) ;
#6329=EDGE_LOOP('',(#6330,#6331,#6332,#6333)) ;
#6361=EDGE_LOOP('',(#6362,#6363,#6364,#6365,#6366,#6367)) ;
#6375=EDGE_LOOP('',(#6376,#6377,#6378,#6379,#6380,#6381,#6382,#6383)) ;
#6391=EDGE_LOOP('',(#6392,#6393,#6394,#6395,#6396)) ;
#6409=EDGE_LOOP('',(#6410,#6411,#6412,#6413,#6414,#6415,#6416,#6417,#6418,#6419)) ;
#6427=EDGE_LOOP('',(#6428,#6429,#6430,#6431,#6432,#6433)) ;
#6453=EDGE_LOOP('',(#6454,#6455,#6456,#6457,#6458,#6459,#6460)) ;
#6521=EDGE_LOOP('',(#6522,#6523,#6524,#6525,#6526,#6527,#6528)) ;
#6615=EDGE_LOOP('',(#6616,#6617,#6618,#6619,#6620)) ;
#6640=EDGE_LOOP('',(#6641,#6642,#6643,#6644)) ;
#6717=EDGE_LOOP('',(#6718,#6719,#6720,#6721,#6722,#6723)) ;
#6838=EDGE_LOOP('',(#6839,#6840,#6841,#6842,#6843,#6844)) ;
#6862=EDGE_LOOP('',(#6863,#6864,#6865,#6866)) ;
#6869=EDGE_LOOP('',(#6870,#6871)) ;
#6873=EDGE_LOOP('',(#6874,#6875)) ;
#6878=EDGE_LOOP('',(#6879,#6880)) ;
#6882=EDGE_LOOP('',(#6883,#6884)) ;
#6907=EDGE_LOOP('',(#6908,#6909,#6910,#6911,#6912,#6913,#6914,#6915,#6916,#6917,#6918,#6919,#6920)) ;
#6922=EDGE_LOOP('',(#6923,#6924)) ;
#6926=EDGE_LOOP('',(#6927,#6928)) ;
#6941=EDGE_LOOP('',(#6942,#6943,#6944,#6945)) ;
#6990=EDGE_LOOP('',(#6991,#6992,#6993,#6994)) ;
#7007=EDGE_LOOP('',(#7008,#7009,#7010,#7011,#7012,#7013,#7014,#7015,#7016,#7017)) ;
#7019=EDGE_LOOP('',(#7020,#7021)) ;
#7034=EDGE_LOOP('',(#7035,#7036)) ;
#7092=EDGE_LOOP('',(#7093,#7094,#7095,#7096,#7097,#7098,#7099,#7100)) ;
#7102=EDGE_LOOP('',(#7103,#7104,#7105,#7106,#7107,#7108,#7109,#7110,#7111,#7112)) ;
#7168=EDGE_LOOP('',(#7169,#7170,#7171,#7172,#7173,#7174,#7175,#7176)) ;
#7178=EDGE_LOOP('',(#7179,#7180,#7181,#7182,#7183,#7184,#7185,#7186,#7187,#7188)) ;
#7201=EDGE_LOOP('',(#7202,#7203,#7204,#7205,#7206,#7207,#7208,#7209)) ;
#7233=EDGE_LOOP('',(#7234,#7235,#7236,#7237,#7238,#7239,#7240,#7241,#7242,#7243,#7244)) ;
#7291=EDGE_LOOP('',(#7292,#7293,#7294,#7295,#7296,#7297,#7298,#7299,#7300,#7301,#7302,#7303)) ;
#7351=EDGE_LOOP('',(#7352,#7353,#7354,#7355,#7356,#7357)) ;
#7385=EDGE_LOOP('',(#7386,#7387,#7388,#7389,#7390,#7391,#7392,#7393,#7394)) ;
#7396=EDGE_LOOP('',(#7397,#7398,#7399,#7400,#7401,#7402,#7403,#7404,#7405,#7406,#7407,#7408,#7409,#7410,#7411,#7412)) ;
#7439=EDGE_LOOP('',(#7440,#7441,#7442,#7443)) ;
#7495=EDGE_LOOP('',(#7496,#7497,#7498,#7499,#7500,#7501,#7502,#7503)) ;
#7516=EDGE_LOOP('',(#7517,#7518,#7519,#7520)) ;
#7523=EDGE_LOOP('',(#7524,#7525)) ;
#7527=EDGE_LOOP('',(#7528,#7529)) ;
#7547=EDGE_LOOP('',(#7548,#7549,#7550,#7551,#7552,#7553,#7554,#7555,#7556,#7557,#7558,#7559,#7560,#7561,#7562,#7563,#7564,#7565,#7566,#7567)) ;
#7585=EDGE_LOOP('',(#7586,#7587,#7588,#7589,#7590,#7591)) ;
#7609=EDGE_LOOP('',(#7610,#7611,#7612,#7613,#7614,#7615,#7616,#7617,#7618,#7619,#7620,#7621,#7622,#7623,#7624,#7625,#7626,#7627,#7628,#7629)) ;
#7637=EDGE_LOOP('',(#7638,#7639,#7640,#7641,#7642,#7643,#7644,#7645,#7646)) ;
#7648=EDGE_LOOP('',(#7649,#7650)) ;
#7652=EDGE_LOOP('',(#7653,#7654)) ;
#7656=EDGE_LOOP('',(#7657,#7658)) ;
#7660=EDGE_LOOP('',(#7661,#7662)) ;
#7665=EDGE_LOOP('',(#7666,#7667,#7668,#7669,#7670,#7671)) ;
#7673=EDGE_LOOP('',(#7674,#7675)) ;
#7677=EDGE_LOOP('',(#7678,#7679)) ;
#21=MANIFOLD_SOLID_BREP('MANIFOLD_SOLID_BREP #5287',#30) ;
#41=VERTEX_POINT('',#40) ;
#43=VERTEX_POINT('',#42) ;
#77=VERTEX_POINT('',#76) ;
#79=VERTEX_POINT('',#78) ;
#119=VERTEX_POINT('',#118) ;
#126=VERTEX_POINT('',#125) ;
#162=VERTEX_POINT('',#161) ;
#169=VERTEX_POINT('',#168) ;
#205=VERTEX_POINT('',#204) ;
#207=VERTEX_POINT('',#206) ;
#214=VERTEX_POINT('',#213) ;
#221=VERTEX_POINT('',#220) ;
#248=VERTEX_POINT('',#247) ;
#250=VERTEX_POINT('',#249) ;
#257=VERTEX_POINT('',#256) ;
#264=VERTEX_POINT('',#263) ;
#288=VERTEX_POINT('',#287) ;
#290=VERTEX_POINT('',#289) ;
#297=VERTEX_POINT('',#296) ;
#304=VERTEX_POINT('',#303) ;
#328=VERTEX_POINT('',#327) ;
#330=VERTEX_POINT('',#329) ;
#337=VERTEX_POINT('',#336) ;
#344=VERTEX_POINT('',#343) ;
#385=VERTEX_POINT('',#384) ;
#392=VERTEX_POINT('',#391) ;
#399=VERTEX_POINT('',#398) ;
#424=VERTEX_POINT('',#423) ;
#434=VERTEX_POINT('',#433) ;
#441=VERTEX_POINT('',#440) ;
#451=VERTEX_POINT('',#450) ;
#467=VERTEX_POINT('',#466) ;
#494=VERTEX_POINT('',#493) ;
#501=VERTEX_POINT('',#500) ;
#508=VERTEX_POINT('',#507) ;
#550=VERTEX_POINT('',#549) ;
#569=VERTEX_POINT('',#568) ;
#579=VERTEX_POINT('',#578) ;
#587=VERTEX_POINT('',#586) ;
#633=VERTEX_POINT('',#632) ;
#641=VERTEX_POINT('',#640) ;
#684=VERTEX_POINT('',#683) ;
#693=VERTEX_POINT('',#692) ;
#709=VERTEX_POINT('',#708) ;
#719=VERTEX_POINT('',#718) ;
#778=VERTEX_POINT('',#777) ;
#780=VERTEX_POINT('',#779) ;
#830=VERTEX_POINT('',#829) ;
#840=VERTEX_POINT('',#839) ;
#921=VERTEX_POINT('',#920) ;
#931=VERTEX_POINT('',#930) ;
#1032=VERTEX_POINT('',#1031) ;
#1045=VERTEX_POINT('',#1044) ;
#1055=VERTEX_POINT('',#1054) ;
#1145=VERTEX_POINT('',#1144) ;
#1155=VERTEX_POINT('',#1154) ;
#1202=VERTEX_POINT('',#1201) ;
#1210=VERTEX_POINT('',#1209) ;
#1232=VERTEX_POINT('',#1231) ;
#1259=VERTEX_POINT('',#1258) ;
#1261=VERTEX_POINT('',#1260) ;
#1268=VERTEX_POINT('',#1267) ;
#1275=VERTEX_POINT('',#1274) ;
#1299=VERTEX_POINT('',#1298) ;
#1301=VERTEX_POINT('',#1300) ;
#1308=VERTEX_POINT('',#1307) ;
#1315=VERTEX_POINT('',#1314) ;
#1339=VERTEX_POINT('',#1338) ;
#1341=VERTEX_POINT('',#1340) ;
#1348=VERTEX_POINT('',#1347) ;
#1355=VERTEX_POINT('',#1354) ;
#1396=VERTEX_POINT('',#1395) ;
#1398=VERTEX_POINT('',#1397) ;
#1405=VERTEX_POINT('',#1404) ;
#1412=VERTEX_POINT('',#1411) ;
#1459=VERTEX_POINT('',#1458) ;
#1461=VERTEX_POINT('',#1460) ;
#1468=VERTEX_POINT('',#1467) ;
#1475=VERTEX_POINT('',#1474) ;
#1516=VERTEX_POINT('',#1515) ;
#1518=VERTEX_POINT('',#1517) ;
#1528=VERTEX_POINT('',#1527) ;
#1550=VERTEX_POINT('',#1549) ;
#1557=VERTEX_POINT('',#1556) ;
#1624=VERTEX_POINT('',#1623) ;
#1652=VERTEX_POINT('',#1651) ;
#1660=VERTEX_POINT('',#1659) ;
#1700=VERTEX_POINT('',#1699) ;
#1702=VERTEX_POINT('',#1701) ;
#1709=VERTEX_POINT('',#1708) ;
#1722=VERTEX_POINT('',#1721) ;
#1750=VERTEX_POINT('',#1749) ;
#1769=VERTEX_POINT('',#1768) ;
#1785=VERTEX_POINT('',#1784) ;
#1792=VERTEX_POINT('',#1791) ;
#1799=VERTEX_POINT('',#1798) ;
#1809=VERTEX_POINT('',#1808) ;
#1839=VERTEX_POINT('',#1838) ;
#1841=VERTEX_POINT('',#1840) ;
#1848=VERTEX_POINT('',#1847) ;
#1881=VERTEX_POINT('',#1880) ;
#1897=VERTEX_POINT('',#1896) ;
#1904=VERTEX_POINT('',#1903) ;
#1914=VERTEX_POINT('',#1913) ;
#1924=VERTEX_POINT('',#1923) ;
#1931=VERTEX_POINT('',#1930) ;
#1938=VERTEX_POINT('',#1937) ;
#1945=VERTEX_POINT('',#1944) ;
#1981=VERTEX_POINT('',#1980) ;
#1988=VERTEX_POINT('',#1987) ;
#2012=VERTEX_POINT('',#2011) ;
#2019=VERTEX_POINT('',#2018) ;
#2027=VERTEX_POINT('',#2026) ;
#2035=VERTEX_POINT('',#2034) ;
#2043=VERTEX_POINT('',#2042) ;
#2050=VERTEX_POINT('',#2049) ;
#2105=VERTEX_POINT('',#2104) ;
#2113=VERTEX_POINT('',#2112) ;
#2140=VERTEX_POINT('',#2139) ;
#2148=VERTEX_POINT('',#2147) ;
#2156=VERTEX_POINT('',#2155) ;
#2193=VERTEX_POINT('',#2192) ;
#2195=VERTEX_POINT('',#2194) ;
#2202=VERTEX_POINT('',#2201) ;
#2240=VERTEX_POINT('',#2239) ;
#2242=VERTEX_POINT('',#2241) ;
#2264=VERTEX_POINT('',#2263) ;
#2274=VERTEX_POINT('',#2273) ;
#2284=VERTEX_POINT('',#2283) ;
#2306=VERTEX_POINT('',#2305) ;
#2322=VERTEX_POINT('',#2321) ;
#2332=VERTEX_POINT('',#2331) ;
#2340=VERTEX_POINT('',#2339) ;
#2347=VERTEX_POINT('',#2346) ;
#2354=VERTEX_POINT('',#2353) ;
#2394=VERTEX_POINT('',#2393) ;
#2416=VERTEX_POINT('',#2415) ;
#2435=VERTEX_POINT('',#2434) ;
#2460=VERTEX_POINT('',#2459) ;
#2479=VERTEX_POINT('',#2478) ;
#2495=VERTEX_POINT('',#2494) ;
#2505=VERTEX_POINT('',#2504) ;
#2537=VERTEX_POINT('',#2536) ;
#2539=VERTEX_POINT('',#2538) ;
#2546=VERTEX_POINT('',#2545) ;
#2618=VERTEX_POINT('',#2617) ;
#2620=VERTEX_POINT('',#2619) ;
#2628=VERTEX_POINT('',#2627) ;
#2642=VERTEX_POINT('',#2641) ;
#2674=VERTEX_POINT('',#2673) ;
#2676=VERTEX_POINT('',#2675) ;
#2683=VERTEX_POINT('',#2682) ;
#2705=VERTEX_POINT('',#2704) ;
#2721=VERTEX_POINT('',#2720) ;
#2729=VERTEX_POINT('',#2728) ;
#2748=VERTEX_POINT('',#2747) ;
#2770=VERTEX_POINT('',#2769) ;
#2779=VERTEX_POINT('',#2778) ;
#2829=VERTEX_POINT('',#2828) ;
#2848=VERTEX_POINT('',#2847) ;
#2857=VERTEX_POINT('',#2856) ;
#2876=VERTEX_POINT('',#2875) ;
#2906=VERTEX_POINT('',#2905) ;
#2908=VERTEX_POINT('',#2907) ;
#2915=VERTEX_POINT('',#2914) ;
#2922=VERTEX_POINT('',#2921) ;
#3000=VERTEX_POINT('',#2999) ;
#3002=VERTEX_POINT('',#3001) ;
#3013=VERTEX_POINT('',#3012) ;
#3024=VERTEX_POINT('',#3023) ;
#3033=VERTEX_POINT('',#3032) ;
#3083=VERTEX_POINT('',#3082) ;
#3085=VERTEX_POINT('',#3084) ;
#3093=VERTEX_POINT('',#3092) ;
#3102=VERTEX_POINT('',#3101) ;
#3156=VERTEX_POINT('',#3155) ;
#3198=VERTEX_POINT('',#3197) ;
#3200=VERTEX_POINT('',#3199) ;
#3225=VERTEX_POINT('',#3224) ;
#3253=VERTEX_POINT('',#3252) ;
#3269=VERTEX_POINT('',#3268) ;
#3278=VERTEX_POINT('',#3277) ;
#3285=VERTEX_POINT('',#3284) ;
#3292=VERTEX_POINT('',#3291) ;
#3335=VERTEX_POINT('',#3334) ;
#3357=VERTEX_POINT('',#3356) ;
#3379=VERTEX_POINT('',#3378) ;
#3401=VERTEX_POINT('',#3400) ;
#3449=VERTEX_POINT('',#3448) ;
#3451=VERTEX_POINT('',#3450) ;
#3459=VERTEX_POINT('',#3458) ;
#3468=VERTEX_POINT('',#3467) ;
#3518=VERTEX_POINT('',#3517) ;
#3520=VERTEX_POINT('',#3519) ;
#3534=VERTEX_POINT('',#3533) ;
#3560=VERTEX_POINT('',#3559) ;
#3562=VERTEX_POINT('',#3561) ;
#3569=VERTEX_POINT('',#3568) ;
#3591=VERTEX_POINT('',#3590) ;
#3616=VERTEX_POINT('',#3615) ;
#3644=VERTEX_POINT('',#3643) ;
#3660=VERTEX_POINT('',#3659) ;
#3669=VERTEX_POINT('',#3668) ;
#3712=VERTEX_POINT('',#3711) ;
#3734=VERTEX_POINT('',#3733) ;
#3756=VERTEX_POINT('',#3755) ;
#3778=VERTEX_POINT('',#3777) ;
#3809=VERTEX_POINT('',#3808) ;
#3811=VERTEX_POINT('',#3810) ;
#3819=VERTEX_POINT('',#3818) ;
#3826=VERTEX_POINT('',#3825) ;
#3834=VERTEX_POINT('',#3833) ;
#3841=VERTEX_POINT('',#3840) ;
#3862=VERTEX_POINT('',#3861) ;
#3864=VERTEX_POINT('',#3863) ;
#3871=VERTEX_POINT('',#3870) ;
#3878=VERTEX_POINT('',#3877) ;
#3923=VERTEX_POINT('',#3922) ;
#3925=VERTEX_POINT('',#3924) ;
#3953=VERTEX_POINT('',#3952) ;
#3978=VERTEX_POINT('',#3977) ;
#4000=VERTEX_POINT('',#3999) ;
#4007=VERTEX_POINT('',#4006) ;
#4025=VERTEX_POINT('',#4024) ;
#4032=VERTEX_POINT('',#4031) ;
#4045=VERTEX_POINT('',#4044) ;
#4144=VERTEX_POINT('',#4143) ;
#4157=VERTEX_POINT('',#4156) ;
#4187=VERTEX_POINT('',#4186) ;
#4189=VERTEX_POINT('',#4188) ;
#4301=VERTEX_POINT('',#4300) ;
#4314=VERTEX_POINT('',#4313) ;
#4324=VERTEX_POINT('',#4323) ;
#4334=VERTEX_POINT('',#4333) ;
#4344=VERTEX_POINT('',#4343) ;
#4357=VERTEX_POINT('',#4356) ;
#4397=VERTEX_POINT('',#4396) ;
#4404=VERTEX_POINT('',#4403) ;
#4455=VERTEX_POINT('',#4454) ;
#4483=VERTEX_POINT('',#4482) ;
#4512=VERTEX_POINT('',#4511) ;
#4514=VERTEX_POINT('',#4513) ;
#4521=VERTEX_POINT('',#4520) ;
#4528=VERTEX_POINT('',#4527) ;
#4569=VERTEX_POINT('',#4568) ;
#4571=VERTEX_POINT('',#4570) ;
#4578=VERTEX_POINT('',#4577) ;
#4585=VERTEX_POINT('',#4584) ;
#4626=VERTEX_POINT('',#4625) ;
#4628=VERTEX_POINT('',#4627) ;
#4640=VERTEX_POINT('',#4639) ;
#4662=VERTEX_POINT('',#4661) ;
#4684=VERTEX_POINT('',#4683) ;
#4706=VERTEX_POINT('',#4705) ;
#4725=VERTEX_POINT('',#4724) ;
#4757=VERTEX_POINT('',#4756) ;
#4759=VERTEX_POINT('',#4758) ;
#4767=VERTEX_POINT('',#4766) ;
#4775=VERTEX_POINT('',#4774) ;
#4797=VERTEX_POINT('',#4796) ;
#4805=VERTEX_POINT('',#4804) ;
#4813=VERTEX_POINT('',#4812) ;
#4821=VERTEX_POINT('',#4820) ;
#4827=VERTEX_POINT('',#4826) ;
#4862=VERTEX_POINT('',#4861) ;
#4868=VERTEX_POINT('',#4867) ;
#4890=VERTEX_POINT('',#4889) ;
#4898=VERTEX_POINT('',#4897) ;
#4914=VERTEX_POINT('',#4913) ;
#4939=VERTEX_POINT('',#4938) ;
#4973=VERTEX_POINT('',#4972) ;
#4979=VERTEX_POINT('',#4978) ;
#5001=VERTEX_POINT('',#5000) ;
#5009=VERTEX_POINT('',#5008) ;
#5056=VERTEX_POINT('',#5055) ;
#5062=VERTEX_POINT('',#5061) ;
#5075=VERTEX_POINT('',#5074) ;
#5110=VERTEX_POINT('',#5109) ;
#5112=VERTEX_POINT('',#5111) ;
#5122=VERTEX_POINT('',#5121) ;
#5138=VERTEX_POINT('',#5137) ;
#5157=VERTEX_POINT('',#5156) ;
#5179=VERTEX_POINT('',#5178) ;
#5185=VERTEX_POINT('',#5184) ;
#5193=VERTEX_POINT('',#5192) ;
#5212=VERTEX_POINT('',#5211) ;
#5252=VERTEX_POINT('',#5251) ;
#5254=VERTEX_POINT('',#5253) ;
#5262=VERTEX_POINT('',#5261) ;
#5275=VERTEX_POINT('',#5274) ;
#5312=VERTEX_POINT('',#5311) ;
#5320=VERTEX_POINT('',#5319) ;
#5357=VERTEX_POINT('',#5356) ;
#5376=VERTEX_POINT('',#5375) ;
#5704=VERTEX_POINT('',#5703) ;
#5717=VERTEX_POINT('',#5716) ;
#5756=VERTEX_POINT('',#5755) ;
#5799=VERTEX_POINT('',#5798) ;
#5807=VERTEX_POINT('',#5806) ;
#5815=VERTEX_POINT('',#5814) ;
#5840=VERTEX_POINT('',#5839) ;
#5942=VERTEX_POINT('',#5941) ;
#5964=VERTEX_POINT('',#5963) ;
#6188=VERTEX_POINT('',#6187) ;
#6224=VERTEX_POINT('',#6223) ;
#6346=VERTEX_POINT('',#6345) ;
#6354=VERTEX_POINT('',#6353) ;
#6446=VERTEX_POINT('',#6445) ;
#6503=VERTEX_POINT('',#6502) ;
#6512=VERTEX_POINT('',#6511) ;
#6581=VERTEX_POINT('',#6580) ;
#6633=VERTEX_POINT('',#6632) ;
#6674=VERTEX_POINT('',#6673) ;
#6682=VERTEX_POINT('',#6681) ;
#6701=VERTEX_POINT('',#6700) ;
#6782=VERTEX_POINT('',#6781) ;
#6784=VERTEX_POINT('',#6783) ;
#6806=VERTEX_POINT('',#6805) ;
#7283=VERTEX_POINT('',#7282) ;
#7370=VERTEX_POINT('',#7369) ;
#7378=VERTEX_POINT('',#7377) ;
#7425=VERTEX_POINT('',#7424) ;
#7427=VERTEX_POINT('',#7426) ;
#7682=ADVANCED_BREP_SHAPE_REPRESENTATION('NONE',(#21),#16) ;
#108=ADVANCED_FACE('MANIFOLD_SOLID_BREP #5287',(#53,#107),#35,.F.) ;
#139=ADVANCED_FACE('MANIFOLD_SOLID_BREP #5287',(#138),#113,.F.) ;
#151=ADVANCED_FACE('MANIFOLD_SOLID_BREP #5287',(#150),#113,.F.) ;
#182=ADVANCED_FACE('MANIFOLD_SOLID_BREP #5287',(#181),#156,.F.) ;
#194=ADVANCED_FACE('MANIFOLD_SOLID_BREP #5287',(#193),#156,.F.) ;
#234=ADVANCED_FACE('MANIFOLD_SOLID_BREP #5287',(#233),#199,.T.) ;
#277=ADVANCED_FACE('MANIFOLD_SOLID_BREP #5287',(#276),#239,.T.) ;
#317=ADVANCED_FACE('MANIFOLD_SOLID_BREP #5287',(#316),#282,.F.) ;
#357=ADVANCED_FACE('MANIFOLD_SOLID_BREP #5287',(#356),#322,.F.) ;
#374=ADVANCED_FACE('MANIFOLD_SOLID_BREP #5287',(#373),#322,.F.) ;
#413=ADVANCED_FACE('MANIFOLD_SOLID_BREP #5287',(#412),#379,.F.) ;
#483=ADVANCED_FACE('MANIFOLD_SOLID_BREP #5287',(#482),#418,.T.) ;
#522=ADVANCED_FACE('MANIFOLD_SOLID_BREP #5287',(#521),#488,.T.) ;
#604=ADVANCED_FACE('MANIFOLD_SOLID_BREP #5287',(#603),#523,.T.) ;
#656=ADVANCED_FACE('MANIFOLD_SOLID_BREP #5287',(#655),#605,.T.) ;
#744=ADVANCED_FACE('MANIFOLD_SOLID_BREP #5287',(#743),#657,.T.) ;
#802=ADVANCED_FACE('MANIFOLD_SOLID_BREP #5287',(#801),#745,.T.) ;
#854=ADVANCED_FACE('MANIFOLD_SOLID_BREP #5287',(#853),#803,.T.) ;
#950=ADVANCED_FACE('MANIFOLD_SOLID_BREP #5287',(#949),#855,.T.) ;
#1078=ADVANCED_FACE('MANIFOLD_SOLID_BREP #5287',(#1077),#951,.T.) ;
#1174=ADVANCED_FACE('MANIFOLD_SOLID_BREP #5287',(#1173),#1079,.T.) ;
#1248=ADVANCED_FACE('MANIFOLD_SOLID_BREP #5287',(#1247),#1175,.T.) ;
#1288=ADVANCED_FACE('MANIFOLD_SOLID_BREP #5287',(#1287),#1253,.T.) ;
#1328=ADVANCED_FACE('MANIFOLD_SOLID_BREP #5287',(#1327),#1293,.T.) ;
#1368=ADVANCED_FACE('MANIFOLD_SOLID_BREP #5287',(#1367),#1333,.F.) ;
#1385=ADVANCED_FACE('MANIFOLD_SOLID_BREP #5287',(#1384),#1333,.F.) ;
#1425=ADVANCED_FACE('MANIFOLD_SOLID_BREP #5287',(#1424),#1390,.F.) ;
#1448=ADVANCED_FACE('MANIFOLD_SOLID_BREP #5287',(#1447),#1390,.F.) ;
#1488=ADVANCED_FACE('MANIFOLD_SOLID_BREP #5287',(#1487),#1453,.F.) ;
#1505=ADVANCED_FACE('MANIFOLD_SOLID_BREP #5287',(#1504),#1453,.F.) ;
#1580=ADVANCED_FACE('MANIFOLD_SOLID_BREP #5287',(#1579),#1510,.T.) ;
#1686=ADVANCED_FACE('MANIFOLD_SOLID_BREP #5287',(#1685),#1581,.T.) ;
#1828=ADVANCED_FACE('MANIFOLD_SOLID_BREP #5287',(#1827),#1691,.T.) ;
#1867=ADVANCED_FACE('MANIFOLD_SOLID_BREP #5287',(#1866),#1833,.T.) ;
#1970=ADVANCED_FACE('MANIFOLD_SOLID_BREP #5287',(#1969),#1872,.T.) ;
#2001=ADVANCED_FACE('MANIFOLD_SOLID_BREP #5287',(#2000),#1975,.F.) ;
#2068=ADVANCED_FACE('MANIFOLD_SOLID_BREP #5287',(#2067),#2006,.T.) ;
#2087=ADVANCED_FACE('MANIFOLD_SOLID_BREP #5287',(#2086),#2073,.F.) ;
#2129=ADVANCED_FACE('MANIFOLD_SOLID_BREP #5287',(#2128),#2092,.T.) ;
#2171=ADVANCED_FACE('MANIFOLD_SOLID_BREP #5287',(#2170),#2134,.T.) ;
#2182=ADVANCED_FACE('MANIFOLD_SOLID_BREP #5287',(#2181),#2176,.T.) ;
#2214=ADVANCED_FACE('MANIFOLD_SOLID_BREP #5287',(#2213),#2187,.F.) ;
#2374=ADVANCED_FACE('MANIFOLD_SOLID_BREP #5287',(#2373),#2219,.F.) ;
#2526=ADVANCED_FACE('MANIFOLD_SOLID_BREP #5287',(#2525),#2219,.F.) ;
#2565=ADVANCED_FACE('MANIFOLD_SOLID_BREP #5287',(#2564),#2531,.F.) ;
#2589=ADVANCED_FACE('MANIFOLD_SOLID_BREP #5287',(#2588),#2531,.F.) ;
#2657=ADVANCED_FACE('MANIFOLD_SOLID_BREP #5287',(#2656),#2590,.T.) ;
#2797=ADVANCED_FACE('MANIFOLD_SOLID_BREP #5287',(#2796),#2662,.F.) ;
#2895=ADVANCED_FACE('MANIFOLD_SOLID_BREP #5287',(#2894),#2662,.F.) ;
#2941=ADVANCED_FACE('MANIFOLD_SOLID_BREP #5287',(#2940),#2900,.T.) ;
#3054=ADVANCED_FACE('MANIFOLD_SOLID_BREP #5287',(#3053),#2942,.T.) ;
#3116=ADVANCED_FACE('MANIFOLD_SOLID_BREP #5287',(#3115),#3055,.T.) ;
#3172=ADVANCED_FACE('MANIFOLD_SOLID_BREP #5287',(#3171),#3117,.T.) ;
#3309=ADVANCED_FACE('MANIFOLD_SOLID_BREP #5287',(#3308),#3177,.F.) ;
#3420=ADVANCED_FACE('MANIFOLD_SOLID_BREP #5287',(#3419),#3177,.F.) ;
#3482=ADVANCED_FACE('MANIFOLD_SOLID_BREP #5287',(#3481),#3421,.T.) ;
#3549=ADVANCED_FACE('MANIFOLD_SOLID_BREP #5287',(#3548),#3483,.T.) ;
#3686=ADVANCED_FACE('MANIFOLD_SOLID_BREP #5287',(#3685),#3554,.F.) ;
#3797=ADVANCED_FACE('MANIFOLD_SOLID_BREP #5287',(#3796),#3554,.F.) ;
#3856=ADVANCED_FACE('MANIFOLD_SOLID_BREP #5287',(#3855),#3802,.T.) ;
#3891=ADVANCED_FACE('MANIFOLD_SOLID_BREP #5287',(#3890),#2531,.F.) ;
#3914=ADVANCED_FACE('MANIFOLD_SOLID_BREP #5287',(#3913),#2531,.F.) ;
#4080=ADVANCED_FACE('MANIFOLD_SOLID_BREP #5287',(#4079),#1872,.T.) ;
#4176=ADVANCED_FACE('MANIFOLD_SOLID_BREP #5287',(#4175),#4081,.T.) ;
#4207=ADVANCED_FACE('MANIFOLD_SOLID_BREP #5287',(#4206),#4181,.T.) ;
#4377=ADVANCED_FACE('MANIFOLD_SOLID_BREP #5287',(#4376),#4208,.T.) ;
#4417=ADVANCED_FACE('MANIFOLD_SOLID_BREP #5287',(#4416),#4382,.F.) ;
#4439=ADVANCED_FACE('MANIFOLD_SOLID_BREP #5287',(#4438),#4422,.F.) ;
#4472=ADVANCED_FACE('MANIFOLD_SOLID_BREP #5287',(#4471),#4444,.F.) ;
#4501=ADVANCED_FACE('MANIFOLD_SOLID_BREP #5287',(#4500),#4477,.F.) ;
#4541=ADVANCED_FACE('MANIFOLD_SOLID_BREP #5287',(#4540),#4506,.F.) ;
#4558=ADVANCED_FACE('MANIFOLD_SOLID_BREP #5287',(#4557),#4506,.F.) ;
#4598=ADVANCED_FACE('MANIFOLD_SOLID_BREP #5287',(#4597),#4563,.F.) ;
#4615=ADVANCED_FACE('MANIFOLD_SOLID_BREP #5287',(#4614),#4563,.F.) ;
#4743=ADVANCED_FACE('MANIFOLD_SOLID_BREP #5287',(#4742),#4620,.F.) ;
#4846=ADVANCED_FACE('MANIFOLD_SOLID_BREP #5287',(#4845),#4744,.F.) ;
#4957=ADVANCED_FACE('MANIFOLD_SOLID_BREP #5287',(#4956),#4847,.F.) ;
#5025=ADVANCED_FACE('MANIFOLD_SOLID_BREP #5287',(#5024),#4958,.F.) ;
#5091=ADVANCED_FACE('MANIFOLD_SOLID_BREP #5287',(#5090),#5026,.F.) ;
#5240=ADVANCED_FACE('MANIFOLD_SOLID_BREP #5287',(#5239),#5092,.F.) ;
#5341=ADVANCED_FACE('MANIFOLD_SOLID_BREP #5287',(#5340),#5245,.F.) ;
#5400=ADVANCED_FACE('MANIFOLD_SOLID_BREP #5287',(#5399),#5342,.F.) ;
#5745=ADVANCED_FACE('MANIFOLD_SOLID_BREP #5287',(#5744),#5401,.T.) ;
#5774=ADVANCED_FACE('MANIFOLD_SOLID_BREP #5287',(#5773),#5750,.F.) ;
#5858=ADVANCED_FACE('MANIFOLD_SOLID_BREP #5287',(#5857),#5775,.F.) ;
#5871=ADVANCED_FACE('MANIFOLD_SOLID_BREP #5287',(#5870),#5863,.T.) ;
#5899=ADVANCED_FACE('MANIFOLD_SOLID_BREP #5287',(#5898),#5876,.F.) ;
#5909=ADVANCED_FACE('MANIFOLD_SOLID_BREP #5287',(#5908),#5904,.T.) ;
#5981=ADVANCED_FACE('MANIFOLD_SOLID_BREP #5287',(#5980),#5910,.T.) ;
#5991=ADVANCED_FACE('MANIFOLD_SOLID_BREP #5287',(#5990),#5986,.T.) ;
#6017=ADVANCED_FACE('MANIFOLD_SOLID_BREP #5287',(#6016),#5996,.T.) ;
#6035=ADVANCED_FACE('MANIFOLD_SOLID_BREP #5287',(#6034),#6022,.T.) ;
#6048=ADVANCED_FACE('MANIFOLD_SOLID_BREP #5287',(#6047),#6040,.T.) ;
#6058=ADVANCED_FACE('MANIFOLD_SOLID_BREP #5287',(#6057),#6053,.T.) ;
#6084=ADVANCED_FACE('MANIFOLD_SOLID_BREP #5287',(#6083),#5245,.F.) ;
#6096=ADVANCED_FACE('MANIFOLD_SOLID_BREP #5287',(#6095),#6040,.T.) ;
#6113=ADVANCED_FACE('MANIFOLD_SOLID_BREP #5287',(#6112),#6101,.T.) ;
#6154=ADVANCED_FACE('MANIFOLD_SOLID_BREP #5287',(#6153),#6114,.T.) ;
#6203=ADVANCED_FACE('MANIFOLD_SOLID_BREP #5287',(#6202),#6155,.T.) ;
#6213=ADVANCED_FACE('MANIFOLD_SOLID_BREP #5287',(#6212),#6208,.T.) ;
#6242=ADVANCED_FACE('MANIFOLD_SOLID_BREP #5287',(#6241),#6218,.F.) ;
#6252=ADVANCED_FACE('MANIFOLD_SOLID_BREP #5287',(#6251),#6247,.T.) ;
#6262=ADVANCED_FACE('MANIFOLD_SOLID_BREP #5287',(#6261),#6257,.T.) ;
#6275=ADVANCED_FACE('MANIFOLD_SOLID_BREP #5287',(#6274),#6267,.F.) ;
#6294=ADVANCED_FACE('MANIFOLD_SOLID_BREP #5287',(#6293),#1510,.T.) ;
#6318=ADVANCED_FACE('MANIFOLD_SOLID_BREP #5287',(#6317),#6299,.T.) ;
#6335=ADVANCED_FACE('MANIFOLD_SOLID_BREP #5287',(#6334),#6323,.F.) ;
#6369=ADVANCED_FACE('MANIFOLD_SOLID_BREP #5287',(#6368),#6340,.T.) ;
#6385=ADVANCED_FACE('MANIFOLD_SOLID_BREP #5287',(#6384),#5996,.T.) ;
#6398=ADVANCED_FACE('MANIFOLD_SOLID_BREP #5287',(#6397),#6390,.F.) ;
#6421=ADVANCED_FACE('MANIFOLD_SOLID_BREP #5287',(#6420),#6403,.T.) ;
#6435=ADVANCED_FACE('MANIFOLD_SOLID_BREP #5287',(#6434),#6426,.F.) ;
#6462=ADVANCED_FACE('MANIFOLD_SOLID_BREP #5287',(#6461),#6440,.T.) ;
#6530=ADVANCED_FACE('MANIFOLD_SOLID_BREP #5287',(#6529),#6463,.T.) ;
#6622=ADVANCED_FACE('MANIFOLD_SOLID_BREP #5287',(#6621),#6531,.T.) ;
#6646=ADVANCED_FACE('MANIFOLD_SOLID_BREP #5287',(#6645),#6627,.F.) ;
#6725=ADVANCED_FACE('MANIFOLD_SOLID_BREP #5287',(#6724),#6647,.T.) ;
#6846=ADVANCED_FACE('MANIFOLD_SOLID_BREP #5287',(#6845),#6726,.T.) ;
#6868=ADVANCED_FACE('MANIFOLD_SOLID_BREP #5287',(#6867),#6851,.F.) ;
#6877=ADVANCED_FACE('MANIFOLD_SOLID_BREP #5287',(#6872,#6876),#35,.F.) ;
#6886=ADVANCED_FACE('MANIFOLD_SOLID_BREP #5287',(#6881,#6885),#35,.F.) ;
#6930=ADVANCED_FACE('MANIFOLD_SOLID_BREP #5287',(#6921,#6925,#6929),#6891,.T.) ;
#6947=ADVANCED_FACE('MANIFOLD_SOLID_BREP #5287',(#6946),#6935,.T.) ;
#6996=ADVANCED_FACE('MANIFOLD_SOLID_BREP #5287',(#6995),#6948,.T.) ;
#7023=ADVANCED_FACE('MANIFOLD_SOLID_BREP #5287',(#7018,#7022),#7001,.T.) ;
#7038=ADVANCED_FACE('MANIFOLD_SOLID_BREP #5287',(#7037),#7028,.T.) ;
#7114=ADVANCED_FACE('MANIFOLD_SOLID_BREP #5287',(#7101,#7113),#7039,.T.) ;
#7190=ADVANCED_FACE('MANIFOLD_SOLID_BREP #5287',(#7177,#7189),#7115,.T.) ;
#7211=ADVANCED_FACE('MANIFOLD_SOLID_BREP #5287',(#7210),#2187,.T.) ;
#7246=ADVANCED_FACE('MANIFOLD_SOLID_BREP #5287',(#7245),#7216,.F.) ;
#7305=ADVANCED_FACE('MANIFOLD_SOLID_BREP #5287',(#7304),#7247,.T.) ;
#7359=ADVANCED_FACE('MANIFOLD_SOLID_BREP #5287',(#7358),#7306,.T.) ;
#7414=ADVANCED_FACE('MANIFOLD_SOLID_BREP #5287',(#7395,#7413),#7364,.F.) ;
#7445=ADVANCED_FACE('MANIFOLD_SOLID_BREP #5287',(#7444),#7419,.F.) ;
#7505=ADVANCED_FACE('MANIFOLD_SOLID_BREP #5287',(#7504),#7446,.T.) ;
#7522=ADVANCED_FACE('MANIFOLD_SOLID_BREP #5287',(#7521),#7510,.F.) ;
#7531=ADVANCED_FACE('MANIFOLD_SOLID_BREP #5287',(#7526,#7530),#35,.F.) ;
#7569=ADVANCED_FACE('MANIFOLD_SOLID_BREP #5287',(#7568),#7536,.F.) ;
#7593=ADVANCED_FACE('MANIFOLD_SOLID_BREP #5287',(#7592),#7574,.F.) ;
#7631=ADVANCED_FACE('MANIFOLD_SOLID_BREP #5287',(#7630),#7598,.F.) ;
#7664=ADVANCED_FACE('MANIFOLD_SOLID_BREP #5287',(#7647,#7651,#7655,#7659,#7663),#7636,.T.) ;
#7681=ADVANCED_FACE('MANIFOLD_SOLID_BREP #5287',(#7672,#7676,#7680),#6891,.T.) ;
#4=APPLICATION_PROTOCOL_DEFINITION('international standard','ap242_managed_model_based_3d_engineering',2014,#1) ;
#54=B_SPLINE_CURVE_WITH_KNOTS('',5,(#55,#56,#57,#58,#59,#60,#61,#62,#63,#64,#65,#66,#67,#68,#69,#70,#71,#72,#73,#74,#75),.UNSPECIFIED.,.F.,.U.,(6,3,3,3,3,3,6),(0.,1.35496642722,2.70993287527,4.0648993153,5.4198657444,6.77483216573,7.55277766402),.UNSPECIFIED.) ;
#81=B_SPLINE_CURVE_WITH_KNOTS('',5,(#82,#83,#84,#85,#86,#87,#88,#89,#90,#91,#92,#93,#94,#95,#96,#97,#98,#99,#100,#101,#102),.UNSPECIFIED.,.F.,.U.,(6,3,3,3,3,3,6),(0.,1.35496642491,2.70993285969,4.06489930389,5.41986573484,6.77483215518,7.55277764793),.UNSPECIFIED.) ;
#240=B_SPLINE_CURVE_WITH_KNOTS('',5,(#241,#242,#243,#244,#245,#246),.UNSPECIFIED.,.F.,.U.,(6,6),(0.,2.49276684937),.UNSPECIFIED.) ;
#426=B_SPLINE_CURVE_WITH_KNOTS('',5,(#427,#428,#429,#430,#431,#432),.UNSPECIFIED.,.F.,.U.,(6,6),(0.,16.4963368932),.UNSPECIFIED.) ;
#443=B_SPLINE_CURVE_WITH_KNOTS('',5,(#444,#445,#446,#447,#448,#449),.UNSPECIFIED.,.F.,.U.,(6,6),(0.,4.2443648663),.UNSPECIFIED.) ;
#453=B_SPLINE_CURVE_WITH_KNOTS('',5,(#454,#455,#456,#457,#458,#459,#460,#461,#462,#463,#464,#465),.UNSPECIFIED.,.F.,.U.,(6,3,3,6),(0.,4.18722774707,7.19371220761,8.26649544704),.UNSPECIFIED.) ;
#544=B_SPLINE_CURVE_WITH_KNOTS('',3,(#545,#546,#547,#548),.UNSPECIFIED.,.F.,.U.,(4,4),(0.,0.89043906631),.UNSPECIFIED.) ;
#552=B_SPLINE_CURVE_WITH_KNOTS('',5,(#553,#554,#555,#556,#557,#558,#559,#560,#561,#562,#563,#564,#565,#566,#567),.UNSPECIFIED.,.F.,.U.,(6,3,3,3,6),(0.,0.599401563427,0.914980036377,1.24099897731,1.56478668931),.UNSPECIFIED.) ;
#571=B_SPLINE_CURVE_WITH_KNOTS('',5,(#572,#573,#574,#575,#576,#577),.UNSPECIFIED.,.F.,.U.,(6,6),(0.,0.688573862373),.UNSPECIFIED.) ;
#581=B_SPLINE_CURVE_WITH_KNOTS('',3,(#582,#583,#584,#585),.UNSPECIFIED.,.F.,.U.,(4,4),(0.,14.3645676395),.UNSPECIFIED.) ;
#589=B_SPLINE_CURVE_WITH_KNOTS('',3,(#590,#591,#592,#593,#594),.UNSPECIFIED.,.F.,.U.,(4,1,4),(-0.000106066421844,0.965365714028,1.68947101929),.UNSPECIFIED.) ;
#626=B_SPLINE_CURVE_WITH_KNOTS('',3,(#627,#628,#629,#630,#631),.UNSPECIFIED.,.F.,.U.,(4,1,4),(0.000267386405141,0.937595443769,1.64055211008),.UNSPECIFIED.) ;
#635=B_SPLINE_CURVE_WITH_KNOTS('',3,(#636,#637,#638,#639),.UNSPECIFIED.,.F.,.U.,(4,4),(-1.17732042302E-05,3.02938564364),.UNSPECIFIED.) ;
#643=B_SPLINE_CURVE_WITH_KNOTS('',3,(#644,#645,#646,#647,#648),.UNSPECIFIED.,.F.,.U.,(4,1,4),(0.000267934688023,0.937595443769,1.6405913814),.UNSPECIFIED.) ;
#678=B_SPLINE_CURVE_WITH_KNOTS('',3,(#679,#680,#681,#682),.UNSPECIFIED.,.F.,.U.,(4,4),(0.,3.9154511087),.UNSPECIFIED.) ;
#686=B_SPLINE_CURVE_WITH_KNOTS('',4,(#687,#688,#689,#690,#691),.UNSPECIFIED.,.F.,.U.,(5,5),(0.,1.00139442744),.UNSPECIFIED.) ;
#695=B_SPLINE_CURVE_WITH_KNOTS('',5,(#696,#697,#698,#699,#700,#701,#702,#703,#704,#705,#706,#707),.UNSPECIFIED.,.F.,.U.,(6,3,3,6),(0.,0.725460194487,0.949887782463,1.16706264164),.UNSPECIFIED.) ;
#711=B_SPLINE_CURVE_WITH_KNOTS('',5,(#712,#713,#714,#715,#716,#717),.UNSPECIFIED.,.F.,.U.,(6,6),(0.,1.30332358989),.UNSPECIFIED.) ;
#721=B_SPLINE_CURVE_WITH_KNOTS('',5,(#722,#723,#724,#725,#726,#727,#728,#729,#730,#731,#732,#733),.UNSPECIFIED.,.F.,.U.,(6,3,3,6),(0.,0.823565952917,1.10386357895,1.38705628644),.UNSPECIFIED.) ;
#771=B_SPLINE_CURVE_WITH_KNOTS('',3,(#772,#773,#774,#775,#776),.UNSPECIFIED.,.F.,.U.,(4,1,4),(0.000276620075997,0.945653218341,1.65468566825),.UNSPECIFIED.) ;
#782=B_SPLINE_CURVE_WITH_KNOTS('',3,(#783,#784,#785,#786,#787),.UNSPECIFIED.,.F.,.U.,(4,1,4),(0.000102203417319,9.34115651159,21.7958955885),.UNSPECIFIED.) ;
#789=B_SPLINE_CURVE_WITH_KNOTS('',3,(#790,#791,#792,#793,#794),.UNSPECIFIED.,.F.,.U.,(4,1,4),(0.000102216847111,9.34115651159,21.7958955658),.UNSPECIFIED.) ;
#824=B_SPLINE_CURVE_WITH_KNOTS('',3,(#825,#826,#827,#828),.UNSPECIFIED.,.F.,.U.,(4,4),(0.00057423453792,4.98825087019),.UNSPECIFIED.) ;
#832=B_SPLINE_CURVE_WITH_KNOTS('',5,(#833,#834,#835,#836,#837,#838),.UNSPECIFIED.,.F.,.U.,(6,6),(-0.809790203863,0.809591337835),.UNSPECIFIED.) ;
#842=B_SPLINE_CURVE_WITH_KNOTS('',3,(#843,#844,#845,#846),.UNSPECIFIED.,.F.,.U.,(4,4),(1.2009968208E-05,4.98825087041),.UNSPECIFIED.) ;
#910=B_SPLINE_CURVE_WITH_KNOTS('',3,(#911,#912,#913,#914,#915,#916,#917,#918,#919),.UNSPECIFIED.,.F.,.U.,(4,1,1,1,1,1,4),(3.90716078691E-05,1.51403624416,3.02803341316,6.05602775113,9.08402208912,15.1400107651,21.1959996493),.UNSPECIFIED.) ;
#923=B_SPLINE_CURVE_WITH_KNOTS('',5,(#924,#925,#926,#927,#928,#929),.UNSPECIFIED.,.F.,.U.,(6,6),(-0.826674497426,0.826674497426),.UNSPECIFIED.) ;
#933=B_SPLINE_CURVE_WITH_KNOTS('',3,(#934,#935,#936,#937,#938,#939,#940,#941,#942),.UNSPECIFIED.,.F.,.U.,(4,1,1,1,1,1,4),(3.90743988766E-05,1.51403624416,3.02803341316,6.05602775113,9.08402208912,15.1400107651,21.1959995578),.UNSPECIFIED.) ;
#1012=B_SPLINE_CURVE_WITH_KNOTS('',5,(#1013,#1014,#1015,#1016,#1017,#1018,#1019,#1020,#1021,#1022,#1023,#1024,#1025,#1026,#1027,#1028,#1029,#1030),.UNSPECIFIED.,.F.,.U.,(6,3,3,3,3,6),(0.,5.01510960062,10.0302192012,14.0568155166,18.083411832,20.0604384025),.UNSPECIFIED.) ;
#1034=B_SPLINE_CURVE_WITH_KNOTS('',3,(#1035,#1036,#1037,#1038,#1039,#1040,#1041,#1042,#1043),.UNSPECIFIED.,.F.,.U.,(4,1,1,1,1,1,4),(-0.000510786845965,4.72867968706,9.45787016955,11.8224654108,14.1870606519,16.5516558932,16.5536127577),.UNSPECIFIED.) ;
#1047=B_SPLINE_CURVE_WITH_KNOTS('',5,(#1048,#1049,#1050,#1051,#1052,#1053),.UNSPECIFIED.,.F.,.U.,(6,6),(-0.813937023366,0.813937023366),.UNSPECIFIED.) ;
#1057=B_SPLINE_CURVE_WITH_KNOTS('',3,(#1058,#1059,#1060,#1061,#1062,#1063,#1064,#1065,#1066,#1067,#1068,#1069),.UNSPECIFIED.,.F.,.U.,(4,1,1,1,1,1,1,1,1,4),(-0.00051079528075,4.72867968706,9.45787016955,11.8224654108,14.1870606519,16.5516558932,18.9162511344,23.645441617,28.3746320994,33.1038225809),.UNSPECIFIED.) ;
#1134=B_SPLINE_CURVE_WITH_KNOTS('',3,(#1135,#1136,#1137,#1138,#1139,#1140,#1141,#1142,#1143),.UNSPECIFIED.,.F.,.U.,(4,1,1,1,1,1,4),(4.67526463517E-05,6.05609066342,12.1121350413,15.1401572303,18.1681794193,19.6821905138,21.1962016082),.UNSPECIFIED.) ;
#1147=B_SPLINE_CURVE_WITH_KNOTS('',5,(#1148,#1149,#1150,#1151,#1152,#1153),.UNSPECIFIED.,.F.,.U.,(6,6),(-0.826557834261,0.826557834261),.UNSPECIFIED.) ;
#1157=B_SPLINE_CURVE_WITH_KNOTS('',3,(#1158,#1159,#1160,#1161,#1162,#1163,#1164,#1165,#1166),.UNSPECIFIED.,.F.,.U.,(4,1,1,1,1,1,4),(4.64056807969E-05,6.05609066342,12.1121350413,15.1401572303,18.1681794193,19.6821905138,21.1961992658),.UNSPECIFIED.) ;
#1196=B_SPLINE_CURVE_WITH_KNOTS('',3,(#1197,#1198,#1199,#1200),.UNSPECIFIED.,.F.,.U.,(4,4),(1.9081195849,9.23883637152),.UNSPECIFIED.) ;
#1204=B_SPLINE_CURVE_WITH_KNOTS('',3,(#1205,#1206,#1207,#1208),.UNSPECIFIED.,.F.,.U.,(4,4),(3.09600836888,9.2388361902),.UNSPECIFIED.) ;
#1212=B_SPLINE_CURVE_WITH_KNOTS('',5,(#1213,#1214,#1215,#1216,#1217,#1218,#1219,#1220,#1221,#1222,#1223,#1224,#1225,#1226,#1227,#1228,#1229,#1230),.UNSPECIFIED.,.F.,.U.,(6,3,3,3,3,6),(0.,0.532468207846,0.807967463648,1.08917139001,1.23344629289,1.37773054703),.UNSPECIFIED.) ;
#1234=B_SPLINE_CURVE_WITH_KNOTS('',4,(#1235,#1236,#1237,#1238,#1239),.UNSPECIFIED.,.F.,.U.,(5,5),(0.,1.55022905142),.UNSPECIFIED.) ;
#1431=B_SPLINE_CURVE_WITH_KNOTS('',5,(#1432,#1433,#1434,#1435,#1436,#1437,#1438,#1439,#1440),.UNSPECIFIED.,.F.,.U.,(6,3,6),(-2.67035375555,3.10795833514E-12,2.67035375555),.UNSPECIFIED.) ;
#1520=B_SPLINE_CURVE_WITH_KNOTS('',5,(#1521,#1522,#1523,#1524,#1525,#1526),.UNSPECIFIED.,.F.,.U.,(6,6),(0.,8.64443506279),.UNSPECIFIED.) ;
#1530=B_SPLINE_CURVE_WITH_KNOTS('',5,(#1531,#1532,#1533,#1534,#1535,#1536,#1537,#1538,#1539,#1540,#1541,#1542,#1543,#1544,#1545,#1546,#1547,#1548),.UNSPECIFIED.,.F.,.U.,(6,3,3,3,3,6),(0.,3.72597891249,10.1627448649,17.4267645872,25.5943976224,28.647689123),.UNSPECIFIED.) ;
#1559=B_SPLINE_CURVE_WITH_KNOTS('',5,(#1560,#1561,#1562,#1563,#1564,#1565,#1566,#1567,#1568,#1569,#1570,#1571),.UNSPECIFIED.,.F.,.U.,(6,3,3,6),(0.,6.97712518046,18.9448255631,38.5844239447),.UNSPECIFIED.) ;
#1617=B_SPLINE_CURVE_WITH_KNOTS('',3,(#1618,#1619,#1620,#1621,#1622),.UNSPECIFIED.,.F.,.U.,(4,1,4),(0.000348423118039,0.846729346623,1.48175323914),.UNSPECIFIED.) ;
#1626=B_SPLINE_CURVE_WITH_KNOTS('',5,(#1627,#1628,#1629,#1630,#1631,#1632,#1633,#1634,#1635,#1636,#1637,#1638,#1639,#1640,#1641,#1642,#1643,#1644,#1645,#1646,#1647,#1648,#1649,#1650),.UNSPECIFIED.,.F.,.U.,(6,3,3,3,3,3,3,6),(0.,6.15498095656,12.3099619131,18.467753797,24.6255456809,30.4200300482,36.2145144155,40.3938918474),.UNSPECIFIED.) ;
#1654=B_SPLINE_CURVE_WITH_KNOTS('',3,(#1655,#1656,#1657,#1658),.UNSPECIFIED.,.F.,.U.,(4,4),(0.,0.266909670549),.UNSPECIFIED.) ;
#1662=B_SPLINE_CURVE_WITH_KNOTS('',5,(#1663,#1664,#1665,#1666,#1667,#1668,#1669,#1670,#1671,#1672,#1673,#1674,#1675,#1676,#1677),.UNSPECIFIED.,.F.,.U.,(6,3,3,3,6),(0.,0.369799466463,1.30544935725,4.0043213903,5.58402555663),.UNSPECIFIED.) ;
#1692=B_SPLINE_CURVE_WITH_KNOTS('',5,(#1693,#1694,#1695,#1696,#1697,#1698),.UNSPECIFIED.,.F.,.U.,(6,6),(0.,0.232154089947),.UNSPECIFIED.) ;
#1711=B_SPLINE_CURVE_WITH_KNOTS('',5,(#1712,#1713,#1714,#1715,#1716,#1717,#1718,#1719,#1720),.UNSPECIFIED.,.F.,.U.,(6,3,6),(0.,0.453874431058,0.587211009731),.UNSPECIFIED.) ;
#1724=B_SPLINE_CURVE_WITH_KNOTS('',5,(#1725,#1726,#1727,#1728,#1729,#1730,#1731,#1732,#1733,#1734,#1735,#1736,#1737,#1738,#1739,#1740,#1741,#1742,#1743,#1744,#1745,#1746,#1747,#1748),.UNSPECIFIED.,.F.,.U.,(6,3,3,3,3,3,3,6),(0.,0.342613266782,0.462309643533,0.523578582372,0.554214588662,0.569537087365,0.57721576484,0.584894442314),.UNSPECIFIED.) ;
#1752=B_SPLINE_CURVE_WITH_KNOTS('',5,(#1753,#1754,#1755,#1756,#1757,#1758,#1759,#1760,#1761,#1762,#1763,#1764,#1765,#1766,#1767),.UNSPECIFIED.,.F.,.U.,(6,3,3,3,6),(0.,0.345771795688,0.464215372636,0.524112906914,0.584010441192),.UNSPECIFIED.) ;
#1771=B_SPLINE_CURVE_WITH_KNOTS('',5,(#1772,#1773,#1774,#1775,#1776,#1777,#1778,#1779,#1780,#1781,#1782,#1783),.UNSPECIFIED.,.F.,.U.,(6,3,3,6),(0.,0.348356122347,0.465674422375,0.583906413126),.UNSPECIFIED.) ;
#1801=B_SPLINE_CURVE_WITH_KNOTS('',5,(#1802,#1803,#1804,#1805,#1806,#1807),.UNSPECIFIED.,.F.,.U.,(6,6),(0.,10.9255876573),.UNSPECIFIED.) ;
#1873=B_SPLINE_CURVE_WITH_KNOTS('',5,(#1874,#1875,#1876,#1877,#1878,#1879),.UNSPECIFIED.,.F.,.U.,(6,6),(0.,24.3739092001),.UNSPECIFIED.) ;
#1883=B_SPLINE_CURVE_WITH_KNOTS('',5,(#1884,#1885,#1886,#1887,#1888,#1889,#1890,#1891,#1892,#1893,#1894,#1895),.UNSPECIFIED.,.F.,.U.,(6,3,3,6),(0.,10.0309590605,18.2193614582,21.5655405544),.UNSPECIFIED.) ;
#1906=B_SPLINE_CURVE_WITH_KNOTS('',5,(#1907,#1908,#1909,#1910,#1911,#1912),.UNSPECIFIED.,.F.,.U.,(6,6),(2.44607299977,4.89189620097),.UNSPECIFIED.) ;
#1916=B_SPLINE_CURVE_WITH_KNOTS('',5,(#1917,#1918,#1919,#1920,#1921,#1922),.UNSPECIFIED.,.F.,.U.,(6,6),(0.,2.44607299977),.UNSPECIFIED.) ;
#1947=B_SPLINE_CURVE_WITH_KNOTS('',5,(#1948,#1949,#1950,#1951,#1952,#1953,#1954,#1955,#1956),.UNSPECIFIED.,.F.,.U.,(6,3,6),(0.,28.4867502982,49.3588088375),.UNSPECIFIED.) ;
#2021=B_SPLINE_CURVE_WITH_KNOTS('',3,(#2022,#2023,#2024,#2025),.UNSPECIFIED.,.F.,.U.,(4,4),(0.,3.10487412122),.UNSPECIFIED.) ;
#2029=B_SPLINE_CURVE_WITH_KNOTS('',3,(#2030,#2031,#2032,#2033),.UNSPECIFIED.,.F.,.U.,(4,4),(0.,3.09407327457),.UNSPECIFIED.) ;
#2037=B_SPLINE_CURVE_WITH_KNOTS('',3,(#2038,#2039,#2040,#2041),.UNSPECIFIED.,.F.,.U.,(4,4),(0.,3.10619018008),.UNSPECIFIED.) ;
#2052=B_SPLINE_CURVE_WITH_KNOTS('',3,(#2053,#2054,#2055,#2056),.UNSPECIFIED.,.F.,.U.,(4,4),(0.,4.97046797243),.UNSPECIFIED.) ;
#2074=B_SPLINE_CURVE_WITH_KNOTS('',5,(#2075,#2076,#2077,#2078,#2079,#2080),.UNSPECIFIED.,.F.,.U.,(6,6),(5.58008286056E-05,4.97025534806),.UNSPECIFIED.) ;
#2093=B_SPLINE_CURVE_WITH_KNOTS('',3,(#2094,#2095,#2096,#2097),.UNSPECIFIED.,.F.,.U.,(4,4),(0.,0.686644809188),.UNSPECIFIED.) ;
#2099=B_SPLINE_CURVE_WITH_KNOTS('',3,(#2100,#2101,#2102,#2103),.UNSPECIFIED.,.F.,.U.,(4,4),(-0.864784398879,0.864784398879),.UNSPECIFIED.) ;
#2107=B_SPLINE_CURVE_WITH_KNOTS('',3,(#2108,#2109,#2110,#2111),.UNSPECIFIED.,.F.,.U.,(4,4),(-0.864873002143,0.864873002143),.UNSPECIFIED.) ;
#2142=B_SPLINE_CURVE_WITH_KNOTS('',3,(#2143,#2144,#2145,#2146),.UNSPECIFIED.,.F.,.U.,(4,4),(-1.09083118871,1.09083118871),.UNSPECIFIED.) ;
#2150=B_SPLINE_CURVE_WITH_KNOTS('',3,(#2151,#2152,#2153,#2154),.UNSPECIFIED.,.F.,.U.,(4,4),(-1.09083019612,1.09083019612),.UNSPECIFIED.) ;
#2220=B_SPLINE_CURVE_WITH_KNOTS('',5,(#2221,#2222,#2223,#2224,#2225,#2226,#2227,#2228,#2229,#2230,#2231,#2232,#2233,#2234,#2235,#2236,#2237,#2238),.UNSPECIFIED.,.F.,.U.,(6,3,3,3,3,6),(0.,0.295759859366,0.589180122093,0.881633481581,1.34504013309,1.50116377978),.UNSPECIFIED.) ;
#2244=B_SPLINE_CURVE_WITH_KNOTS('',5,(#2245,#2246,#2247,#2248,#2249,#2250,#2251,#2252,#2253,#2254,#2255,#2256,#2257,#2258,#2259,#2260,#2261,#2262),.UNSPECIFIED.,.F.,.U.,(6,3,3,3,3,6),(0.,0.457909147872,0.619318610269,0.70232725918,0.743832216898,0.785353656848),.UNSPECIFIED.) ;
#2266=B_SPLINE_CURVE_WITH_KNOTS('',5,(#2267,#2268,#2269,#2270,#2271,#2272),.UNSPECIFIED.,.F.,.U.,(6,6),(0.,0.399098025836),.UNSPECIFIED.) ;
#2276=B_SPLINE_CURVE_WITH_KNOTS('',5,(#2277,#2278,#2279,#2280,#2281,#2282),.UNSPECIFIED.,.F.,.U.,(6,6),(0.,0.404354559626),.UNSPECIFIED.) ;
#2286=B_SPLINE_CURVE_WITH_KNOTS('',5,(#2287,#2288,#2289,#2290,#2291,#2292,#2293,#2294,#2295,#2296,#2297,#2298,#2299,#2300,#2301,#2302,#2303,#2304),.UNSPECIFIED.,.F.,.U.,(6,3,3,3,3,6),(0.,0.493189265155,0.646921459256,0.72102724999,0.758081257281,0.795157166871),.UNSPECIFIED.) ;
#2308=B_SPLINE_CURVE_WITH_KNOTS('',5,(#2309,#2310,#2311,#2312,#2313,#2314,#2315,#2316,#2317,#2318,#2319,#2320),.UNSPECIFIED.,.F.,.U.,(6,3,3,6),(0.,0.478896542923,0.632004041849,0.782245681278),.UNSPECIFIED.) ;
#2324=B_SPLINE_CURVE_WITH_KNOTS('',5,(#2325,#2326,#2327,#2328,#2329,#2330),.UNSPECIFIED.,.F.,.U.,(6,6),(0.,0.77586380317),.UNSPECIFIED.) ;
#2334=B_SPLINE_CURVE_WITH_KNOTS('',3,(#2335,#2336,#2337,#2338),.UNSPECIFIED.,.F.,.U.,(4,4),(0.,0.748107351661),.UNSPECIFIED.) ;
#2380=B_SPLINE_CURVE_WITH_KNOTS('',5,(#2381,#2382,#2383,#2384,#2385,#2386,#2387,#2388,#2389,#2390,#2391,#2392),.UNSPECIFIED.,.F.,.U.,(6,3,3,6),(0.,0.893673319142,1.19997812724,1.51126499157),.UNSPECIFIED.) ;
#2396=B_SPLINE_CURVE_WITH_KNOTS('',5,(#2397,#2398,#2399,#2400,#2401,#2402,#2403,#2404,#2405,#2406,#2407,#2408,#2409,#2410,#2411,#2412,#2413,#2414),.UNSPECIFIED.,.F.,.U.,(6,3,3,3,3,6),(0.,0.463125025785,0.623526687908,0.705305600262,0.746195637646,0.787114156603),.UNSPECIFIED.) ;
#2418=B_SPLINE_CURVE_WITH_KNOTS('',5,(#2419,#2420,#2421,#2422,#2423,#2424,#2425,#2426,#2427,#2428,#2429,#2430,#2431,#2432,#2433),.UNSPECIFIED.,.F.,.U.,(6,3,3,3,6),(0.,0.633342075967,0.722140748959,0.76654136355,0.810955711641),.UNSPECIFIED.) ;
#2437=B_SPLINE_CURVE_WITH_KNOTS('',5,(#2438,#2439,#2440,#2441,#2442,#2443,#2444,#2445,#2446,#2447,#2448,#2449,#2450,#2451,#2452,#2453,#2454,#2455,#2456,#2457,#2458),.UNSPECIFIED.,.F.,.U.,(6,3,3,3,3,3,6),(0.,0.28695699768,0.354646436885,0.384073104543,0.398793240606,0.406158057076,0.413522873545),.UNSPECIFIED.) ;
#2462=B_SPLINE_CURVE_WITH_KNOTS('',5,(#2463,#2464,#2465,#2466,#2467,#2468,#2469,#2470,#2471,#2472,#2473,#2474,#2475,#2476,#2477),.UNSPECIFIED.,.F.,.U.,(6,3,3,3,6),(0.,0.248724113326,0.327074017802,0.365278595117,0.403485458656),.UNSPECIFIED.) ;
#2481=B_SPLINE_CURVE_WITH_KNOTS('',5,(#2482,#2483,#2484,#2485,#2486,#2487,#2488,#2489,#2490,#2491,#2492,#2493),.UNSPECIFIED.,.F.,.U.,(6,3,3,6),(0.,0.483439875053,0.635975092932,0.784716774589),.UNSPECIFIED.) ;
#2497=B_SPLINE_CURVE_WITH_KNOTS('',5,(#2498,#2499,#2500,#2501,#2502,#2503),.UNSPECIFIED.,.F.,.U.,(6,6),(0.,0.75565911477),.UNSPECIFIED.) ;
#2507=B_SPLINE_CURVE_WITH_KNOTS('',3,(#2508,#2509,#2510,#2511),.UNSPECIFIED.,.F.,.U.,(4,4),(0.,0.744643228942),.UNSPECIFIED.) ;
#2566=B_SPLINE_CURVE_WITH_KNOTS('',5,(#2567,#2568,#2569,#2570,#2571,#2572,#2573,#2574,#2575),.UNSPECIFIED.,.F.,.U.,(6,3,6),(-2.04203522483,2.22044604925E-16,2.04203522483),.UNSPECIFIED.) ;
#2607=B_SPLINE_CURVE_WITH_KNOTS('',5,(#2608,#2609,#2610,#2611,#2612,#2613,#2614,#2615,#2616),.UNSPECIFIED.,.F.,.U.,(6,3,6),(0.000702354619195,1.25758045866,2.17293037044),.UNSPECIFIED.) ;
#2663=B_SPLINE_CURVE_WITH_KNOTS('',5,(#2664,#2665,#2666,#2667,#2668,#2669,#2670,#2671,#2672),.UNSPECIFIED.,.F.,.U.,(6,3,6),(-2.04203522483,2.22044604925E-16,2.04203522483),.UNSPECIFIED.) ;
#2685=B_SPLINE_CURVE_WITH_KNOTS('',5,(#2686,#2687,#2688,#2689,#2690,#2691,#2692,#2693,#2694,#2695,#2696,#2697,#2698,#2699,#2700,#2701,#2702,#2703),.UNSPECIFIED.,.F.,.U.,(6,3,3,3,3,6),(0.,1.14970300709,1.29912373545,1.3738342089,1.41118962444,1.44854820863),.UNSPECIFIED.) ;
#2707=B_SPLINE_CURVE_WITH_KNOTS('',5,(#2708,#2709,#2710,#2711,#2712,#2713,#2714,#2715,#2716,#2717,#2718,#2719),.UNSPECIFIED.,.F.,.U.,(6,3,3,6),(0.,0.422933078026,0.573180878458,0.727937017715),.UNSPECIFIED.) ;
#2723=B_SPLINE_CURVE_WITH_KNOTS('',3,(#2724,#2725,#2726,#2727),.UNSPECIFIED.,.F.,.U.,(4,4),(0.,0.727747871258),.UNSPECIFIED.) ;
#2731=B_SPLINE_CURVE_WITH_KNOTS('',5,(#2732,#2733,#2734,#2735,#2736,#2737,#2738,#2739,#2740,#2741,#2742,#2743,#2744,#2745,#2746),.UNSPECIFIED.,.F.,.U.,(6,3,3,3,6),(0.,0.538511157166,0.614737661321,0.65285103108,0.690987436094),.UNSPECIFIED.) ;
#2750=B_SPLINE_CURVE_WITH_KNOTS('',5,(#2751,#2752,#2753,#2754,#2755,#2756,#2757,#2758,#2759,#2760,#2761,#2762,#2763,#2764,#2765,#2766,#2767,#2768),.UNSPECIFIED.,.F.,.U.,(6,3,3,3,3,6),(0.,0.617776174677,0.682409029022,0.714726682462,0.730886585944,0.747056241775),.UNSPECIFIED.) ;
#2772=B_SPLINE_CURVE_WITH_KNOTS('',4,(#2773,#2774,#2775,#2776,#2777),.UNSPECIFIED.,.F.,.U.,(5,5),(0.,1.46427988623),.UNSPECIFIED.) ;
#2803=B_SPLINE_CURVE_WITH_KNOTS('',5,(#2804,#2805,#2806,#2807,#2808,#2809,#2810,#2811,#2812,#2813,#2814,#2815,#2816,#2817,#2818,#2819,#2820,#2821,#2822,#2823,#2824,#2825,#2826,#2827),.UNSPECIFIED.,.F.,.U.,(6,3,3,3,3,3,3,6),(0.,0.851703389914,1.15150019048,1.30515726051,1.38198622857,1.42040075147,1.4396082293,1.45881570712),.UNSPECIFIED.) ;
#2831=B_SPLINE_CURVE_WITH_KNOTS('',5,(#2832,#2833,#2834,#2835,#2836,#2837,#2838,#2839,#2840,#2841,#2842,#2843,#2844,#2845,#2846),.UNSPECIFIED.,.F.,.U.,(6,3,3,3,6),(0.,0.540834664086,0.617392350715,0.65567129665,0.693977144815),.UNSPECIFIED.) ;
#2850=B_SPLINE_CURVE_WITH_KNOTS('',4,(#2851,#2852,#2853,#2854,#2855),.UNSPECIFIED.,.F.,.U.,(5,5),(0.,0.759986519289),.UNSPECIFIED.) ;
#2859=B_SPLINE_CURVE_WITH_KNOTS('',5,(#2860,#2861,#2862,#2863,#2864,#2865,#2866,#2867,#2868,#2869,#2870,#2871,#2872,#2873,#2874),.UNSPECIFIED.,.F.,.U.,(6,3,3,3,6),(0.,0.582622095496,0.875110691344,1.16697187484,1.45651689893),.UNSPECIFIED.) ;
#2878=B_SPLINE_CURVE_WITH_KNOTS('',4,(#2879,#2880,#2881,#2882,#2883),.UNSPECIFIED.,.F.,.U.,(5,5),(0.,1.44597432693),.UNSPECIFIED.) ;
#2993=B_SPLINE_CURVE_WITH_KNOTS('',3,(#2994,#2995,#2996,#2997,#2998),.UNSPECIFIED.,.F.,.U.,(4,1,4),(0.00025041228576,0.851505761357,1.48998110541),.UNSPECIFIED.) ;
#3004=B_SPLINE_CURVE_WITH_KNOTS('',3,(#3005,#3006,#3007,#3008,#3009,#3010,#3011),.UNSPECIFIED.,.F.,.U.,(4,1,1,1,4),(10.6725492941,12.1945659538,15.2432932726,18.2920205913,21.3403737029),.UNSPECIFIED.) ;
#3015=B_SPLINE_CURVE_WITH_KNOTS('',3,(#3016,#3017,#3018,#3019,#3020,#3021,#3022),.UNSPECIFIED.,.F.,.U.,(4,1,1,1,4),(-0.000325520793866,3.04838399766,6.09711131637,9.14583863511,10.6725424319),.UNSPECIFIED.) ;
#3026=B_SPLINE_CURVE_WITH_KNOTS('',3,(#3027,#3028,#3029,#3030,#3031),.UNSPECIFIED.,.F.,.U.,(4,1,4),(0.000257981482816,0.851505761357,1.48998110541),.UNSPECIFIED.) ;
#3035=B_SPLINE_CURVE_WITH_KNOTS('',3,(#3036,#3037,#3038,#3039,#3040,#3041,#3042,#3043,#3044,#3045),.UNSPECIFIED.,.F.,.U.,(4,1,1,1,1,1,1,4),(-0.000325840729035,3.04838399766,6.09711131637,9.14583863511,12.1945659538,15.2432932726,18.2920205913,21.3403737029),.UNSPECIFIED.) ;
#3076=B_SPLINE_CURVE_WITH_KNOTS('',3,(#3077,#3078,#3079,#3080,#3081),.UNSPECIFIED.,.F.,.U.,(4,1,4),(0.000258648895765,0.882911948679,1.54490278878),.UNSPECIFIED.) ;
#3087=B_SPLINE_CURVE_WITH_KNOTS('',3,(#3088,#3089,#3090,#3091),.UNSPECIFIED.,.F.,.U.,(4,4),(-1.12131908736E-05,5.51240116222),.UNSPECIFIED.) ;
#3095=B_SPLINE_CURVE_WITH_KNOTS('',3,(#3096,#3097,#3098,#3099,#3100),.UNSPECIFIED.,.F.,.U.,(4,1,4),(0.000159619737132,0.882911948679,1.54490278887),.UNSPECIFIED.) ;
#3104=B_SPLINE_CURVE_WITH_KNOTS('',3,(#3105,#3106,#3107,#3108),.UNSPECIFIED.,.F.,.U.,(4,4),(-1.04815987241E-05,5.51240116229),.UNSPECIFIED.) ;
#3143=B_SPLINE_CURVE_WITH_KNOTS('',3,(#3144,#3145,#3146,#3147,#3148),.UNSPECIFIED.,.F.,.U.,(4,1,4),(2.87678158513E-05,8.78405080111,15.3720873559),.UNSPECIFIED.) ;
#3150=B_SPLINE_CURVE_WITH_KNOTS('',3,(#3151,#3152,#3153,#3154),.UNSPECIFIED.,.F.,.U.,(4,4),(2.88548769386E-05,7.39880155948),.UNSPECIFIED.) ;
#3158=B_SPLINE_CURVE_WITH_KNOTS('',3,(#3159,#3160,#3161,#3162,#3163),.UNSPECIFIED.,.F.,.U.,(4,1,4),(7.39880091544,8.78405080111,15.3720868493),.UNSPECIFIED.) ;
#3178=B_SPLINE_CURVE_WITH_KNOTS('',5,(#3179,#3180,#3181,#3182,#3183,#3184,#3185,#3186,#3187,#3188,#3189,#3190,#3191,#3192,#3193,#3194,#3195,#3196),.UNSPECIFIED.,.F.,.U.,(6,3,3,3,3,6),(0.,1.16708352958,1.31724015213,1.3923188878,1.42985850342,1.46740270868),.UNSPECIFIED.) ;
#3202=B_SPLINE_CURVE_WITH_KNOTS('',5,(#3203,#3204,#3205,#3206,#3207,#3208,#3209,#3210,#3211,#3212,#3213,#3214,#3215,#3216,#3217,#3218,#3219,#3220,#3221,#3222,#3223),.UNSPECIFIED.,.F.,.U.,(6,3,3,3,3,3,6),(0.,0.851729499558,1.16474187947,1.32886181583,1.41092277073,1.4519538128,1.49298511896),.UNSPECIFIED.) ;
#3227=B_SPLINE_CURVE_WITH_KNOTS('',5,(#3228,#3229,#3230,#3231,#3232,#3233,#3234,#3235,#3236,#3237,#3238,#3239,#3240,#3241,#3242,#3243,#3244,#3245,#3246,#3247,#3248,#3249,#3250,#3251),.UNSPECIFIED.,.F.,.U.,(6,3,3,3,3,3,3,6),(0.,0.527440558446,0.656053334032,0.712568032106,0.740844672075,0.754983667807,0.762055085616,0.769126503425),.UNSPECIFIED.) ;
#3255=B_SPLINE_CURVE_WITH_KNOTS('',5,(#3256,#3257,#3258,#3259,#3260,#3261,#3262,#3263,#3264,#3265,#3266,#3267),.UNSPECIFIED.,.F.,.U.,(6,3,3,6),(0.,0.462229259344,0.607575925395,0.74918402077),.UNSPECIFIED.) ;
#3271=B_SPLINE_CURVE_WITH_KNOTS('',4,(#3272,#3273,#3274,#3275,#3276),.UNSPECIFIED.,.F.,.U.,(5,5),(0.,1.46987140473),.UNSPECIFIED.) ;
#3315=B_SPLINE_CURVE_WITH_KNOTS('',5,(#3316,#3317,#3318,#3319,#3320,#3321,#3322,#3323,#3324,#3325,#3326,#3327,#3328,#3329,#3330,#3331,#3332,#3333),.UNSPECIFIED.,.F.,.U.,(6,3,3,3,3,6),(0.,1.16583200233,1.31815509653,1.39431721299,1.43239851867,1.47048248743),.UNSPECIFIED.) ;
#3337=B_SPLINE_CURVE_WITH_KNOTS('',5,(#3338,#3339,#3340,#3341,#3342,#3343,#3344,#3345,#3346,#3347,#3348,#3349,#3350,#3351,#3352,#3353,#3354,#3355),.UNSPECIFIED.,.F.,.U.,(6,3,3,3,3,6),(0.,0.595333938177,0.674178111798,0.71360040203,0.743166894945,0.753074599494),.UNSPECIFIED.) ;
#3359=B_SPLINE_CURVE_WITH_KNOTS('',5,(#3360,#3361,#3362,#3363,#3364,#3365,#3366,#3367,#3368,#3369,#3370,#3371,#3372,#3373,#3374,#3375,#3376,#3377),.UNSPECIFIED.,.F.,.U.,(6,3,3,3,3,6),(0.,0.24161510426,0.566350545995,0.667081956763,0.717449114408,0.767821393117),.UNSPECIFIED.) ;
#3381=B_SPLINE_CURVE_WITH_KNOTS('',5,(#3382,#3383,#3384,#3385,#3386,#3387,#3388,#3389,#3390,#3391,#3392,#3393,#3394,#3395,#3396,#3397,#3398,#3399),.UNSPECIFIED.,.F.,.U.,(6,3,3,3,3,6),(0.,1.22211096712,1.35792629225,1.42583519373,1.45979043275,1.49375146504),.UNSPECIFIED.) ;
#3403=B_SPLINE_CURVE_WITH_KNOTS('',4,(#3404,#3405,#3406,#3407,#3408),.UNSPECIFIED.,.F.,.U.,(5,5),(0.,1.47392424306),.UNSPECIFIED.) ;
#3442=B_SPLINE_CURVE_WITH_KNOTS('',3,(#3443,#3444,#3445,#3446,#3447),.UNSPECIFIED.,.F.,.U.,(4,1,4),(0.000264680778875,0.882908665857,1.5449446947),.UNSPECIFIED.) ;
#3453=B_SPLINE_CURVE_WITH_KNOTS('',3,(#3454,#3455,#3456,#3457),.UNSPECIFIED.,.F.,.U.,(4,4),(-1.50020400969E-05,5.51239619802),.UNSPECIFIED.) ;
#3461=B_SPLINE_CURVE_WITH_KNOTS('',3,(#3462,#3463,#3464,#3465,#3466),.UNSPECIFIED.,.F.,.U.,(4,1,4),(0.000258701351512,0.882908665857,1.54494469472),.UNSPECIFIED.) ;
#3470=B_SPLINE_CURVE_WITH_KNOTS('',3,(#3471,#3472,#3473,#3474),.UNSPECIFIED.,.F.,.U.,(4,4),(-1.46244282971E-05,5.51239619798),.UNSPECIFIED.) ;
#3504=B_SPLINE_CURVE_WITH_KNOTS('',5,(#3505,#3506,#3507,#3508,#3509,#3510,#3511,#3512,#3513,#3514,#3515,#3516),.UNSPECIFIED.,.F.,.U.,(6,3,3,6),(0.,1.0460199869,1.74056936909,2.43451281213),.UNSPECIFIED.) ;
#3522=B_SPLINE_CURVE_WITH_KNOTS('',3,(#3523,#3524,#3525,#3526),.UNSPECIFIED.,.F.,.U.,(4,4),(0.00111834608642,6.33304716527),.UNSPECIFIED.) ;
#3528=B_SPLINE_CURVE_WITH_KNOTS('',3,(#3529,#3530,#3531,#3532),.UNSPECIFIED.,.F.,.U.,(4,4),(0.00111803811676,3.49621584852),.UNSPECIFIED.) ;
#3536=B_SPLINE_CURVE_WITH_KNOTS('',3,(#3537,#3538,#3539,#3540),.UNSPECIFIED.,.F.,.U.,(4,4),(3.49621589566,6.33288681776),.UNSPECIFIED.) ;
#3571=B_SPLINE_CURVE_WITH_KNOTS('',5,(#3572,#3573,#3574,#3575,#3576,#3577,#3578,#3579,#3580,#3581,#3582,#3583,#3584,#3585,#3586,#3587,#3588,#3589),.UNSPECIFIED.,.F.,.U.,(6,3,3,3,3,6),(0.,1.16708355853,1.31724017301,1.39231890464,1.42985851824,1.46740272147),.UNSPECIFIED.) ;
#3593=B_SPLINE_CURVE_WITH_KNOTS('',5,(#3594,#3595,#3596,#3597,#3598,#3599,#3600,#3601,#3602,#3603,#3604,#3605,#3606,#3607,#3608,#3609,#3610,#3611,#3612,#3613,#3614),.UNSPECIFIED.,.F.,.U.,(6,3,3,3,3,3,6),(0.,0.851729401044,1.1647417113,1.32886160225,1.41092253444,1.45195356515,1.49298485996),.UNSPECIFIED.) ;
#3618=B_SPLINE_CURVE_WITH_KNOTS('',5,(#3619,#3620,#3621,#3622,#3623,#3624,#3625,#3626,#3627,#3628,#3629,#3630,#3631,#3632,#3633,#3634,#3635,#3636,#3637,#3638,#3639,#3640,#3641,#3642),.UNSPECIFIED.,.F.,.U.,(6,3,3,3,3,3,3,6),(0.,0.527440599117,0.656053302391,0.712567963249,0.740844584707,0.754983571186,0.762054984375,0.769126397564),.UNSPECIFIED.) ;
#3646=B_SPLINE_CURVE_WITH_KNOTS('',5,(#3647,#3648,#3649,#3650,#3651,#3652,#3653,#3654,#3655,#3656,#3657,#3658),.UNSPECIFIED.,.F.,.U.,(6,3,3,6),(0.,0.462229135991,0.607575763558,0.749183820822),.UNSPECIFIED.) ;
#3662=B_SPLINE_CURVE_WITH_KNOTS('',4,(#3663,#3664,#3665,#3666,#3667),.UNSPECIFIED.,.F.,.U.,(5,5),(0.,1.46987107272),.UNSPECIFIED.) ;
#3692=B_SPLINE_CURVE_WITH_KNOTS('',5,(#3693,#3694,#3695,#3696,#3697,#3698,#3699,#3700,#3701,#3702,#3703,#3704,#3705,#3706,#3707,#3708,#3709,#3710),.UNSPECIFIED.,.F.,.U.,(6,3,3,3,3,6),(0.,1.16583189739,1.31815497263,1.39431707959,1.43239838053,1.47048234457),.UNSPECIFIED.) ;
#3714=B_SPLINE_CURVE_WITH_KNOTS('',5,(#3715,#3716,#3717,#3718,#3719,#3720,#3721,#3722,#3723,#3724,#3725,#3726,#3727,#3728,#3729,#3730,#3731,#3732),.UNSPECIFIED.,.F.,.U.,(6,3,3,3,3,6),(0.,0.595333674496,0.674177814578,0.713600088042,0.743166568379,0.753074269034),.UNSPECIFIED.) ;
#3736=B_SPLINE_CURVE_WITH_KNOTS('',5,(#3737,#3738,#3739,#3740,#3741,#3742,#3743,#3744,#3745,#3746,#3747,#3748,#3749,#3750,#3751,#3752,#3753,#3754),.UNSPECIFIED.,.F.,.U.,(6,3,3,3,3,6),(0.,0.241614849112,0.566350224853,0.667081682267,0.717448863241,0.767821165286),.UNSPECIFIED.) ;
#3758=B_SPLINE_CURVE_WITH_KNOTS('',5,(#3759,#3760,#3761,#3762,#3763,#3764,#3765,#3766,#3767,#3768,#3769,#3770,#3771,#3772,#3773,#3774,#3775,#3776),.UNSPECIFIED.,.F.,.U.,(6,3,3,3,3,6),(0.,1.22211151449,1.35792687749,1.42583579791,1.4597910464,1.49375208805),.UNSPECIFIED.) ;
#3780=B_SPLINE_CURVE_WITH_KNOTS('',4,(#3781,#3782,#3783,#3784,#3785),.UNSPECIFIED.,.F.,.U.,(5,5),(0.,1.47392352353),.UNSPECIFIED.) ;
#3803=B_SPLINE_CURVE_WITH_KNOTS('',3,(#3804,#3805,#3806,#3807),.UNSPECIFIED.,.F.,.U.,(4,4),(-0.392722620564,0.392722620564),.UNSPECIFIED.) ;
#3813=B_SPLINE_CURVE_WITH_KNOTS('',3,(#3814,#3815,#3816,#3817),.UNSPECIFIED.,.F.,.U.,(4,4),(0.392722620564,1.17807370708),.UNSPECIFIED.) ;
#3828=B_SPLINE_CURVE_WITH_KNOTS('',3,(#3829,#3830,#3831,#3832),.UNSPECIFIED.,.F.,.U.,(4,4),(-0.392722621794,0.392722621794),.UNSPECIFIED.) ;
#3892=B_SPLINE_CURVE_WITH_KNOTS('',5,(#3893,#3894,#3895,#3896,#3897,#3898,#3899,#3900,#3901),.UNSPECIFIED.,.F.,.U.,(6,3,6),(-2.04203522483,0.,2.04203522483),.UNSPECIFIED.) ;
#3915=B_SPLINE_CURVE_WITH_KNOTS('',5,(#3916,#3917,#3918,#3919,#3920,#3921),.UNSPECIFIED.,.F.,.U.,(6,6),(0.,1.52586090103),.UNSPECIFIED.) ;
#3927=B_SPLINE_CURVE_WITH_KNOTS('',5,(#3928,#3929,#3930,#3931,#3932,#3933,#3934,#3935,#3936,#3937,#3938,#3939,#3940,#3941,#3942,#3943,#3944,#3945,#3946,#3947,#3948,#3949,#3950,#3951),.UNSPECIFIED.,.F.,.U.,(6,3,3,3,3,3,3,6),(0.,0.885362876099,1.20430907184,1.37007683971,1.45296559987,1.49441086613,1.51513469813,1.53585853012),.UNSPECIFIED.) ;
#3955=B_SPLINE_CURVE_WITH_KNOTS('',5,(#3956,#3957,#3958,#3959,#3960,#3961,#3962,#3963,#3964,#3965,#3966,#3967,#3968,#3969,#3970,#3971,#3972,#3973,#3974,#3975,#3976),.UNSPECIFIED.,.F.,.U.,(6,3,3,3,3,3,6),(0.,1.23817393792,1.39967640818,1.48043195687,1.52081059983,1.54100314867,1.56119569752),.UNSPECIFIED.) ;
#3980=B_SPLINE_CURVE_WITH_KNOTS('',5,(#3981,#3982,#3983,#3984,#3985,#3986,#3987,#3988,#3989,#3990,#3991,#3992,#3993,#3994,#3995,#3996,#3997,#3998),.UNSPECIFIED.,.F.,.U.,(6,3,3,3,3,6),(0.,0.949015553984,1.26653192133,1.42583005353,1.5054840533,1.58513805307),.UNSPECIFIED.) ;
#4009=B_SPLINE_CURVE_WITH_KNOTS('',5,(#4010,#4011,#4012,#4013,#4014,#4015,#4016,#4017,#4018),.UNSPECIFIED.,.F.,.U.,(6,3,6),(0.,24.8916452615,44.9852521057),.UNSPECIFIED.) ;
#4034=B_SPLINE_CURVE_WITH_KNOTS('',5,(#4035,#4036,#4037,#4038,#4039,#4040,#4041,#4042,#4043),.UNSPECIFIED.,.F.,.U.,(6,3,6),(0.,6.74054462296,12.052630857),.UNSPECIFIED.) ;
#4047=B_SPLINE_CURVE_WITH_KNOTS('',5,(#4048,#4049,#4050,#4051,#4052,#4053,#4054,#4055,#4056,#4057,#4058,#4059,#4060,#4061,#4062,#4063,#4064,#4065),.UNSPECIFIED.,.F.,.U.,(6,3,3,3,3,6),(0.,9.9397766072,12.4242007098,17.379987663,22.3369424389,27.7216170763),.UNSPECIFIED.) ;
#4136=B_SPLINE_CURVE_WITH_KNOTS('',5,(#4137,#4138,#4139,#4140,#4141,#4142),.UNSPECIFIED.,.F.,.U.,(6,6),(5.51788506509,12.4890224672),.UNSPECIFIED.) ;
#4146=B_SPLINE_CURVE_WITH_KNOTS('',5,(#4147,#4148,#4149,#4150,#4151,#4152,#4153,#4154,#4155),.UNSPECIFIED.,.F.,.U.,(6,3,6),(0.,2.1565953259,4.3131906518),.UNSPECIFIED.) ;
#4159=B_SPLINE_CURVE_WITH_KNOTS('',5,(#4160,#4161,#4162,#4163,#4164,#4165),.UNSPECIFIED.,.F.,.U.,(6,6),(4.54665603008,12.4890224672),.UNSPECIFIED.) ;
#4290=B_SPLINE_CURVE_WITH_KNOTS('',5,(#4291,#4292,#4293,#4294,#4295,#4296,#4297,#4298,#4299),.UNSPECIFIED.,.F.,.U.,(6,3,6),(11.118999419,13.198262424,16.1480889805),.UNSPECIFIED.) ;
#4303=B_SPLINE_CURVE_WITH_KNOTS('',5,(#4304,#4305,#4306,#4307,#4308,#4309,#4310,#4311,#4312),.UNSPECIFIED.,.F.,.U.,(6,3,6),(0.,1.93301372359,3.86602744717),.UNSPECIFIED.) ;
#4316=B_SPLINE_CURVE_WITH_KNOTS('',5,(#4317,#4318,#4319,#4320,#4321,#4322),.UNSPECIFIED.,.F.,.U.,(6,6),(15.5193334148,16.1480889805),.UNSPECIFIED.) ;
#4326=B_SPLINE_CURVE_WITH_KNOTS('',5,(#4327,#4328,#4329,#4330,#4331,#4332),.UNSPECIFIED.,.F.,.U.,(6,6),(14.8907644949,15.5193332702),.UNSPECIFIED.) ;
#4336=B_SPLINE_CURVE_WITH_KNOTS('',5,(#4337,#4338,#4339,#4340,#4341,#4342),.UNSPECIFIED.,.F.,.U.,(6,6),(13.6334216413,14.8907644951),.UNSPECIFIED.) ;
#4346=B_SPLINE_CURVE_WITH_KNOTS('',5,(#4347,#4348,#4349,#4350,#4351,#4352,#4353,#4354,#4355),.UNSPECIFIED.,.F.,.U.,(6,3,6),(12.3761522276,13.198262424,13.6334216413),.UNSPECIFIED.) ;
#4359=B_SPLINE_CURVE_WITH_KNOTS('',5,(#4360,#4361,#4362,#4363,#4364,#4365),.UNSPECIFIED.,.F.,.U.,(6,6),(11.118999419,12.376151654),.UNSPECIFIED.) ;
#4383=B_SPLINE_CURVE_WITH_KNOTS('',5,(#4384,#4385,#4386,#4387,#4388,#4389,#4390,#4391,#4392,#4393,#4394,#4395),.UNSPECIFIED.,.F.,.U.,(6,3,3,6),(0.,1.29659787533,2.67382812732,4.47799720382),.UNSPECIFIED.) ;
#4642=B_SPLINE_CURVE_WITH_KNOTS('',5,(#4643,#4644,#4645,#4646,#4647,#4648,#4649,#4650,#4651,#4652,#4653,#4654,#4655,#4656,#4657,#4658,#4659,#4660),.UNSPECIFIED.,.F.,.U.,(6,3,3,3,3,6),(0.,1.44416145716,1.61296798412,1.69737153223,1.73957389712,1.78178479372),.UNSPECIFIED.) ;
#4664=B_SPLINE_CURVE_WITH_KNOTS('',5,(#4665,#4666,#4667,#4668,#4669,#4670,#4671,#4672,#4673,#4674,#4675,#4676,#4677,#4678,#4679,#4680,#4681,#4682),.UNSPECIFIED.,.F.,.U.,(6,3,3,3,3,6),(0.,1.44541726612,1.61546501266,1.70048917326,1.74300183977,1.78552456144),.UNSPECIFIED.) ;
#4686=B_SPLINE_CURVE_WITH_KNOTS('',5,(#4687,#4688,#4689,#4690,#4691,#4692,#4693,#4694,#4695,#4696,#4697,#4698,#4699,#4700,#4701,#4702,#4703,#4704),.UNSPECIFIED.,.F.,.U.,(6,3,3,3,3,6),(0.,1.45567838404,1.6233654536,1.70721043339,1.74913366859,1.7910649984),.UNSPECIFIED.) ;
#4708=B_SPLINE_CURVE_WITH_KNOTS('',5,(#4709,#4710,#4711,#4712,#4713,#4714,#4715,#4716,#4717,#4718,#4719,#4720,#4721,#4722,#4723),.UNSPECIFIED.,.F.,.U.,(6,3,3,3,6),(0.,0.549393059094,0.724867392843,0.810967315009,0.897069319883),.UNSPECIFIED.) ;
#4727=B_SPLINE_CURVE_WITH_KNOTS('',3,(#4728,#4729,#4730,#4731),.UNSPECIFIED.,.F.,.U.,(4,4),(0.,0.896780660044),.UNSPECIFIED.) ;
#4753=B_SPLINE_CURVE_WITH_KNOTS('',1,(#4754,#4755),.UNSPECIFIED.,.F.,.U.,(2,2),(0.,1.84631650717),.UNSPECIFIED.) ;
#4761=B_SPLINE_CURVE_WITH_KNOTS('',3,(#4762,#4763,#4764,#4765),.UNSPECIFIED.,.F.,.U.,(4,4),(0.,0.911175112619),.UNSPECIFIED.) ;
#4769=B_SPLINE_CURVE_WITH_KNOTS('',3,(#4770,#4771,#4772,#4773),.UNSPECIFIED.,.F.,.U.,(4,4),(0.,5.30010345064),.UNSPECIFIED.) ;
#4777=B_SPLINE_CURVE_WITH_KNOTS('',5,(#4778,#4779,#4780,#4781,#4782,#4783,#4784,#4785,#4786,#4787,#4788,#4789,#4790,#4791,#4792,#4793,#4794,#4795),.UNSPECIFIED.,.F.,.U.,(6,3,3,3,3,6),(0.,3.13144161906,4.17475165034,4.69659054843,4.95751031764,5.2273871776),.UNSPECIFIED.) ;
#4799=B_SPLINE_CURVE_WITH_KNOTS('',3,(#4800,#4801,#4802,#4803),.UNSPECIFIED.,.F.,.U.,(4,4),(0.,7.66671138262),.UNSPECIFIED.) ;
#4807=B_SPLINE_CURVE_WITH_KNOTS('',3,(#4808,#4809,#4810,#4811),.UNSPECIFIED.,.F.,.U.,(4,4),(0.,4.8228484615),.UNSPECIFIED.) ;
#4815=B_SPLINE_CURVE_WITH_KNOTS('',3,(#4816,#4817,#4818,#4819),.UNSPECIFIED.,.F.,.U.,(4,4),(0.,2.41772346029),.UNSPECIFIED.) ;
#4823=B_SPLINE_CURVE_WITH_KNOTS('',1,(#4824,#4825),.UNSPECIFIED.,.F.,.U.,(2,2),(0.,3.96269085346),.UNSPECIFIED.) ;
#4829=B_SPLINE_CURVE_WITH_KNOTS('',3,(#4830,#4831,#4832,#4833),.UNSPECIFIED.,.F.,.U.,(4,4),(0.21027116319,18.7218581111),.UNSPECIFIED.) ;
#4856=B_SPLINE_CURVE_WITH_KNOTS('',3,(#4857,#4858,#4859,#4860),.UNSPECIFIED.,.F.,.U.,(4,4),(0.193595257794,7.4907380426),.UNSPECIFIED.) ;
#4864=B_SPLINE_CURVE_WITH_KNOTS('',1,(#4865,#4866),.UNSPECIFIED.,.F.,.U.,(2,2),(0.,2.43814877979),.UNSPECIFIED.) ;
#4870=B_SPLINE_CURVE_WITH_KNOTS('',5,(#4871,#4872,#4873,#4874,#4875,#4876,#4877,#4878,#4879,#4880,#4881,#4882,#4883,#4884,#4885,#4886,#4887,#4888),.UNSPECIFIED.,.F.,.U.,(6,3,3,3,3,6),(0.,2.06364069207,2.33436597178,2.46972861781,2.53741027354,2.60509925882),.UNSPECIFIED.) ;
#4892=B_SPLINE_CURVE_WITH_KNOTS('',3,(#4893,#4894,#4895,#4896),.UNSPECIFIED.,.F.,.U.,(4,4),(0.,1.46230817983),.UNSPECIFIED.) ;
#4900=B_SPLINE_CURVE_WITH_KNOTS('',5,(#4901,#4902,#4903,#4904,#4905,#4906,#4907,#4908,#4909,#4910,#4911,#4912),.UNSPECIFIED.,.F.,.U.,(6,3,3,6),(0.,0.684686382705,0.91219422424,1.13976893155),.UNSPECIFIED.) ;
#4916=B_SPLINE_CURVE_WITH_KNOTS('',5,(#4917,#4918,#4919,#4920,#4921,#4922,#4923,#4924,#4925,#4926,#4927,#4928,#4929,#4930,#4931,#4932,#4933,#4934,#4935,#4936,#4937),.UNSPECIFIED.,.F.,.U.,(6,3,3,3,3,3,6),(0.,2.11125464083,2.34456729167,2.46122687838,2.51955672278,2.54872212363,2.57788752447),.UNSPECIFIED.) ;
#4941=B_SPLINE_CURVE_WITH_KNOTS('',3,(#4942,#4943,#4944,#4945),.UNSPECIFIED.,.F.,.U.,(4,4),(0.,2.52613434305),.UNSPECIFIED.) ;
#4967=B_SPLINE_CURVE_WITH_KNOTS('',3,(#4968,#4969,#4970,#4971),.UNSPECIFIED.,.F.,.U.,(4,4),(0.14056329063,2.88434494636),.UNSPECIFIED.) ;
#4975=B_SPLINE_CURVE_WITH_KNOTS('',1,(#4976,#4977),.UNSPECIFIED.,.F.,.U.,(2,2),(0.,2.75297791136),.UNSPECIFIED.) ;
#4981=B_SPLINE_CURVE_WITH_KNOTS('',5,(#4982,#4983,#4984,#4985,#4986,#4987,#4988,#4989,#4990,#4991,#4992,#4993,#4994,#4995,#4996,#4997,#4998,#4999),.UNSPECIFIED.,.F.,.U.,(6,3,3,3,3,6),(0.,1.66188527523,1.85891631574,1.95743239174,2.0066904482,2.0559513601),.UNSPECIFIED.) ;
#5003=B_SPLINE_CURVE_WITH_KNOTS('',3,(#5004,#5005,#5006,#5007),.UNSPECIFIED.,.F.,.U.,(4,4),(0.,1.75563289493),.UNSPECIFIED.) ;
#5011=B_SPLINE_CURVE_WITH_KNOTS('',3,(#5012,#5013,#5014,#5015),.UNSPECIFIED.,.F.,.U.,(4,4),(0.,0.110844693774),.UNSPECIFIED.) ;
#5045=B_SPLINE_CURVE_WITH_KNOTS('',5,(#5046,#5047,#5048,#5049,#5050,#5051,#5052,#5053,#5054),.UNSPECIFIED.,.F.,.U.,(6,3,6),(0.102463701485,1.29717195011,2.37546465452),.UNSPECIFIED.) ;
#5058=B_SPLINE_CURVE_WITH_KNOTS('',1,(#5059,#5060),.UNSPECIFIED.,.F.,.U.,(2,2),(0.,2.81225507148),.UNSPECIFIED.) ;
#5064=B_SPLINE_CURVE_WITH_KNOTS('',5,(#5065,#5066,#5067,#5068,#5069,#5070,#5071,#5072,#5073),.UNSPECIFIED.,.F.,.U.,(6,3,6),(0.00100049701543,1.06743552975,1.73029965101),.UNSPECIFIED.) ;
#5077=B_SPLINE_CURVE_WITH_KNOTS('',4,(#5078,#5079,#5080,#5081,#5082),.UNSPECIFIED.,.F.,.U.,(5,5),(0.,1.49587931984),.UNSPECIFIED.) ;
#5103=B_SPLINE_CURVE_WITH_KNOTS('',4,(#5104,#5105,#5106,#5107,#5108),.UNSPECIFIED.,.F.,.U.,(5,5),(3.89301324388,3.97151396096),.UNSPECIFIED.) ;
#5114=B_SPLINE_CURVE_WITH_KNOTS('',5,(#5115,#5116,#5117,#5118,#5119,#5120),.UNSPECIFIED.,.F.,.U.,(6,6),(0.,0.750938101959),.UNSPECIFIED.) ;
#5124=B_SPLINE_CURVE_WITH_KNOTS('',5,(#5125,#5126,#5127,#5128,#5129,#5130,#5131,#5132,#5133,#5134,#5135,#5136),.UNSPECIFIED.,.F.,.U.,(6,3,3,6),(0.,0.472290451895,0.625386592185,0.776762006182),.UNSPECIFIED.) ;
#5140=B_SPLINE_CURVE_WITH_KNOTS('',5,(#5141,#5142,#5143,#5144,#5145,#5146,#5147,#5148,#5149,#5150,#5151,#5152,#5153,#5154,#5155),.UNSPECIFIED.,.F.,.U.,(6,3,3,3,6),(0.,0.871920583594,1.16307672085,1.30882150024,1.45457211479),.UNSPECIFIED.) ;
#5159=B_SPLINE_CURVE_WITH_KNOTS('',5,(#5160,#5161,#5162,#5163,#5164,#5165,#5166,#5167,#5168,#5169,#5170,#5171,#5172,#5173,#5174,#5175,#5176,#5177),.UNSPECIFIED.,.F.,.U.,(6,3,3,3,3,6),(0.,1.59502072846,2.12691622218,2.39324001987,2.52640252155,2.65957116107),.UNSPECIFIED.) ;
#5181=B_SPLINE_CURVE_WITH_KNOTS('',1,(#5182,#5183),.UNSPECIFIED.,.F.,.U.,(2,2),(0.796020249824,2.3638627484),.UNSPECIFIED.) ;
#5187=B_SPLINE_CURVE_WITH_KNOTS('',3,(#5188,#5189,#5190,#5191),.UNSPECIFIED.,.F.,.U.,(4,4),(0.,0.820676794769),.UNSPECIFIED.) ;
#5195=B_SPLINE_CURVE_WITH_KNOTS('',5,(#5196,#5197,#5198,#5199,#5200,#5201,#5202,#5203,#5204,#5205,#5206,#5207,#5208,#5209,#5210),.UNSPECIFIED.,.F.,.U.,(6,3,3,3,6),(0.,1.46389594169,1.9561505319,2.20339035115,2.4506337344),.UNSPECIFIED.) ;
#5214=B_SPLINE_CURVE_WITH_KNOTS('',3,(#5215,#5216,#5217,#5218),.UNSPECIFIED.,.F.,.U.,(4,4),(0.,2.69746976943),.UNSPECIFIED.) ;
#5220=B_SPLINE_CURVE_WITH_KNOTS('',4,(#5221,#5222,#5223,#5224,#5225),.UNSPECIFIED.,.F.,.U.,(5,5),(3.97151396096,4.26475928672),.UNSPECIFIED.) ;
#5246=B_SPLINE_CURVE_WITH_KNOTS('',3,(#5247,#5248,#5249,#5250),.UNSPECIFIED.,.F.,.U.,(4,4),(0.,5.29150696893),.UNSPECIFIED.) ;
#5256=B_SPLINE_CURVE_WITH_KNOTS('',3,(#5257,#5258,#5259,#5260),.UNSPECIFIED.,.F.,.U.,(4,4),(0.,4.96354255659),.UNSPECIFIED.) ;
#5269=B_SPLINE_CURVE_WITH_KNOTS('',3,(#5270,#5271,#5272,#5273),.UNSPECIFIED.,.F.,.U.,(4,4),(0.,10.1788592959),.UNSPECIFIED.) ;
#5277=B_SPLINE_CURVE_WITH_KNOTS('',4,(#5278,#5279,#5280,#5281,#5282),.UNSPECIFIED.,.F.,.U.,(5,5),(0.,11.0064930488),.UNSPECIFIED.) ;
#5289=B_SPLINE_CURVE_WITH_KNOTS('',5,(#5290,#5291,#5292,#5293,#5294,#5295,#5296,#5297,#5298,#5299,#5300,#5301,#5302,#5303,#5304,#5305,#5306,#5307,#5308,#5309,#5310),.UNSPECIFIED.,.F.,.U.,(6,3,3,3,3,3,6),(0.,2.77784883847,3.138050029,3.31815142559,3.40820220634,3.45322778914,3.49825337193),.UNSPECIFIED.) ;
#5314=B_SPLINE_CURVE_WITH_KNOTS('',3,(#5315,#5316,#5317,#5318),.UNSPECIFIED.,.F.,.U.,(4,4),(0.,3.21380874351),.UNSPECIFIED.) ;
#5322=B_SPLINE_CURVE_WITH_KNOTS('',4,(#5323,#5324,#5325,#5326,#5327),.UNSPECIFIED.,.F.,.U.,(5,5),(0.,3.62673679629),.UNSPECIFIED.) ;
#5351=B_SPLINE_CURVE_WITH_KNOTS('',3,(#5352,#5353,#5354,#5355),.UNSPECIFIED.,.F.,.U.,(4,4),(0.,1.69174586945),.UNSPECIFIED.) ;
#5359=B_SPLINE_CURVE_WITH_KNOTS('',5,(#5360,#5361,#5362,#5363,#5364,#5365,#5366,#5367,#5368,#5369,#5370,#5371,#5372,#5373,#5374),.UNSPECIFIED.,.F.,.U.,(6,3,3,3,6),(0.,2.04509449479,2.72336713402,3.06264513362,3.40192321441),.UNSPECIFIED.) ;
#5378=B_SPLINE_CURVE_WITH_KNOTS('',5,(#5379,#5380,#5381,#5382,#5383,#5384,#5385,#5386,#5387,#5388,#5389,#5390),.UNSPECIFIED.,.F.,.U.,(6,3,3,6),(0.,1.09391105558,1.55900906936,1.72379177773),.UNSPECIFIED.) ;
#5672=B_SPLINE_CURVE_WITH_KNOTS('',5,(#5673,#5674,#5675,#5676,#5677,#5678,#5679,#5680,#5681,#5682,#5683,#5684,#5685,#5686,#5687,#5688,#5689,#5690,#5691,#5692,#5693,#5694,#5695,#5696,#5697,#5698,#5699,#5700,#5701,#5702),.UNSPECIFIED.,.F.,.U.,(6,3,3,3,3,3,3,3,3,6),(21.2591640017,31.5647956974,35.8599193841,38.0074812274,40.1550430707,43.6144081759,46.5921609268,48.0810373024,49.1544338908,49.5699136778),.UNSPECIFIED.) ;
#5706=B_SPLINE_CURVE_WITH_KNOTS('',5,(#5707,#5708,#5709,#5710,#5711,#5712,#5713,#5714,#5715),.UNSPECIFIED.,.F.,.U.,(6,3,6),(0.,1.59132465644,3.18264931288),.UNSPECIFIED.) ;
#5719=B_SPLINE_CURVE_WITH_KNOTS('',5,(#5720,#5721,#5722,#5723,#5724,#5725,#5726,#5727,#5728),.UNSPECIFIED.,.F.,.U.,(6,3,6),(21.2589932267,31.5647956974,35.2428161208),.UNSPECIFIED.) ;
#5794=B_SPLINE_CURVE_WITH_KNOTS('',2,(#5795,#5796,#5797),.UNSPECIFIED.,.F.,.U.,(3,3),(-0.981290081516,0.981290081516),.UNSPECIFIED.) ;
#5801=B_SPLINE_CURVE_WITH_KNOTS('',3,(#5802,#5803,#5804,#5805),.UNSPECIFIED.,.F.,.U.,(4,4),(0.,2.59670480404),.UNSPECIFIED.) ;
#5809=B_SPLINE_CURVE_WITH_KNOTS('',3,(#5810,#5811,#5812,#5813),.UNSPECIFIED.,.F.,.U.,(4,4),(0.,5.01787288788),.UNSPECIFIED.) ;
#5817=B_SPLINE_CURVE_WITH_KNOTS('',5,(#5818,#5819,#5820,#5821,#5822,#5823,#5824,#5825,#5826,#5827,#5828,#5829,#5830,#5831,#5832,#5833,#5834,#5835,#5836,#5837,#5838),.UNSPECIFIED.,.F.,.U.,(6,3,3,3,3,3,6),(0.,3.04763189573,3.45305685514,3.655769882,3.7571264905,3.80780498009,3.85848346968),.UNSPECIFIED.) ;
#5842=B_SPLINE_CURVE_WITH_KNOTS('',4,(#5843,#5844,#5845,#5846,#5847),.UNSPECIFIED.,.F.,.U.,(5,5),(0.,3.84317812144),.UNSPECIFIED.) ;
#5877=B_SPLINE_CURVE_WITH_KNOTS('',5,(#5878,#5879,#5880,#5881,#5882,#5883),.UNSPECIFIED.,.F.,.U.,(6,6),(0.,6.78773420773),.UNSPECIFIED.) ;
#5936=B_SPLINE_CURVE_WITH_KNOTS('',3,(#5937,#5938,#5939,#5940),.UNSPECIFIED.,.F.,.U.,(4,4),(0.,0.537570663047),.UNSPECIFIED.) ;
#5944=B_SPLINE_CURVE_WITH_KNOTS('',5,(#5945,#5946,#5947,#5948,#5949,#5950,#5951,#5952,#5953,#5954,#5955,#5956,#5957,#5958,#5959,#5960,#5961,#5962),.UNSPECIFIED.,.F.,.U.,(6,3,3,3,3,6),(0.,0.636607674752,0.957868001728,1.27824716193,1.44183637611,1.62885626035),.UNSPECIFIED.) ;
#5966=B_SPLINE_CURVE_WITH_KNOTS('',3,(#5967,#5968,#5969,#5970,#5971),.UNSPECIFIED.,.F.,.U.,(4,1,4),(0.961319243508,14.6079125641,32.8744377341),.UNSPECIFIED.) ;
#6140=B_SPLINE_CURVE_WITH_KNOTS('',3,(#6141,#6142,#6143,#6144,#6145),.UNSPECIFIED.,.F.,.U.,(4,1,4),(0.000291984451454,6.5886731079,15.3727024705),.UNSPECIFIED.) ;
#6176=B_SPLINE_CURVE_WITH_KNOTS('',3,(#6177,#6178,#6179,#6180),.UNSPECIFIED.,.F.,.U.,(4,4),(-0.000149852389345,6.33288801885),.UNSPECIFIED.) ;
#6182=B_SPLINE_CURVE_WITH_KNOTS('',3,(#6183,#6184,#6185,#6186),.UNSPECIFIED.,.F.,.U.,(4,4),(0.000268097812867,2.83778959477),.UNSPECIFIED.) ;
#6190=B_SPLINE_CURVE_WITH_KNOTS('',3,(#6191,#6192,#6193,#6194),.UNSPECIFIED.,.F.,.U.,(4,4),(2.83778959484,6.33288801875),.UNSPECIFIED.) ;
#6300=B_SPLINE_CURVE_WITH_KNOTS('',5,(#6301,#6302,#6303,#6304,#6305,#6306),.UNSPECIFIED.,.F.,.U.,(6,6),(0.,11.3283223833),.UNSPECIFIED.) ;
#6348=B_SPLINE_CURVE_WITH_KNOTS('',3,(#6349,#6350,#6351,#6352),.UNSPECIFIED.,.F.,.U.,(4,4),(-0.392703112776,0.392703112776),.UNSPECIFIED.) ;
#6489=B_SPLINE_CURVE_WITH_KNOTS('',5,(#6490,#6491,#6492,#6493,#6494,#6495,#6496,#6497,#6498,#6499,#6500,#6501),.UNSPECIFIED.,.F.,.U.,(6,3,3,6),(0.,11.7630866807,23.5261733613,44.7326747617),.UNSPECIFIED.) ;
#6505=B_SPLINE_CURVE_WITH_KNOTS('',4,(#6506,#6507,#6508,#6509,#6510),.UNSPECIFIED.,.F.,.U.,(5,5),(0.,1.2003027378),.UNSPECIFIED.) ;
#6514=B_SPLINE_CURVE_WITH_KNOTS('',4,(#6515,#6516,#6517,#6518,#6519),.UNSPECIFIED.,.F.,.U.,(5,5),(0.,1.36862742372),.UNSPECIFIED.) ;
#6564=B_SPLINE_CURVE_WITH_KNOTS('',5,(#6565,#6566,#6567,#6568,#6569,#6570,#6571,#6572,#6573,#6574,#6575,#6576,#6577,#6578,#6579),.UNSPECIFIED.,.F.,.U.,(6,3,3,3,6),(0.,1.74894408437,2.54464683593,3.34034958748,4.33196733301),.UNSPECIFIED.) ;
#6583=B_SPLINE_CURVE_WITH_KNOTS('',5,(#6584,#6585,#6586,#6587,#6588,#6589,#6590,#6591,#6592,#6593,#6594,#6595,#6596,#6597,#6598,#6599,#6600,#6601,#6602,#6603,#6604,#6605,#6606,#6607,#6608,#6609,#6610,#6611,#6612,#6613),.UNSPECIFIED.,.F.,.U.,(6,3,3,3,3,3,3,3,3,6),(0.,0.507103251232,1.61460521298,2.25137104317,2.87588599214,4.14132242535,5.56105922006,6.04255998446,7.05130478937,7.62110891552),.UNSPECIFIED.) ;
#6668=B_SPLINE_CURVE_WITH_KNOTS('',3,(#6669,#6670,#6671,#6672),.UNSPECIFIED.,.F.,.U.,(4,4),(0.,4.13355950749),.UNSPECIFIED.) ;
#6676=B_SPLINE_CURVE_WITH_KNOTS('',3,(#6677,#6678,#6679,#6680),.UNSPECIFIED.,.F.,.U.,(4,4),(0.,1.37615200722),.UNSPECIFIED.) ;
#6684=B_SPLINE_CURVE_WITH_KNOTS('',5,(#6685,#6686,#6687,#6688,#6689,#6690,#6691,#6692,#6693,#6694,#6695,#6696,#6697,#6698,#6699),.UNSPECIFIED.,.F.,.U.,(6,3,3,3,6),(0.,0.93443277529,1.9733041974,2.23899392772,2.50468744109),.UNSPECIFIED.) ;
#6703=B_SPLINE_CURVE_WITH_KNOTS('',5,(#6704,#6705,#6706,#6707,#6708,#6709,#6710,#6711,#6712,#6713,#6714,#6715),.UNSPECIFIED.,.F.,.U.,(6,3,3,6),(0.,0.585431976803,0.796118689377,1.0174701756),.UNSPECIFIED.) ;
#6776=B_SPLINE_CURVE_WITH_KNOTS('',3,(#6777,#6778,#6779,#6780),.UNSPECIFIED.,.F.,.U.,(4,4),(0.,1.2841600613),.UNSPECIFIED.) ;
#6786=B_SPLINE_CURVE_WITH_KNOTS('',5,(#6787,#6788,#6789,#6790,#6791,#6792,#6793,#6794,#6795,#6796,#6797,#6798,#6799,#6800,#6801,#6802,#6803,#6804),.UNSPECIFIED.,.F.,.U.,(6,3,3,3,3,6),(0.,1.22337486077,1.80611695853,2.36933024666,2.64304478071,2.91677385288),.UNSPECIFIED.) ;
#6808=B_SPLINE_CURVE_WITH_KNOTS('',4,(#6809,#6810,#6811,#6812,#6813),.UNSPECIFIED.,.F.,.U.,(5,5),(0.,1.61559335286),.UNSPECIFIED.) ;
#6815=B_SPLINE_CURVE_WITH_KNOTS('',5,(#6816,#6817,#6818,#6819,#6820,#6821,#6822,#6823,#6824,#6825,#6826,#6827,#6828,#6829,#6830,#6831,#6832,#6833,#6834,#6835,#6836),.UNSPECIFIED.,.F.,.U.,(6,3,3,3,3,3,6),(0.,7.19559264735,14.3911852947,21.586777942,25.1845742657,28.1168642317,28.7818861127),.UNSPECIFIED.) ;
#6973=B_SPLINE_CURVE_WITH_KNOTS('',5,(#6974,#6975,#6976,#6977,#6978,#6979,#6980,#6981,#6982,#6983,#6984,#6985,#6986,#6987,#6988),.UNSPECIFIED.,.F.,.U.,(6,3,3,3,6),(7.29212315226E-05,0.299248705515,1.15213127444,1.95359979392,2.85865815616),.UNSPECIFIED.) ;
#7088=B_SPLINE_CURVE_WITH_KNOTS('',1,(#7089,#7090),.UNSPECIFIED.,.F.,.U.,(2,2),(11.2699331063,15.4314279522),.UNSPECIFIED.) ;
#7164=B_SPLINE_CURVE_WITH_KNOTS('',1,(#7165,#7166),.UNSPECIFIED.,.F.,.U.,(2,2),(0.0920363481289,7.19672008443),.UNSPECIFIED.) ;
#7222=B_SPLINE_CURVE_WITH_KNOTS('',3,(#7223,#7224,#7225,#7226),.UNSPECIFIED.,.F.,.U.,(4,4),(0.,11.8037744176),.UNSPECIFIED.) ;
#7272=B_SPLINE_CURVE_WITH_KNOTS('',5,(#7273,#7274,#7275,#7276,#7277,#7278,#7279,#7280,#7281),.UNSPECIFIED.,.F.,.U.,(6,3,6),(0.,8.38929086357,20.2006971591),.UNSPECIFIED.) ;
#7285=B_SPLINE_CURVE_WITH_KNOTS('',3,(#7286,#7287,#7288,#7289),.UNSPECIFIED.,.F.,.U.,(4,4),(0.,9.24072648098),.UNSPECIFIED.) ;
#7343=B_SPLINE_CURVE_WITH_KNOTS('',3,(#7344,#7345,#7346,#7347,#7348,#7349),.UNSPECIFIED.,.F.,.U.,(4,1,1,4),(0.0234129959004,9.26384062149,15.4241257051,21.584358512),.UNSPECIFIED.) ;
#7372=B_SPLINE_CURVE_WITH_KNOTS('',3,(#7373,#7374,#7375,#7376),.UNSPECIFIED.,.F.,.U.,(4,4),(0.,1.56484163621),.UNSPECIFIED.) ;
#523=B_SPLINE_SURFACE_WITH_KNOTS('',3,3,((#524,#525,#526,#527),(#528,#529,#530,#531),(#532,#533,#534,#535),(#536,#537,#538,#539),(#540,#541,#542,#543)),.UNSPECIFIED.,.F.,.F.,.U.,(4,1,4),(4,4),(-0.0617935040541,0.965365714028,1.75120811991),(-1.260625671,10.5208133551),.UNSPECIFIED.) ;
#605=B_SPLINE_SURFACE_WITH_KNOTS('',3,3,((#606,#607,#608,#609),(#610,#611,#612,#613),(#614,#615,#616,#617),(#618,#619,#620,#621),(#622,#623,#624,#625)),.UNSPECIFIED.,.F.,.F.,.U.,(4,1,4),(4,4),(-0.0609461504056,0.937595443769,1.70184380082),(-0.0599067860638,3.08922041689),.UNSPECIFIED.) ;
#657=B_SPLINE_SURFACE_WITH_KNOTS('',3,3,((#658,#659,#660,#661),(#662,#663,#664,#665),(#666,#667,#668,#669),(#670,#671,#672,#673),(#674,#675,#676,#677)),.UNSPECIFIED.,.F.,.F.,.U.,(4,1,4),(4,4),(-0.0629206326383,0.945741455381,1.71909147446),(9.83891667962,15.6207756698),.UNSPECIFIED.) ;
#745=B_SPLINE_SURFACE_WITH_KNOTS('',3,3,((#746,#747,#748,#749,#750),(#751,#752,#753,#754,#755),(#756,#757,#758,#759,#760),(#761,#762,#763,#764,#765),(#766,#767,#768,#769,#770)),.UNSPECIFIED.,.F.,.F.,.U.,(4,1,4),(4,1,4),(-0.0620915009713,0.945653218341,1.71709742548),(-0.217693673186,9.34115651159,22.0131478815),.UNSPECIFIED.) ;
#803=B_SPLINE_SURFACE_WITH_KNOTS('',3,3,((#804,#805,#806,#807),(#808,#809,#810,#811),(#812,#813,#814,#815),(#816,#817,#818,#819),(#820,#821,#822,#823)),.UNSPECIFIED.,.F.,.F.,.U.,(4,1,4),(4,4),(-0.0608486592421,0.925737617816,1.68099191543),(-0.0597210178855,5.0478831312),.UNSPECIFIED.) ;
#855=B_SPLINE_SURFACE_WITH_KNOTS('',3,3,((#856,#857,#858,#859,#860,#861,#862,#863,#864),(#865,#866,#867,#868,#869,#870,#871,#872,#873),(#874,#875,#876,#877,#878,#879,#880,#881,#882),(#883,#884,#885,#886,#887,#888,#889,#890,#891),(#892,#893,#894,#895,#896,#897,#898,#899,#900),(#901,#902,#903,#904,#905,#906,#907,#908,#909)),.UNSPECIFIED.,.F.,.F.,.U.,(4,1,1,4),(4,1,1,1,1,1,4),(-0.0623133963991,0.472451646298,0.944837100245,1.71584612205),(-0.182022047885,1.51403624416,3.02803341316,6.05602775113,9.08402208912,15.1400107651,21.4083234559),.UNSPECIFIED.) ;
#951=B_SPLINE_SURFACE_WITH_KNOTS('',3,3,((#952,#953,#954,#955,#956,#957,#958,#959,#960,#961,#962,#963),(#964,#965,#966,#967,#968,#969,#970,#971,#972,#973,#974,#975),(#976,#977,#978,#979,#980,#981,#982,#983,#984,#985,#986,#987),(#988,#989,#990,#991,#992,#993,#994,#995,#996,#997,#998,#999),(#1000,#1001,#1002,#1003,#1004,#1005,#1006,#1007,#1008,#1009,#1010,#1011)),.UNSPECIFIED.,.F.,.F.,.U.,(4,1,4),(4,1,1,1,1,1,1,1,1,4),(-0.0611544319442,0.930494311783,1.68959251656),(-0.331497503512,4.72867968706,9.45787016955,11.8224654108,14.1870606519,16.5516558932,18.9162511344,23.645441617,28.3746320994,33.4347947438),.UNSPECIFIED.) ;
#1079=B_SPLINE_SURFACE_WITH_KNOTS('',3,3,((#1080,#1081,#1082,#1083,#1084,#1085,#1086,#1087,#1088),(#1089,#1090,#1091,#1092,#1093,#1094,#1095,#1096,#1097),(#1098,#1099,#1100,#1101,#1102,#1103,#1104,#1105,#1106),(#1107,#1108,#1109,#1110,#1111,#1112,#1113,#1114,#1115),(#1116,#1117,#1118,#1119,#1120,#1121,#1122,#1123,#1124),(#1125,#1126,#1127,#1128,#1129,#1130,#1131,#1132,#1133)),.UNSPECIFIED.,.F.,.F.,.U.,(4,1,1,4),(4,1,1,1,1,1,4),(-0.0623201659878,0.472404740099,0.944743965898,1.71558593022),(-0.212291852908,6.05609066342,12.1121350413,15.1401572303,18.1681794193,19.6821905138,21.379136025),.UNSPECIFIED.) ;
#1175=B_SPLINE_SURFACE_WITH_KNOTS('',3,3,((#1176,#1177,#1178,#1179),(#1180,#1181,#1182,#1183),(#1184,#1185,#1186,#1187),(#1188,#1189,#1190,#1191),(#1192,#1193,#1194,#1195)),.UNSPECIFIED.,.F.,.F.,.U.,(4,1,4),(4,4),(-0.0608400389257,0.925785270791,1.68107641288),(1.83499087699,9.31213753509),.UNSPECIFIED.) ;
#1581=B_SPLINE_SURFACE_WITH_KNOTS('',3,3,((#1582,#1583,#1584,#1585,#1586,#1587,#1588),(#1589,#1590,#1591,#1592,#1593,#1594,#1595),(#1596,#1597,#1598,#1599,#1600,#1601,#1602),(#1603,#1604,#1605,#1606,#1607,#1608,#1609),(#1610,#1611,#1612,#1613,#1614,#1615,#1616)),.UNSPECIFIED.,.F.,.F.,.U.,(4,1,4),(4,1,1,1,4),(-0.0651968620434,0.846729346623,1.54728829667),(0.563790421959,7.22745983351,10.8193445766,18.003114063,25.4307152247),.UNSPECIFIED.) ;
#2942=B_SPLINE_SURFACE_WITH_KNOTS('',3,3,((#2943,#2944,#2945,#2946,#2947,#2948,#2949,#2950,#2951,#2952),(#2953,#2954,#2955,#2956,#2957,#2958,#2959,#2960,#2961,#2962),(#2963,#2964,#2965,#2966,#2967,#2968,#2969,#2970,#2971,#2972),(#2973,#2974,#2975,#2976,#2977,#2978,#2979,#2980,#2981,#2982),(#2983,#2984,#2985,#2986,#2987,#2988,#2989,#2990,#2991,#2992)),.UNSPECIFIED.,.F.,.F.,.U.,(4,1,4),(4,1,1,1,1,1,1,4),(-0.0597345143344,0.851505761357,1.54993472683),(-0.213756302809,3.04838399766,6.09711131637,9.14583863511,12.1945659538,15.2432932726,18.2920205913,21.5534075208),.UNSPECIFIED.) ;
#3055=B_SPLINE_SURFACE_WITH_KNOTS('',3,3,((#3056,#3057,#3058,#3059),(#3060,#3061,#3062,#3063),(#3064,#3065,#3066,#3067),(#3068,#3069,#3070,#3071),(#3072,#3073,#3074,#3075)),.UNSPECIFIED.,.F.,.F.,.U.,(4,1,4),(4,4),(-0.0615889920046,0.882911948679,1.60678727903),(-0.0598116265348,5.57214712113),.UNSPECIFIED.) ;
#3117=B_SPLINE_SURFACE_WITH_KNOTS('',3,3,((#3118,#3119,#3120,#3121,#3122),(#3123,#3124,#3125,#3126,#3127),(#3128,#3129,#3130,#3131,#3132),(#3133,#3134,#3135,#3136,#3137),(#3138,#3139,#3140,#3141,#3142)),.UNSPECIFIED.,.F.,.F.,.U.,(4,1,4),(4,1,4),(-0.0605840886333,0.864494450036,1.57362791183),(-0.154074297553,8.78405080111,15.5227951406),.UNSPECIFIED.) ;
#3421=B_SPLINE_SURFACE_WITH_KNOTS('',3,3,((#3422,#3423,#3424,#3425),(#3426,#3427,#3428,#3429),(#3430,#3431,#3432,#3433),(#3434,#3435,#3436,#3437),(#3438,#3439,#3440,#3441)),.UNSPECIFIED.,.F.,.F.,.U.,(4,1,4),(4,4),(-0.0615882057223,0.882908665857,1.60678106276),(-0.0597590976055,5.57219723563),.UNSPECIFIED.) ;
#3483=B_SPLINE_SURFACE_WITH_KNOTS('',3,3,((#3484,#3485,#3486,#3487),(#3488,#3489,#3490,#3491),(#3492,#3493,#3494,#3495),(#3496,#3497,#3498,#3499),(#3500,#3501,#3502,#3503)),.UNSPECIFIED.,.F.,.F.,.U.,(4,1,4),(4,4),(-0.0618450414905,0.912523562028,1.65877778777),(-0.0622196200846,6.39743996214),.UNSPECIFIED.) ;
#4081=B_SPLINE_SURFACE_WITH_KNOTS('',5,5,((#4082,#4083,#4084,#4085,#4086,#4087,#4088,#4089,#4090),(#4091,#4092,#4093,#4094,#4095,#4096,#4097,#4098,#4099),(#4100,#4101,#4102,#4103,#4104,#4105,#4106,#4107,#4108),(#4109,#4110,#4111,#4112,#4113,#4114,#4115,#4116,#4117),(#4118,#4119,#4120,#4121,#4122,#4123,#4124,#4125,#4126),(#4127,#4128,#4129,#4130,#4131,#4132,#4133,#4134,#4135)),.UNSPECIFIED.,.F.,.F.,.U.,(6,6),(6,3,6),(4.51241459367,12.4890224672),(0.,2.1565953259,4.3131906518),.UNSPECIFIED.) ;
#4208=B_SPLINE_SURFACE_WITH_KNOTS('',5,5,((#4209,#4210,#4211,#4212,#4213,#4214,#4215,#4216,#4217),(#4218,#4219,#4220,#4221,#4222,#4223,#4224,#4225,#4226),(#4227,#4228,#4229,#4230,#4231,#4232,#4233,#4234,#4235),(#4236,#4237,#4238,#4239,#4240,#4241,#4242,#4243,#4244),(#4245,#4246,#4247,#4248,#4249,#4250,#4251,#4252,#4253),(#4254,#4255,#4256,#4257,#4258,#4259,#4260,#4261,#4262),(#4263,#4264,#4265,#4266,#4267,#4268,#4269,#4270,#4271),(#4272,#4273,#4274,#4275,#4276,#4277,#4278,#4279,#4280),(#4281,#4282,#4283,#4284,#4285,#4286,#4287,#4288,#4289)),.UNSPECIFIED.,.F.,.F.,.U.,(6,3,6),(6,3,6),(11.118999419,13.198262424,16.1480889805),(0.,1.93301372359,3.86602744717),.UNSPECIFIED.) ;
#4744=B_SPLINE_SURFACE_WITH_KNOTS('',3,1,((#4745,#4746),(#4747,#4748),(#4749,#4750),(#4751,#4752)),.UNSPECIFIED.,.F.,.F.,.U.,(4,4),(2,2),(0.21027116319,18.7226400685),(0.,3.98646699858),.UNSPECIFIED.) ;
#4847=B_SPLINE_SURFACE_WITH_KNOTS('',3,1,((#4848,#4849),(#4850,#4851),(#4852,#4853),(#4854,#4855)),.UNSPECIFIED.,.F.,.F.,.U.,(4,4),(2,2),(0.193595257794,7.4907380426),(0.,2.45277767247),.UNSPECIFIED.) ;
#4958=B_SPLINE_SURFACE_WITH_KNOTS('',3,1,((#4959,#4960),(#4961,#4962),(#4963,#4964),(#4965,#4966)),.UNSPECIFIED.,.F.,.F.,.U.,(4,4),(2,2),(0.14056329063,2.88434494636),(0.,2.76949577883),.UNSPECIFIED.) ;
#5026=B_SPLINE_SURFACE_WITH_KNOTS('',5,1,((#5027,#5028),(#5029,#5030),(#5031,#5032),(#5033,#5034),(#5035,#5036),(#5037,#5038),(#5039,#5040),(#5041,#5042),(#5043,#5044)),.UNSPECIFIED.,.F.,.F.,.U.,(6,3,6),(2,2),(0.101679773405,1.29717195011,2.37549245902),(0.,2.84839249764),.UNSPECIFIED.) ;
#5092=B_SPLINE_SURFACE_WITH_KNOTS('',4,1,((#5093,#5094),(#5095,#5096),(#5097,#5098),(#5099,#5100),(#5101,#5102)),.UNSPECIFIED.,.F.,.F.,.U.,(5,5),(2,2),(0.065686797533,4.26475928672),(0.,2.82912860007),.UNSPECIFIED.) ;
#5342=B_SPLINE_SURFACE_WITH_KNOTS('',3,1,((#5343,#5344),(#5345,#5346),(#5347,#5348),(#5349,#5350)),.UNSPECIFIED.,.F.,.F.,.U.,(4,4),(2,2),(1.93508488754,6.66310248887),(0.,1.58665660856),.UNSPECIFIED.) ;
#5401=B_SPLINE_SURFACE_WITH_KNOTS('',5,5,((#5402,#5403,#5404,#5405,#5406,#5407,#5408,#5409,#5410),(#5411,#5412,#5413,#5414,#5415,#5416,#5417,#5418,#5419),(#5420,#5421,#5422,#5423,#5424,#5425,#5426,#5427,#5428),(#5429,#5430,#5431,#5432,#5433,#5434,#5435,#5436,#5437),(#5438,#5439,#5440,#5441,#5442,#5443,#5444,#5445,#5446),(#5447,#5448,#5449,#5450,#5451,#5452,#5453,#5454,#5455),(#5456,#5457,#5458,#5459,#5460,#5461,#5462,#5463,#5464),(#5465,#5466,#5467,#5468,#5469,#5470,#5471,#5472,#5473),(#5474,#5475,#5476,#5477,#5478,#5479,#5480,#5481,#5482),(#5483,#5484,#5485,#5486,#5487,#5488,#5489,#5490,#5491),(#5492,#5493,#5494,#5495,#5496,#5497,#5498,#5499,#5500),(#5501,#5502,#5503,#5504,#5505,#5506,#5507,#5508,#5509),(#5510,#5511,#5512,#5513,#5514,#5515,#5516,#5517,#5518),(#5519,#5520,#5521,#5522,#5523,#5524,#5525,#5526,#5527),(#5528,#5529,#5530,#5531,#5532,#5533,#5534,#5535,#5536),(#5537,#5538,#5539,#5540,#5541,#5542,#5543,#5544,#5545),(#5546,#5547,#5548,#5549,#5550,#5551,#5552,#5553,#5554),(#5555,#5556,#5557,#5558,#5559,#5560,#5561,#5562,#5563),(#5564,#5565,#5566,#5567,#5568,#5569,#5570,#5571,#5572),(#5573,#5574,#5575,#5576,#5577,#5578,#5579,#5580,#5581),(#5582,#5583,#5584,#5585,#5586,#5587,#5588,#5589,#5590),(#5591,#5592,#5593,#5594,#5595,#5596,#5597,#5598,#5599),(#5600,#5601,#5602,#5603,#5604,#5605,#5606,#5607,#5608),(#5609,#5610,#5611,#5612,#5613,#5614,#5615,#5616,#5617),(#5618,#5619,#5620,#5621,#5622,#5623,#5624,#5625,#5626),(#5627,#5628,#5629,#5630,#5631,#5632,#5633,#5634,#5635),(#5636,#5637,#5638,#5639,#5640,#5641,#5642,#5643,#5644),(#5645,#5646,#5647,#5648,#5649,#5650,#5651,#5652,#5653),(#5654,#5655,#5656,#5657,#5658,#5659,#5660,#5661,#5662),(#5663,#5664,#5665,#5666,#5667,#5668,#5669,#5670,#5671)),.UNSPECIFIED.,.F.,.F.,.U.,(6,3,3,3,3,3,3,3,3,6),(6,3,6),(21.2589932267,31.5647956974,35.8599193841,38.0074812274,40.1550430707,43.6144081759,46.5921609268,48.0810373024,49.1544338908,49.5699136778),(0.,1.59132465644,3.18264931288),.UNSPECIFIED.) ;
#5775=B_SPLINE_SURFACE_WITH_KNOTS('',5,1,((#5776,#5777),(#5778,#5779),(#5780,#5781),(#5782,#5783),(#5784,#5785),(#5786,#5787),(#5788,#5789),(#5790,#5791),(#5792,#5793)),.UNSPECIFIED.,.F.,.F.,.U.,(6,3,6),(2,2),(0.158140637468,0.211771999166,14.3229127637),(0.,1.97435482158),.UNSPECIFIED.) ;
#5910=B_SPLINE_SURFACE_WITH_KNOTS('',3,3,((#5911,#5912,#5913,#5914,#5915),(#5916,#5917,#5918,#5919,#5920),(#5921,#5922,#5923,#5924,#5925),(#5926,#5927,#5928,#5929,#5930),(#5931,#5932,#5933,#5934,#5935)),.UNSPECIFIED.,.F.,.F.,.U.,(4,1,4),(4,1,4),(-0.0657763610059,0.85990020836,1.5701952521),(0.585400774844,14.6079125641,33.1914546903),.UNSPECIFIED.) ;
#6114=B_SPLINE_SURFACE_WITH_KNOTS('',3,3,((#6115,#6116,#6117,#6118,#6119),(#6120,#6121,#6122,#6123,#6124),(#6125,#6126,#6127,#6128,#6129),(#6130,#6131,#6132,#6133,#6134),(#6135,#6136,#6137,#6138,#6139)),.UNSPECIFIED.,.F.,.F.,.U.,(4,1,4),(4,1,4),(-0.0605837165826,0.864495244339,1.57362891666),(-0.150643331656,6.5886731079,15.5268022641),.UNSPECIFIED.) ;
#6155=B_SPLINE_SURFACE_WITH_KNOTS('',3,3,((#6156,#6157,#6158,#6159),(#6160,#6161,#6162,#6163),(#6164,#6165,#6166,#6167),(#6168,#6169,#6170,#6171),(#6172,#6173,#6174,#6175)),.UNSPECIFIED.,.F.,.F.,.U.,(4,1,4),(4,4),(-0.0618459212225,0.91252757956,1.65878537122),(-0.0634343858558,6.39622527223),.UNSPECIFIED.) ;
#6463=B_SPLINE_SURFACE_WITH_KNOTS('',3,3,((#6464,#6465,#6466,#6467,#6468),(#6469,#6470,#6471,#6472,#6473),(#6474,#6475,#6476,#6477,#6478),(#6479,#6480,#6481,#6482,#6483),(#6484,#6485,#6486,#6487,#6488)),.UNSPECIFIED.,.F.,.F.,.U.,(4,1,4),(4,1,4),(-0.0647085572321,0.862683658111,1.57463473927),(7.71344719003,24.9257127331,43.3861615589),.UNSPECIFIED.) ;
#6647=B_SPLINE_SURFACE_WITH_KNOTS('',3,3,((#6648,#6649,#6650,#6651),(#6652,#6653,#6654,#6655),(#6656,#6657,#6658,#6659),(#6660,#6661,#6662,#6663),(#6664,#6665,#6666,#6667)),.UNSPECIFIED.,.F.,.F.,.U.,(4,1,4),(4,4),(-0.0599578107072,0.873455504995,1.58906333588),(10.1292935389,16.2193464937),.UNSPECIFIED.) ;
#6726=B_SPLINE_SURFACE_WITH_KNOTS('',3,3,((#6727,#6728,#6729,#6730,#6731,#6732,#6733),(#6734,#6735,#6736,#6737,#6738,#6739,#6740),(#6741,#6742,#6743,#6744,#6745,#6746,#6747),(#6748,#6749,#6750,#6751,#6752,#6753,#6754),(#6755,#6756,#6757,#6758,#6759,#6760,#6761),(#6762,#6763,#6764,#6765,#6766,#6767,#6768),(#6769,#6770,#6771,#6772,#6773,#6774,#6775)),.UNSPECIFIED.,.F.,.F.,.U.,(4,1,1,1,4),(4,1,1,1,4),(4.40673251337,20.131601058,27.8411595942,31.6959388623,35.8648084488),(-0.0755019975598,0.723079824706,1.44709368448,2.17110754425,2.96843124275),.UNSPECIFIED.) ;
#7039=B_SPLINE_SURFACE_WITH_KNOTS('',5,1,((#7040,#7041),(#7042,#7043),(#7044,#7045),(#7046,#7047),(#7048,#7049),(#7050,#7051),(#7052,#7053),(#7054,#7055),(#7056,#7057),(#7058,#7059),(#7060,#7061),(#7062,#7063),(#7064,#7065),(#7066,#7067),(#7068,#7069),(#7070,#7071),(#7072,#7073),(#7074,#7075),(#7076,#7077),(#7078,#7079),(#7080,#7081),(#7082,#7083),(#7084,#7085),(#7086,#7087)),.UNSPECIFIED.,.F.,.F.,.U.,(6,3,3,3,3,3,3,6),(2,2),(0.622882028815,5.16939822016,9.71590580545,14.2624133908,18.8089209761,27.9019361467,32.4484437319,36.9954650513),(0.,15.4314279522),.UNSPECIFIED.) ;
#7115=B_SPLINE_SURFACE_WITH_KNOTS('',5,1,((#7116,#7117),(#7118,#7119),(#7120,#7121),(#7122,#7123),(#7124,#7125),(#7126,#7127),(#7128,#7129),(#7130,#7131),(#7132,#7133),(#7134,#7135),(#7136,#7137),(#7138,#7139),(#7140,#7141),(#7142,#7143),(#7144,#7145),(#7146,#7147),(#7148,#7149),(#7150,#7151),(#7152,#7153),(#7154,#7155),(#7156,#7157),(#7158,#7159),(#7160,#7161),(#7162,#7163)),.UNSPECIFIED.,.F.,.F.,.U.,(6,3,3,3,3,3,3,6),(2,2),(0.310148125731,4.85717123784,9.40368073337,18.4966997244,23.04320922,27.5897187155,32.136228211,36.6827364716),(0.,15.431427703),.UNSPECIFIED.) ;
#7247=B_SPLINE_SURFACE_WITH_KNOTS('',5,1,((#7248,#7249),(#7250,#7251),(#7252,#7253),(#7254,#7255),(#7256,#7257),(#7258,#7259),(#7260,#7261),(#7262,#7263),(#7264,#7265),(#7266,#7267),(#7268,#7269),(#7270,#7271)),.UNSPECIFIED.,.F.,.F.,.U.,(6,3,3,6),(2,2),(0.304873086577,6.15853179482,12.0127498269,23.7211896584),(0.,11.2469872912),.UNSPECIFIED.) ;
#7306=B_SPLINE_SURFACE_WITH_KNOTS('',3,3,((#7307,#7308,#7309,#7310,#7311,#7312),(#7313,#7314,#7315,#7316,#7317,#7318),(#7319,#7320,#7321,#7322,#7323,#7324),(#7325,#7326,#7327,#7328,#7329,#7330),(#7331,#7332,#7333,#7334,#7335,#7336),(#7337,#7338,#7339,#7340,#7341,#7342)),.UNSPECIFIED.,.F.,.F.,.U.,(4,1,1,4),(4,1,1,4),(-0.0626843637054,0.482170247471,0.964159448075,1.74978517327),(-0.19184457023,9.26384062149,15.4241257051,21.7939429028),.UNSPECIFIED.) ;
#7446=B_SPLINE_SURFACE_WITH_KNOTS('',5,1,((#7447,#7448),(#7449,#7450),(#7451,#7452),(#7453,#7454),(#7455,#7456),(#7457,#7458),(#7459,#7460),(#7461,#7462),(#7463,#7464),(#7465,#7466),(#7467,#7468),(#7469,#7470),(#7471,#7472),(#7473,#7474),(#7475,#7476),(#7477,#7478),(#7479,#7480),(#7481,#7482),(#7483,#7484),(#7485,#7486),(#7487,#7488),(#7489,#7490),(#7491,#7492),(#7493,#7494)),.UNSPECIFIED.,.F.,.F.,.U.,(6,3,3,3,3,3,3,6),(2,2),(0.198559773528,6.07343142847,11.9483031093,23.6980464708,29.5729181515,35.4477898323,41.3226615131,47.1975552702),(0.,41.5551110664),.UNSPECIFIED.) ;
#22=COLOUR_RGB('Colour',0.823529411765,0.823529411765,1.) ;
#53=FACE_OUTER_BOUND('',#50,.T.) ;
#138=FACE_OUTER_BOUND('',#133,.T.) ;
#150=FACE_OUTER_BOUND('',#145,.T.) ;
#181=FACE_OUTER_BOUND('',#176,.T.) ;
#193=FACE_OUTER_BOUND('',#188,.T.) ;
#233=FACE_OUTER_BOUND('',#228,.T.) ;
#276=FACE_OUTER_BOUND('',#271,.T.) ;
#316=FACE_OUTER_BOUND('',#311,.T.) ;
#356=FACE_OUTER_BOUND('',#351,.T.) ;
#373=FACE_OUTER_BOUND('',#368,.T.) ;
#412=FACE_OUTER_BOUND('',#406,.T.) ;
#482=FACE_OUTER_BOUND('',#474,.T.) ;
#521=FACE_OUTER_BOUND('',#515,.T.) ;
#603=FACE_OUTER_BOUND('',#596,.T.) ;
#655=FACE_OUTER_BOUND('',#650,.T.) ;
#743=FACE_OUTER_BOUND('',#735,.T.) ;
#801=FACE_OUTER_BOUND('',#796,.T.) ;
#853=FACE_OUTER_BOUND('',#848,.T.) ;
#949=FACE_OUTER_BOUND('',#944,.T.) ;
#1077=FACE_OUTER_BOUND('',#1071,.T.) ;
#1173=FACE_OUTER_BOUND('',#1168,.T.) ;
#1247=FACE_OUTER_BOUND('',#1241,.T.) ;
#1287=FACE_OUTER_BOUND('',#1282,.T.) ;
#1327=FACE_OUTER_BOUND('',#1322,.T.) ;
#1367=FACE_OUTER_BOUND('',#1362,.T.) ;
#1384=FACE_OUTER_BOUND('',#1379,.T.) ;
#1424=FACE_OUTER_BOUND('',#1419,.T.) ;
#1447=FACE_OUTER_BOUND('',#1442,.T.) ;
#1487=FACE_OUTER_BOUND('',#1482,.T.) ;
#1504=FACE_OUTER_BOUND('',#1499,.T.) ;
#1579=FACE_OUTER_BOUND('',#1573,.T.) ;
#1685=FACE_OUTER_BOUND('',#1679,.T.) ;
#1827=FACE_OUTER_BOUND('',#1816,.T.) ;
#1866=FACE_OUTER_BOUND('',#1860,.T.) ;
#1969=FACE_OUTER_BOUND('',#1958,.T.) ;
#2000=FACE_OUTER_BOUND('',#1995,.T.) ;
#2067=FACE_OUTER_BOUND('',#2058,.T.) ;
#2086=FACE_OUTER_BOUND('',#2082,.T.) ;
#2128=FACE_OUTER_BOUND('',#2120,.T.) ;
#2170=FACE_OUTER_BOUND('',#2163,.T.) ;
#2181=FACE_OUTER_BOUND('',#2177,.T.) ;
#2213=FACE_OUTER_BOUND('',#2209,.T.) ;
#2373=FACE_OUTER_BOUND('',#2361,.T.) ;
#2525=FACE_OUTER_BOUND('',#2513,.T.) ;
#2564=FACE_OUTER_BOUND('',#2558,.T.) ;
#2588=FACE_OUTER_BOUND('',#2582,.T.) ;
#2656=FACE_OUTER_BOUND('',#2650,.T.) ;
#2796=FACE_OUTER_BOUND('',#2786,.T.) ;
#2894=FACE_OUTER_BOUND('',#2885,.T.) ;
#2940=FACE_OUTER_BOUND('',#2934,.T.) ;
#3053=FACE_OUTER_BOUND('',#3047,.T.) ;
#3115=FACE_OUTER_BOUND('',#3110,.T.) ;
#3171=FACE_OUTER_BOUND('',#3165,.T.) ;
#3308=FACE_OUTER_BOUND('',#3299,.T.) ;
#3419=FACE_OUTER_BOUND('',#3410,.T.) ;
#3481=FACE_OUTER_BOUND('',#3476,.T.) ;
#3548=FACE_OUTER_BOUND('',#3542,.T.) ;
#3685=FACE_OUTER_BOUND('',#3676,.T.) ;
#3796=FACE_OUTER_BOUND('',#3787,.T.) ;
#3855=FACE_OUTER_BOUND('',#3848,.T.) ;
#3890=FACE_OUTER_BOUND('',#3885,.T.) ;
#3913=FACE_OUTER_BOUND('',#3908,.T.) ;
#4079=FACE_OUTER_BOUND('',#4067,.T.) ;
#4175=FACE_OUTER_BOUND('',#4167,.T.) ;
#4206=FACE_OUTER_BOUND('',#4201,.T.) ;
#4376=FACE_OUTER_BOUND('',#4367,.T.) ;
#4416=FACE_OUTER_BOUND('',#4411,.T.) ;
#4438=FACE_OUTER_BOUND('',#4433,.T.) ;
#4471=FACE_OUTER_BOUND('',#4462,.T.) ;
#4500=FACE_OUTER_BOUND('',#4495,.T.) ;
#4540=FACE_OUTER_BOUND('',#4535,.T.) ;
#4557=FACE_OUTER_BOUND('',#4552,.T.) ;
#4597=FACE_OUTER_BOUND('',#4592,.T.) ;
#4614=FACE_OUTER_BOUND('',#4609,.T.) ;
#4742=FACE_OUTER_BOUND('',#4733,.T.) ;
#4845=FACE_OUTER_BOUND('',#4835,.T.) ;
#4956=FACE_OUTER_BOUND('',#4947,.T.) ;
#5024=FACE_OUTER_BOUND('',#5017,.T.) ;
#5090=FACE_OUTER_BOUND('',#5084,.T.) ;
#5239=FACE_OUTER_BOUND('',#5227,.T.) ;
#5340=FACE_OUTER_BOUND('',#5329,.T.) ;
#5399=FACE_OUTER_BOUND('',#5392,.T.) ;
#5744=FACE_OUTER_BOUND('',#5730,.T.) ;
#5773=FACE_OUTER_BOUND('',#5768,.T.) ;
#5857=FACE_OUTER_BOUND('',#5849,.T.) ;
#5870=FACE_OUTER_BOUND('',#5864,.T.) ;
#5898=FACE_OUTER_BOUND('',#5890,.T.) ;
#5908=FACE_OUTER_BOUND('',#5905,.T.) ;
#5980=FACE_OUTER_BOUND('',#5973,.T.) ;
#5990=FACE_OUTER_BOUND('',#5987,.T.) ;
#6016=FACE_OUTER_BOUND('',#6007,.T.) ;
#6034=FACE_OUTER_BOUND('',#6028,.T.) ;
#6047=FACE_OUTER_BOUND('',#6041,.T.) ;
#6057=FACE_OUTER_BOUND('',#6054,.T.) ;
#6083=FACE_OUTER_BOUND('',#6069,.T.) ;
#6095=FACE_OUTER_BOUND('',#6090,.T.) ;
#6112=FACE_OUTER_BOUND('',#6102,.T.) ;
#6153=FACE_OUTER_BOUND('',#6147,.T.) ;
#6202=FACE_OUTER_BOUND('',#6196,.T.) ;
#6212=FACE_OUTER_BOUND('',#6209,.T.) ;
#6241=FACE_OUTER_BOUND('',#6236,.T.) ;
#6251=FACE_OUTER_BOUND('',#6248,.T.) ;
#6261=FACE_OUTER_BOUND('',#6258,.T.) ;
#6274=FACE_OUTER_BOUND('',#6268,.T.) ;
#6293=FACE_OUTER_BOUND('',#6281,.T.) ;
#6317=FACE_OUTER_BOUND('',#6308,.T.) ;
#6334=FACE_OUTER_BOUND('',#6329,.T.) ;
#6368=FACE_OUTER_BOUND('',#6361,.T.) ;
#6384=FACE_OUTER_BOUND('',#6375,.T.) ;
#6397=FACE_OUTER_BOUND('',#6391,.T.) ;
#6420=FACE_OUTER_BOUND('',#6409,.T.) ;
#6434=FACE_OUTER_BOUND('',#6427,.T.) ;
#6461=FACE_OUTER_BOUND('',#6453,.T.) ;
#6529=FACE_OUTER_BOUND('',#6521,.T.) ;
#6621=FACE_OUTER_BOUND('',#6615,.T.) ;
#6645=FACE_OUTER_BOUND('',#6640,.T.) ;
#6724=FACE_OUTER_BOUND('',#6717,.T.) ;
#6845=FACE_OUTER_BOUND('',#6838,.T.) ;
#6867=FACE_OUTER_BOUND('',#6862,.T.) ;
#6872=FACE_OUTER_BOUND('',#6869,.T.) ;
#6881=FACE_OUTER_BOUND('',#6878,.T.) ;
#6921=FACE_OUTER_BOUND('',#6907,.T.) ;
#6946=FACE_OUTER_BOUND('',#6941,.T.) ;
#6995=FACE_OUTER_BOUND('',#6990,.T.) ;
#7018=FACE_OUTER_BOUND('',#7007,.T.) ;
#7037=FACE_OUTER_BOUND('',#7034,.T.) ;
#7101=FACE_OUTER_BOUND('',#7092,.T.) ;
#7177=FACE_OUTER_BOUND('',#7168,.T.) ;
#7210=FACE_OUTER_BOUND('',#7201,.T.) ;
#7245=FACE_OUTER_BOUND('',#7233,.T.) ;
#7304=FACE_OUTER_BOUND('',#7291,.T.) ;
#7358=FACE_OUTER_BOUND('',#7351,.T.) ;
#7395=FACE_OUTER_BOUND('',#7385,.T.) ;
#7444=FACE_OUTER_BOUND('',#7439,.T.) ;
#7504=FACE_OUTER_BOUND('',#7495,.T.) ;
#7521=FACE_OUTER_BOUND('',#7516,.T.) ;
#7526=FACE_OUTER_BOUND('',#7523,.T.) ;
#7568=FACE_OUTER_BOUND('',#7547,.T.) ;
#7592=FACE_OUTER_BOUND('',#7585,.T.) ;
#7630=FACE_OUTER_BOUND('',#7609,.T.) ;
#7647=FACE_OUTER_BOUND('',#7637,.T.) ;
#7672=FACE_OUTER_BOUND('',#7665,.T.) ;
#9=PRODUCT_CATEGORY_RELATIONSHIP(' ',' ',#7,#8) ;
#6=PRODUCT_DEFINITION_FORMATION_WITH_SPECIFIED_SOURCE('ANY',' ',#5,.NOT_KNOWN.) ;
#20=SHAPE_DEFINITION_REPRESENTATION(#11,#19) ;
#2622=(BOUNDED_CURVE()B_SPLINE_CURVE(3,(#2623,#2624,#2625,#2626),.UNSPECIFIED.,.F.,.U.)B_SPLINE_CURVE_WITH_KNOTS((4,4),(0.0333569492432,0.345168837021),.UNSPECIFIED.)CURVE()GEOMETRIC_REPRESENTATION_ITEM()RATIONAL_B_SPLINE_CURVE((1.00007723891,1.00007716663,1.00007790154,1.00007944227))REPRESENTATION_ITEM('')) ;
#2630=(BOUNDED_CURVE()B_SPLINE_CURVE(3,(#2631,#2632,#2633,#2634),.UNSPECIFIED.,.F.,.U.)B_SPLINE_CURVE_WITH_KNOTS((4,4),(-0.00108378288193,1.51541669148),.UNSPECIFIED.)CURVE()GEOMETRIC_REPRESENTATION_ITEM()RATIONAL_B_SPLINE_CURVE((0.999999979699,0.955984394788,0.956003703063,1.00005790452))REPRESENTATION_ITEM('')) ;
#2636=(BOUNDED_CURVE()B_SPLINE_CURVE(3,(#2637,#2638,#2639,#2640),.UNSPECIFIED.,.F.,.U.)B_SPLINE_CURVE_WITH_KNOTS((4,4),(0.0333440230601,0.139269506231),.UNSPECIFIED.)CURVE()GEOMETRIC_REPRESENTATION_ITEM()RATIONAL_B_SPLINE_CURVE((0.999999979699,0.999999979705,0.999999979687,0.999999979644))REPRESENTATION_ITEM('')) ;
#2644=(BOUNDED_CURVE()B_SPLINE_CURVE(3,(#2645,#2646,#2647,#2648),.UNSPECIFIED.,.F.,.U.)B_SPLINE_CURVE_WITH_KNOTS((4,4),(0.13926950621,0.35957907042),.UNSPECIFIED.)CURVE()GEOMETRIC_REPRESENTATION_ITEM()RATIONAL_B_SPLINE_CURVE((0.999999999955,0.999999999954,0.999999999953,0.999999999951))REPRESENTATION_ITEM('')) ;
#2590=(BOUNDED_SURFACE()B_SPLINE_SURFACE(3,3,((#2591,#2592,#2593,#2594),(#2595,#2596,#2597,#2598),(#2599,#2600,#2601,#2602),(#2603,#2604,#2605,#2606)),.UNSPECIFIED.,.F.,.F.,.U.)B_SPLINE_SURFACE_WITH_KNOTS((4,4),(4,4),(-0.0833502786797,0.475410206285),(-0.0655602967135,1.58025506883),.UNSPECIFIED.)GEOMETRIC_REPRESENTATION_ITEM()RATIONAL_B_SPLINE_SURFACE(((1.00588482656,0.95377007036,0.953802604719,1.00598242963),(1.00579293693,0.954491935494,0.954523961841,1.00588901597),(1.00589758508,0.953669842134,0.953702447033,1.00599539978),(1.0061981837,0.951308404126,0.951342670888,1.00630098399)))REPRESENTATION_ITEM('Rational BSpline Surface')SURFACE()) ;
#6531=(BOUNDED_SURFACE()B_SPLINE_SURFACE(3,3,((#6532,#6533,#6534,#6535),(#6536,#6537,#6538,#6539),(#6540,#6541,#6542,#6543),(#6544,#6545,#6546,#6547),(#6548,#6549,#6550,#6551),(#6552,#6553,#6554,#6555),(#6556,#6557,#6558,#6559),(#6560,#6561,#6562,#6563)),.UNSPECIFIED.,.F.,.F.,.U.)B_SPLINE_SURFACE_WITH_KNOTS((4,1,1,1,1,4),(4,4),(-3.46947133467E-05,0.0391358206105,1.88015004082,2.50687828602,4.9354502361,5.09380885149),(-0.11152148836,2.55399619503),.UNSPECIFIED.)GEOMETRIC_REPRESENTATION_ITEM()RATIONAL_B_SPLINE_SURFACE(((1.00594525473,0.952658828807,0.952647482799,1.00591121671),(1.00593331077,0.952753936812,0.952742613597,1.00589934112),(1.00679505047,0.945892032885,0.945879065114,1.00675614716),(1.009375014,0.925348170451,0.925330279042,1.00932133978),(1.01603301506,0.872331507273,0.87230090964,1.01594122216),(1.02121288847,0.831084952695,0.831044469718,1.02109143953),(1.02591430792,0.793648255123,0.793598799889,1.02576594223),(1.02473113044,0.803069719863,0.803022522622,1.02458953872)))REPRESENTATION_ITEM('Rational BSpline Surface')SURFACE()) ;
#6948=(BOUNDED_SURFACE()B_SPLINE_SURFACE(3,3,((#6949,#6950,#6951,#6952),(#6953,#6954,#6955,#6956),(#6957,#6958,#6959,#6960),(#6961,#6962,#6963,#6964),(#6965,#6966,#6967,#6968),(#6969,#6970,#6971,#6972)),.UNSPECIFIED.,.F.,.F.,.U.)B_SPLINE_SURFACE_WITH_KNOTS((4,1,1,4),(4,4),(-0.088883580034,0.96307723787,1.20394384198,1.92654365433),(-0.0380110386067,0.92907482043),.UNSPECIFIED.)GEOMETRIC_REPRESENTATION_ITEM()RATIONAL_B_SPLINE_SURFACE(((1.00575453246,0.954636684963,0.954627702525,1.00572758515),(1.00620118187,0.951115721675,0.951106042048,1.00617214299),(1.00431853146,0.965956764639,0.965950023702,1.00429830865),(1.00101634357,0.991988104397,0.991986517954,1.00101158423),(1.00000235258,0.999981454436,0.999981450764,1.00000234157),(1.,1.,1.,1.)))REPRESENTATION_ITEM('Rational BSpline Surface')SURFACE()) ;
#12=(LENGTH_UNIT()NAMED_UNIT(*)SI_UNIT(.MILLI.,.METRE.)) ;
#13=(NAMED_UNIT(*)PLANE_ANGLE_UNIT()SI_UNIT($,.RADIAN.)) ;
#14=(NAMED_UNIT(*)SI_UNIT($,.STERADIAN.)SOLID_ANGLE_UNIT()) ;
#16=(GEOMETRIC_REPRESENTATION_CONTEXT(3)GLOBAL_UNCERTAINTY_ASSIGNED_CONTEXT((#15))GLOBAL_UNIT_ASSIGNED_CONTEXT((#12,#13,#14))REPRESENTATION_CONTEXT(' ',' ')) ;
ENDSEC;
END-ISO-10303-21;
