ISO-10303-21;
HEADER;
FILE_DESCRIPTION(('CATIA V5 STEP Exchange','CAx-IF Rec.Pracs.--- Model Styling and Organization---1.5--- 2016-08-15','CAx-IF Rec.Pracs.---Supplemental Geometry---1.0---2011-11-01','CAx-IF Rec.Pracs.--- Composite Materials ---3.4---2017-06-13','CAx-IF Rec.Pracs.---Tessellated 3D Geometry---1.0---2015-12-17'),'2;1');

FILE_NAME('D:\\ANVIL\\Gripper\\gripper_3D parts\\fine-tip flange_right.stp','2026-07-07T03:29:14+00:00',('none'),('none'),'CATIA Version 5-6 Release 2020 SP6','CATIA V5 STEP AP242 v2','none');

FILE_SCHEMA(('AP242_MANAGED_MODEL_BASED_3D_ENGINEERING_MIM_LF  {1 0 10303 442 1 1 4}'));

ENDSEC;
DATA;
#5=PRODUCT('normal_claw_R','normal_claw_R','',(#2)) ;
#2=PRODUCT_CONTEXT(' ',#1,'mechanical') ;
#1=APPLICATION_CONTEXT('managed model based 3d engineering') ;
#10=PRODUCT_DEFINITION('UNKNOWN',' ',#6,#3) ;
#3=PRODUCT_DEFINITION_CONTEXT('part definition',#1,' ') ;
#11=PRODUCT_DEFINITION_SHAPE(' ',' ',#10) ;
#8536=MECHANICAL_DESIGN_GEOMETRIC_PRESENTATION_REPRESENTATION(' ',(#29),#16) ;
#7=PRODUCT_CATEGORY('part','specification') ;
#19=SHAPE_REPRESENTATION(' ',(#18),#16) ;
#17=CARTESIAN_POINT(' ',(0.,0.,0.)) ;
#31=CARTESIAN_POINT('Axis2P3D Location',(7.3278857608,22.142492522,-26.3956883453)) ;
#36=CARTESIAN_POINT('Axis2P3D Location',(-7.67165991211,22.0257467297,-26.3956883453)) ;
#40=CARTESIAN_POINT('Vertex',(-7.69500907057,25.0256558643,-26.3956883453)) ;
#42=CARTESIAN_POINT('Vertex',(-7.64831075364,19.0258375951,-26.3956883453)) ;
#45=CARTESIAN_POINT('Axis2P3D Location',(-7.67165991397,22.0257467297,-26.3956883453)) ;
#55=CARTESIAN_POINT('Control Point',(-7.65842872405,20.3257982195,-26.3956883453)) ;
#56=CARTESIAN_POINT('Control Point',(-7.46681333848,20.3272896174,-26.3956883453)) ;
#57=CARTESIAN_POINT('Control Point',(-7.27540864928,20.3557792227,-26.3956883453)) ;
#58=CARTESIAN_POINT('Control Point',(-7.08927093777,20.4112404647,-26.3956883453)) ;
#59=CARTESIAN_POINT('Control Point',(-6.73770258044,20.5730769976,-26.3956883453)) ;
#60=CARTESIAN_POINT('Control Point',(-6.44454014988,20.8257535519,-26.3956883453)) ;
#61=CARTESIAN_POINT('Control Point',(-6.31682048655,20.9720781272,-26.3956883453)) ;
#62=CARTESIAN_POINT('Control Point',(-6.10608561908,21.2967043601,-26.3956883453)) ;
#63=CARTESIAN_POINT('Control Point',(-5.99325327459,21.6669185089,-26.3956883453)) ;
#64=CARTESIAN_POINT('Control Point',(-5.96345882602,21.8588442299,-26.3956883453)) ;
#65=CARTESIAN_POINT('Control Point',(-5.95874349414,22.2458444117,-26.3956883453)) ;
#66=CARTESIAN_POINT('Control Point',(-6.06114335919,22.6190788167,-26.3956883453)) ;
#67=CARTESIAN_POINT('Control Point',(-6.13849036195,22.797237836,-26.3956883453)) ;
#68=CARTESIAN_POINT('Control Point',(-6.34125314513,23.1269022504,-26.3956883453)) ;
#69=CARTESIAN_POINT('Control Point',(-6.62721014543,23.387705327,-26.3956883453)) ;
#70=CARTESIAN_POINT('Control Point',(-6.78777306935,23.4969881938,-26.3956883453)) ;
#71=CARTESIAN_POINT('Control Point',(-7.06129694434,23.6310693917,-26.3956883453)) ;
#72=CARTESIAN_POINT('Control Point',(-7.35559762931,23.7015569032,-26.3956883453)) ;
#73=CARTESIAN_POINT('Control Point',(-7.46479209908,23.7185080762,-26.3956883453)) ;
#74=CARTESIAN_POINT('Control Point',(-7.57487632764,23.7265515166,-26.3956883453)) ;
#75=CARTESIAN_POINT('Control Point',(-7.68489110203,23.7256952398,-26.3956883453)) ;
#76=CARTESIAN_POINT('Vertex',(-7.65842872314,20.3257982199,-26.3956883453)) ;
#78=CARTESIAN_POINT('Vertex',(-7.68489110281,23.7256952393,-26.3956883453)) ;
#82=CARTESIAN_POINT('Control Point',(-7.68489110203,23.7256952398,-26.3956883453)) ;
#83=CARTESIAN_POINT('Control Point',(-7.87650648792,23.724203842,-26.3956883453)) ;
#84=CARTESIAN_POINT('Control Point',(-8.06791117745,23.6957142366,-26.3956883453)) ;
#85=CARTESIAN_POINT('Control Point',(-8.25404888585,23.6402529949,-26.3956883453)) ;
#86=CARTESIAN_POINT('Control Point',(-8.60561724525,23.4784164611,-26.3956883453)) ;
#87=CARTESIAN_POINT('Control Point',(-8.89877967721,23.225739905,-26.3956883453)) ;
#88=CARTESIAN_POINT('Control Point',(-9.02649933746,23.0794153353,-26.3956883453)) ;
#89=CARTESIAN_POINT('Control Point',(-9.23723420612,22.7547891016,-26.3956883453)) ;
#90=CARTESIAN_POINT('Control Point',(-9.35006655114,22.3845749516,-26.3956883453)) ;
#91=CARTESIAN_POINT('Control Point',(-9.37986100008,22.1926492282,-26.3956883453)) ;
#92=CARTESIAN_POINT('Control Point',(-9.38457633178,21.8056490473,-26.3956883453)) ;
#93=CARTESIAN_POINT('Control Point',(-9.28217646703,21.4324146431,-26.3956883453)) ;
#94=CARTESIAN_POINT('Control Point',(-9.20482946385,21.2542556229,-26.3956883453)) ;
#95=CARTESIAN_POINT('Control Point',(-9.00206668068,20.9245912086,-26.3956883453)) ;
#96=CARTESIAN_POINT('Control Point',(-8.71610968044,20.6637881321,-26.3956883453)) ;
#97=CARTESIAN_POINT('Control Point',(-8.55554675699,20.5545052657,-26.3956883453)) ;
#98=CARTESIAN_POINT('Control Point',(-8.28202288117,20.4204240673,-26.3956883453)) ;
#99=CARTESIAN_POINT('Control Point',(-7.98772219524,20.3499365558,-26.3956883453)) ;
#100=CARTESIAN_POINT('Control Point',(-7.87852772856,20.3329853832,-26.3956883453)) ;
#101=CARTESIAN_POINT('Control Point',(-7.76844349922,20.3249419428,-26.3956883453)) ;
#102=CARTESIAN_POINT('Control Point',(-7.65842872405,20.3257982195,-26.3956883453)) ;
#109=CARTESIAN_POINT('Axis2P3D Location',(30.1036598507,51.0406326873,-29.3956883453)) ;
#114=CARTESIAN_POINT('Line Origine',(-0.202583923781,26.0280627886,-29.3956883453)) ;
#118=CARTESIAN_POINT('Vertex',(-24.7018418581,25.8373779932,-29.3956883453)) ;
#120=CARTESIAN_POINT('Vertex',(24.2966740105,26.2187475839,-29.3956883453)) ;
#123=CARTESIAN_POINT('Line Origine',(24.323697013,22.746821435,-29.3956883453)) ;
#127=CARTESIAN_POINT('Vertex',(24.3507200164,19.2748952857,-29.3956883459)) ;
#131=CARTESIAN_POINT('Control Point',(24.3507200155,19.274895286,-29.3956883453)) ;
#132=CARTESIAN_POINT('Control Point',(24.3514825878,19.1769196923,-29.3956883453)) ;
#133=CARTESIAN_POINT('Control Point',(24.3402457721,19.0788511281,-29.3956883453)) ;
#134=CARTESIAN_POINT('Control Point',(24.3169911876,18.9826435837,-29.3956883453)) ;
#135=CARTESIAN_POINT('Control Point',(24.2473984425,18.7978941551,-29.3956883453)) ;
#136=CARTESIAN_POINT('Control Point',(24.1352785925,18.6354011533,-29.3956883453)) ;
#137=CARTESIAN_POINT('Control Point',(24.0694900885,18.5614515632,-29.3956883453)) ;
#138=CARTESIAN_POINT('Control Point',(23.9211515577,18.4311780855,-29.3956883453)) ;
#139=CARTESIAN_POINT('Control Point',(23.745760371,18.3405537774,-29.3956883453)) ;
#140=CARTESIAN_POINT('Control Point',(23.6529139021,18.3062579164,-29.3956883453)) ;
#141=CARTESIAN_POINT('Control Point',(23.5369916998,18.279023609,-29.3956883453)) ;
#142=CARTESIAN_POINT('Control Point',(23.4191724516,18.2691484499,-29.3956883453)) ;
#143=CARTESIAN_POINT('Control Point',(23.398960556,18.267968061,-29.3956883453)) ;
#144=CARTESIAN_POINT('Control Point',(23.3787489348,18.2672998647,-29.3956883453)) ;
#145=CARTESIAN_POINT('Control Point',(23.3585333556,18.267142521,-29.3956883453)) ;
#146=CARTESIAN_POINT('Vertex',(23.3585333556,18.267142521,-29.3956883453)) ;
#149=CARTESIAN_POINT('Line Origine',(-0.140754864396,18.0842407791,-29.3956883453)) ;
#153=CARTESIAN_POINT('Vertex',(-23.6400430845,17.9013390377,-29.3956883447)) ;
#157=CARTESIAN_POINT('Control Point',(-23.6400430844,17.9013390371,-29.3956883453)) ;
#158=CARTESIAN_POINT('Control Point',(-23.7380186737,17.9005764646,-29.3956883453)) ;
#159=CARTESIAN_POINT('Control Point',(-23.8360872336,17.911813279,-29.3956883453)) ;
#160=CARTESIAN_POINT('Control Point',(-23.9322947964,17.9350678686,-29.3956883453)) ;
#161=CARTESIAN_POINT('Control Point',(-24.1170442181,18.0046606117,-29.3956883453)) ;
#162=CARTESIAN_POINT('Control Point',(-24.2795372147,18.1167804566,-29.3956883453)) ;
#163=CARTESIAN_POINT('Control Point',(-24.3534868103,18.1825689667,-29.3956883453)) ;
#164=CARTESIAN_POINT('Control Point',(-24.4837602875,18.330907497,-29.3956883453)) ;
#165=CARTESIAN_POINT('Control Point',(-24.5743845953,18.5062986831,-29.3956883453)) ;
#166=CARTESIAN_POINT('Control Point',(-24.6086804543,18.5991451448,-29.3956883453)) ;
#167=CARTESIAN_POINT('Control Point',(-24.6359147629,18.7150673489,-29.3956883453)) ;
#168=CARTESIAN_POINT('Control Point',(-24.6457899224,18.8328865992,-29.3956883453)) ;
#169=CARTESIAN_POINT('Control Point',(-24.6469703111,18.8530984947,-29.3956883453)) ;
#170=CARTESIAN_POINT('Control Point',(-24.6476385075,18.8733101159,-29.3956883453)) ;
#171=CARTESIAN_POINT('Control Point',(-24.6477958512,18.8935256952,-29.3956883453)) ;
#172=CARTESIAN_POINT('Vertex',(-24.6477958512,18.8935256952,-29.3956883453)) ;
#175=CARTESIAN_POINT('Line Origine',(-24.6748188546,22.3654518442,-29.3956883453)) ;
#188=CARTESIAN_POINT('Axis2P3D Location',(-7.67165991369,22.025746729,-29.3956883453)) ;
#192=CARTESIAN_POINT('Vertex',(-7.69500907152,25.0256558644,-29.3956883453)) ;
#194=CARTESIAN_POINT('Vertex',(-7.64831075448,19.0258375948,-29.3956883453)) ;
#197=CARTESIAN_POINT('Axis2P3D Location',(-7.67165991369,22.025746729,-29.3956883453)) ;
#206=CARTESIAN_POINT('Axis2P3D Location',(7.32788576016,22.1424925223,-29.3956883453)) ;
#210=CARTESIAN_POINT('Vertex',(7.35123491955,19.1425833868,-29.3956883453)) ;
#212=CARTESIAN_POINT('Vertex',(7.30453660261,25.1424016578,-29.3956883453)) ;
#215=CARTESIAN_POINT('Axis2P3D Location',(7.32788576202,22.1424925223,-29.3956883453)) ;
#225=CARTESIAN_POINT('Axis2P3D Location',(-24.700242508,25.6318929058,-30.3956882857)) ;
#231=CARTESIAN_POINT('Control Point',(-24.7250139442,28.8145368363,-32.7644542322)) ;
#232=CARTESIAN_POINT('Control Point',(-24.7253386558,28.8562559096,-32.4276230978)) ;
#233=CARTESIAN_POINT('Control Point',(-24.725292627,28.8503421086,-32.0848924857)) ;
#234=CARTESIAN_POINT('Control Point',(-24.7248670454,28.79566322,-31.7452141639)) ;
#235=CARTESIAN_POINT('Control Point',(-24.7232801982,28.5917844633,-31.0906677595)) ;
#236=CARTESIAN_POINT('Control Point',(-24.7203429602,28.2144069679,-30.5183264385)) ;
#237=CARTESIAN_POINT('Control Point',(-24.7185666478,27.9861856473,-30.2608711991)) ;
#238=CARTESIAN_POINT('Control Point',(-24.7145073298,27.4646428524,-29.8187560367)) ;
#239=CARTESIAN_POINT('Control Point',(-24.709655174,26.8412359635,-29.5381697984)) ;
#240=CARTESIAN_POINT('Control Point',(-24.707096815,26.5125369769,-29.4431744402)) ;
#241=CARTESIAN_POINT('Control Point',(-24.7044693342,26.1749572054,-29.3956883453)) ;
#242=CARTESIAN_POINT('Control Point',(-24.7018418577,25.8373779936,-29.3956883453)) ;
#243=CARTESIAN_POINT('Vertex',(-24.7250139442,28.8145368363,-32.7644542322)) ;
#246=CARTESIAN_POINT('Line Origine',(-24.6477958514,18.893525696,-28.1456883453)) ;
#250=CARTESIAN_POINT('Vertex',(-24.6477958514,18.893525696,-26.8956883453)) ;
#253=CARTESIAN_POINT('Line Origine',(-24.6555789042,19.8934954076,-26.3956883453)) ;
#257=CARTESIAN_POINT('Vertex',(-24.6633619571,20.8934651192,-25.8956883453)) ;
#260=CARTESIAN_POINT('Line Origine',(-24.7217348534,28.3932379561,-25.8956883453)) ;
#264=CARTESIAN_POINT('Vertex',(-24.7801077498,35.8930107934,-25.8956883453)) ;
#267=CARTESIAN_POINT('Line Origine',(-24.7801077498,35.893010793,-25.1456883453)) ;
#271=CARTESIAN_POINT('Vertex',(-24.7801077494,35.8930107941,-24.3956883453)) ;
#274=CARTESIAN_POINT('Line Origine',(-24.8213579299,41.1928502623,-24.3956883453)) ;
#278=CARTESIAN_POINT('Vertex',(-24.8626081103,46.4926897314,-24.3956883453)) ;
#281=CARTESIAN_POINT('Line Origine',(-24.86260811,46.4926897317,-26.8956883453)) ;
#285=CARTESIAN_POINT('Vertex',(-24.86260811,46.4926897317,-29.3956883453)) ;
#288=CARTESIAN_POINT('Line Origine',(-24.8580530583,45.9074548816,-29.3956883453)) ;
#292=CARTESIAN_POINT('Vertex',(-24.8534980065,45.3222200314,-29.3956883453)) ;
#295=CARTESIAN_POINT('Line Origine',(-24.8467511456,44.4553806748,-29.3964020252)) ;
#299=CARTESIAN_POINT('Vertex',(-24.8400042848,43.5885413183,-29.3964020252)) ;
#303=CARTESIAN_POINT('Control Point',(-24.8285246041,42.113627405,-30.131651539)) ;
#304=CARTESIAN_POINT('Control Point',(-24.8302411935,42.3341754826,-29.9111243275)) ;
#305=CARTESIAN_POINT('Control Point',(-24.8320867747,42.5712964907,-29.7233252784)) ;
#306=CARTESIAN_POINT('Control Point',(-24.8340241474,42.8202109077,-29.5737609757)) ;
#307=CARTESIAN_POINT('Control Point',(-24.836440788,43.1307018437,-29.4502384114)) ;
#308=CARTESIAN_POINT('Control Point',(-24.8387554571,43.4280914457,-29.4050298272)) ;
#309=CARTESIAN_POINT('Control Point',(-24.8391788881,43.482494026,-29.3993883288)) ;
#310=CARTESIAN_POINT('Control Point',(-24.8395951955,43.5359813616,-29.3965111647)) ;
#311=CARTESIAN_POINT('Control Point',(-24.8400042848,43.5885413183,-29.3964020252)) ;
#312=CARTESIAN_POINT('Vertex',(-24.8285246041,42.113627405,-30.131651539)) ;
#316=CARTESIAN_POINT('Control Point',(-24.8232662333,41.4380298364,-31.0097792648)) ;
#317=CARTESIAN_POINT('Control Point',(-24.8238613859,41.5144952782,-30.8830436154)) ;
#318=CARTESIAN_POINT('Control Point',(-24.8244817347,41.594197943,-30.760837584)) ;
#319=CARTESIAN_POINT('Control Point',(-24.8251308394,41.6775951724,-30.6424425199)) ;
#320=CARTESIAN_POINT('Control Point',(-24.8259933933,41.7884164354,-30.4964463133)) ;
#321=CARTESIAN_POINT('Control Point',(-24.8268770466,41.9019485556,-30.3611585692)) ;
#322=CARTESIAN_POINT('Control Point',(-24.8270864293,41.9288501299,-30.3298753671)) ;
#323=CARTESIAN_POINT('Control Point',(-24.8273977842,41.9688531399,-30.2844957983)) ;
#324=CARTESIAN_POINT('Control Point',(-24.8277103101,42.0090065839,-30.2406023787)) ;
#325=CARTESIAN_POINT('Control Point',(-24.827811855,42.022053121,-30.2265150358)) ;
#326=CARTESIAN_POINT('Control Point',(-24.8279637332,42.0415664897,-30.2056993733)) ;
#327=CARTESIAN_POINT('Control Point',(-24.8281163462,42.061174261,-30.185183345)) ;
#328=CARTESIAN_POINT('Control Point',(-24.8281671945,42.0677072713,-30.1783913559)) ;
#329=CARTESIAN_POINT('Control Point',(-24.828244534,42.0776438805,-30.1681329568)) ;
#330=CARTESIAN_POINT('Control Point',(-24.8283209954,42.0874676693,-30.1580815016)) ;
#331=CARTESIAN_POINT('Control Point',(-24.8283464223,42.0907345295,-30.1547490993)) ;
#332=CARTESIAN_POINT('Control Point',(-24.8283957556,42.0970728953,-30.1482999705)) ;
#333=CARTESIAN_POINT('Control Point',(-24.8284451433,42.1034182483,-30.1418896348)) ;
#334=CARTESIAN_POINT('Control Point',(-24.8284705208,42.1066787554,-30.1386088796)) ;
#335=CARTESIAN_POINT('Control Point',(-24.8284969724,42.1100772723,-30.1352013358)) ;
#336=CARTESIAN_POINT('Control Point',(-24.8285246041,42.113627405,-30.131651539)) ;
#337=CARTESIAN_POINT('Vertex',(-24.8232662333,41.4380298364,-31.0097792648)) ;
#341=CARTESIAN_POINT('Control Point',(-24.8192568157,40.9228982824,-32.097142981)) ;
#342=CARTESIAN_POINT('Control Point',(-24.8197962714,40.992207756,-31.9068344467)) ;
#343=CARTESIAN_POINT('Control Point',(-24.8203803578,41.0672514156,-31.7225985899)) ;
#344=CARTESIAN_POINT('Control Point',(-24.8209867953,41.1451667435,-31.5509523283)) ;
#345=CARTESIAN_POINT('Control Point',(-24.8218001401,41.2496656019,-31.3434521424)) ;
#346=CARTESIAN_POINT('Control Point',(-24.8225167383,41.3417344267,-31.1760772964)) ;
#347=CARTESIAN_POINT('Control Point',(-24.8226489068,41.3587154891,-31.145794308)) ;
#348=CARTESIAN_POINT('Control Point',(-24.8228513082,41.3847200995,-31.1001472472)) ;
#349=CARTESIAN_POINT('Control Point',(-24.8230253607,41.4070824378,-31.0618047862)) ;
#350=CARTESIAN_POINT('Control Point',(-24.8230890861,41.4152699019,-31.0478956774)) ;
#351=CARTESIAN_POINT('Control Point',(-24.8231538629,41.4235924494,-31.0338630269)) ;
#352=CARTESIAN_POINT('Control Point',(-24.8232091748,41.4306989438,-31.0219796872)) ;
#353=CARTESIAN_POINT('Control Point',(-24.8232168438,41.4316842619,-31.020334167)) ;
#354=CARTESIAN_POINT('Control Point',(-24.8232283666,41.4331647114,-31.0178650693)) ;
#355=CARTESIAN_POINT('Control Point',(-24.8232391653,41.4345521356,-31.0155550386)) ;
#356=CARTESIAN_POINT('Control Point',(-24.8232427868,41.4350174207,-31.0147808999)) ;
#357=CARTESIAN_POINT('Control Point',(-24.8232489904,41.435814461,-31.0134550776)) ;
#358=CARTESIAN_POINT('Control Point',(-24.8232557286,41.4366801849,-31.0120175402)) ;
#359=CARTESIAN_POINT('Control Point',(-24.8232484101,41.4357399093,-31.0135746446)) ;
#360=CARTESIAN_POINT('Control Point',(-24.8232573217,41.4368848728,-31.0116769547)) ;
#361=CARTESIAN_POINT('Control Point',(-24.8232662333,41.4380298364,-31.0097792648)) ;
#362=CARTESIAN_POINT('Vertex',(-24.8192568157,40.9228982824,-32.097142981)) ;
#365=CARTESIAN_POINT('Line Origine',(-24.8131880014,40.143174611,-34.2394810437)) ;
#369=CARTESIAN_POINT('Vertex',(-24.807119187,39.3634509415,-36.3818191063)) ;
#373=CARTESIAN_POINT('Control Point',(-24.8036724931,38.9206183451,-37.3709241744)) ;
#374=CARTESIAN_POINT('Control Point',(-24.8045281011,39.0305471915,-37.1634620109)) ;
#375=CARTESIAN_POINT('Control Point',(-24.8053091102,39.1308915511,-36.9575179146)) ;
#376=CARTESIAN_POINT('Control Point',(-24.8060063901,39.2204783573,-36.7560531063)) ;
#377=CARTESIAN_POINT('Control Point',(-24.8066140631,39.2985524212,-36.560044328)) ;
#378=CARTESIAN_POINT('Control Point',(-24.8071191873,39.363450975,-36.3818191193)) ;
#379=CARTESIAN_POINT('Vertex',(-24.8036724931,38.9206183451,-37.3709241744)) ;
#383=CARTESIAN_POINT('Control Point',(-24.799701682,38.4104469617,-38.2053467553)) ;
#384=CARTESIAN_POINT('Control Point',(-24.8000257434,38.452082495,-38.1468196477)) ;
#385=CARTESIAN_POINT('Control Point',(-24.800418989,38.5026068509,-38.0737098388)) ;
#386=CARTESIAN_POINT('Control Point',(-24.8008423436,38.5569996135,-37.9912617403)) ;
#387=CARTESIAN_POINT('Control Point',(-24.8014618775,38.6365975708,-37.8664256896)) ;
#388=CARTESIAN_POINT('Control Point',(-24.8020953721,38.7179892139,-37.7314256211)) ;
#389=CARTESIAN_POINT('Control Point',(-24.8022814054,38.7418908417,-37.6911155022)) ;
#390=CARTESIAN_POINT('Control Point',(-24.8025703935,38.7790201472,-37.627422117)) ;
#391=CARTESIAN_POINT('Control Point',(-24.8028584237,38.8160263834,-37.5622423456)) ;
#392=CARTESIAN_POINT('Control Point',(-24.8029609845,38.8292034405,-37.5388125877)) ;
#393=CARTESIAN_POINT('Control Point',(-24.8031652057,38.8554418542,-37.4917222943)) ;
#394=CARTESIAN_POINT('Control Point',(-24.8033691021,38.88163855,-37.4437461047)) ;
#395=CARTESIAN_POINT('Control Point',(-24.8034716202,38.8948101138,-37.419359477)) ;
#396=CARTESIAN_POINT('Control Point',(-24.8035733957,38.9078862637,-37.3949526733)) ;
#397=CARTESIAN_POINT('Control Point',(-24.8036724931,38.9206183451,-37.3709241744)) ;
#398=CARTESIAN_POINT('Vertex',(-24.799701682,38.4104469617,-38.2053467553)) ;
#402=CARTESIAN_POINT('Control Point',(-24.7956880041,37.8947680282,-38.8054713454)) ;
#403=CARTESIAN_POINT('Control Point',(-24.7962893007,37.9720228523,-38.735930789)) ;
#404=CARTESIAN_POINT('Control Point',(-24.7969147769,38.0523842854,-38.6545700807)) ;
#405=CARTESIAN_POINT('Control Point',(-24.797540402,38.1327648501,-38.564964941)) ;
#406=CARTESIAN_POINT('Control Point',(-24.79826888,38.2263599958,-38.4519008692)) ;
#407=CARTESIAN_POINT('Control Point',(-24.7989923993,38.3193180396,-38.3297176373)) ;
#408=CARTESIAN_POINT('Control Point',(-24.7990814368,38.3307576119,-38.3145315305)) ;
#409=CARTESIAN_POINT('Control Point',(-24.799214915,38.347906939,-38.2915425093)) ;
#410=CARTESIAN_POINT('Control Point',(-24.799348029,38.3650094848,-38.2682841125)) ;
#411=CARTESIAN_POINT('Control Point',(-24.7993923684,38.3707062206,-38.2604999489)) ;
#412=CARTESIAN_POINT('Control Point',(-24.7994586744,38.3792252446,-38.2488043151)) ;
#413=CARTESIAN_POINT('Control Point',(-24.7995250708,38.3877558877,-38.2370080452)) ;
#414=CARTESIAN_POINT('Control Point',(-24.7995471977,38.3905987592,-38.2330675367)) ;
#415=CARTESIAN_POINT('Control Point',(-24.7995806303,38.3948941943,-38.227099073)) ;
#416=CARTESIAN_POINT('Control Point',(-24.7996137439,38.3991486409,-38.2211682737)) ;
#417=CARTESIAN_POINT('Control Point',(-24.7996247762,38.4005660756,-38.2191901682)) ;
#418=CARTESIAN_POINT('Control Point',(-24.7996461868,38.4033169185,-38.2153476809)) ;
#419=CARTESIAN_POINT('Control Point',(-24.7996686137,38.4061983293,-38.2113111688)) ;
#420=CARTESIAN_POINT('Control Point',(-24.7996868235,38.4085379364,-38.208030274)) ;
#421=CARTESIAN_POINT('Control Point',(-24.7996942528,38.409492449,-38.2066885147)) ;
#422=CARTESIAN_POINT('Control Point',(-24.799701682,38.4104469617,-38.2053467553)) ;
#423=CARTESIAN_POINT('Vertex',(-24.7956880041,37.8947680282,-38.8054713454)) ;
#427=CARTESIAN_POINT('Control Point',(-24.7920381754,37.4258365982,-39.0536521744)) ;
#428=CARTESIAN_POINT('Control Point',(-24.7923984329,37.4721226263,-39.053780175)) ;
#429=CARTESIAN_POINT('Control Point',(-24.7927865823,37.5219922131,-39.0443040805)) ;
#430=CARTESIAN_POINT('Control Point',(-24.7931964112,37.5746471886,-39.0256274709)) ;
#431=CARTESIAN_POINT('Control Point',(-24.7937732669,37.6487618407,-38.9892681065)) ;
#432=CARTESIAN_POINT('Control Point',(-24.7943665408,37.7249859101,-38.9399370029)) ;
#433=CARTESIAN_POINT('Control Point',(-24.7945252197,37.7453730264,-38.9259487762)) ;
#434=CARTESIAN_POINT('Control Point',(-24.7947677424,37.7765324436,-38.9034186656)) ;
#435=CARTESIAN_POINT('Control Point',(-24.7950119222,37.8079047689,-38.8790139562)) ;
#436=CARTESIAN_POINT('Control Point',(-24.7950962761,37.8187425864,-38.8703837917)) ;
#437=CARTESIAN_POINT('Control Point',(-24.7952235469,37.8350943893,-38.857060712)) ;
#438=CARTESIAN_POINT('Control Point',(-24.7953502895,37.8513783323,-38.8433764198)) ;
#439=CARTESIAN_POINT('Control Point',(-24.7953925414,37.8568068697,-38.838768211)) ;
#440=CARTESIAN_POINT('Control Point',(-24.7954548453,37.8648116971,-38.8319115054)) ;
#441=CARTESIAN_POINT('Control Point',(-24.7955184558,37.8729844061,-38.8247945324)) ;
#442=CARTESIAN_POINT('Control Point',(-24.7955398671,37.8757353308,-38.8223859834)) ;
#443=CARTESIAN_POINT('Control Point',(-24.7955728943,37.8799786786,-38.8186497473)) ;
#444=CARTESIAN_POINT('Control Point',(-24.7956058291,37.8842101501,-38.8149001241)) ;
#445=CARTESIAN_POINT('Control Point',(-24.7956167468,37.885612862,-38.8136546778)) ;
#446=CARTESIAN_POINT('Control Point',(-24.7956383308,37.8883859834,-38.8111877026)) ;
#447=CARTESIAN_POINT('Control Point',(-24.7956590866,37.8910526992,-38.8088057688)) ;
#448=CARTESIAN_POINT('Control Point',(-24.7956697935,37.8924283277,-38.8075774156)) ;
#449=CARTESIAN_POINT('Control Point',(-24.7956788988,37.893598178,-38.8065243805)) ;
#450=CARTESIAN_POINT('Control Point',(-24.7956880041,37.8947680282,-38.8054713454)) ;
#451=CARTESIAN_POINT('Vertex',(-24.7920381754,37.4258365982,-39.0536521744)) ;
#455=CARTESIAN_POINT('Control Point',(-24.7270767031,29.0795609159,-39.0508694049)) ;
#456=CARTESIAN_POINT('Control Point',(-24.7400689976,30.7488160551,-39.0514092941)) ;
#457=CARTESIAN_POINT('Control Point',(-24.7530612921,32.4180711961,-39.0519379923)) ;
#458=CARTESIAN_POINT('Control Point',(-24.7660535866,34.0873263361,-39.0524750221)) ;
#459=CARTESIAN_POINT('Control Point',(-24.779045881,35.7565814715,-39.0530399086)) ;
#460=CARTESIAN_POINT('Control Point',(-24.7920381754,37.4258365982,-39.0536521744)) ;
#461=CARTESIAN_POINT('Vertex',(-24.7270767031,29.0795609159,-39.0508694049)) ;
#465=CARTESIAN_POINT('Control Point',(-24.7242105703,28.7113190399,-38.7361150325)) ;
#466=CARTESIAN_POINT('Control Point',(-24.7244012177,28.7358134887,-38.783112294)) ;
#467=CARTESIAN_POINT('Control Point',(-24.7246038248,28.7618445361,-38.8272079446)) ;
#468=CARTESIAN_POINT('Control Point',(-24.7248052016,28.7877175033,-38.8654671656)) ;
#469=CARTESIAN_POINT('Control Point',(-24.7252257871,28.8417544913,-38.9347453089)) ;
#470=CARTESIAN_POINT('Control Point',(-24.7256918547,28.9016350485,-38.9884275703)) ;
#471=CARTESIAN_POINT('Control Point',(-24.7259353205,28.9329156228,-39.0100899014)) ;
#472=CARTESIAN_POINT('Control Point',(-24.7263071053,28.9806826803,-39.0346619766)) ;
#473=CARTESIAN_POINT('Control Point',(-24.7266926787,29.0302213041,-39.0471075173)) ;
#474=CARTESIAN_POINT('Control Point',(-24.7268208429,29.046687895,-39.0498272786)) ;
#475=CARTESIAN_POINT('Control Point',(-24.7269488509,29.0631344103,-39.0510916453)) ;
#476=CARTESIAN_POINT('Control Point',(-24.7270767031,29.0795609159,-39.0508694049)) ;
#477=CARTESIAN_POINT('Vertex',(-24.7242105703,28.7113190399,-38.7361150325)) ;
#481=CARTESIAN_POINT('Control Point',(-24.7223844466,28.476697944,-37.9939667728)) ;
#482=CARTESIAN_POINT('Control Point',(-24.7225481983,28.4977368276,-38.1029808368)) ;
#483=CARTESIAN_POINT('Control Point',(-24.7227335527,28.5215512378,-38.2085789088)) ;
#484=CARTESIAN_POINT('Control Point',(-24.7229424162,28.5483860928,-38.3108580069)) ;
#485=CARTESIAN_POINT('Control Point',(-24.723238439,28.5864192231,-38.4361222721)) ;
#486=CARTESIAN_POINT('Control Point',(-24.7235681327,28.6287783985,-38.550541633)) ;
#487=CARTESIAN_POINT('Control Point',(-24.7236462038,28.6388090118,-38.576402755)) ;
#488=CARTESIAN_POINT('Control Point',(-24.7237641471,28.6539624084,-38.6136447512)) ;
#489=CARTESIAN_POINT('Control Point',(-24.7238855628,28.6695619509,-38.6493191475)) ;
#490=CARTESIAN_POINT('Control Point',(-24.7239251541,28.6746486497,-38.6606769595)) ;
#491=CARTESIAN_POINT('Control Point',(-24.7239847001,28.6822991493,-38.6773609153)) ;
#492=CARTESIAN_POINT('Control Point',(-24.7240454134,28.6900996146,-38.6937326532)) ;
#493=CARTESIAN_POINT('Control Point',(-24.7240657116,28.6927075302,-38.6991377145)) ;
#494=CARTESIAN_POINT('Control Point',(-24.7240969773,28.69672456,-38.7073454167)) ;
#495=CARTESIAN_POINT('Control Point',(-24.7241278495,28.7006910431,-38.7153088687)) ;
#496=CARTESIAN_POINT('Control Point',(-24.7241381206,28.7020106685,-38.7179422664)) ;
#497=CARTESIAN_POINT('Control Point',(-24.7241577193,28.704528719,-38.722943273)) ;
#498=CARTESIAN_POINT('Control Point',(-24.7241774181,28.7070596265,-38.7278977733)) ;
#499=CARTESIAN_POINT('Control Point',(-24.7241877128,28.7083822967,-38.7304663769)) ;
#500=CARTESIAN_POINT('Control Point',(-24.7241987369,28.7097986804,-38.7331979334)) ;
#501=CARTESIAN_POINT('Control Point',(-24.7242105703,28.7113190399,-38.7361150325)) ;
#502=CARTESIAN_POINT('Vertex',(-24.7223844466,28.476697944,-37.9939667728)) ;
#506=CARTESIAN_POINT('Control Point',(-24.7215951871,28.3752935751,-37.0208048109)) ;
#507=CARTESIAN_POINT('Control Point',(-24.7216286549,28.3795935232,-37.1618518813)) ;
#508=CARTESIAN_POINT('Control Point',(-24.72168739,28.3871398316,-37.2998760725)) ;
#509=CARTESIAN_POINT('Control Point',(-24.7217707171,28.3978457341,-37.4330075748)) ;
#510=CARTESIAN_POINT('Control Point',(-24.7219067709,28.4153259776,-37.5992624404)) ;
#511=CARTESIAN_POINT('Control Point',(-24.7220721077,28.4365685137,-37.753622421)) ;
#512=CARTESIAN_POINT('Control Point',(-24.7221101978,28.44146235,-37.7872811957)) ;
#513=CARTESIAN_POINT('Control Point',(-24.7221676395,28.4488424787,-37.8354036198)) ;
#514=CARTESIAN_POINT('Control Point',(-24.7222273831,28.4565183642,-37.8818847096)) ;
#515=CARTESIAN_POINT('Control Point',(-24.7222465221,28.4589773536,-37.8964370547)) ;
#516=CARTESIAN_POINT('Control Point',(-24.7222755909,28.4627121211,-37.9180537695)) ;
#517=CARTESIAN_POINT('Control Point',(-24.7223049469,28.4664837874,-37.9391800784)) ;
#518=CARTESIAN_POINT('Control Point',(-24.7223147888,28.4677482815,-37.9461842359)) ;
#519=CARTESIAN_POINT('Control Point',(-24.722329402,28.4696257926,-37.9564751211)) ;
#520=CARTESIAN_POINT('Control Point',(-24.7223442675,28.4715357139,-37.9667591802)) ;
#521=CARTESIAN_POINT('Control Point',(-24.7223492093,28.4721706456,-37.9701591769)) ;
#522=CARTESIAN_POINT('Control Point',(-24.7223569972,28.4731712376,-37.9754795949)) ;
#523=CARTESIAN_POINT('Control Point',(-24.7223645232,28.4741381826,-37.9805875544)) ;
#524=CARTESIAN_POINT('Control Point',(-24.7223670422,28.4744618184,-37.9822929889)) ;
#525=CARTESIAN_POINT('Control Point',(-24.7223714447,28.4750274595,-37.9852728715)) ;
#526=CARTESIAN_POINT('Control Point',(-24.722375872,28.4755962812,-37.988247824)) ;
#527=CARTESIAN_POINT('Control Point',(-24.7223781883,28.4758938745,-37.9898004453)) ;
#528=CARTESIAN_POINT('Control Point',(-24.7223813175,28.4762959093,-37.9918836091)) ;
#529=CARTESIAN_POINT('Control Point',(-24.7223844466,28.476697944,-37.9939667728)) ;
#530=CARTESIAN_POINT('Vertex',(-24.7215951871,28.3752935751,-37.0208048109)) ;
#534=CARTESIAN_POINT('Control Point',(-24.7216169683,28.3780920271,-36.4817050189)) ;
#535=CARTESIAN_POINT('Control Point',(-24.7216126343,28.3775351953,-36.4954383074)) ;
#536=CARTESIAN_POINT('Control Point',(-24.721605588,28.3766298762,-36.5167035927)) ;
#537=CARTESIAN_POINT('Control Point',(-24.7215979992,28.3756548663,-36.5439346244)) ;
#538=CARTESIAN_POINT('Control Point',(-24.7215817468,28.3735667556,-36.613943126)) ;
#539=CARTESIAN_POINT('Control Point',(-24.7215706156,28.3721366135,-36.6957892447)) ;
#540=CARTESIAN_POINT('Control Point',(-24.7215665692,28.3716167339,-36.7464754453)) ;
#541=CARTESIAN_POINT('Control Point',(-24.7215662136,28.3715710382,-36.8144172874)) ;
#542=CARTESIAN_POINT('Control Point',(-24.7215721244,28.3723304707,-36.8841073774)) ;
#543=CARTESIAN_POINT('Control Point',(-24.7215739171,28.3725607878,-36.9009879728)) ;
#544=CARTESIAN_POINT('Control Point',(-24.7215771475,28.3729758293,-36.9264095503)) ;
#545=CARTESIAN_POINT('Control Point',(-24.7215812485,28.3735027369,-36.9520207196)) ;
#546=CARTESIAN_POINT('Control Point',(-24.7215827144,28.3736910704,-36.9605788123)) ;
#547=CARTESIAN_POINT('Control Point',(-24.7215850674,28.3739933838,-36.9734624209)) ;
#548=CARTESIAN_POINT('Control Point',(-24.7215876222,28.3743216327,-36.9863460611)) ;
#549=CARTESIAN_POINT('Control Point',(-24.721588495,28.3744337712,-36.9906390619)) ;
#550=CARTESIAN_POINT('Control Point',(-24.7215898308,28.3746053971,-36.9970479457)) ;
#551=CARTESIAN_POINT('Control Point',(-24.7215912434,28.3747868857,-37.003530097)) ;
#552=CARTESIAN_POINT('Control Point',(-24.7215917241,28.3748486425,-37.0057035027)) ;
#553=CARTESIAN_POINT('Control Point',(-24.7215927067,28.3749748814,-37.0100874951)) ;
#554=CARTESIAN_POINT('Control Point',(-24.7215937073,28.3751034507,-37.01446403)) ;
#555=CARTESIAN_POINT('Control Point',(-24.7215942397,28.375171849,-37.0168119478)) ;
#556=CARTESIAN_POINT('Control Point',(-24.7215947134,28.375232712,-37.0188083793)) ;
#557=CARTESIAN_POINT('Control Point',(-24.7215951871,28.3752935751,-37.0208048109)) ;
#558=CARTESIAN_POINT('Vertex',(-24.7216169683,28.3780920271,-36.4817050189)) ;
#562=CARTESIAN_POINT('Control Point',(-24.7219730701,28.4238441315,-35.9183480215)) ;
#563=CARTESIAN_POINT('Control Point',(-24.7218919049,28.4134159954,-36.0019911867)) ;
#564=CARTESIAN_POINT('Control Point',(-24.7218197059,28.4041398285,-36.0883507369)) ;
#565=CARTESIAN_POINT('Control Point',(-24.7217590564,28.3963475671,-36.1744231963)) ;
#566=CARTESIAN_POINT('Control Point',(-24.7216997198,28.3887239754,-36.2768281546)) ;
#567=CARTESIAN_POINT('Control Point',(-24.7216542251,28.3828787992,-36.3812265358)) ;
#568=CARTESIAN_POINT('Control Point',(-24.7216489922,28.3822064657,-36.3937174006)) ;
#569=CARTESIAN_POINT('Control Point',(-24.7216414381,28.3812359215,-36.412505847)) ;
#570=CARTESIAN_POINT('Control Point',(-24.7216343361,28.3803234473,-36.4313367505)) ;
#571=CARTESIAN_POINT('Control Point',(-24.7216320184,28.3800256707,-36.4376201206)) ;
#572=CARTESIAN_POINT('Control Point',(-24.7216286241,28.3795895654,-36.4470302694)) ;
#573=CARTESIAN_POINT('Control Point',(-24.7216253366,28.3791671906,-36.4564811079)) ;
#574=CARTESIAN_POINT('Control Point',(-24.7216242537,28.3790280617,-36.4596327827)) ;
#575=CARTESIAN_POINT('Control Point',(-24.7216226356,28.3788201653,-36.4644046015)) ;
#576=CARTESIAN_POINT('Control Point',(-24.7216210584,28.3786175287,-36.4691340785)) ;
#577=CARTESIAN_POINT('Control Point',(-24.7216205445,28.3785514969,-36.4706699663)) ;
#578=CARTESIAN_POINT('Control Point',(-24.7216197764,28.37845281,-36.4730171642)) ;
#579=CARTESIAN_POINT('Control Point',(-24.7216190083,28.378354123,-36.4753643621)) ;
#580=CARTESIAN_POINT('Control Point',(-24.7216187426,28.3783199967,-36.4761864986)) ;
#581=CARTESIAN_POINT('Control Point',(-24.7216183366,28.3782678312,-36.4774430152)) ;
#582=CARTESIAN_POINT('Control Point',(-24.7216179311,28.3782157324,-36.4787022236)) ;
#583=CARTESIAN_POINT('Control Point',(-24.7216177927,28.3781979495,-36.4791320556)) ;
#584=CARTESIAN_POINT('Control Point',(-24.721617531,28.3781643257,-36.4799470489)) ;
#585=CARTESIAN_POINT('Control Point',(-24.7216172693,28.3781307018,-36.4807620421)) ;
#586=CARTESIAN_POINT('Control Point',(-24.7216170675,28.3781047733,-36.4813906561)) ;
#587=CARTESIAN_POINT('Control Point',(-24.7216170179,28.3780984002,-36.4815478375)) ;
#588=CARTESIAN_POINT('Control Point',(-24.7216169683,28.3780920271,-36.4817050189)) ;
#589=CARTESIAN_POINT('Vertex',(-24.7219730701,28.4238441315,-35.9183480215)) ;
#592=CARTESIAN_POINT('Line Origine',(-24.7234937341,28.6192196381,-34.3414047376)) ;
#625=CARTESIAN_POINT('Axis2P3D Location',(30.3583213387,18.3216238916,36.728128509)) ;
#630=CARTESIAN_POINT('Line Origine',(-18.1402096732,17.9441458284,-27.3956883463)) ;
#634=CARTESIAN_POINT('Vertex',(-12.6403762595,17.986952619,-27.3956883463)) ;
#636=CARTESIAN_POINT('Vertex',(-23.6400430869,17.9013390377,-27.3956883463)) ;
#639=CARTESIAN_POINT('Line Origine',(-23.6400430869,17.9013390377,-28.3956883444)) ;
#644=CARTESIAN_POINT('Line Origine',(23.3585333576,18.2671425216,-26.8956883453)) ;
#648=CARTESIAN_POINT('Vertex',(23.3585333574,18.2671425216,-24.3956883459)) ;
#651=CARTESIAN_POINT('Line Origine',(5.35907854906,18.1270475703,-24.3956883444)) ;
#655=CARTESIAN_POINT('Vertex',(-12.6403762603,17.9869526186,-24.3956883453)) ;
#658=CARTESIAN_POINT('Line Origine',(-12.6403762595,17.986952619,-25.8956883453)) ;
#672=CARTESIAN_POINT('Axis2P3D Location',(24.2982733597,26.0132624954,-10.3956882857)) ;
#678=CARTESIAN_POINT('Control Point',(24.29667401,26.2187475832,-29.3956883453)) ;
#679=CARTESIAN_POINT('Control Point',(24.2940324024,26.5581423678,-29.3956883453)) ;
#680=CARTESIAN_POINT('Control Point',(24.2913907993,26.8975365866,-29.4436865944)) ;
#681=CARTESIAN_POINT('Control Point',(24.2888194273,27.2279074667,-29.5397063885)) ;
#682=CARTESIAN_POINT('Control Point',(24.2839587505,27.8524091579,-29.8225032539)) ;
#683=CARTESIAN_POINT('Control Point',(24.2798990207,28.3740048478,-30.2673835058)) ;
#684=CARTESIAN_POINT('Control Point',(24.2781287768,28.6014464867,-30.5255278419)) ;
#685=CARTESIAN_POINT('Control Point',(24.2752128459,28.9760864438,-31.0974767734)) ;
#686=CARTESIAN_POINT('Control Point',(24.2736420262,29.1779059788,-31.7506649058)) ;
#687=CARTESIAN_POINT('Control Point',(24.2732227578,29.2317737438,-32.0885580456)) ;
#688=CARTESIAN_POINT('Control Point',(24.2731789489,29.2374023251,-32.4294249586)) ;
#689=CARTESIAN_POINT('Control Point',(24.2735019235,29.1959064259,-32.7644542322)) ;
#690=CARTESIAN_POINT('Vertex',(24.273501924,29.1959064264,-32.7644542322)) ;
#693=CARTESIAN_POINT('Line Origine',(24.2743248085,29.0901818337,-33.6180526369)) ;
#697=CARTESIAN_POINT('Vertex',(24.2751476935,28.9844572414,-34.4716510415)) ;
#701=CARTESIAN_POINT('Control Point',(24.2751143973,28.9887351589,-35.1634430472)) ;
#702=CARTESIAN_POINT('Control Point',(24.2751658135,28.9821291823,-35.1161559526)) ;
#703=CARTESIAN_POINT('Control Point',(24.275224586,28.9745780705,-35.0547301173)) ;
#704=CARTESIAN_POINT('Control Point',(24.2752663948,28.9692064518,-34.9858045542)) ;
#705=CARTESIAN_POINT('Control Point',(24.2753212596,28.962157402,-34.8464325067)) ;
#706=CARTESIAN_POINT('Control Point',(24.2753018765,28.9646477539,-34.6955732905)) ;
#707=CARTESIAN_POINT('Control Point',(24.2752715631,28.9685424353,-34.621532189)) ;
#708=CARTESIAN_POINT('Control Point',(24.2752202514,28.9751349809,-34.5469364383)) ;
#709=CARTESIAN_POINT('Control Point',(24.2751476935,28.9844572414,-34.4716510415)) ;
#710=CARTESIAN_POINT('Vertex',(24.2751143973,28.9887351589,-35.1634430472)) ;
#714=CARTESIAN_POINT('Control Point',(24.2738054748,29.1569060362,-35.7400582541)) ;
#715=CARTESIAN_POINT('Control Point',(24.2740969777,29.1194536224,-35.6640325728)) ;
#716=CARTESIAN_POINT('Control Point',(24.2743594371,29.0857327439,-35.5812169739)) ;
#717=CARTESIAN_POINT('Control Point',(24.2745903968,29.0560589482,-35.491268652)) ;
#718=CARTESIAN_POINT('Control Point',(24.2748069708,29.0282334377,-35.3847901962)) ;
#719=CARTESIAN_POINT('Control Point',(24.2749741302,29.0067567213,-35.2738208235)) ;
#720=CARTESIAN_POINT('Control Point',(24.2749938168,29.0042273866,-35.2601955028)) ;
#721=CARTESIAN_POINT('Control Point',(24.2750221983,29.0005809139,-35.2397083027)) ;
#722=CARTESIAN_POINT('Control Point',(24.2750489406,28.9971450519,-35.2190235264)) ;
#723=CARTESIAN_POINT('Control Point',(24.2750576659,28.9960240275,-35.2121119)) ;
#724=CARTESIAN_POINT('Control Point',(24.2750705503,28.9943686297,-35.2016405133)) ;
#725=CARTESIAN_POINT('Control Point',(24.2750829337,28.9927776149,-35.1912283453)) ;
#726=CARTESIAN_POINT('Control Point',(24.275087018,28.9922528559,-35.1877539144)) ;
#727=CARTESIAN_POINT('Control Point',(24.2750929133,28.9914954294,-35.1826925599)) ;
#728=CARTESIAN_POINT('Control Point',(24.2750988794,28.9907288974,-35.1774416276)) ;
#729=CARTESIAN_POINT('Control Point',(24.2751008901,28.9904705606,-35.1756569185)) ;
#730=CARTESIAN_POINT('Control Point',(24.2751050108,28.9899411323,-35.171968345)) ;
#731=CARTESIAN_POINT('Control Point',(24.2751090937,28.9894165565,-35.1682767196)) ;
#732=CARTESIAN_POINT('Control Point',(24.2751119544,28.9890490235,-35.1656897622)) ;
#733=CARTESIAN_POINT('Control Point',(24.2751131758,28.9888920912,-35.1645664047)) ;
#734=CARTESIAN_POINT('Control Point',(24.2751143973,28.9887351589,-35.1634430472)) ;
#735=CARTESIAN_POINT('Vertex',(24.2738054748,29.1569060362,-35.7400582541)) ;
#739=CARTESIAN_POINT('Control Point',(24.2684965832,29.8389945235,-36.2668779209)) ;
#740=CARTESIAN_POINT('Control Point',(24.2692211161,29.7459062518,-36.2673355722)) ;
#741=CARTESIAN_POINT('Control Point',(24.2699474831,29.6525823407,-36.2473160241)) ;
#742=CARTESIAN_POINT('Control Point',(24.2706497665,29.5623526878,-36.2070268206)) ;
#743=CARTESIAN_POINT('Control Point',(24.2715466287,29.4471234753,-36.1285241834)) ;
#744=CARTESIAN_POINT('Control Point',(24.2723417588,29.3449648483,-36.0229048655)) ;
#745=CARTESIAN_POINT('Control Point',(24.2725446551,29.3188966442,-35.9931527552)) ;
#746=CARTESIAN_POINT('Control Point',(24.2728408656,29.2808394032,-35.9454117122)) ;
#747=CARTESIAN_POINT('Control Point',(24.2731174929,29.2452982232,-35.894024808)) ;
#748=CARTESIAN_POINT('Control Point',(24.2732107523,29.2333162132,-35.8758376633)) ;
#749=CARTESIAN_POINT('Control Point',(24.2733471827,29.2157875821,-35.8478921151)) ;
#750=CARTESIAN_POINT('Control Point',(24.27347765,29.1990250939,-35.8192151755)) ;
#751=CARTESIAN_POINT('Control Point',(24.2735205199,29.193517157,-35.8095658493)) ;
#752=CARTESIAN_POINT('Control Point',(24.273604159,29.1827711667,-35.7903132582)) ;
#753=CARTESIAN_POINT('Control Point',(24.2736864689,29.172195955,-35.7703426045)) ;
#754=CARTESIAN_POINT('Control Point',(24.2737281876,29.1668359297,-35.7599198627)) ;
#755=CARTESIAN_POINT('Control Point',(24.2737698634,29.1614814058,-35.7493459223)) ;
#756=CARTESIAN_POINT('Control Point',(24.2738054748,29.1569060362,-35.7400582541)) ;
#757=CARTESIAN_POINT('Vertex',(24.2684965832,29.8389945235,-36.2668779209)) ;
#760=CARTESIAN_POINT('Line Origine',(24.221021608,35.9385981328,-36.2646513112)) ;
#764=CARTESIAN_POINT('Vertex',(24.1735466329,42.038201742,-36.2646513112)) ;
#768=CARTESIAN_POINT('Control Point',(24.1649346764,43.1446693173,-36.2688610327)) ;
#769=CARTESIAN_POINT('Control Point',(24.1666559044,42.9235252554,-36.2679774918)) ;
#770=CARTESIAN_POINT('Control Point',(24.1683771392,42.7023803267,-36.2675250525)) ;
#771=CARTESIAN_POINT('Control Point',(24.1700989576,42.4811604238,-36.2670932882)) ;
#772=CARTESIAN_POINT('Control Point',(24.1718219402,42.2597909341,-36.2662701802)) ;
#773=CARTESIAN_POINT('Control Point',(24.1735466329,42.038201742,-36.2646513112)) ;
#774=CARTESIAN_POINT('Vertex',(24.1649346764,43.1446693173,-36.2688610327)) ;
#777=CARTESIAN_POINT('Line Origine',(24.1647411593,43.169532475,-36.2646513112)) ;
#781=CARTESIAN_POINT('Vertex',(24.1645476421,43.1943956328,-36.2646513112)) ;
#785=CARTESIAN_POINT('Control Point',(24.1593401833,43.863452004,-35.9640670285)) ;
#786=CARTESIAN_POINT('Control Point',(24.1601445248,43.7601098919,-36.0559683583)) ;
#787=CARTESIAN_POINT('Control Point',(24.1609874852,43.6518060036,-36.1340190057)) ;
#788=CARTESIAN_POINT('Control Point',(24.1618602201,43.5396766825,-36.1958314666)) ;
#789=CARTESIAN_POINT('Control Point',(24.1629405101,43.4008805938,-36.2474603963)) ;
#790=CARTESIAN_POINT('Control Point',(24.1639812257,43.2671690343,-36.2657964678)) ;
#791=CARTESIAN_POINT('Control Point',(24.1641727597,43.2425606814,-36.2680272245)) ;
#792=CARTESIAN_POINT('Control Point',(24.164361547,43.2183052033,-36.2690550103)) ;
#793=CARTESIAN_POINT('Control Point',(24.1645476421,43.1943956328,-36.2688684441)) ;
#794=CARTESIAN_POINT('Vertex',(24.1593401833,43.863452004,-35.9640670285)) ;
#798=CARTESIAN_POINT('Control Point',(24.1548864231,44.4356728824,-35.1600584962)) ;
#799=CARTESIAN_POINT('Control Point',(24.1554872542,44.3584778596,-35.3277643488)) ;
#800=CARTESIAN_POINT('Control Point',(24.1561723855,44.2704519253,-35.4848429024)) ;
#801=CARTESIAN_POINT('Control Point',(24.1569476148,44.1708501537,-35.6319684303)) ;
#802=CARTESIAN_POINT('Control Point',(24.1578332044,44.0570692522,-35.7721425779)) ;
#803=CARTESIAN_POINT('Control Point',(24.158702368,43.9453987616,-35.8863135684)) ;
#804=CARTESIAN_POINT('Control Point',(24.158783232,43.9350093233,-35.8967327458)) ;
#805=CARTESIAN_POINT('Control Point',(24.1589043142,43.9194526396,-35.9120375913)) ;
#806=CARTESIAN_POINT('Control Point',(24.1590241766,43.9040526724,-35.9267568793)) ;
#807=CARTESIAN_POINT('Control Point',(24.1590640833,43.8989254423,-35.9316085634)) ;
#808=CARTESIAN_POINT('Control Point',(24.1591230297,43.89135199,-35.9387072428)) ;
#809=CARTESIAN_POINT('Control Point',(24.159182275,43.8837401208,-35.9457275772)) ;
#810=CARTESIAN_POINT('Control Point',(24.1592019064,43.8812178733,-35.9480419532)) ;
#811=CARTESIAN_POINT('Control Point',(24.1592325967,43.8772747744,-35.9516366268)) ;
#812=CARTESIAN_POINT('Control Point',(24.1592622157,43.8734693185,-35.9550838085)) ;
#813=CARTESIAN_POINT('Control Point',(24.1592720878,43.8722009378,-35.9562300773)) ;
#814=CARTESIAN_POINT('Control Point',(24.1592896538,43.8699440589,-35.9582684494)) ;
#815=CARTESIAN_POINT('Control Point',(24.1593071834,43.8676918483,-35.9602892711)) ;
#816=CARTESIAN_POINT('Control Point',(24.1593160316,43.8665550211,-35.9613075397)) ;
#817=CARTESIAN_POINT('Control Point',(24.1593281075,43.8650035125,-35.9626872841)) ;
#818=CARTESIAN_POINT('Control Point',(24.1593401833,43.863452004,-35.9640670285)) ;
#819=CARTESIAN_POINT('Vertex',(24.1548864231,44.4356728824,-35.1600584962)) ;
#822=CARTESIAN_POINT('Line Origine',(24.1473428536,45.4048736739,-34.7121599229)) ;
#826=CARTESIAN_POINT('Vertex',(24.1397992841,46.3740744655,-34.2642613497)) ;
#829=CARTESIAN_POINT('Line Origine',(24.1397992841,46.3740744655,-31.8299748475)) ;
#833=CARTESIAN_POINT('Vertex',(24.1397992841,46.3740744655,-29.3956883453)) ;
#836=CARTESIAN_POINT('Line Origine',(24.1378535209,46.6240668934,-29.3956883453)) ;
#840=CARTESIAN_POINT('Vertex',(24.1359077578,46.8740593213,-29.3956883459)) ;
#843=CARTESIAN_POINT('Line Origine',(24.1359077577,46.8740593213,-26.8956883453)) ;
#847=CARTESIAN_POINT('Vertex',(24.1359077578,46.8740593216,-24.3956883459)) ;
#850=CARTESIAN_POINT('Line Origine',(24.243313887,33.0744773035,-24.3956883453)) ;
#854=CARTESIAN_POINT('Vertex',(24.3507200165,19.2748952852,-24.3956883453)) ;
#857=CARTESIAN_POINT('Line Origine',(24.3507200163,19.2748952856,-26.8956883453)) ;
#882=CARTESIAN_POINT('Axis2P3D Location',(-24.6633619571,20.8934651196,-25.8956883453)) ;
#888=CARTESIAN_POINT('Control Point',(-24.6477958507,18.8935256966,-26.8956883452)) ;
#889=CARTESIAN_POINT('Control Point',(-24.6470769823,18.800803204,-26.9420509848)) ;
#890=CARTESIAN_POINT('Control Point',(-24.6370981159,18.7098907087,-26.9875446887)) ;
#891=CARTESIAN_POINT('Control Point',(-24.6170885926,18.6216084077,-27.0317623698)) ;
#892=CARTESIAN_POINT('Control Point',(-24.5790723447,18.5156829822,-27.0848714196)) ;
#893=CARTESIAN_POINT('Control Point',(-24.5252751813,18.416172687,-27.1348344133)) ;
#894=CARTESIAN_POINT('Control Point',(-24.5139911923,18.3967017177,-27.144613515)) ;
#895=CARTESIAN_POINT('Control Point',(-24.4902355677,18.3583521158,-27.1638801808)) ;
#896=CARTESIAN_POINT('Control Point',(-24.4640851366,18.3211208601,-27.1825970099)) ;
#897=CARTESIAN_POINT('Control Point',(-24.4504120038,18.3027798373,-27.1918204529)) ;
#898=CARTESIAN_POINT('Control Point',(-24.4074573607,18.2483468519,-27.2192032804)) ;
#899=CARTESIAN_POINT('Control Point',(-24.3596260173,18.1967107554,-27.2452066837)) ;
#900=CARTESIAN_POINT('Control Point',(-24.3276805798,18.1657313491,-27.2608202342)) ;
#901=CARTESIAN_POINT('Control Point',(-24.27551389,18.1209091593,-27.2834336583)) ;
#902=CARTESIAN_POINT('Control Point',(-24.2191670331,18.0804443845,-27.3038847081)) ;
#903=CARTESIAN_POINT('Control Point',(-24.2000716819,18.06750718,-27.3104274246)) ;
#904=CARTESIAN_POINT('Control Point',(-24.170786941,18.0488516004,-27.3198688942)) ;
#905=CARTESIAN_POINT('Control Point',(-24.140510206,18.031346947,-27.3287387785)) ;
#906=CARTESIAN_POINT('Control Point',(-24.1302897078,18.0256387777,-27.33163255)) ;
#907=CARTESIAN_POINT('Control Point',(-24.1097274815,18.0145079742,-27.3372778017)) ;
#908=CARTESIAN_POINT('Control Point',(-24.0890700775,18.0039984863,-27.3426127753)) ;
#909=CARTESIAN_POINT('Control Point',(-24.0787611757,17.9989174837,-27.345193317)) ;
#910=CARTESIAN_POINT('Control Point',(-24.0680511173,17.9938418868,-27.3477727171)) ;
#911=CARTESIAN_POINT('Control Point',(-24.0569063485,17.9887302079,-27.3503718493)) ;
#912=CARTESIAN_POINT('Vertex',(-24.0568764459,17.9887969154,-27.3503718497)) ;
#916=CARTESIAN_POINT('Control Point',(-24.0569063485,17.9887302079,-27.3503718493)) ;
#917=CARTESIAN_POINT('Control Point',(-23.9796392539,17.9532907488,-27.3683917291)) ;
#918=CARTESIAN_POINT('Control Point',(-23.8985160198,17.92637497,-27.3821649041)) ;
#919=CARTESIAN_POINT('Control Point',(-23.8142469189,17.9087924193,-27.3912838485)) ;
#920=CARTESIAN_POINT('Control Point',(-23.7277434097,17.9006296605,-27.395701735)) ;
#921=CARTESIAN_POINT('Control Point',(-23.6400430878,17.9013390384,-27.3956883449)) ;
#923=CARTESIAN_POINT('Line Origine',(-12.6520508387,19.4869071858,-26.6456883456)) ;
#927=CARTESIAN_POINT('Vertex',(-12.663725418,20.9868617531,-25.8956883457)) ;
#930=CARTESIAN_POINT('Line Origine',(-18.6635436878,20.9401634363,-25.8956883455)) ;
#944=CARTESIAN_POINT('Axis2P3D Location',(-24.7801077498,35.8930107934,-25.8956883453)) ;
#949=CARTESIAN_POINT('Line Origine',(-12.7220983144,28.4866345899,-25.8956883453)) ;
#953=CARTESIAN_POINT('Vertex',(-12.7804712108,35.9864074269,-25.8956883457)) ;
#956=CARTESIAN_POINT('Line Origine',(-18.7802894806,35.9397091103,-25.8956883453)) ;
#968=CARTESIAN_POINT('Axis2P3D Location',(-24.7801077498,35.8930107934,-24.3956883453)) ;
#973=CARTESIAN_POINT('Line Origine',(-12.7804712108,35.9864074276,-25.1456883453)) ;
#977=CARTESIAN_POINT('Vertex',(-12.7804712111,35.986407428,-24.3956883453)) ;
#980=CARTESIAN_POINT('Line Origine',(-18.7802894803,35.9397091105,-24.3956883453)) ;
#992=CARTESIAN_POINT('Axis2P3D Location',(-23.4675595162,-4.25941841779,-24.3956883453)) ;
#998=CARTESIAN_POINT('Control Point',(-23.8704214522,47.5004424964,-24.3956883453)) ;
#999=CARTESIAN_POINT('Control Point',(-23.9683970401,47.4996799241,-24.3956883453)) ;
#1000=CARTESIAN_POINT('Control Point',(-24.0662788091,47.4869179719,-24.3956883453)) ;
#1001=CARTESIAN_POINT('Control Point',(-24.1621127474,47.4621686674,-24.3956883453)) ;
#1002=CARTESIAN_POINT('Control Point',(-24.3457565296,47.3897086134,-24.3956883453)) ;
#1003=CARTESIAN_POINT('Control Point',(-24.5064846221,47.2750730458,-24.3956883453)) ;
#1004=CARTESIAN_POINT('Control Point',(-24.5794012199,47.208141432,-24.3956883453)) ;
#1005=CARTESIAN_POINT('Control Point',(-24.7073499316,47.0577930824,-24.3956883453)) ;
#1006=CARTESIAN_POINT('Control Point',(-24.7952331851,46.8810125185,-24.3956883453)) ;
#1007=CARTESIAN_POINT('Control Point',(-24.8280796709,46.7876434741,-24.3956883453)) ;
#1008=CARTESIAN_POINT('Control Point',(-24.8535062774,46.6713113938,-24.3956883453)) ;
#1009=CARTESIAN_POINT('Control Point',(-24.8615463091,46.5533527034,-24.3956883453)) ;
#1010=CARTESIAN_POINT('Control Point',(-24.8624119453,46.5331248833,-24.3956883453)) ;
#1011=CARTESIAN_POINT('Control Point',(-24.862765454,46.5129053103,-24.3956883453)) ;
#1012=CARTESIAN_POINT('Control Point',(-24.8626081103,46.4926897314,-24.3956883453)) ;
#1013=CARTESIAN_POINT('Vertex',(-23.8704214513,47.5004424961,-24.3956883447)) ;
#1016=CARTESIAN_POINT('Line Origine',(-12.7104237357,26.9866800233,-24.3956883453)) ;
#1022=CARTESIAN_POINT('Control Point',(23.3585333566,18.2671425221,-24.3956883453)) ;
#1023=CARTESIAN_POINT('Control Point',(23.4565089489,18.2679050943,-24.3956883453)) ;
#1024=CARTESIAN_POINT('Control Point',(23.5543907223,18.2806670476,-24.3956883453)) ;
#1025=CARTESIAN_POINT('Control Point',(23.6502246453,18.3054163479,-24.3956883453)) ;
#1026=CARTESIAN_POINT('Control Point',(23.8338684322,18.3778764025,-24.3956883453)) ;
#1027=CARTESIAN_POINT('Control Point',(23.9945965284,18.4925119727,-24.3956883453)) ;
#1028=CARTESIAN_POINT('Control Point',(24.067513126,18.5594435846,-24.3956883453)) ;
#1029=CARTESIAN_POINT('Control Point',(24.1954618373,18.7097919336,-24.3956883453)) ;
#1030=CARTESIAN_POINT('Control Point',(24.2833450906,18.8865724966,-24.3956883453)) ;
#1031=CARTESIAN_POINT('Control Point',(24.3161915774,18.9799415441,-24.3956883453)) ;
#1032=CARTESIAN_POINT('Control Point',(24.3416181837,19.0962736237,-24.3956883453)) ;
#1033=CARTESIAN_POINT('Control Point',(24.3496582153,19.2142323133,-24.3956883453)) ;
#1034=CARTESIAN_POINT('Control Point',(24.3505238515,19.2344601331,-24.3956883453)) ;
#1035=CARTESIAN_POINT('Control Point',(24.3508773602,19.2546797062,-24.3956883453)) ;
#1036=CARTESIAN_POINT('Control Point',(24.3507200165,19.2748952852,-24.3956883453)) ;
#1039=CARTESIAN_POINT('Control Point',(24.1359077583,46.8740593222,-24.3956883453)) ;
#1040=CARTESIAN_POINT('Control Point',(24.135145186,46.9720349095,-24.3956883453)) ;
#1041=CARTESIAN_POINT('Control Point',(24.1223832339,47.0699166779,-24.3956883453)) ;
#1042=CARTESIAN_POINT('Control Point',(24.0976339289,47.1657506185,-24.3956883453)) ;
#1043=CARTESIAN_POINT('Control Point',(24.0251738751,47.3493943997,-24.3956883453)) ;
#1044=CARTESIAN_POINT('Control Point',(23.910538308,47.5101224914,-24.3956883453)) ;
#1045=CARTESIAN_POINT('Control Point',(23.8436066932,47.5830390904,-24.3956883453)) ;
#1046=CARTESIAN_POINT('Control Point',(23.6932583439,47.7109878017,-24.3956883453)) ;
#1047=CARTESIAN_POINT('Control Point',(23.5164777806,47.7988710549,-24.3956883453)) ;
#1048=CARTESIAN_POINT('Control Point',(23.4231087357,47.831717541,-24.3956883453)) ;
#1049=CARTESIAN_POINT('Control Point',(23.3067766551,47.8571441475,-24.3956883453)) ;
#1050=CARTESIAN_POINT('Control Point',(23.1888179645,47.8651841791,-24.3956883453)) ;
#1051=CARTESIAN_POINT('Control Point',(23.1685901441,47.8660498154,-24.3956883453)) ;
#1052=CARTESIAN_POINT('Control Point',(23.1483705707,47.866403324,-24.3956883453)) ;
#1053=CARTESIAN_POINT('Control Point',(23.1281549914,47.8662459803,-24.3956883453)) ;
#1054=CARTESIAN_POINT('Vertex',(23.1281549914,47.8662459803,-24.3956883453)) ;
#1057=CARTESIAN_POINT('Line Origine',(-0.371133230397,47.6833442383,-24.3956883453)) ;
#1073=CARTESIAN_POINT('Axis2P3D Location',(7.1597718189,43.7418382884,-24.3956883453)) ;
#1077=CARTESIAN_POINT('Vertex',(7.17300300882,42.0418897782,-24.3956883453)) ;
#1079=CARTESIAN_POINT('Vertex',(7.14654062946,45.4417867978,-24.3956883453)) ;
#1083=CARTESIAN_POINT('Control Point',(7.14654062898,45.4417867967,-24.3956883453)) ;
#1084=CARTESIAN_POINT('Control Point',(7.28087831443,45.4428323859,-24.3956883453)) ;
#1085=CARTESIAN_POINT('Control Point',(7.41415745335,45.4309948407,-24.3956883453)) ;
#1086=CARTESIAN_POINT('Control Point',(7.54535605371,45.4058879502,-24.3956883453)) ;
#1087=CARTESIAN_POINT('Control Point',(7.67354469792,45.3677242839,-24.3956883453)) ;
#1088=CARTESIAN_POINT('Control Point',(7.79794077412,45.3172796098,-24.3956883453)) ;
#1089=CARTESIAN_POINT('Vertex',(7.79802083946,45.3174772659,-24.3956883453)) ;
#1093=CARTESIAN_POINT('Control Point',(7.79794077412,45.3172796098,-24.3956883453)) ;
#1094=CARTESIAN_POINT('Control Point',(7.92233838214,45.2668343145,-24.3956883453)) ;
#1095=CARTESIAN_POINT('Control Point',(8.04087124613,45.2048596915,-24.3956883453)) ;
#1096=CARTESIAN_POINT('Control Point',(8.15245797839,45.1314139715,-24.3956883453)) ;
#1097=CARTESIAN_POINT('Control Point',(8.25633490574,45.0470726075,-24.3956883453)) ;
#1098=CARTESIAN_POINT('Control Point',(8.35208494053,44.9528572363,-24.3956883453)) ;
#1099=CARTESIAN_POINT('Vertex',(8.35246107411,44.953239271,-24.3956883453)) ;
#1103=CARTESIAN_POINT('Control Point',(8.35208494053,44.9528572363,-24.3956883453)) ;
#1104=CARTESIAN_POINT('Control Point',(8.44783569253,44.8586411593,-24.3956883453)) ;
#1105=CARTESIAN_POINT('Control Point',(8.53375428253,44.7560919392,-24.3956883453)) ;
#1106=CARTESIAN_POINT('Control Point',(8.60884809654,44.6456364553,-24.3956883453)) ;
#1107=CARTESIAN_POINT('Control Point',(8.67262264981,44.5280597583,-24.3956883453)) ;
#1108=CARTESIAN_POINT('Control Point',(8.72508876794,44.4044526712,-24.3956883453)) ;
#1109=CARTESIAN_POINT('Vertex',(8.72528515475,44.4045358032,-24.3956883453)) ;
#1113=CARTESIAN_POINT('Control Point',(8.72508876794,44.4044526712,-24.3956883453)) ;
#1114=CARTESIAN_POINT('Control Point',(8.77755404365,44.2808475687,-24.3956883453)) ;
#1115=CARTESIAN_POINT('Control Point',(8.81769283953,44.1532356261,-24.3956883453)) ;
#1116=CARTESIAN_POINT('Control Point',(8.84476798154,44.0224230464,-24.3956883453)) ;
#1117=CARTESIAN_POINT('Control Point',(8.85863532523,43.8893596494,-24.3956883453)) ;
#1118=CARTESIAN_POINT('Control Point',(8.85972032905,43.7550694783,-24.3956883453)) ;
#1119=CARTESIAN_POINT('Vertex',(8.85972032899,43.7550694779,-24.3956883453)) ;
#1123=CARTESIAN_POINT('Control Point',(8.85972032905,43.7550694783,-24.3956883453)) ;
#1124=CARTESIAN_POINT('Control Point',(8.86080532493,43.620780291,-24.3956883453)) ;
#1125=CARTESIAN_POINT('Control Point',(8.84895918404,43.4875015513,-24.3956883453)) ;
#1126=CARTESIAN_POINT('Control Point',(8.82383087822,43.3562769812,-24.3956883453)) ;
#1127=CARTESIAN_POINT('Control Point',(8.78565763391,43.2280649644,-24.3956883453)) ;
#1128=CARTESIAN_POINT('Control Point',(8.73521314026,43.1036693332,-24.3956883453)) ;
#1129=CARTESIAN_POINT('Vertex',(8.73541079705,43.1035892679,-24.3956883453)) ;
#1133=CARTESIAN_POINT('Control Point',(8.73521314026,43.1036693332,-24.3956883453)) ;
#1134=CARTESIAN_POINT('Control Point',(8.68476784542,42.9792717263,-24.3956883453)) ;
#1135=CARTESIAN_POINT('Control Point',(8.62279322318,42.8607388634,-24.3956883453)) ;
#1136=CARTESIAN_POINT('Control Point',(8.54934750231,42.749152127,-24.3956883453)) ;
#1137=CARTESIAN_POINT('Control Point',(8.46500613901,42.6452752007,-24.3956883453)) ;
#1138=CARTESIAN_POINT('Control Point',(8.37079076864,42.5495251668,-24.3956883453)) ;
#1139=CARTESIAN_POINT('Vertex',(8.37117280221,42.5491490333,-24.3956883453)) ;
#1143=CARTESIAN_POINT('Control Point',(8.37079076864,42.5495251668,-24.3956883453)) ;
#1144=CARTESIAN_POINT('Control Point',(8.27657385044,42.4537735598,-24.3956883453)) ;
#1145=CARTESIAN_POINT('Control Point',(8.17405437536,42.3678573673,-24.3956883453)) ;
#1146=CARTESIAN_POINT('Control Point',(8.06362553035,42.2927750429,-24.3956883453)) ;
#1147=CARTESIAN_POINT('Control Point',(7.94604202121,42.2290081424,-24.3956883453)) ;
#1148=CARTESIAN_POINT('Control Point',(7.8223862017,42.1765213394,-24.3956883453)) ;
#1149=CARTESIAN_POINT('Vertex',(7.8224693344,42.1763249527,-24.3956883453)) ;
#1153=CARTESIAN_POINT('Control Point',(7.8223862017,42.1765213394,-24.3956883453)) ;
#1154=CARTESIAN_POINT('Control Point',(7.69872848209,42.1240337298,-24.3956883453)) ;
#1155=CARTESIAN_POINT('Control Point',(7.5712033539,42.0838392425,-24.3956883453)) ;
#1156=CARTESIAN_POINT('Control Point',(7.4405036147,42.0567550134,-24.3956883453)) ;
#1157=CARTESIAN_POINT('Control Point',(7.30744986254,42.0429362173,-24.3956883453)) ;
#1158=CARTESIAN_POINT('Control Point',(7.17300300882,42.0418897782,-24.3956883453)) ;
#1171=CARTESIAN_POINT('Axis2P3D Location',(-7.67165991361,22.0257467291,-24.3956883453)) ;
#1175=CARTESIAN_POINT('Vertex',(-7.65842872313,20.3257982199,-24.3956883453)) ;
#1177=CARTESIAN_POINT('Vertex',(-7.68489110284,23.7256952393,-24.3956883453)) ;
#1180=CARTESIAN_POINT('Axis2P3D Location',(-7.67165991361,22.0257467291,-24.3956883453)) ;
#1189=CARTESIAN_POINT('Axis2P3D Location',(-7.83977385493,43.6250924951,-24.3956883453)) ;
#1193=CARTESIAN_POINT('Vertex',(-7.82654266409,41.9251439859,-24.3956883453)) ;
#1195=CARTESIAN_POINT('Vertex',(-7.85300504435,45.3250410051,-24.3956883453)) ;
#1199=CARTESIAN_POINT('Control Point',(-7.85300504393,45.3250410044,-24.3956883453)) ;
#1200=CARTESIAN_POINT('Control Point',(-7.71866735444,45.3260865934,-24.3956883453)) ;
#1201=CARTESIAN_POINT('Control Point',(-7.58538821155,45.3142490473,-24.3956883453)) ;
#1202=CARTESIAN_POINT('Control Point',(-7.45418962879,45.2891421583,-24.3956883453)) ;
#1203=CARTESIAN_POINT('Control Point',(-7.3260009806,45.2509784912,-24.3956883453)) ;
#1204=CARTESIAN_POINT('Control Point',(-7.20160490065,45.2005338156,-24.3956883453)) ;
#1205=CARTESIAN_POINT('Vertex',(-7.20152483431,45.2007314732,-24.3956883453)) ;
#1209=CARTESIAN_POINT('Control Point',(-7.20160490065,45.2005338156,-24.3956883453)) ;
#1210=CARTESIAN_POINT('Control Point',(-7.07720729018,45.1500885193,-24.3956883453)) ;
#1211=CARTESIAN_POINT('Control Point',(-6.95867442398,45.0881138949,-24.3956883453)) ;
#1212=CARTESIAN_POINT('Control Point',(-6.8470876986,45.0146681825,-24.3956883453)) ;
#1213=CARTESIAN_POINT('Control Point',(-6.74321076905,44.9303268171,-24.3956883453)) ;
#1214=CARTESIAN_POINT('Control Point',(-6.64746073238,44.836111444,-24.3956883453)) ;
#1215=CARTESIAN_POINT('Vertex',(-6.64708459967,44.8364934783,-24.3956883453)) ;
#1219=CARTESIAN_POINT('Control Point',(-6.64746073238,44.836111444,-24.3956883453)) ;
#1220=CARTESIAN_POINT('Control Point',(-6.55170998396,44.7418953705,-24.3956883453)) ;
#1221=CARTESIAN_POINT('Control Point',(-6.4657913968,44.6393461546,-24.3956883453)) ;
#1222=CARTESIAN_POINT('Control Point',(-6.3906975716,44.5288906541,-24.3956883453)) ;
#1223=CARTESIAN_POINT('Control Point',(-6.32692302114,44.4113139614,-24.3956883453)) ;
#1224=CARTESIAN_POINT('Control Point',(-6.27445690497,44.2877068789,-24.3956883453)) ;
#1225=CARTESIAN_POINT('Vertex',(-6.27426051907,44.2877900105,-24.3956883453)) ;
#1229=CARTESIAN_POINT('Control Point',(-6.27445690497,44.2877068789,-24.3956883453)) ;
#1230=CARTESIAN_POINT('Control Point',(-6.22199162932,44.1641017766,-24.3956883453)) ;
#1231=CARTESIAN_POINT('Control Point',(-6.18185283347,44.0364898341,-24.3956883453)) ;
#1232=CARTESIAN_POINT('Control Point',(-6.1547776932,43.9056772538,-24.3956883453)) ;
#1233=CARTESIAN_POINT('Control Point',(-6.14091034954,43.7726138569,-24.3956883453)) ;
#1234=CARTESIAN_POINT('Control Point',(-6.13982534572,43.638323686,-24.3956883453)) ;
#1235=CARTESIAN_POINT('Vertex',(-6.13982534481,43.6383236852,-24.3956883453)) ;
#1239=CARTESIAN_POINT('Control Point',(-6.13982534572,43.638323686,-24.3956883453)) ;
#1240=CARTESIAN_POINT('Control Point',(-6.1387403498,43.5040344932,-24.3956883453)) ;
#1241=CARTESIAN_POINT('Control Point',(-6.15058649169,43.3707557482,-24.3956883453)) ;
#1242=CARTESIAN_POINT('Control Point',(-6.17571479346,43.2395311992,-24.3956883453)) ;
#1243=CARTESIAN_POINT('Control Point',(-6.21388803882,43.1113191771,-24.3956883453)) ;
#1244=CARTESIAN_POINT('Control Point',(-6.26433253452,42.9869235409,-24.3956883453)) ;
#1245=CARTESIAN_POINT('Vertex',(-6.26413487674,42.9868434752,-24.3956883453)) ;
#1249=CARTESIAN_POINT('Control Point',(-6.26433253452,42.9869235409,-24.3956883453)) ;
#1250=CARTESIAN_POINT('Control Point',(-6.31477783138,42.862525929,-24.3956883453)) ;
#1251=CARTESIAN_POINT('Control Point',(-6.37675245657,42.7439930615,-24.3956883453)) ;
#1252=CARTESIAN_POINT('Control Point',(-6.45019816568,42.632406343,-24.3956883453)) ;
#1253=CARTESIAN_POINT('Control Point',(-6.53453953197,42.5285294122,-24.3956883453)) ;
#1254=CARTESIAN_POINT('Control Point',(-6.62875490613,42.4327793744,-24.3956883453)) ;
#1255=CARTESIAN_POINT('Vertex',(-6.62837287158,42.4324032406,-24.3956883453)) ;
#1259=CARTESIAN_POINT('Control Point',(-6.62875490613,42.4327793744,-24.3956883453)) ;
#1260=CARTESIAN_POINT('Control Point',(-6.72297182556,42.3370277662,-24.3956883453)) ;
#1261=CARTESIAN_POINT('Control Point',(-6.8254913021,42.2511115727,-24.3956883453)) ;
#1262=CARTESIAN_POINT('Control Point',(-6.93592013948,42.1760292523,-24.3956883453)) ;
#1263=CARTESIAN_POINT('Control Point',(-7.05350365007,42.1122623507,-24.3956883453)) ;
#1264=CARTESIAN_POINT('Control Point',(-7.17715947121,42.059775547,-24.3956883453)) ;
#1265=CARTESIAN_POINT('Vertex',(-7.1770763394,42.05957916,-24.3956883453)) ;
#1269=CARTESIAN_POINT('Control Point',(-7.17715947121,42.059775547,-24.3956883453)) ;
#1270=CARTESIAN_POINT('Control Point',(-7.30081719002,42.0072879378,-24.3956883453)) ;
#1271=CARTESIAN_POINT('Control Point',(-7.42834231737,41.9670934507,-24.3956883453)) ;
#1272=CARTESIAN_POINT('Control Point',(-7.55904205992,41.9400092202,-24.3956883453)) ;
#1273=CARTESIAN_POINT('Control Point',(-7.69209581124,41.9261904246,-24.3956883453)) ;
#1274=CARTESIAN_POINT('Control Point',(-7.82654266409,41.9251439859,-24.3956883453)) ;
#1288=CARTESIAN_POINT('Control Point',(7.34111695015,20.4425440141,-24.3956883453)) ;
#1289=CARTESIAN_POINT('Control Point',(7.20677926397,20.4414984247,-24.3956883453)) ;
#1290=CARTESIAN_POINT('Control Point',(7.07350012433,20.45333597,-24.3956883453)) ;
#1291=CARTESIAN_POINT('Control Point',(6.94230152868,20.4784428602,-24.3956883453)) ;
#1292=CARTESIAN_POINT('Control Point',(6.81411288374,20.5166065266,-24.3956883453)) ;
#1293=CARTESIAN_POINT('Control Point',(6.68971680687,20.567051201,-24.3956883453)) ;
#1294=CARTESIAN_POINT('Vertex',(7.34111695064,20.4425440127,-24.3956883453)) ;
#1296=CARTESIAN_POINT('Vertex',(6.68963674063,20.5668535446,-24.3956883453)) ;
#1300=CARTESIAN_POINT('Control Point',(6.68971680687,20.567051201,-24.3956883453)) ;
#1301=CARTESIAN_POINT('Control Point',(6.56531919777,20.6174964968,-24.3956883453)) ;
#1302=CARTESIAN_POINT('Control Point',(6.44678633281,20.6794711203,-24.3956883453)) ;
#1303=CARTESIAN_POINT('Control Point',(6.33519960252,20.7529168378,-24.3956883453)) ;
#1304=CARTESIAN_POINT('Control Point',(6.23132267421,20.8372582024,-24.3956883453)) ;
#1305=CARTESIAN_POINT('Control Point',(6.13557263859,20.9314735745,-24.3956883453)) ;
#1306=CARTESIAN_POINT('Vertex',(6.13519650601,20.9310915395,-24.3956883453)) ;
#1310=CARTESIAN_POINT('Control Point',(6.13557263859,20.9314735745,-24.3956883453)) ;
#1311=CARTESIAN_POINT('Control Point',(6.03982188613,21.0256896519,-24.3956883453)) ;
#1312=CARTESIAN_POINT('Control Point',(5.95390329576,21.1282388726,-24.3956883453)) ;
#1313=CARTESIAN_POINT('Control Point',(5.87880948506,21.2386943544,-24.3956883453)) ;
#1314=CARTESIAN_POINT('Control Point',(5.81503493143,21.3562710519,-24.3956883453)) ;
#1315=CARTESIAN_POINT('Control Point',(5.76256881305,21.4798781396,-24.3956883453)) ;
#1316=CARTESIAN_POINT('Vertex',(5.76237242538,21.4797950073,-24.3956883453)) ;
#1320=CARTESIAN_POINT('Control Point',(5.76256881305,21.4798781396,-24.3956883453)) ;
#1321=CARTESIAN_POINT('Control Point',(5.71010353542,21.6034832465,-24.3956883453)) ;
#1322=CARTESIAN_POINT('Control Point',(5.66996473853,21.731095194,-24.3956883453)) ;
#1323=CARTESIAN_POINT('Control Point',(5.64288960045,21.8619077547,-24.3956883453)) ;
#1324=CARTESIAN_POINT('Control Point',(5.6290222558,21.9949711565,-24.3956883453)) ;
#1325=CARTESIAN_POINT('Control Point',(5.62793725193,22.1292613325,-24.3956883453)) ;
#1326=CARTESIAN_POINT('Vertex',(5.62793725112,22.1292613325,-24.3956883453)) ;
#1330=CARTESIAN_POINT('Control Point',(5.62793725193,22.1292613325,-24.3956883453)) ;
#1331=CARTESIAN_POINT('Control Point',(5.62685225602,22.263550524,-24.3956883453)) ;
#1332=CARTESIAN_POINT('Control Point',(5.63869839769,22.3968292678,-24.3956883453)) ;
#1333=CARTESIAN_POINT('Control Point',(5.66382670038,22.5280538216,-24.3956883453)) ;
#1334=CARTESIAN_POINT('Control Point',(5.7019999455,22.6562658426,-24.3956883453)) ;
#1335=CARTESIAN_POINT('Control Point',(5.75244444073,22.7806614776,-24.3956883453)) ;
#1336=CARTESIAN_POINT('Vertex',(5.75224678306,22.7807415426,-24.3956883453)) ;
#1340=CARTESIAN_POINT('Control Point',(5.75244444073,22.7806614776,-24.3956883453)) ;
#1341=CARTESIAN_POINT('Control Point',(5.80288973667,22.9050590872,-24.3956883453)) ;
#1342=CARTESIAN_POINT('Control Point',(5.86486436052,23.0235919526,-24.3956883453)) ;
#1343=CARTESIAN_POINT('Control Point',(5.93831007496,23.1351786793,-24.3956883453)) ;
#1344=CARTESIAN_POINT('Control Point',(6.0226514399,23.239055608,-24.3956883453)) ;
#1345=CARTESIAN_POINT('Control Point',(6.11686681234,23.334805644,-24.3956883453)) ;
#1346=CARTESIAN_POINT('Vertex',(6.11648477789,23.3351817772,-24.3956883453)) ;
#1350=CARTESIAN_POINT('Control Point',(6.11686681234,23.334805644,-24.3956883453)) ;
#1351=CARTESIAN_POINT('Control Point',(6.21108372947,23.4305572499,-24.3956883453)) ;
#1352=CARTESIAN_POINT('Control Point',(6.31360320328,23.5164734416,-24.3956883453)) ;
#1353=CARTESIAN_POINT('Control Point',(6.42403205146,23.5915557693,-24.3956883453)) ;
#1354=CARTESIAN_POINT('Control Point',(6.54161555932,23.655322669,-24.3956883453)) ;
#1355=CARTESIAN_POINT('Control Point',(6.66527137742,23.7078094714,-24.3956883453)) ;
#1356=CARTESIAN_POINT('Vertex',(6.6651882457,23.7080058578,-24.3956883453)) ;
#1360=CARTESIAN_POINT('Control Point',(6.66527137742,23.7078094714,-24.3956883453)) ;
#1361=CARTESIAN_POINT('Control Point',(6.78892909546,23.7602970803,-24.3956883453)) ;
#1362=CARTESIAN_POINT('Control Point',(6.91645422199,23.8004915673,-24.3956883453)) ;
#1363=CARTESIAN_POINT('Control Point',(7.04715396777,23.8275757972,-24.3956883453)) ;
#1364=CARTESIAN_POINT('Control Point',(7.1802077183,23.8413945925,-24.3956883453)) ;
#1365=CARTESIAN_POINT('Control Point',(7.3146545703,23.8424410307,-24.3956883453)) ;
#1366=CARTESIAN_POINT('Vertex',(7.3146545703,23.8424410326,-24.3956883453)) ;
#1369=CARTESIAN_POINT('Axis2P3D Location',(7.32788576022,22.1424925224,-24.3956883453)) ;
#1386=CARTESIAN_POINT('Axis2P3D Location',(-23.8626383984,46.5004727845,-31.7287366641)) ;
#1391=CARTESIAN_POINT('Line Origine',(-23.8704214513,47.5004424961,-31.7287366632)) ;
#1395=CARTESIAN_POINT('Vertex',(-23.8704214504,47.5004424961,-29.3956883453)) ;
#1398=CARTESIAN_POINT('Axis2P3D Location',(-23.8626383984,46.5004727845,-29.3956883447)) ;
#1410=CARTESIAN_POINT('Axis2P3D Location',(-60.3589914816,45.886401101,-57.0497672787)) ;
#1416=CARTESIAN_POINT('Control Point',(-24.8534980262,45.3222200311,-29.39568832)) ;
#1417=CARTESIAN_POINT('Control Point',(-23.7044027412,44.7843132134,-30.8653830893)) ;
#1418=CARTESIAN_POINT('Control Point',(-22.6072427542,44.2117172734,-32.4249449115)) ;
#1419=CARTESIAN_POINT('Control Point',(-21.5746735503,43.6060542308,-34.0715382294)) ;
#1420=CARTESIAN_POINT('Control Point',(-20.3127252044,42.7675841835,-36.3521599315)) ;
#1421=CARTESIAN_POINT('Control Point',(-19.2034288178,41.8811023135,-38.7600707937)) ;
#1422=CARTESIAN_POINT('Control Point',(-18.942614702,41.6623847767,-39.353930295)) ;
#1423=CARTESIAN_POINT('Control Point',(-18.562641784,41.3272916585,-40.2633107991)) ;
#1424=CARTESIAN_POINT('Control Point',(-18.2056646998,40.9861471417,-41.1882380669)) ;
#1425=CARTESIAN_POINT('Control Point',(-18.1093730093,40.8916748371,-41.4442799111)) ;
#1426=CARTESIAN_POINT('Control Point',(-17.9806351223,40.7619375026,-41.7957735827)) ;
#1427=CARTESIAN_POINT('Control Point',(-17.8552150287,40.6312788319,-42.1495799361)) ;
#1428=CARTESIAN_POINT('Control Point',(-17.8428722016,40.6183777972,-42.18451238)) ;
#1429=CARTESIAN_POINT('Control Point',(-17.8244027809,40.5990086979,-42.2369557556)) ;
#1430=CARTESIAN_POINT('Control Point',(-17.806022168,40.5796361565,-42.2894045306)) ;
#1431=CARTESIAN_POINT('Control Point',(-17.799906676,40.5731798501,-42.3068837754)) ;
#1432=CARTESIAN_POINT('Control Point',(-17.7907551709,40.5635022487,-42.3330834106)) ;
#1433=CARTESIAN_POINT('Control Point',(-17.781597391,40.5537935436,-42.3593660806)) ;
#1434=CARTESIAN_POINT('Control Point',(-17.7785417425,40.5505513529,-42.3681429459)) ;
#1435=CARTESIAN_POINT('Control Point',(-17.7739439297,40.5456686618,-42.3813605992)) ;
#1436=CARTESIAN_POINT('Control Point',(-17.7693957958,40.5408326919,-42.3944516319)) ;
#1437=CARTESIAN_POINT('Control Point',(-17.7678911751,40.5392321716,-42.398784262)) ;
#1438=CARTESIAN_POINT('Control Point',(-17.7649216678,40.5360721678,-42.407338368)) ;
#1439=CARTESIAN_POINT('Control Point',(-17.7618101436,40.5327581725,-42.4163090158)) ;
#1440=CARTESIAN_POINT('Control Point',(-17.7595708457,40.5303717762,-42.4227688449)) ;
#1441=CARTESIAN_POINT('Control Point',(-17.7584271,40.529152421,-42.426069422)) ;
#1442=CARTESIAN_POINT('Control Point',(-17.7572836743,40.5279330632,-42.4293701091)) ;
#1443=CARTESIAN_POINT('Vertex',(-17.7572836743,40.5279330632,-42.4293701091)) ;
#1447=CARTESIAN_POINT('Control Point',(-17.7572836743,40.5279330632,-42.4293701091)) ;
#1448=CARTESIAN_POINT('Control Point',(-16.9823148719,39.7015005112,-44.6664454847)) ;
#1449=CARTESIAN_POINT('Control Point',(-16.2013746725,38.6836009095,-47.3935590691)) ;
#1450=CARTESIAN_POINT('Control Point',(-15.6088381028,37.5596446954,-50.4331640929)) ;
#1451=CARTESIAN_POINT('Control Point',(-15.283503019,36.3627348652,-53.6759739039)) ;
#1452=CARTESIAN_POINT('Control Point',(-15.2737334459,35.1075362631,-57.0497672772)) ;
#1453=CARTESIAN_POINT('Vertex',(-15.273733446,35.1075362639,-57.0497672772)) ;
#1456=CARTESIAN_POINT('Line Origine',(-15.3603544603,46.2366384789,-57.0497672787)) ;
#1460=CARTESIAN_POINT('Vertex',(-15.2654507743,34.0433753365,-57.0497615733)) ;
#1464=CARTESIAN_POINT('Control Point',(-15.2654507743,34.0433753365,-57.0497615733)) ;
#1465=CARTESIAN_POINT('Control Point',(-15.269982615,34.6256007476,-55.3756410172)) ;
#1466=CARTESIAN_POINT('Control Point',(-15.3522755067,35.1958112469,-53.7297758159)) ;
#1467=CARTESIAN_POINT('Control Point',(-15.5062981411,35.7494426805,-52.1281595651)) ;
#1468=CARTESIAN_POINT('Control Point',(-15.9224810626,36.770747407,-49.174992426)) ;
#1469=CARTESIAN_POINT('Control Point',(-16.5332222581,37.7176620672,-46.4409538456)) ;
#1470=CARTESIAN_POINT('Control Point',(-16.8575443357,38.1459515142,-45.2063472037)) ;
#1471=CARTESIAN_POINT('Control Point',(-17.2644971277,38.6171627061,-43.8488524313)) ;
#1472=CARTESIAN_POINT('Control Point',(-17.6854743228,39.0479519545,-42.6042337097)) ;
#1473=CARTESIAN_POINT('Control Point',(-17.7442056301,39.107016065,-42.4335004495)) ;
#1474=CARTESIAN_POINT('Control Point',(-17.8149506975,39.1769678934,-42.2311622355)) ;
#1475=CARTESIAN_POINT('Control Point',(-17.8857793682,39.2456554236,-42.0322924114)) ;
#1476=CARTESIAN_POINT('Control Point',(-17.8958508251,39.2553953996,-42.0040884577)) ;
#1477=CARTESIAN_POINT('Control Point',(-17.9109441112,39.2699519721,-41.9619314411)) ;
#1478=CARTESIAN_POINT('Control Point',(-17.9260441643,39.284455334,-41.9199192819)) ;
#1479=CARTESIAN_POINT('Control Point',(-17.9310739402,39.2892797734,-41.905943201)) ;
#1480=CARTESIAN_POINT('Control Point',(-17.9411719205,39.298952128,-41.8779206601)) ;
#1481=CARTESIAN_POINT('Control Point',(-17.9512549635,39.308583823,-41.8500116439)) ;
#1482=CARTESIAN_POINT('Control Point',(-17.9536861551,39.3109077888,-41.843282989)) ;
#1483=CARTESIAN_POINT('Control Point',(-17.9600251782,39.3169470129,-41.825776166)) ;
#1484=CARTESIAN_POINT('Control Point',(-17.966373246,39.3229861666,-41.8082725991)) ;
#1485=CARTESIAN_POINT('Vertex',(-17.966373246,39.3229861666,-41.8082725991)) ;
#1489=CARTESIAN_POINT('Control Point',(-17.966373246,39.3229861666,-41.8082725991)) ;
#1490=CARTESIAN_POINT('Control Point',(-18.9822447387,40.2894226092,-39.0072038107)) ;
#1491=CARTESIAN_POINT('Control Point',(-20.2127497499,41.2074429184,-36.3361849902)) ;
#1492=CARTESIAN_POINT('Control Point',(-21.6265559912,42.0681649958,-33.8323196655)) ;
#1493=CARTESIAN_POINT('Control Point',(-23.1806691946,42.8635034605,-31.5185497403)) ;
#1494=CARTESIAN_POINT('Control Point',(-24.8396727648,43.5884539262,-29.3961130424)) ;
#1506=CARTESIAN_POINT('Control Point',(-15.2682966366,34.0085285152,-57.3699152855)) ;
#1507=CARTESIAN_POINT('Control Point',(-15.2563086063,33.7684417022,-57.2824796275)) ;
#1508=CARTESIAN_POINT('Control Point',(-15.3295295633,33.2621601975,-57.0977649894)) ;
#1509=CARTESIAN_POINT('Control Point',(-15.7975327945,32.5662644946,-56.8426196699)) ;
#1510=CARTESIAN_POINT('Control Point',(-16.5302421219,32.1159513666,-56.6760518388)) ;
#1511=CARTESIAN_POINT('Control Point',(-17.0672679068,32.0391763416,-56.646250247)) ;
#1512=CARTESIAN_POINT('Control Point',(-17.3225642183,32.0465599097,-56.6480713867)) ;
#1513=CARTESIAN_POINT('Control Point',(-15.2344198238,35.7691296222,-52.3046948975)) ;
#1514=CARTESIAN_POINT('Control Point',(-15.2316458586,35.5328781053,-52.2190198464)) ;
#1515=CARTESIAN_POINT('Control Point',(-15.3211047089,35.0373604827,-52.0495142503)) ;
#1516=CARTESIAN_POINT('Control Point',(-15.7939757376,34.3547377086,-51.8539909599)) ;
#1517=CARTESIAN_POINT('Control Point',(-16.5137135621,33.9000396787,-51.7672192953)) ;
#1518=CARTESIAN_POINT('Control Point',(-17.0404266543,33.8074625572,-51.789550287)) ;
#1519=CARTESIAN_POINT('Control Point',(-17.2922417477,33.8057886892,-51.8152778758)) ;
#1520=CARTESIAN_POINT('Control Point',(-16.5078142183,38.3808898846,-44.7600585542)) ;
#1521=CARTESIAN_POINT('Control Point',(-16.5215927225,38.1514266377,-44.6775484028)) ;
#1522=CARTESIAN_POINT('Control Point',(-16.6364537677,37.673215176,-44.531479103)) ;
#1523=CARTESIAN_POINT('Control Point',(-17.1046183885,37.0101751338,-44.4223004242)) ;
#1524=CARTESIAN_POINT('Control Point',(-17.7821809244,36.5487104651,-44.4517134308)) ;
#1525=CARTESIAN_POINT('Control Point',(-18.2736136422,36.43201074,-44.5538670885)) ;
#1526=CARTESIAN_POINT('Control Point',(-18.5099550342,36.4160458593,-44.6176135272)) ;
#1527=CARTESIAN_POINT('Control Point',(-20.0606029892,41.1593117059,-36.6835849901)) ;
#1528=CARTESIAN_POINT('Control Point',(-20.0848654279,40.935047363,-36.6149050814)) ;
#1529=CARTESIAN_POINT('Control Point',(-20.2091865025,40.4712088385,-36.510768726)) ;
#1530=CARTESIAN_POINT('Control Point',(-20.6433919159,39.8258677085,-36.4995177313)) ;
#1531=CARTESIAN_POINT('Control Point',(-21.2502540936,39.3600674586,-36.6412847363)) ;
#1532=CARTESIAN_POINT('Control Point',(-21.6891668063,39.222558232,-36.8155509502)) ;
#1533=CARTESIAN_POINT('Control Point',(-21.9018589148,39.1937006481,-36.9135338242)) ;
#1534=CARTESIAN_POINT('Control Point',(-22.6616367185,42.6534541663,-32.3245588193)) ;
#1535=CARTESIAN_POINT('Control Point',(-22.6900785951,42.4319773728,-32.2645503413)) ;
#1536=CARTESIAN_POINT('Control Point',(-22.8155038225,41.9757312048,-32.1847541778)) ;
#1537=CARTESIAN_POINT('Control Point',(-23.2234239713,41.3396437094,-32.2263618265)) ;
#1538=CARTESIAN_POINT('Control Point',(-23.7833007727,40.8717312254,-32.4272739504)) ;
#1539=CARTESIAN_POINT('Control Point',(-24.1876375946,40.7233901698,-32.6395346289)) ;
#1540=CARTESIAN_POINT('Control Point',(-24.3843990912,40.687696381,-32.7557253199)) ;
#1541=CARTESIAN_POINT('Control Point',(-24.1829469757,43.3696282165,-30.2289409394)) ;
#1542=CARTESIAN_POINT('Control Point',(-24.2134300727,43.1496980764,-30.1728519505)) ;
#1543=CARTESIAN_POINT('Control Point',(-24.3388395281,42.6974099873,-30.1042646082)) ;
#1544=CARTESIAN_POINT('Control Point',(-24.7315264761,42.0659004339,-30.1707301577)) ;
#1545=CARTESIAN_POINT('Control Point',(-25.2647311293,41.5968607849,-30.4001602953)) ;
#1546=CARTESIAN_POINT('Control Point',(-25.6489514228,41.4430644321,-30.6314346257)) ;
#1547=CARTESIAN_POINT('Control Point',(-25.8361827928,41.4038968529,-30.7569347478)) ;
#1548=CARTESIAN_POINT('Control Point',(-25.0184021276,43.7295103455,-29.1742537647)) ;
#1549=CARTESIAN_POINT('Control Point',(-25.0498328927,43.5104004188,-29.1201506573)) ;
#1550=CARTESIAN_POINT('Control Point',(-25.1749463955,43.0601495363,-29.0571979947)) ;
#1551=CARTESIAN_POINT('Control Point',(-25.559243164,42.4309294567,-29.136103801)) ;
#1552=CARTESIAN_POINT('Control Point',(-26.0780776672,41.9613069901,-29.3798518913)) ;
#1553=CARTESIAN_POINT('Control Point',(-26.4513987755,41.8047590892,-29.6207491456)) ;
#1554=CARTESIAN_POINT('Control Point',(-26.6334145146,41.7638271542,-29.7509855666)) ;
#1556=CARTESIAN_POINT('Control Point',(-15.2654507742,34.0433753365,-57.0497615733)) ;
#1557=CARTESIAN_POINT('Control Point',(-15.2637289436,33.8218986667,-56.9691482219)) ;
#1558=CARTESIAN_POINT('Control Point',(-15.3455942653,33.3426249336,-56.7949440409)) ;
#1559=CARTESIAN_POINT('Control Point',(-15.7983260437,32.670580507,-56.5516297816)) ;
#1560=CARTESIAN_POINT('Control Point',(-16.5062246859,32.2348080918,-56.3950317339)) ;
#1561=CARTESIAN_POINT('Control Point',(-17.0147675886,32.1503806423,-56.3657441873)) ;
#1562=CARTESIAN_POINT('Control Point',(-17.250345595,32.1484996207,-56.3657269178)) ;
#1563=CARTESIAN_POINT('Vertex',(-17.2503455931,32.1484993766,-56.3657275885)) ;
#1567=CARTESIAN_POINT('Control Point',(-17.2503455931,32.1484993766,-56.3657275885)) ;
#1568=CARTESIAN_POINT('Control Point',(-17.2539613454,33.8756411213,-51.6205110482)) ;
#1569=CARTESIAN_POINT('Control Point',(-18.4819411225,36.4528022726,-44.5137746068)) ;
#1570=CARTESIAN_POINT('Control Point',(-21.842423913,39.2028201768,-36.8865315874)) ;
#1571=CARTESIAN_POINT('Control Point',(-23.8225773227,40.3938208806,-33.5720400257)) ;
#1572=CARTESIAN_POINT('Control Point',(-24.6511352392,40.8353446381,-32.3412825274)) ;
#1573=CARTESIAN_POINT('Control Point',(-24.819256816,40.9228983144,-32.0971429927)) ;
#1586=CARTESIAN_POINT('Control Point',(-24.7762731228,39.3896752258,-36.3050018161)) ;
#1587=CARTESIAN_POINT('Control Point',(-23.9886831822,38.7397106863,-38.107363761)) ;
#1588=CARTESIAN_POINT('Control Point',(-23.4515106126,38.0480273205,-40.018927994)) ;
#1589=CARTESIAN_POINT('Control Point',(-23.191069622,37.3406486504,-41.9674978547)) ;
#1590=CARTESIAN_POINT('Control Point',(-25.0472204146,39.3670916845,-36.4153297023)) ;
#1591=CARTESIAN_POINT('Control Point',(-24.2751203408,38.7251868168,-38.1973199538)) ;
#1592=CARTESIAN_POINT('Control Point',(-23.7510296445,38.0425477971,-40.0862917755)) ;
#1593=CARTESIAN_POINT('Control Point',(-23.5006121538,37.3453507466,-42.0103691844)) ;
#1594=CARTESIAN_POINT('Control Point',(-25.531697944,39.0951054196,-36.5286654432)) ;
#1595=CARTESIAN_POINT('Control Point',(-24.7875630222,38.4576600974,-38.2704499632)) ;
#1596=CARTESIAN_POINT('Control Point',(-24.2869883881,37.7800812193,-40.1148701514)) ;
#1597=CARTESIAN_POINT('Control Point',(-24.0539902159,37.0882899867,-41.9906736456)) ;
#1598=CARTESIAN_POINT('Control Point',(-25.7327094957,38.5930590534,-36.435581438)) ;
#1599=CARTESIAN_POINT('Control Point',(-24.9895965461,37.9469183732,-38.1520000231)) ;
#1600=CARTESIAN_POINT('Control Point',(-24.4856678457,37.2596372837,-39.9710776034)) ;
#1601=CARTESIAN_POINT('Control Point',(-24.2454399446,36.5572335775,-41.8233880589)) ;
#1602=CARTESIAN_POINT('Control Point',(-25.7466308175,38.3802488137,-36.3648669777)) ;
#1603=CARTESIAN_POINT('Control Point',(-24.9979772458,37.730635349,-38.0758761612)) ;
#1604=CARTESIAN_POINT('Control Point',(-24.4869046919,37.0394806017,-39.8907446237)) ;
#1605=CARTESIAN_POINT('Control Point',(-24.238496138,36.3328594384,-41.7410317971)) ;
#1607=CARTESIAN_POINT('Control Point',(-24.8071375034,39.3634483507,-36.3818261014)) ;
#1608=CARTESIAN_POINT('Control Point',(-24.0434289109,38.727220258,-38.1461266222)) ;
#1609=CARTESIAN_POINT('Control Point',(-23.5199772131,38.0513690794,-40.0141496398)) ;
#1610=CARTESIAN_POINT('Control Point',(-23.2614171061,37.3604084773,-41.9180191782)) ;
#1611=CARTESIAN_POINT('Vertex',(-23.2614171064,37.3604085121,-41.9180191909)) ;
#1615=CARTESIAN_POINT('Control Point',(-23.2614171061,37.3604084773,-41.9180191782)) ;
#1616=CARTESIAN_POINT('Control Point',(-23.5497684843,37.3459127093,-41.9519178074)) ;
#1617=CARTESIAN_POINT('Control Point',(-24.0476964942,37.0986826523,-41.9298130269)) ;
#1618=CARTESIAN_POINT('Control Point',(-24.2374608041,36.6180918032,-41.781165853)) ;
#1619=CARTESIAN_POINT('Control Point',(-24.2456103453,36.4129940346,-41.7078376457)) ;
#1620=CARTESIAN_POINT('Vertex',(-24.2456092772,36.4129911795,-41.7078455127)) ;
#1624=CARTESIAN_POINT('Control Point',(-24.7926982878,37.4258331131,-39.053834239)) ;
#1625=CARTESIAN_POINT('Control Point',(-24.6450088022,37.2238032057,-39.5854456317)) ;
#1626=CARTESIAN_POINT('Control Point',(-24.4840809616,36.9724303908,-40.2412744806)) ;
#1627=CARTESIAN_POINT('Control Point',(-24.3482730687,36.7007990445,-40.9526679709)) ;
#1628=CARTESIAN_POINT('Control Point',(-24.2456098451,36.4129911753,-41.7078412397)) ;
#1640=CARTESIAN_POINT('Axis2P3D Location',(-44.0665124695,35.7471849023,-44.3441592843)) ;
#1645=CARTESIAN_POINT('Line Origine',(-24.241628098,35.9014876988,-41.7078455127)) ;
#1649=CARTESIAN_POINT('Vertex',(-24.1858487403,28.7349586623,-41.7078469972)) ;
#1651=CARTESIAN_POINT('Vertex',(-24.2055810079,31.2701432954,-41.7078455127)) ;
#1655=CARTESIAN_POINT('Control Point',(-24.1858489357,28.7349588446,-41.7078455127)) ;
#1656=CARTESIAN_POINT('Control Point',(-24.3059587762,28.8502955294,-40.8113790323)) ;
#1657=CARTESIAN_POINT('Control Point',(-24.4869636482,28.9651582506,-39.9230155197)) ;
#1658=CARTESIAN_POINT('Control Point',(-24.7272110212,29.0795598703,-39.0509062695)) ;
#1660=CARTESIAN_POINT('Line Origine',(-24.241628098,35.9014876988,-41.7078455127)) ;
#1664=CARTESIAN_POINT('Vertex',(-24.2258169456,33.8700645452,-41.7078455102)) ;
#1668=CARTESIAN_POINT('Control Point',(-24.2258169456,33.8700645452,-41.7078455102)) ;
#1669=CARTESIAN_POINT('Control Point',(-24.2332365896,33.8699953671,-41.6520462879)) ;
#1670=CARTESIAN_POINT('Control Point',(-24.2407877642,33.8670634007,-41.5965927931)) ;
#1671=CARTESIAN_POINT('Control Point',(-24.2484828659,33.8611825559,-41.5413617566)) ;
#1672=CARTESIAN_POINT('Control Point',(-24.2588532819,33.849350723,-41.4685529863)) ;
#1673=CARTESIAN_POINT('Control Point',(-24.2693505521,33.8323715999,-41.3968809615)) ;
#1674=CARTESIAN_POINT('Control Point',(-24.2719823589,33.8278053768,-41.3790354145)) ;
#1675=CARTESIAN_POINT('Control Point',(-24.2772523116,33.8180606909,-41.3435403058)) ;
#1676=CARTESIAN_POINT('Control Point',(-24.2825696969,33.8069631985,-41.3081978891)) ;
#1677=CARTESIAN_POINT('Control Point',(-24.2852952753,33.8009980872,-41.2902272374)) ;
#1678=CARTESIAN_POINT('Control Point',(-24.2877277456,33.7953436752,-41.2742386015)) ;
#1679=CARTESIAN_POINT('Control Point',(-24.2906018181,33.7883549518,-41.2555039237)) ;
#1680=CARTESIAN_POINT('Vertex',(-24.2906018181,33.7883549518,-41.2555039237)) ;
#1684=CARTESIAN_POINT('Control Point',(-24.2906018181,33.7883549518,-41.2555039237)) ;
#1685=CARTESIAN_POINT('Control Point',(-24.3211199715,33.7141456425,-41.0565709553)) ;
#1686=CARTESIAN_POINT('Control Point',(-24.3509850942,33.6006777179,-40.8758234877)) ;
#1687=CARTESIAN_POINT('Control Point',(-24.3799184076,33.4462987993,-40.7121730587)) ;
#1688=CARTESIAN_POINT('Control Point',(-24.4007707226,33.2751088234,-40.5964025647)) ;
#1689=CARTESIAN_POINT('Control Point',(-24.4156122919,33.0795372152,-40.5125721891)) ;
#1690=CARTESIAN_POINT('Vertex',(-24.4156122919,33.0795372152,-40.5125721891)) ;
#1694=CARTESIAN_POINT('Control Point',(-24.4156122919,33.0795372152,-40.5125721891)) ;
#1695=CARTESIAN_POINT('Control Point',(-24.4279135902,32.9174394847,-40.4430901525)) ;
#1696=CARTESIAN_POINT('Control Point',(-24.4336995541,32.7448501696,-40.4080489063)) ;
#1697=CARTESIAN_POINT('Control Point',(-24.4323671589,32.5684175302,-40.4078455127)) ;
#1698=CARTESIAN_POINT('Vertex',(-24.4323671589,32.5684175302,-40.4078455127)) ;
#1702=CARTESIAN_POINT('Control Point',(-24.4323671589,32.5684175302,-40.4078455127)) ;
#1703=CARTESIAN_POINT('Control Point',(-24.4313813826,32.4445399327,-40.4079531163)) ;
#1704=CARTESIAN_POINT('Control Point',(-24.4276180824,32.3225114921,-40.4219682787)) ;
#1705=CARTESIAN_POINT('Control Point',(-24.4208434236,32.2025598101,-40.4510415069)) ;
#1706=CARTESIAN_POINT('Control Point',(-24.4080800119,32.0462668665,-40.5093594363)) ;
#1707=CARTESIAN_POINT('Control Point',(-24.3913184633,31.90148377,-40.5907940983)) ;
#1708=CARTESIAN_POINT('Control Point',(-24.3868439188,31.8657178177,-40.6128059785)) ;
#1709=CARTESIAN_POINT('Control Point',(-24.3798189194,31.8140633781,-40.6478292628)) ;
#1710=CARTESIAN_POINT('Control Point',(-24.3723093061,31.7646761857,-40.6860173144)) ;
#1711=CARTESIAN_POINT('Control Point',(-24.3697444692,31.7484003555,-40.6991436225)) ;
#1712=CARTESIAN_POINT('Control Point',(-24.3645033869,31.7161452581,-40.7261382436)) ;
#1713=CARTESIAN_POINT('Control Point',(-24.3590946143,31.6849600032,-40.7543621584)) ;
#1714=CARTESIAN_POINT('Control Point',(-24.3565218748,31.6707384343,-40.7678617039)) ;
#1715=CARTESIAN_POINT('Control Point',(-24.3533855304,31.6537837765,-40.7844671867)) ;
#1716=CARTESIAN_POINT('Control Point',(-24.3507261743,31.6399161442,-40.7986311278)) ;
#1717=CARTESIAN_POINT('Vertex',(-24.3507261743,31.6399161442,-40.7986311278)) ;
#1721=CARTESIAN_POINT('Control Point',(-24.3507261743,31.6399161442,-40.7986311278)) ;
#1722=CARTESIAN_POINT('Control Point',(-24.3432075075,31.6007088697,-40.8386761418)) ;
#1723=CARTESIAN_POINT('Control Point',(-24.3354965123,31.5638667276,-40.8804747453)) ;
#1724=CARTESIAN_POINT('Control Point',(-24.327578541,31.5293582369,-40.9242099531)) ;
#1725=CARTESIAN_POINT('Control Point',(-24.316814154,31.4867161092,-40.9848977019)) ;
#1726=CARTESIAN_POINT('Control Point',(-24.3058537058,31.4485528997,-41.0484807427)) ;
#1727=CARTESIAN_POINT('Control Point',(-24.3030982943,31.4392795694,-41.064580249)) ;
#1728=CARTESIAN_POINT('Control Point',(-24.2975752621,31.4213138799,-41.0970839413)) ;
#1729=CARTESIAN_POINT('Control Point',(-24.2919872503,31.4044262299,-41.1304625763)) ;
#1730=CARTESIAN_POINT('Control Point',(-24.2891349823,31.3960684635,-41.1476493466)) ;
#1731=CARTESIAN_POINT('Control Point',(-24.2865690524,31.3889003518,-41.1631842167)) ;
#1732=CARTESIAN_POINT('Control Point',(-24.2835311936,31.3806996489,-41.18175571)) ;
#1733=CARTESIAN_POINT('Vertex',(-24.2835311936,31.3806996489,-41.18175571)) ;
#1737=CARTESIAN_POINT('Control Point',(-24.2835311936,31.3806996489,-41.18175571)) ;
#1738=CARTESIAN_POINT('Control Point',(-24.2563793447,31.3074032077,-41.3477444528)) ;
#1739=CARTESIAN_POINT('Control Point',(-24.2297773378,31.2699037326,-41.5258768817)) ;
#1740=CARTESIAN_POINT('Control Point',(-24.2055810079,31.2701432954,-41.7078455127)) ;
#1757=CARTESIAN_POINT('Control Point',(-25.6686413494,29.4760282228,-36.3884716654)) ;
#1758=CARTESIAN_POINT('Control Point',(-24.9224669143,29.2586633521,-38.1018107559)) ;
#1759=CARTESIAN_POINT('Control Point',(-24.4137784075,29.0260281876,-39.9180964096)) ;
#1760=CARTESIAN_POINT('Control Point',(-24.1759127111,28.7862321171,-41.7730384896)) ;
#1761=CARTESIAN_POINT('Control Point',(-25.7009448661,29.1492379656,-36.3631746357)) ;
#1762=CARTESIAN_POINT('Control Point',(-24.9525692266,28.9341659693,-38.0721991785)) ;
#1763=CARTESIAN_POINT('Control Point',(-24.4406403685,28.7039276757,-39.8847852044)) ;
#1764=CARTESIAN_POINT('Control Point',(-24.1989749463,28.4665777192,-41.7367802342)) ;
#1765=CARTESIAN_POINT('Control Point',(-25.4683105656,28.5664837055,-36.1918541353)) ;
#1766=CARTESIAN_POINT('Control Point',(-24.7085518782,28.355620847,-37.921451475)) ;
#1767=CARTESIAN_POINT('Control Point',(-24.1879125291,28.1297026442,-39.7565871719)) ;
#1768=CARTESIAN_POINT('Control Point',(-23.9408183588,27.8965292176,-41.6329614525)) ;
#1769=CARTESIAN_POINT('Control Point',(-24.921822128,28.4059972113,-35.9347567472)) ;
#1770=CARTESIAN_POINT('Control Point',(-24.1438401911,28.1915312409,-37.716576269)) ;
#1771=CARTESIAN_POINT('Control Point',(-23.6126219449,27.961837902,-39.6059650972)) ;
#1772=CARTESIAN_POINT('Control Point',(-23.3630872862,27.7249273254,-41.5362246632)) ;
#1773=CARTESIAN_POINT('Control Point',(-24.6911870135,28.4359121059,-35.8380184394)) ;
#1774=CARTESIAN_POINT('Control Point',(-23.905399944,28.2185851281,-37.6417696351)) ;
#1775=CARTESIAN_POINT('Control Point',(-23.3695995205,27.9858783572,-39.5539508615)) ;
#1776=CARTESIAN_POINT('Control Point',(-23.1189327511,27.7459013354,-41.5068273187)) ;
#1778=CARTESIAN_POINT('Control Point',(-24.1858487403,28.7349586623,-41.7078469972)) ;
#1779=CARTESIAN_POINT('Control Point',(-24.1883699103,28.434944158,-41.6713361186)) ;
#1780=CARTESIAN_POINT('Control Point',(-23.9381773233,27.9176456297,-41.5742904086)) ;
#1781=CARTESIAN_POINT('Control Point',(-23.4116141772,27.7450424713,-41.4825651264)) ;
#1782=CARTESIAN_POINT('Control Point',(-23.1868797983,27.7501767932,-41.4530957318)) ;
#1783=CARTESIAN_POINT('Vertex',(-23.1868805351,27.7502879781,-41.4531094874)) ;
#1787=CARTESIAN_POINT('Control Point',(-23.7365932283,28.0826497694,-38.7343982938)) ;
#1788=CARTESIAN_POINT('Control Point',(-23.4933860319,27.9739014069,-39.6276556151)) ;
#1789=CARTESIAN_POINT('Control Point',(-23.3099719218,27.8629626724,-40.5348199139)) ;
#1790=CARTESIAN_POINT('Control Point',(-23.1868797983,27.7501767932,-41.4530957318)) ;
#1791=CARTESIAN_POINT('Vertex',(-23.7365938245,28.0827609635,-38.7344119939)) ;
#1795=CARTESIAN_POINT('Control Point',(-24.1828185945,28.2571129173,-37.2978322034)) ;
#1796=CARTESIAN_POINT('Control Point',(-24.1129292704,28.2328871718,-37.4978093288)) ;
#1797=CARTESIAN_POINT('Control Point',(-24.0455125025,28.2085458007,-37.6985659455)) ;
#1798=CARTESIAN_POINT('Control Point',(-23.9366804647,28.1670503871,-38.0404186693)) ;
#1799=CARTESIAN_POINT('Control Point',(-23.8671586837,28.1389936121,-38.2713035358)) ;
#1800=CARTESIAN_POINT('Control Point',(-23.8009097558,28.1107816551,-38.5032350332)) ;
#1801=CARTESIAN_POINT('Control Point',(-23.7927203409,28.1072702431,-38.5320989308)) ;
#1802=CARTESIAN_POINT('Control Point',(-23.7764239704,28.1002338053,-38.5899314528)) ;
#1803=CARTESIAN_POINT('Control Point',(-23.7603642895,28.0932034116,-38.6477002187)) ;
#1804=CARTESIAN_POINT('Control Point',(-23.752661706,28.0898077484,-38.6755991322)) ;
#1805=CARTESIAN_POINT('Control Point',(-23.7441722032,28.086038654,-38.7065620499)) ;
#1806=CARTESIAN_POINT('Control Point',(-23.7365932283,28.0826497694,-38.7343982938)) ;
#1807=CARTESIAN_POINT('Vertex',(-24.1828194161,28.2572281042,-37.2978464445)) ;
#1811=CARTESIAN_POINT('Control Point',(-24.721972604,28.4237858246,-35.9183407941)) ;
#1812=CARTESIAN_POINT('Control Point',(-24.6501639837,28.4037013828,-36.0850016167)) ;
#1813=CARTESIAN_POINT('Control Point',(-24.5803217313,28.3836073717,-36.2516169784)) ;
#1814=CARTESIAN_POINT('Control Point',(-24.5124921579,28.3635056603,-36.418167474)) ;
#1815=CARTESIAN_POINT('Control Point',(-24.4249960684,28.3367519777,-36.6396576438)) ;
#1816=CARTESIAN_POINT('Control Point',(-24.3412134354,28.3099928942,-36.8609581851)) ;
#1817=CARTESIAN_POINT('Control Point',(-24.3206855615,28.3033629715,-36.9157739048)) ;
#1818=CARTESIAN_POINT('Control Point',(-24.2802360847,28.2901508775,-37.0249817674)) ;
#1819=CARTESIAN_POINT('Control Point',(-24.2406576618,28.2769180909,-37.1343021742)) ;
#1820=CARTESIAN_POINT('Control Point',(-24.2208910066,28.2702322529,-37.1895216019)) ;
#1821=CARTESIAN_POINT('Control Point',(-24.202327443,28.2638752719,-37.2420107529)) ;
#1822=CARTESIAN_POINT('Control Point',(-24.1828185945,28.2571129173,-37.2978322034)) ;
#1837=CARTESIAN_POINT('Axis2P3D Location',(12.8705726393,29.5244264444,-29.3956883453)) ;
#1842=CARTESIAN_POINT('Line Origine',(-0.225756009714,29.0052216316,-32.764454232)) ;
#1848=CARTESIAN_POINT('Control Point',(-23.1868805351,27.7502879781,-41.4531094874)) ;
#1849=CARTESIAN_POINT('Control Point',(-23.1077855029,27.6777559199,-42.0436528725)) ;
#1850=CARTESIAN_POINT('Control Point',(-23.02185657,27.6053875332,-42.6333043098)) ;
#1851=CARTESIAN_POINT('Control Point',(-22.9289127988,27.5331833872,-43.2220705722)) ;
#1852=CARTESIAN_POINT('Control Point',(-22.8288401413,27.461196124,-43.8095338301)) ;
#1853=CARTESIAN_POINT('Control Point',(-22.7214609683,27.3894278033,-44.3956886176)) ;
#1854=CARTESIAN_POINT('Vertex',(-22.7214597893,27.3894278387,-44.395688406)) ;
#1857=CARTESIAN_POINT('Line Origine',(-2.1909002895,27.5492231083,-44.395688406)) ;
#1861=CARTESIAN_POINT('Vertex',(18.3396592105,27.7090183781,-44.3956884042)) ;
#1865=CARTESIAN_POINT('Control Point',(18.3396592105,27.7090183781,-44.3956884042)) ;
#1866=CARTESIAN_POINT('Control Point',(19.2950826987,27.9779165029,-42.2848280936)) ;
#1867=CARTESIAN_POINT('Control Point',(20.3720283078,28.2409703842,-40.2287862014)) ;
#1868=CARTESIAN_POINT('Control Point',(21.5648113672,28.4971139359,-38.2358123552)) ;
#1869=CARTESIAN_POINT('Control Point',(22.8677145798,28.7452910874,-36.3140732775)) ;
#1870=CARTESIAN_POINT('Control Point',(24.2751476934,28.9844572418,-34.4716510418)) ;
#1884=CARTESIAN_POINT('Axis2P3D Location',(-12.5035129209,0.40269669517,0.)) ;
#1898=CARTESIAN_POINT('Control Point',(19.1910189214,28.753864269,-45.0403903561)) ;
#1899=CARTESIAN_POINT('Control Point',(20.7754993206,29.2116654821,-41.5166827136)) ;
#1900=CARTESIAN_POINT('Control Point',(22.7734384118,29.6490007418,-38.1802452928)) ;
#1901=CARTESIAN_POINT('Control Point',(25.1250581009,30.0547493816,-35.1153984924)) ;
#1902=CARTESIAN_POINT('Control Point',(19.2279879307,28.4276413734,-45.0154601531)) ;
#1903=CARTESIAN_POINT('Control Point',(20.8141404541,28.8835037981,-41.4958833536)) ;
#1904=CARTESIAN_POINT('Control Point',(22.8131995826,29.3190478958,-38.1634140101)) ;
#1905=CARTESIAN_POINT('Control Point',(25.1649436527,29.7231021812,-35.1028062229)) ;
#1906=CARTESIAN_POINT('Control Point',(19.0067994469,27.8425457302,-44.8414413999)) ;
#1907=CARTESIAN_POINT('Control Point',(20.602755003,28.2951873775,-41.3044148058)) ;
#1908=CARTESIAN_POINT('Control Point',(22.6131866138,28.7275240253,-37.9565935808)) ;
#1909=CARTESIAN_POINT('Control Point',(24.977773462,29.1286141964,-34.8821053489)) ;
#1910=CARTESIAN_POINT('Control Point',(18.4671864256,27.6736130599,-44.5771575133)) ;
#1911=CARTESIAN_POINT('Control Point',(20.0787082314,28.1293908122,-40.9972844717)) ;
#1912=CARTESIAN_POINT('Control Point',(22.1101124858,28.5648836865,-37.6080039957)) ;
#1913=CARTESIAN_POINT('Control Point',(24.5005424577,28.9689678774,-34.4948824768)) ;
#1914=CARTESIAN_POINT('Control Point',(18.2379884503,27.6999586892,-44.4773978696)) ;
#1915=CARTESIAN_POINT('Control Point',(19.8561419591,28.158225093,-40.8795844485)) ;
#1916=CARTESIAN_POINT('Control Point',(21.8964761864,28.5960896793,-37.4728986762)) ;
#1917=CARTESIAN_POINT('Control Point',(24.2978786479,29.0024096713,-34.3435751759)) ;
#1919=CARTESIAN_POINT('Control Point',(19.2425979429,28.7084905548,-44.9316997458)) ;
#1920=CARTESIAN_POINT('Control Point',(19.2592874167,28.4016829007,-44.9001701901)) ;
#1921=CARTESIAN_POINT('Control Point',(19.043334171,27.8695328408,-44.7346353346)) ;
#1922=CARTESIAN_POINT('Control Point',(18.550983651,27.6989739797,-44.4900591273)) ;
#1923=CARTESIAN_POINT('Control Point',(18.3396592111,27.709018378,-44.3956884044)) ;
#1924=CARTESIAN_POINT('Vertex',(19.2425979337,28.7084905525,-44.9316997661)) ;
#1928=CARTESIAN_POINT('Control Point',(24.2697000804,29.8389990865,-36.267748464)) ;
#1929=CARTESIAN_POINT('Control Point',(22.3132581047,29.4817752852,-38.9743376497)) ;
#1930=CARTESIAN_POINT('Control Point',(20.6236964352,29.1047677536,-41.8802464543)) ;
#1931=CARTESIAN_POINT('Control Point',(19.2425979337,28.7084905522,-44.9316997661)) ;
#1942=CARTESIAN_POINT('Axis2P3D Location',(64.6372224488,46.8592827071,-65.5861824775)) ;
#1948=CARTESIAN_POINT('Control Point',(19.2425979337,28.7084905525,-44.9316997661)) ;
#1949=CARTESIAN_POINT('Control Point',(18.5251517013,28.5026372491,-46.5168536227)) ;
#1950=CARTESIAN_POINT('Control Point',(17.8874203352,28.2843630089,-48.1098447123)) ;
#1951=CARTESIAN_POINT('Control Point',(17.3290069257,28.0534649028,-49.6998878988)) ;
#1952=CARTESIAN_POINT('Control Point',(16.7452103937,27.7572104006,-51.6135313346)) ;
#1953=CARTESIAN_POINT('Control Point',(16.2668419688,27.4391274301,-53.5043403112)) ;
#1954=CARTESIAN_POINT('Control Point',(16.1878604137,27.3839176225,-53.8279192204)) ;
#1955=CARTESIAN_POINT('Control Point',(16.0900380375,27.3119529864,-54.2436621341)) ;
#1956=CARTESIAN_POINT('Control Point',(15.9971847631,27.2388724627,-54.6579899439)) ;
#1957=CARTESIAN_POINT('Control Point',(15.9766582291,27.2224656067,-54.7506182422)) ;
#1958=CARTESIAN_POINT('Control Point',(15.9530194849,27.2032759302,-54.8584995774)) ;
#1959=CARTESIAN_POINT('Control Point',(15.929682455,27.1839814748,-54.9664328176)) ;
#1960=CARTESIAN_POINT('Control Point',(15.9263557204,27.1812237927,-54.9818484459)) ;
#1961=CARTESIAN_POINT('Control Point',(15.9197225549,27.1757108359,-55.0126447033)) ;
#1962=CARTESIAN_POINT('Control Point',(15.9131370466,27.1702086898,-55.0433372891)) ;
#1963=CARTESIAN_POINT('Control Point',(15.9096007811,27.1672447313,-55.0598596957)) ;
#1964=CARTESIAN_POINT('Control Point',(15.9068242319,27.164914361,-55.0728398395)) ;
#1965=CARTESIAN_POINT('Control Point',(15.9032353923,27.1618920364,-55.0896633195)) ;
#1966=CARTESIAN_POINT('Vertex',(15.9032353923,27.1618920364,-55.0896633195)) ;
#1970=CARTESIAN_POINT('Control Point',(15.9032353923,27.1618920364,-55.0896633195)) ;
#1971=CARTESIAN_POINT('Control Point',(15.4382833192,26.7703348152,-57.2692290523)) ;
#1972=CARTESIAN_POINT('Control Point',(15.1059956115,26.3442516976,-59.4265946665)) ;
#1973=CARTESIAN_POINT('Control Point',(14.8986486905,25.8846497288,-61.5282728481)) ;
#1974=CARTESIAN_POINT('Control Point',(14.8028872674,25.3800228939,-63.5948060118)) ;
#1975=CARTESIAN_POINT('Control Point',(14.8071538818,24.8318456498,-65.5861822936)) ;
#1976=CARTESIAN_POINT('Vertex',(14.8071538818,24.8318456498,-65.5861822943)) ;
#1979=CARTESIAN_POINT('Line Origine',(14.6387368695,46.4701300655,-65.5861822943)) ;
#1983=CARTESIAN_POINT('Vertex',(14.786165946,27.5283839535,-65.5861822925)) ;
#1986=CARTESIAN_POINT('Line Origine',(14.6387368695,46.4701300655,-65.5861822925)) ;
#1990=CARTESIAN_POINT('Vertex',(14.7759363776,28.8426829438,-65.5861822925)) ;
#1993=CARTESIAN_POINT('Line Origine',(14.6387368695,46.4701300655,-65.5861822925)) ;
#1997=CARTESIAN_POINT('Vertex',(14.7495398956,32.2341134063,-65.5861795311)) ;
#2001=CARTESIAN_POINT('Control Point',(14.7495398956,32.2341134063,-65.5861795311)) ;
#2002=CARTESIAN_POINT('Control Point',(14.7444291968,32.8907514031,-63.81738737)) ;
#2003=CARTESIAN_POINT('Control Point',(14.8176365499,33.5345359761,-62.0806616569)) ;
#2004=CARTESIAN_POINT('Control Point',(14.9627750954,34.1601258738,-60.3929993117)) ;
#2005=CARTESIAN_POINT('Control Point',(15.2808384377,35.0808928104,-57.9144992051)) ;
#2006=CARTESIAN_POINT('Control Point',(15.7203654648,35.9475040021,-55.590370337)) ;
#2007=CARTESIAN_POINT('Control Point',(15.8810821972,36.2332955401,-54.8250580529)) ;
#2008=CARTESIAN_POINT('Control Point',(16.1841969522,36.7257950822,-53.5079712083)) ;
#2009=CARTESIAN_POINT('Control Point',(16.5131024348,37.1909120357,-52.2661293144)) ;
#2010=CARTESIAN_POINT('Control Point',(16.6601646101,37.3877417981,-51.7408345116)) ;
#2011=CARTESIAN_POINT('Control Point',(16.8321821958,37.6066624655,-51.1565747718)) ;
#2012=CARTESIAN_POINT('Control Point',(17.0059693759,37.8164847382,-50.5961725009)) ;
#2013=CARTESIAN_POINT('Control Point',(17.0324941267,37.8483196605,-50.5110991962)) ;
#2014=CARTESIAN_POINT('Control Point',(17.0802857263,37.9051154166,-50.3593503395)) ;
#2015=CARTESIAN_POINT('Control Point',(17.1257058231,37.9583808562,-50.2170275607)) ;
#2016=CARTESIAN_POINT('Control Point',(17.1436649726,37.9793139647,-50.1610906141)) ;
#2017=CARTESIAN_POINT('Control Point',(17.1630941072,38.0018632248,-50.1008086028)) ;
#2018=CARTESIAN_POINT('Control Point',(17.1826173715,38.0243946937,-50.0405623408)) ;
#2019=CARTESIAN_POINT('Control Point',(17.1857133187,38.027964495,-50.0310168303)) ;
#2020=CARTESIAN_POINT('Control Point',(17.1918903955,38.0350806896,-50.0119879053)) ;
#2021=CARTESIAN_POINT('Control Point',(17.1980001444,38.0421070089,-49.9931982898)) ;
#2022=CARTESIAN_POINT('Control Point',(17.1992845604,38.0435852606,-49.9892473151)) ;
#2023=CARTESIAN_POINT('Control Point',(17.2033010611,38.0481965832,-49.9769130268)) ;
#2024=CARTESIAN_POINT('Control Point',(17.2073215647,38.0528079368,-49.9645800551)) ;
#2025=CARTESIAN_POINT('Vertex',(17.2073215647,38.0528079368,-49.9645800551)) ;
#2029=CARTESIAN_POINT('Control Point',(17.2073215647,38.0528079368,-49.9645800551)) ;
#2030=CARTESIAN_POINT('Control Point',(17.8576564403,38.7987155351,-47.9696653389)) ;
#2031=CARTESIAN_POINT('Control Point',(18.6049629064,39.5230042722,-46.0333230356)) ;
#2032=CARTESIAN_POINT('Control Point',(19.446842934,40.2275324303,-44.1510537035)) ;
#2033=CARTESIAN_POINT('Control Point',(20.853083161,41.263313409,-41.392529795)) ;
#2034=CARTESIAN_POINT('Control Point',(22.4212615722,42.2328005776,-38.8181342699)) ;
#2035=CARTESIAN_POINT('Control Point',(22.9861099993,42.5623743377,-37.9436519716)) ;
#2036=CARTESIAN_POINT('Control Point',(23.5671023378,42.8829888034,-37.0933063351)) ;
#2037=CARTESIAN_POINT('Control Point',(24.162544524,43.1943800418,-36.2674183735)) ;
#2053=CARTESIAN_POINT('Control Point',(21.5465420917,32.9262846501,-40.4078455127)) ;
#2054=CARTESIAN_POINT('Control Point',(21.5452972638,33.0952087944,-40.4077254922)) ;
#2055=CARTESIAN_POINT('Control Point',(21.5249046711,33.2600938755,-40.4404327692)) ;
#2056=CARTESIAN_POINT('Control Point',(21.4871745942,33.4152905248,-40.5034105721)) ;
#2057=CARTESIAN_POINT('Vertex',(21.5465420917,32.9262846501,-40.4078455127)) ;
#2059=CARTESIAN_POINT('Vertex',(21.4871745942,33.4152905248,-40.5034105721)) ;
#2063=CARTESIAN_POINT('Control Point',(21.4871745942,33.4152905248,-40.5034105721)) ;
#2064=CARTESIAN_POINT('Control Point',(21.4402156239,33.6084487544,-40.5817929402)) ;
#2065=CARTESIAN_POINT('Control Point',(21.3729449837,33.7806679629,-40.6958143345)) ;
#2066=CARTESIAN_POINT('Control Point',(21.2834871307,33.9316523877,-40.8498913312)) ;
#2067=CARTESIAN_POINT('Control Point',(21.1904635994,34.0403056899,-41.0126218416)) ;
#2068=CARTESIAN_POINT('Control Point',(21.0857887193,34.118883083,-41.198872372)) ;
#2069=CARTESIAN_POINT('Vertex',(21.0857887193,34.118883083,-41.198872372)) ;
#2073=CARTESIAN_POINT('Control Point',(21.0857887193,34.118883083,-41.198872372)) ;
#2074=CARTESIAN_POINT('Control Point',(21.0276604708,34.1625188266,-41.3023013619)) ;
#2075=CARTESIAN_POINT('Control Point',(20.9684807886,34.19472843,-41.4084908353)) ;
#2076=CARTESIAN_POINT('Control Point',(20.9076340826,34.2147811335,-41.5186400883)) ;
#2077=CARTESIAN_POINT('Control Point',(20.7562894584,34.2360320717,-41.7951881684)) ;
#2078=CARTESIAN_POINT('Control Point',(20.6101833512,34.1844949612,-42.0682631678)) ;
#2079=CARTESIAN_POINT('Control Point',(20.5276011884,34.1284187764,-42.2248260112)) ;
#2080=CARTESIAN_POINT('Control Point',(20.3443468847,33.935124721,-42.5769894802)) ;
#2081=CARTESIAN_POINT('Control Point',(20.210876706,33.6165133238,-42.8422105871)) ;
#2082=CARTESIAN_POINT('Control Point',(20.1567172656,33.392995314,-42.9527177857)) ;
#2083=CARTESIAN_POINT('Control Point',(20.1303860989,33.1548182115,-43.0084059203)) ;
#2084=CARTESIAN_POINT('Control Point',(20.1325341358,32.9152790181,-43.0078455127)) ;
#2085=CARTESIAN_POINT('Vertex',(20.1325341358,32.9152790181,-43.0078455127)) ;
#2089=CARTESIAN_POINT('Control Point',(20.1325341358,32.9152790181,-43.0078455127)) ;
#2090=CARTESIAN_POINT('Control Point',(20.1339061461,32.7090955076,-43.0083054331)) ;
#2091=CARTESIAN_POINT('Control Point',(20.1555969763,32.5084788224,-42.9685145418)) ;
#2092=CARTESIAN_POINT('Control Point',(20.2005983216,32.3058006132,-42.8827620336)) ;
#2093=CARTESIAN_POINT('Control Point',(20.2584328198,32.1429719572,-42.7719508171)) ;
#2094=CARTESIAN_POINT('Control Point',(20.3332157354,31.999890797,-42.6294148107)) ;
#2095=CARTESIAN_POINT('Vertex',(20.3332157354,31.999890797,-42.6294148107)) ;
#2099=CARTESIAN_POINT('Control Point',(20.3332157354,31.999890797,-42.6294148107)) ;
#2100=CARTESIAN_POINT('Control Point',(20.5646018184,31.5571828747,-42.1883936505)) ;
#2101=CARTESIAN_POINT('Control Point',(20.9196272436,31.4116351552,-41.5123163602)) ;
#2102=CARTESIAN_POINT('Control Point',(21.3242084748,31.6617570538,-40.8027683511)) ;
#2103=CARTESIAN_POINT('Control Point',(21.5530036447,32.2945641232,-40.4051954088)) ;
#2104=CARTESIAN_POINT('Control Point',(21.5465420917,32.9262846501,-40.4078455127)) ;
#2115=CARTESIAN_POINT('Control Point',(25.1668042018,43.6357148603,-34.9268561565)) ;
#2116=CARTESIAN_POINT('Control Point',(21.8977695388,42.0368875685,-39.1601852788)) ;
#2117=CARTESIAN_POINT('Control Point',(16.5292388797,38.3293098246,-49.0238432378)) ;
#2118=CARTESIAN_POINT('Control Point',(14.69821551,34.1844005563,-60.1399073564)) ;
#2119=CARTESIAN_POINT('Control Point',(14.7493398528,32.0497970986,-65.8859406101)) ;
#2120=CARTESIAN_POINT('Control Point',(25.131627762,43.9031475793,-34.9984677691)) ;
#2121=CARTESIAN_POINT('Control Point',(21.8662816274,42.3084778792,-39.2419108776)) ;
#2122=CARTESIAN_POINT('Control Point',(16.511484491,38.6109623053,-49.1255829018)) ;
#2123=CARTESIAN_POINT('Control Point',(14.706137794,34.4795266718,-60.2505658622)) ;
#2124=CARTESIAN_POINT('Control Point',(14.7716707959,32.3528738065,-65.9959964383)) ;
#2125=CARTESIAN_POINT('Control Point',(24.8924609322,44.3819206536,-34.9908551352)) ;
#2126=CARTESIAN_POINT('Control Point',(21.6108873086,42.7947098739,-39.2648371545)) ;
#2127=CARTESIAN_POINT('Control Point',(16.2344827854,39.1157219086,-49.2180419168)) ;
#2128=CARTESIAN_POINT('Control Point',(14.433975759,35.0085407782,-60.4152491493)) ;
#2129=CARTESIAN_POINT('Control Point',(14.5076892257,32.8954536843,-66.1959297805)) ;
#2130=CARTESIAN_POINT('Control Point',(24.4854152373,44.606535738,-34.7593717102)) ;
#2131=CARTESIAN_POINT('Control Point',(21.1636123737,43.0124763802,-39.069332931)) ;
#2132=CARTESIAN_POINT('Control Point',(15.7124042956,39.316702305,-49.1098098137)) ;
#2133=CARTESIAN_POINT('Control Point',(13.8636324077,35.1876458295,-60.4186969645)) ;
#2134=CARTESIAN_POINT('Control Point',(13.9226284985,33.062218804,-66.2620521169)) ;
#2135=CARTESIAN_POINT('Control Point',(24.3126443884,44.6358695288,-34.6366867198)) ;
#2136=CARTESIAN_POINT('Control Point',(20.9738902851,43.0358381225,-38.9609740427)) ;
#2137=CARTESIAN_POINT('Control Point',(15.4912996139,39.3257890868,-49.0362220608)) ;
#2138=CARTESIAN_POINT('Control Point',(13.622727771,35.1786735689,-60.3893587253)) ;
#2139=CARTESIAN_POINT('Control Point',(13.6758901869,33.0430639068,-66.2573714367)) ;
#2141=CARTESIAN_POINT('Control Point',(23.9914232692,44.4469053294,-35.154280014)) ;
#2142=CARTESIAN_POINT('Control Point',(20.8311786883,42.8944189603,-39.3519941438)) ;
#2143=CARTESIAN_POINT('Control Point',(15.5716198748,39.28299382,-49.1615334517)) ;
#2144=CARTESIAN_POINT('Control Point',(13.7259928342,35.2592853278,-60.1767803772)) ;
#2145=CARTESIAN_POINT('Control Point',(13.742286162,33.166002319,-65.9282024316)) ;
#2146=CARTESIAN_POINT('Vertex',(23.9914232686,44.4469053276,-35.1542800135)) ;
#2148=CARTESIAN_POINT('Vertex',(13.7422623889,33.1660021344,-65.9282024318)) ;
#2152=CARTESIAN_POINT('Control Point',(24.1548817,44.4356330407,-35.1600401917)) ;
#2153=CARTESIAN_POINT('Control Point',(24.1011904678,44.443804638,-35.1561073762)) ;
#2154=CARTESIAN_POINT('Control Point',(24.0463228942,44.447335814,-35.1542785434)) ;
#2155=CARTESIAN_POINT('Control Point',(23.9914232692,44.4469053294,-35.154280014)) ;
#2158=CARTESIAN_POINT('Control Point',(14.7495398956,32.2341134063,-65.5861795311)) ;
#2159=CARTESIAN_POINT('Control Point',(14.7476276084,32.4800947497,-65.6757121237)) ;
#2160=CARTESIAN_POINT('Control Point',(14.6358304308,32.7228560094,-65.7643840186)) ;
#2161=CARTESIAN_POINT('Control Point',(14.4511057474,32.8959323324,-65.8279000278)) ;
#2162=CARTESIAN_POINT('Vertex',(14.4511057474,32.8959323324,-65.8279000278)) ;
#2166=CARTESIAN_POINT('Control Point',(14.4511057474,32.8959323283,-65.8279000391)) ;
#2167=CARTESIAN_POINT('Control Point',(14.4246955364,32.9206771654,-65.8369809652)) ;
#2168=CARTESIAN_POINT('Control Point',(14.2295085684,33.0838205015,-65.8969114098)) ;
#2169=CARTESIAN_POINT('Control Point',(13.9666531027,33.1677473281,-65.9282019673)) ;
#2170=CARTESIAN_POINT('Control Point',(13.7422623889,33.1660021314,-65.9282024399)) ;
#2183=CARTESIAN_POINT('Axis2P3D Location',(23.1398295726,46.3662914126,-30.3369648701)) ;
#2189=CARTESIAN_POINT('Control Point',(23.1320465201,47.3662611242,-33.8021434771)) ;
#2190=CARTESIAN_POINT('Control Point',(23.2259263222,47.3669918177,-33.8021367122)) ;
#2191=CARTESIAN_POINT('Control Point',(23.3189194475,47.3566978374,-33.8070856308)) ;
#2192=CARTESIAN_POINT('Control Point',(23.4112741321,47.3356497663,-33.8175167699)) ;
#2193=CARTESIAN_POINT('Control Point',(23.5675123262,47.2792986594,-33.8438912983)) ;
#2194=CARTESIAN_POINT('Control Point',(23.7038603899,47.1963476104,-33.8825993955)) ;
#2195=CARTESIAN_POINT('Control Point',(23.7600640391,47.1554910233,-33.9017387906)) ;
#2196=CARTESIAN_POINT('Control Point',(23.8680297556,47.0605755448,-33.9461602613)) ;
#2197=CARTESIAN_POINT('Control Point',(23.9537562181,46.9534291789,-33.9956785676)) ;
#2198=CARTESIAN_POINT('Control Point',(23.9927530734,46.8954545444,-34.0228130606)) ;
#2199=CARTESIAN_POINT('Control Point',(24.0497077478,46.7915419315,-34.0710611305)) ;
#2200=CARTESIAN_POINT('Control Point',(24.0902302729,46.6825840148,-34.1214898929)) ;
#2201=CARTESIAN_POINT('Control Point',(24.1063010159,46.6292686165,-34.1461796421)) ;
#2202=CARTESIAN_POINT('Control Point',(24.1244651706,46.5520052382,-34.1819656889)) ;
#2203=CARTESIAN_POINT('Control Point',(24.1349001514,46.4733604033,-34.2183626054)) ;
#2204=CARTESIAN_POINT('Control Point',(24.1378983692,46.440457662,-34.2335813285)) ;
#2205=CARTESIAN_POINT('Control Point',(24.139540288,46.4073503986,-34.2488834812)) ;
#2206=CARTESIAN_POINT('Control Point',(24.1397992842,46.3740744656,-34.2642613503)) ;
#2207=CARTESIAN_POINT('Vertex',(23.1320465197,47.3662611243,-33.802143478)) ;
#2210=CARTESIAN_POINT('Line Origine',(23.1320465197,47.3662611242,-30.3369648699)) ;
#2214=CARTESIAN_POINT('Vertex',(23.1320465199,47.3662611244,-29.3956883453)) ;
#2217=CARTESIAN_POINT('Axis2P3D Location',(23.1398295726,46.3662914126,-29.3956883459)) ;
#2229=CARTESIAN_POINT('Axis2P3D Location',(23.1359380462,46.8662762684,-30.3369648701)) ;
#2234=CARTESIAN_POINT('Line Origine',(23.1281549933,47.86624598,-30.3369648699)) ;
#2238=CARTESIAN_POINT('Vertex',(23.1281724577,47.866246116,-29.3956883453)) ;
#2241=CARTESIAN_POINT('Axis2P3D Location',(23.1359380462,46.8662762684,-29.3956883459)) ;
#2253=CARTESIAN_POINT('Axis2P3D Location',(31.9240153749,47.9347066998,-5.8956883453)) ;
#2258=CARTESIAN_POINT('Line Origine',(-0.371124496328,47.683344306,-29.3956883453)) ;
#2271=CARTESIAN_POINT('Control Point',(-15.809215818,36.5453378272,-63.1716297953)) ;
#2272=CARTESIAN_POINT('Control Point',(-15.7216799214,25.2986911895,-63.1716297953)) ;
#2273=CARTESIAN_POINT('Control Point',(-16.4187040682,36.5405940043,-62.5049939335)) ;
#2274=CARTESIAN_POINT('Control Point',(-16.3311681716,25.2939473666,-62.5049939335)) ;
#2275=CARTESIAN_POINT('Control Point',(-17.0151742474,36.5359515047,-61.7750201579)) ;
#2276=CARTESIAN_POINT('Control Point',(-16.9276383508,25.289304867,-61.7750201579)) ;
#2277=CARTESIAN_POINT('Control Point',(-17.5956607629,36.5314334106,-60.9836896664)) ;
#2278=CARTESIAN_POINT('Control Point',(-17.5081248663,25.2847867729,-60.9836896664)) ;
#2279=CARTESIAN_POINT('Control Point',(-18.7187889359,36.5226917799,-59.2821963608)) ;
#2280=CARTESIAN_POINT('Control Point',(-18.6312530393,25.2760451422,-59.2821963608)) ;
#2281=CARTESIAN_POINT('Control Point',(-19.7542493349,36.5146324928,-57.3511038363)) ;
#2282=CARTESIAN_POINT('Control Point',(-19.6667134383,25.2679858551,-57.3511038363)) ;
#2283=CARTESIAN_POINT('Control Point',(-20.2474234841,36.5107939761,-56.332277202)) ;
#2284=CARTESIAN_POINT('Control Point',(-20.1598875875,25.2641473384,-56.332277202)) ;
#2285=CARTESIAN_POINT('Control Point',(-21.6452186405,36.499914533,-53.1286070106)) ;
#2286=CARTESIAN_POINT('Control Point',(-21.5576827439,25.2532678953,-53.1286070106)) ;
#2287=CARTESIAN_POINT('Control Point',(-22.7738751915,36.4911298733,-49.5209072429)) ;
#2288=CARTESIAN_POINT('Control Point',(-22.6863392949,25.2444832356,-49.5209072429)) ;
#2289=CARTESIAN_POINT('Control Point',(-23.3999601292,36.4862568736,-46.9841797415)) ;
#2290=CARTESIAN_POINT('Control Point',(-23.3124242326,25.2396102359,-46.9841797415)) ;
#2291=CARTESIAN_POINT('Control Point',(-23.8929565631,36.4824197401,-44.3638328491)) ;
#2292=CARTESIAN_POINT('Control Point',(-23.8054206665,25.2357731024,-44.3638328491)) ;
#2293=CARTESIAN_POINT('Control Point',(-24.246128833,36.4796708984,-41.7078412397)) ;
#2294=CARTESIAN_POINT('Control Point',(-24.1585929364,25.2330242607,-41.7078412397)) ;
#2296=CARTESIAN_POINT('Control Point',(-15.7494547867,28.8672168708,-63.1716297953)) ;
#2297=CARTESIAN_POINT('Control Point',(-15.722198909,25.3653709127,-63.1716297953)) ;
#2298=CARTESIAN_POINT('Vertex',(-15.7500119754,28.8672142784,-63.1720824866)) ;
#2300=CARTESIAN_POINT('Vertex',(-15.722198909,25.3653709127,-63.1716297953)) ;
#2304=CARTESIAN_POINT('Control Point',(-15.722198909,25.3653709127,-63.1716297953)) ;
#2305=CARTESIAN_POINT('Control Point',(-16.9030237209,25.6536497114,-61.8826192141)) ;
#2306=CARTESIAN_POINT('Control Point',(-18.0547302495,25.9793905478,-60.2786881219)) ;
#2307=CARTESIAN_POINT('Control Point',(-19.11994934,26.338822108,-58.3457286124)) ;
#2308=CARTESIAN_POINT('Vertex',(-19.11994934,26.338822108,-58.3457286124)) ;
#2312=CARTESIAN_POINT('Control Point',(-19.11994934,26.338822108,-58.3457286124)) ;
#2313=CARTESIAN_POINT('Control Point',(-19.6354074818,26.5113556045,-57.4103522488)) ;
#2314=CARTESIAN_POINT('Control Point',(-20.1281860883,26.6847717016,-56.4217108208)) ;
#2315=CARTESIAN_POINT('Control Point',(-20.6141333443,26.866007545,-55.3423777286)) ;
#2316=CARTESIAN_POINT('Control Point',(-21.1076555353,27.0633937428,-54.120427397)) ;
#2317=CARTESIAN_POINT('Control Point',(-21.5638890889,27.2619514724,-52.8475187469)) ;
#2318=CARTESIAN_POINT('Control Point',(-21.6144732907,27.2841849523,-52.70445294)) ;
#2319=CARTESIAN_POINT('Control Point',(-21.6896378342,27.3175550794,-52.4889512318)) ;
#2320=CARTESIAN_POINT('Control Point',(-21.763748082,27.3509616647,-52.2720711706)) ;
#2321=CARTESIAN_POINT('Control Point',(-21.7883332575,27.3621008023,-52.1996288849)) ;
#2322=CARTESIAN_POINT('Control Point',(-21.8250449929,27.3788201371,-52.0907087555)) ;
#2323=CARTESIAN_POINT('Control Point',(-21.8614788465,27.3955427211,-51.9814920066)) ;
#2324=CARTESIAN_POINT('Control Point',(-21.8735942575,27.4011180777,-51.9450484197)) ;
#2325=CARTESIAN_POINT('Control Point',(-21.8917026618,27.4094731907,-51.8903901246)) ;
#2326=CARTESIAN_POINT('Control Point',(-21.9097647648,27.4178398237,-51.8355885585)) ;
#2327=CARTESIAN_POINT('Control Point',(-21.9157772317,27.4206285337,-51.8173149713)) ;
#2328=CARTESIAN_POINT('Control Point',(-21.927835744,27.4262289545,-51.7806016348)) ;
#2329=CARTESIAN_POINT('Control Point',(-21.9397996714,27.4318002536,-51.7440498965)) ;
#2330=CARTESIAN_POINT('Control Point',(-21.9471588879,27.4352326327,-51.7215197555)) ;
#2331=CARTESIAN_POINT('Control Point',(-21.9524238524,27.4376913424,-51.705375609)) ;
#2332=CARTESIAN_POINT('Control Point',(-21.9576830424,27.440150097,-51.6892245337)) ;
#2333=CARTESIAN_POINT('Vertex',(-21.9576830424,27.440150097,-51.6892245337)) ;
#2337=CARTESIAN_POINT('Control Point',(-21.9576830424,27.440150097,-51.6892245337)) ;
#2338=CARTESIAN_POINT('Control Point',(-22.3592589789,27.627893209,-50.4559769879)) ;
#2339=CARTESIAN_POINT('Control Point',(-22.7441501178,27.8155071122,-49.1287311999)) ;
#2340=CARTESIAN_POINT('Control Point',(-23.0986686127,28.0002158617,-47.7364733029)) ;
#2341=CARTESIAN_POINT('Control Point',(-23.4253523852,28.1873953127,-46.2487850875)) ;
#2342=CARTESIAN_POINT('Control Point',(-23.7110511152,28.3741720963,-44.6975889018)) ;
#2343=CARTESIAN_POINT('Vertex',(-23.7129074642,28.3741576478,-44.6979290637)) ;
#2347=CARTESIAN_POINT('Control Point',(-23.7110511152,28.3741720963,-44.6975889018)) ;
#2348=CARTESIAN_POINT('Control Point',(-23.8927922559,28.4942532396,-43.7108824225)) ;
#2349=CARTESIAN_POINT('Control Point',(-24.0513238087,28.6145118147,-42.7124147724)) ;
#2350=CARTESIAN_POINT('Control Point',(-24.1858489357,28.7349588446,-41.7078455127)) ;
#2353=CARTESIAN_POINT('Control Point',(-24.2055810079,31.2701432954,-41.7078455127)) ;
#2354=CARTESIAN_POINT('Control Point',(-24.1494667454,31.2695363804,-42.1297850901)) ;
#2355=CARTESIAN_POINT('Control Point',(-24.0919262974,31.4400634385,-42.5449624334)) ;
#2356=CARTESIAN_POINT('Control Point',(-24.0456195799,31.7800954739,-42.8593266301)) ;
#2357=CARTESIAN_POINT('Control Point',(-24.0257188136,32.1737207954,-43.0084096351)) ;
#2358=CARTESIAN_POINT('Control Point',(-24.0289105123,32.5715577488,-43.0077932722)) ;
#2359=CARTESIAN_POINT('Vertex',(-24.0289105123,32.5715577488,-43.0077932722)) ;
#2363=CARTESIAN_POINT('Control Point',(-24.0289105123,32.5715577488,-43.0077932722)) ;
#2364=CARTESIAN_POINT('Control Point',(-24.0318774288,32.9692875664,-43.0086265535)) ;
#2365=CARTESIAN_POINT('Control Point',(-24.0580175222,33.3591887575,-42.8584302351)) ;
#2366=CARTESIAN_POINT('Control Point',(-24.1086097882,33.7001276637,-42.5513351705)) ;
#2367=CARTESIAN_POINT('Control Point',(-24.1697561604,33.8715896776,-42.1295077309)) ;
#2368=CARTESIAN_POINT('Control Point',(-24.2258169457,33.8700645452,-41.7078455102)) ;
#2371=CARTESIAN_POINT('Control Point',(-24.2456098454,36.4129911753,-41.7078412397)) ;
#2372=CARTESIAN_POINT('Control Point',(-24.0351841567,35.8591209977,-43.2578097704)) ;
#2373=CARTESIAN_POINT('Control Point',(-23.7810566298,35.3225720081,-44.767179182)) ;
#2374=CARTESIAN_POINT('Control Point',(-23.4898139749,34.8080961543,-46.2178021583)) ;
#2375=CARTESIAN_POINT('Control Point',(-22.9954226809,34.0552634316,-48.337264142)) ;
#2376=CARTESIAN_POINT('Control Point',(-22.4439473955,33.3635935119,-50.282279511)) ;
#2377=CARTESIAN_POINT('Control Point',(-22.248665772,33.1336192186,-50.9290284202)) ;
#2378=CARTESIAN_POINT('Control Point',(-22.0029902321,32.8610463034,-51.6957686232)) ;
#2379=CARTESIAN_POINT('Control Point',(-21.7525930326,32.6023477502,-52.4253770904)) ;
#2380=CARTESIAN_POINT('Control Point',(-21.7073153766,32.5561976659,-52.5555261264)) ;
#2381=CARTESIAN_POINT('Control Point',(-21.6286885306,32.4770332989,-52.7790423258)) ;
#2382=CARTESIAN_POINT('Control Point',(-21.548613221,32.3982422791,-53.0019128788)) ;
#2383=CARTESIAN_POINT('Control Point',(-21.5134705513,32.3639918328,-53.0988708639)) ;
#2384=CARTESIAN_POINT('Control Point',(-21.4715440585,32.3235402458,-53.2134195921)) ;
#2385=CARTESIAN_POINT('Control Point',(-21.4296105438,32.2835546784,-53.3267588813)) ;
#2386=CARTESIAN_POINT('Control Point',(-21.4237779164,32.2780021104,-53.3424998091)) ;
#2387=CARTESIAN_POINT('Control Point',(-21.4121040968,32.2669070718,-53.3739576137)) ;
#2388=CARTESIAN_POINT('Control Point',(-21.4003963904,32.2558164924,-53.4054121261)) ;
#2389=CARTESIAN_POINT('Control Point',(-21.3975888324,32.2531511457,-53.4129541317)) ;
#2390=CARTESIAN_POINT('Control Point',(-21.3902240278,32.2462004222,-53.4326893371)) ;
#2391=CARTESIAN_POINT('Control Point',(-21.382850092,32.2392497698,-53.4524116539)) ;
#2392=CARTESIAN_POINT('Vertex',(-21.3848361573,32.2392335549,-53.4531513293)) ;
#2396=CARTESIAN_POINT('Control Point',(-21.382850092,32.2392497698,-53.4524116539)) ;
#2397=CARTESIAN_POINT('Control Point',(-20.2374530615,31.1596015507,-56.515888703)) ;
#2398=CARTESIAN_POINT('Control Point',(-18.862403155,30.2223469836,-59.2250550684)) ;
#2399=CARTESIAN_POINT('Control Point',(-17.3378084327,29.4480527237,-61.4393887853)) ;
#2400=CARTESIAN_POINT('Control Point',(-15.7494841491,28.8672166423,-63.1715976797)) ;
#2417=CARTESIAN_POINT('Control Point',(-24.1913977998,28.8009413649,-41.6554637082)) ;
#2418=CARTESIAN_POINT('Control Point',(-24.0530739904,28.6753421173,-42.6946163871)) ;
#2419=CARTESIAN_POINT('Control Point',(-23.8897196128,28.5503271055,-43.7311243773)) ;
#2420=CARTESIAN_POINT('Control Point',(-23.6993795531,28.4261190957,-44.763514036)) ;
#2421=CARTESIAN_POINT('Control Point',(-24.214540678,28.4811617099,-41.6192589988)) ;
#2422=CARTESIAN_POINT('Control Point',(-24.0768608998,28.3551397713,-42.6589440992)) ;
#2423=CARTESIAN_POINT('Control Point',(-23.9141132529,28.2297248292,-43.6957899486)) ;
#2424=CARTESIAN_POINT('Control Point',(-23.724430908,28.1050590127,-44.7288269075)) ;
#2425=CARTESIAN_POINT('Control Point',(-23.9567004149,27.9116867534,-41.5150213359)) ;
#2426=CARTESIAN_POINT('Control Point',(-23.8199599601,27.7849504323,-42.5505215422)) ;
#2427=CARTESIAN_POINT('Control Point',(-23.6583276328,27.6587532243,-43.5833313378)) ;
#2428=CARTESIAN_POINT('Control Point',(-23.4698792318,27.5333117532,-44.6119201663)) ;
#2429=CARTESIAN_POINT('Control Point',(-23.379701888,27.7396542248,-41.4171470603)) ;
#2430=CARTESIAN_POINT('Control Point',(-23.2434317831,27.6135560884,-42.4434006568)) ;
#2431=CARTESIAN_POINT('Control Point',(-23.0825031581,27.4880447539,-43.4666120402)) ;
#2432=CARTESIAN_POINT('Control Point',(-22.8950729854,27.3632916745,-44.4851947339)) ;
#2433=CARTESIAN_POINT('Control Point',(-23.1359833039,27.7606838586,-41.3873140564)) ;
#2434=CARTESIAN_POINT('Control Point',(-22.9999289736,27.6351127077,-42.4096902573)) ;
#2435=CARTESIAN_POINT('Control Point',(-22.8393125808,27.5101255599,-43.428853957)) ;
#2436=CARTESIAN_POINT('Control Point',(-22.6523310996,27.3859407412,-44.4432421566)) ;
#2438=CARTESIAN_POINT('Control Point',(-22.7214597824,27.3894270112,-44.3956950925)) ;
#2439=CARTESIAN_POINT('Control Point',(-22.8379086836,27.3859354112,-44.4166047848)) ;
#2440=CARTESIAN_POINT('Control Point',(-22.9544384802,27.4005096296,-44.4397412585)) ;
#2441=CARTESIAN_POINT('Control Point',(-23.0409903121,27.4292612188,-44.459120659)) ;
#2442=CARTESIAN_POINT('Control Point',(-23.1858539748,27.4841557192,-44.4923855777)) ;
#2443=CARTESIAN_POINT('Control Point',(-23.316575224,27.5665855571,-44.5264305544)) ;
#2444=CARTESIAN_POINT('Control Point',(-23.3910125705,27.6186660484,-44.5464465636)) ;
#2445=CARTESIAN_POINT('Control Point',(-23.5171361048,27.7541432368,-44.5861441577)) ;
#2446=CARTESIAN_POINT('Control Point',(-23.6085996933,27.9144856894,-44.6225353763)) ;
#2447=CARTESIAN_POINT('Control Point',(-23.6327071832,27.9687281143,-44.6335940356)) ;
#2448=CARTESIAN_POINT('Control Point',(-23.6722641311,28.0709837216,-44.6533622206)) ;
#2449=CARTESIAN_POINT('Control Point',(-23.6976446305,28.1780017332,-44.671115832)) ;
#2450=CARTESIAN_POINT('Control Point',(-23.7085152548,28.2366991335,-44.6802944384)) ;
#2451=CARTESIAN_POINT('Control Point',(-23.7138751599,28.3053529935,-44.6896822813)) ;
#2452=CARTESIAN_POINT('Control Point',(-23.7129074642,28.3741576478,-44.6979290637)) ;
#2462=CARTESIAN_POINT('Control Point',(18.5860259251,27.7109359212,-44.3956884053)) ;
#2463=CARTESIAN_POINT('Control Point',(-22.9678265028,27.3875102955,-44.3956884053)) ;
#2464=CARTESIAN_POINT('Control Point',(18.588657469,27.3728341151,-47.1254521773)) ;
#2465=CARTESIAN_POINT('Control Point',(-22.9651949589,27.0494084894,-47.1254521773)) ;
#2466=CARTESIAN_POINT('Control Point',(18.5914081065,27.0194311209,-49.6965309273)) ;
#2467=CARTESIAN_POINT('Control Point',(-22.9624443214,26.6960054952,-49.6965309273)) ;
#2468=CARTESIAN_POINT('Control Point',(18.5942719664,26.6514812724,-52.112989727)) ;
#2469=CARTESIAN_POINT('Control Point',(-22.9595804615,26.3280556467,-52.112989727)) ;
#2470=CARTESIAN_POINT('Control Point',(18.6002143884,25.8879965324,-56.644797579)) ;
#2471=CARTESIAN_POINT('Control Point',(-22.9536380395,25.5645709067,-56.644797579)) ;
#2472=CARTESIAN_POINT('Control Point',(18.6065627304,25.0723590442,-60.5906462)) ;
#2473=CARTESIAN_POINT('Control Point',(-22.9472896975,24.7489334185,-60.5906462)) ;
#2474=CARTESIAN_POINT('Control Point',(18.6098239317,24.653358609,-62.4257954562)) ;
#2475=CARTESIAN_POINT('Control Point',(-22.9440284962,24.3299329833,-62.4257954562)) ;
#2476=CARTESIAN_POINT('Control Point',(18.6198252777,23.3683817236,-67.544062298)) ;
#2477=CARTESIAN_POINT('Control Point',(-22.9340271502,23.0449560979,-67.544062298)) ;
#2478=CARTESIAN_POINT('Control Point',(18.6303498028,22.016186571,-71.5792191065)) ;
#2479=CARTESIAN_POINT('Control Point',(-22.9235026251,21.6927609453,-71.5792191065)) ;
#2480=CARTESIAN_POINT('Control Point',(18.6374469686,21.1043398976,-73.8685086645)) ;
#2481=CARTESIAN_POINT('Control Point',(-22.9164054593,20.7809142719,-73.8685086645)) ;
#2482=CARTESIAN_POINT('Control Point',(18.6479546884,19.7543038963,-76.8168838861)) ;
#2483=CARTESIAN_POINT('Control Point',(-22.9058977395,19.4308782706,-76.8168838861)) ;
#2484=CARTESIAN_POINT('Control Point',(18.657818951,18.4869395251,-79.2026341786)) ;
#2485=CARTESIAN_POINT('Control Point',(-22.8960334769,18.1635138994,-79.2026341786)) ;
#2486=CARTESIAN_POINT('Control Point',(18.6610103828,18.0769031141,-79.9431507277)) ;
#2487=CARTESIAN_POINT('Control Point',(-22.8928420451,17.7534774884,-79.9431507277)) ;
#2488=CARTESIAN_POINT('Control Point',(18.6671496134,17.2881323361,-81.3302773944)) ;
#2489=CARTESIAN_POINT('Control Point',(-22.8867028145,16.9647067104,-81.3302773944)) ;
#2490=CARTESIAN_POINT('Control Point',(18.6727009359,16.574896217,-82.5607125286)) ;
#2491=CARTESIAN_POINT('Control Point',(-22.881151492,16.2514705913,-82.5607125286)) ;
#2492=CARTESIAN_POINT('Control Point',(18.675305016,16.2403229752,-83.1425216786)) ;
#2493=CARTESIAN_POINT('Control Point',(-22.8785474119,15.9168973495,-83.1425216786)) ;
#2494=CARTESIAN_POINT('Control Point',(18.6801208055,15.6215884332,-84.2508520761)) ;
#2495=CARTESIAN_POINT('Control Point',(-22.8737316224,15.2981628075,-84.2508520761)) ;
#2496=CARTESIAN_POINT('Control Point',(18.684053437,15.1163223864,-85.2716645327)) ;
#2497=CARTESIAN_POINT('Control Point',(-22.8697989909,14.7928967607,-85.2716645327)) ;
#2498=CARTESIAN_POINT('Control Point',(18.6857786253,14.8946695134,-85.7637574345)) ;
#2499=CARTESIAN_POINT('Control Point',(-22.8680738026,14.5712438877,-85.7637574345)) ;
#2500=CARTESIAN_POINT('Control Point',(18.6887060765,14.5185494144,-86.7184506961)) ;
#2501=CARTESIAN_POINT('Control Point',(-22.8651463514,14.1951237887,-86.7184506961)) ;
#2502=CARTESIAN_POINT('Control Point',(18.6905063103,14.2872546731,-87.6284197529)) ;
#2503=CARTESIAN_POINT('Control Point',(-22.8633461176,13.9638290474,-87.6284197529)) ;
#2504=CARTESIAN_POINT('Control Point',(18.6911155055,14.2089850204,-88.073450451)) ;
#2505=CARTESIAN_POINT('Control Point',(-22.8627369224,13.8855593947,-88.073450451)) ;
#2506=CARTESIAN_POINT('Control Point',(18.6914246598,14.1692647627,-88.509752872)) ;
#2507=CARTESIAN_POINT('Control Point',(-22.8624277681,13.845839137,-88.509752872)) ;
#2508=CARTESIAN_POINT('Control Point',(18.6914246551,14.1692653597,-88.9385534239)) ;
#2509=CARTESIAN_POINT('Control Point',(-22.8624277728,13.845839734,-88.9385534239)) ;
#2511=CARTESIAN_POINT('Control Point',(-22.7214597824,27.3894270105,-44.3956950924)) ;
#2512=CARTESIAN_POINT('Control Point',(-22.3857535527,27.165913876,-46.2212787621)) ;
#2513=CARTESIAN_POINT('Control Point',(-21.9941046263,26.9379600784,-47.9600031012)) ;
#2514=CARTESIAN_POINT('Control Point',(-21.5481648709,26.706394566,-49.6126726943)) ;
#2515=CARTESIAN_POINT('Control Point',(-20.9502242299,26.4249723796,-51.495947637)) ;
#2516=CARTESIAN_POINT('Control Point',(-20.2793991925,26.1399446785,-53.2652543383)) ;
#2517=CARTESIAN_POINT('Control Point',(-20.1682896672,26.0934675173,-53.5501498441)) ;
#2518=CARTESIAN_POINT('Control Point',(-20.0416261603,26.0412803317,-53.8661053537)) ;
#2519=CARTESIAN_POINT('Control Point',(-19.9122525302,25.9888556178,-54.1791397)) ;
#2520=CARTESIAN_POINT('Control Point',(-19.9001984047,25.9839784382,-54.2082243658)) ;
#2521=CARTESIAN_POINT('Control Point',(-19.8760773273,25.9742334384,-54.2662629867)) ;
#2522=CARTESIAN_POINT('Control Point',(-19.8519600365,25.9645191715,-54.3239701083)) ;
#2523=CARTESIAN_POINT('Control Point',(-19.838268978,25.9590126501,-54.3566212687)) ;
#2524=CARTESIAN_POINT('Control Point',(-19.8289453688,25.9552695013,-54.3788180827)) ;
#2525=CARTESIAN_POINT('Control Point',(-19.8153917184,25.9498349897,-54.4109770412)) ;
#2526=CARTESIAN_POINT('Vertex',(-19.8153917184,25.9498349897,-54.4109770412)) ;
#2530=CARTESIAN_POINT('Control Point',(-19.8153917184,25.9498349897,-54.4109770412)) ;
#2531=CARTESIAN_POINT('Control Point',(-19.4654715111,25.8095299524,-55.241238191)) ;
#2532=CARTESIAN_POINT('Control Point',(-19.1028169212,25.6705260184,-56.0331271819)) ;
#2533=CARTESIAN_POINT('Control Point',(-18.7289110702,25.5335434679,-56.7856312515)) ;
#2534=CARTESIAN_POINT('Control Point',(-18.2931088338,25.3809993556,-57.5953971072)) ;
#2535=CARTESIAN_POINT('Control Point',(-17.8419270901,25.2310678517,-58.3630833257)) ;
#2536=CARTESIAN_POINT('Control Point',(-17.7915169968,25.214412222,-58.4480146041)) ;
#2537=CARTESIAN_POINT('Control Point',(-17.7156117744,25.1894776372,-58.5746455354)) ;
#2538=CARTESIAN_POINT('Control Point',(-17.6392915305,25.1646225178,-58.700109292)) ;
#2539=CARTESIAN_POINT('Control Point',(-17.6138038306,25.1563458504,-58.7418038499)) ;
#2540=CARTESIAN_POINT('Control Point',(-17.5755179078,25.1439487323,-58.8041301282)) ;
#2541=CARTESIAN_POINT('Control Point',(-17.5371091351,25.1315657493,-58.8661983001)) ;
#2542=CARTESIAN_POINT('Control Point',(-17.5242951025,25.1274404814,-58.8868550127)) ;
#2543=CARTESIAN_POINT('Control Point',(-17.5050263539,25.1212463362,-58.9178402034)) ;
#2544=CARTESIAN_POINT('Control Point',(-17.4857619787,25.1150668383,-58.9487058219)) ;
#2545=CARTESIAN_POINT('Control Point',(-17.4793363256,25.1130071366,-58.9589885303)) ;
#2546=CARTESIAN_POINT('Control Point',(-17.466552827,25.108912271,-58.9794213992)) ;
#2547=CARTESIAN_POINT('Control Point',(-17.4536573804,25.1047877762,-58.9999816681)) ;
#2548=CARTESIAN_POINT('Control Point',(-17.4488235355,25.1032402171,-59.0076931855)) ;
#2549=CARTESIAN_POINT('Control Point',(-17.4415482592,25.1009186648,-59.0192553392)) ;
#2550=CARTESIAN_POINT('Control Point',(-17.4342729798,25.0985967143,-59.0308127111)) ;
#2551=CARTESIAN_POINT('Vertex',(-17.4342729798,25.0985967143,-59.0308127111)) ;
#2555=CARTESIAN_POINT('Control Point',(-17.4342729798,25.0985967143,-59.0308127111)) ;
#2556=CARTESIAN_POINT('Control Point',(-16.4108034862,24.771950084,-60.6566770757)) ;
#2557=CARTESIAN_POINT('Control Point',(-15.3278100085,24.4749119617,-61.9843066065)) ;
#2558=CARTESIAN_POINT('Control Point',(-14.1890263004,24.2197508693,-63.0675177877)) ;
#2559=CARTESIAN_POINT('Vertex',(-14.1890263004,24.2197508693,-63.0675177877)) ;
#2563=CARTESIAN_POINT('Control Point',(-14.1890263004,24.2197508693,-63.0675177877)) ;
#2564=CARTESIAN_POINT('Control Point',(-14.1879723957,24.0843447819,-63.623080744)) ;
#2565=CARTESIAN_POINT('Control Point',(-14.186911194,23.9480011682,-64.1655916798)) ;
#2566=CARTESIAN_POINT('Control Point',(-14.1858431621,23.8107800048,-64.6953321379)) ;
#2567=CARTESIAN_POINT('Control Point',(-14.1827394341,23.4120117996,-66.1895754731)) ;
#2568=CARTESIAN_POINT('Control Point',(-14.1795864976,23.0069212706,-67.5819451255)) ;
#2569=CARTESIAN_POINT('Control Point',(-14.1775080821,22.7398856303,-68.4509692588)) ;
#2570=CARTESIAN_POINT('Control Point',(-14.1754170595,22.4712302178,-69.280798633)) ;
#2571=CARTESIAN_POINT('Control Point',(-14.1733179039,22.2015298794,-70.073569062)) ;
#2572=CARTESIAN_POINT('Vertex',(-14.1733179039,22.2015298794,-70.073569062)) ;
#2576=CARTESIAN_POINT('Control Point',(-14.1733179039,22.2015298794,-70.073569062)) ;
#2577=CARTESIAN_POINT('Control Point',(-14.1711986274,21.9340766047,-70.859735222)) ;
#2578=CARTESIAN_POINT('Control Point',(-14.1549125691,21.6552243082,-71.6402656792)) ;
#2579=CARTESIAN_POINT('Control Point',(-14.1259082737,21.3673873242,-72.4057739359)) ;
#2580=CARTESIAN_POINT('Control Point',(-14.076898421,21.010102658,-73.3090526988)) ;
#2581=CARTESIAN_POINT('Control Point',(-14.0125322592,20.6442042237,-74.1817071789)) ;
#2582=CARTESIAN_POINT('Control Point',(-14.0030932742,20.5923044832,-74.3043426092)) ;
#2583=CARTESIAN_POINT('Control Point',(-13.9893934603,20.5192661789,-74.4753590549)) ;
#2584=CARTESIAN_POINT('Control Point',(-13.9751047191,20.4458689299,-74.6452808356)) ;
#2585=CARTESIAN_POINT('Control Point',(-13.9731139414,20.4356939154,-74.6688001609)) ;
#2586=CARTESIAN_POINT('Control Point',(-13.9691039487,20.4153010735,-74.7158637194)) ;
#2587=CARTESIAN_POINT('Control Point',(-13.9650605327,20.39493575,-74.7627170507)) ;
#2588=CARTESIAN_POINT('Control Point',(-13.963110207,20.3851628011,-74.7851721977)) ;
#2589=CARTESIAN_POINT('Control Point',(-13.960896699,20.3741193569,-74.8104941278)) ;
#2590=CARTESIAN_POINT('Control Point',(-13.9589320628,20.3643660508,-74.8328285781)) ;
#2591=CARTESIAN_POINT('Vertex',(-13.9589320628,20.3643660508,-74.8328285781)) ;
#2595=CARTESIAN_POINT('Control Point',(-13.9589320628,20.3643660508,-74.8328285781)) ;
#2596=CARTESIAN_POINT('Control Point',(-13.9165916514,20.15416989,-75.3141644131)) ;
#2597=CARTESIAN_POINT('Control Point',(-13.8687879848,19.938106884,-75.7935255679)) ;
#2598=CARTESIAN_POINT('Control Point',(-13.8161527755,19.7173433764,-76.2679100768)) ;
#2599=CARTESIAN_POINT('Control Point',(-13.7308272852,19.3813368254,-76.9681197513)) ;
#2600=CARTESIAN_POINT('Control Point',(-13.6370161695,19.0410391898,-77.6479749638)) ;
#2601=CARTESIAN_POINT('Control Point',(-13.6048625781,18.9272959287,-77.8721557716)) ;
#2602=CARTESIAN_POINT('Control Point',(-13.5476602699,18.7297784062,-78.2564409178)) ;
#2603=CARTESIAN_POINT('Control Point',(-13.4880952229,18.5322382631,-78.6326971207)) ;
#2604=CARTESIAN_POINT('Control Point',(-13.4624704787,18.4486548562,-78.7905287676)) ;
#2605=CARTESIAN_POINT('Control Point',(-13.4317472916,18.3500666611,-78.9751756897)) ;
#2606=CARTESIAN_POINT('Control Point',(-13.4004965593,18.2516806283,-79.1577757115)) ;
#2607=CARTESIAN_POINT('Control Point',(-13.3956957319,18.2366100963,-79.1857072327)) ;
#2608=CARTESIAN_POINT('Control Point',(-13.3884741018,18.2140062957,-79.2275435031)) ;
#2609=CARTESIAN_POINT('Control Point',(-13.3812244985,18.1914132756,-79.2692750577)) ;
#2610=CARTESIAN_POINT('Control Point',(-13.3788045936,18.1838826434,-79.2831755186)) ;
#2611=CARTESIAN_POINT('Control Point',(-13.3751738609,18.1725999845,-79.3039877756)) ;
#2612=CARTESIAN_POINT('Control Point',(-13.3715373213,18.1613237576,-79.3247674702)) ;
#2613=CARTESIAN_POINT('Control Point',(-13.3703249397,18.1575671154,-79.331687883)) ;
#2614=CARTESIAN_POINT('Control Point',(-13.3684988313,18.151913119,-79.3421001154)) ;
#2615=CARTESIAN_POINT('Control Point',(-13.3666692789,18.146254528,-79.3525156495)) ;
#2616=CARTESIAN_POINT('Control Point',(-13.3660578014,18.1443639722,-79.3559949358)) ;
#2617=CARTESIAN_POINT('Control Point',(-13.3648510148,18.1406339114,-79.3628584431)) ;
#2618=CARTESIAN_POINT('Control Point',(-13.3636495645,18.1369231302,-79.3696842624)) ;
#2619=CARTESIAN_POINT('Control Point',(-13.3627864346,18.1342577533,-79.3745860634)) ;
#2620=CARTESIAN_POINT('Control Point',(-13.3622988112,18.1327536036,-79.3773518882)) ;
#2621=CARTESIAN_POINT('Control Point',(-13.3618111891,18.1312496369,-79.3801170145)) ;
#2622=CARTESIAN_POINT('Vertex',(-13.3618111891,18.1312496369,-79.3801170145)) ;
#2626=CARTESIAN_POINT('Control Point',(-13.3618111891,18.1312496369,-79.3801170145)) ;
#2627=CARTESIAN_POINT('Control Point',(-13.2688039274,17.8443885031,-79.9075271578)) ;
#2628=CARTESIAN_POINT('Control Point',(-13.1547564104,17.5120680118,-80.5054107468)) ;
#2629=CARTESIAN_POINT('Control Point',(-13.0343009772,17.1795510499,-81.0866578431)) ;
#2630=CARTESIAN_POINT('Control Point',(-12.7260108526,16.3728271861,-82.4854557154)) ;
#2631=CARTESIAN_POINT('Control Point',(-12.3927216489,15.6246354594,-83.8017465161)) ;
#2632=CARTESIAN_POINT('Control Point',(-12.1936131095,15.2287905834,-84.5337221792)) ;
#2633=CARTESIAN_POINT('Control Point',(-11.8036202587,14.5685500451,-85.8930097369)) ;
#2634=CARTESIAN_POINT('Control Point',(-11.4064760502,14.1470107878,-87.1676760798)) ;
#2635=CARTESIAN_POINT('Control Point',(-11.2122596519,14.0085830118,-87.7722086643)) ;
#2636=CARTESIAN_POINT('Control Point',(-11.0180725063,13.9380269652,-88.360983043)) ;
#2637=CARTESIAN_POINT('Control Point',(-10.8235297395,13.9395419518,-88.9385534232)) ;
#2638=CARTESIAN_POINT('Vertex',(-10.8235297395,13.9395419518,-88.9385534232)) ;
#2642=CARTESIAN_POINT('Control Point',(10.6051453409,14.1063275142,-88.9385534239)) ;
#2643=CARTESIAN_POINT('Control Point',(-10.8235297395,13.9395419518,-88.9385534239)) ;
#2644=CARTESIAN_POINT('Vertex',(10.6051453409,14.1063275141,-88.9385453683)) ;
#2648=CARTESIAN_POINT('Control Point',(10.6051453409,14.1063275141,-88.9385453683)) ;
#2649=CARTESIAN_POINT('Control Point',(10.7686910872,14.1076004378,-88.4529820165)) ;
#2650=CARTESIAN_POINT('Control Point',(10.9311978544,14.1598013703,-87.9595002599)) ;
#2651=CARTESIAN_POINT('Control Point',(11.0906435728,14.258532461,-87.4628567573)) ;
#2652=CARTESIAN_POINT('Control Point',(11.3971093332,14.5401282438,-86.4794477433)) ;
#2653=CARTESIAN_POINT('Control Point',(11.6970088872,14.9777544627,-85.451643312)) ;
#2654=CARTESIAN_POINT('Control Point',(11.8384682743,15.2175219492,-84.9492367078)) ;
#2655=CARTESIAN_POINT('Control Point',(12.1133430338,15.7455107282,-83.9298811264)) ;
#2656=CARTESIAN_POINT('Control Point',(12.3778568224,16.3599926108,-82.8483772669)) ;
#2657=CARTESIAN_POINT('Control Point',(12.5034921589,16.67416842,-82.3062767225)) ;
#2658=CARTESIAN_POINT('Control Point',(12.6911254189,17.1737899698,-81.4455005208)) ;
#2659=CARTESIAN_POINT('Control Point',(12.8629596342,17.6711157451,-80.5753598103)) ;
#2660=CARTESIAN_POINT('Control Point',(12.9201854066,17.8415118656,-80.2745096948)) ;
#2661=CARTESIAN_POINT('Control Point',(12.9832108458,18.0345298028,-79.9295801742)) ;
#2662=CARTESIAN_POINT('Control Point',(13.0403299292,18.2158191076,-79.601032101)) ;
#2663=CARTESIAN_POINT('Control Point',(13.0492717111,18.2443651304,-79.5491840296)) ;
#2664=CARTESIAN_POINT('Control Point',(13.0584065004,18.2736992095,-79.4957870712)) ;
#2665=CARTESIAN_POINT('Control Point',(13.0673634471,18.3026635708,-79.4429330732)) ;
#2666=CARTESIAN_POINT('Control Point',(13.0686647084,18.306875832,-79.4352437882)) ;
#2667=CARTESIAN_POINT('Control Point',(13.0706187347,18.3132078829,-79.4236806975)) ;
#2668=CARTESIAN_POINT('Control Point',(13.0725584325,18.3195031132,-79.4121785857)) ;
#2669=CARTESIAN_POINT('Control Point',(13.0732057252,18.3216049943,-79.4083374953)) ;
#2670=CARTESIAN_POINT('Control Point',(13.0744768037,18.3257342944,-79.4007900665)) ;
#2671=CARTESIAN_POINT('Control Point',(13.0757603742,18.3299089552,-79.3931569721)) ;
#2672=CARTESIAN_POINT('Control Point',(13.0760984581,18.331007593,-79.3911481224)) ;
#2673=CARTESIAN_POINT('Control Point',(13.0768984763,18.3336130893,-79.386382599)) ;
#2674=CARTESIAN_POINT('Control Point',(13.0776984903,18.3362191303,-79.3816149988)) ;
#2675=CARTESIAN_POINT('Vertex',(13.0776984903,18.3362191303,-79.3816149988)) ;
#2679=CARTESIAN_POINT('Control Point',(13.0776984903,18.3362191303,-79.3816149988)) ;
#2680=CARTESIAN_POINT('Control Point',(13.1919561244,18.7084127224,-78.7007085049)) ;
#2681=CARTESIAN_POINT('Control Point',(13.2989192967,19.084528111,-77.990518486)) ;
#2682=CARTESIAN_POINT('Control Point',(13.3971544848,19.458363945,-77.2544769553)) ;
#2683=CARTESIAN_POINT('Control Point',(13.5009267817,19.8912326574,-76.3585838646)) ;
#2684=CARTESIAN_POINT('Control Point',(13.5874381249,20.3076609294,-75.4433654119)) ;
#2685=CARTESIAN_POINT('Control Point',(13.5983704745,20.3615185722,-75.3239823294)) ;
#2686=CARTESIAN_POINT('Control Point',(13.6122940625,20.431857448,-75.1667119464)) ;
#2687=CARTESIAN_POINT('Control Point',(13.6256452831,20.5015099094,-75.0093308481)) ;
#2688=CARTESIAN_POINT('Control Point',(13.6275048104,20.5112563765,-74.9872758511)) ;
#2689=CARTESIAN_POINT('Control Point',(13.6311995696,20.5307123675,-74.9431846365)) ;
#2690=CARTESIAN_POINT('Control Point',(13.6348579022,20.5501655785,-74.8989689203)) ;
#2691=CARTESIAN_POINT('Control Point',(13.6366920214,20.5599617337,-74.8766656368)) ;
#2692=CARTESIAN_POINT('Control Point',(13.6383831239,20.5690453957,-74.8559631272)) ;
#2693=CARTESIAN_POINT('Control Point',(13.6402637504,20.5791941734,-74.8327928731)) ;
#2694=CARTESIAN_POINT('Vertex',(13.6402637504,20.5791941734,-74.8327928731)) ;
#2698=CARTESIAN_POINT('Control Point',(13.6402637504,20.5791941734,-74.8327928731)) ;
#2699=CARTESIAN_POINT('Control Point',(13.7306235971,21.0668199844,-73.7195145747)) ;
#2700=CARTESIAN_POINT('Control Point',(13.7951021233,21.5426596129,-72.5445293507)) ;
#2701=CARTESIAN_POINT('Control Point',(13.8291980557,21.996402596,-71.317112825)) ;
#2702=CARTESIAN_POINT('Control Point',(13.8258999138,22.4194561346,-70.0735682904)) ;
#2703=CARTESIAN_POINT('Vertex',(13.8258999138,22.4194561346,-70.0735682904)) ;
#2707=CARTESIAN_POINT('Control Point',(13.8146984574,23.8586236811,-65.3256107388)) ;
#2708=CARTESIAN_POINT('Control Point',(13.8148643481,23.8373099842,-65.4045979588)) ;
#2709=CARTESIAN_POINT('Control Point',(13.8150303839,23.8159776412,-65.483292244)) ;
#2710=CARTESIAN_POINT('Control Point',(13.8151965631,23.7946268714,-65.5616946245)) ;
#2711=CARTESIAN_POINT('Control Point',(13.8174016377,23.5113180132,-66.5972931667)) ;
#2712=CARTESIAN_POINT('Control Point',(13.8196313214,23.2248473664,-67.5819447711)) ;
#2713=CARTESIAN_POINT('Control Point',(13.8217097365,22.9578117789,-68.4509687513)) ;
#2714=CARTESIAN_POINT('Control Point',(13.8238007587,22.6891564198,-69.2807979868)) ;
#2715=CARTESIAN_POINT('Control Point',(13.8258999138,22.4194561346,-70.0735682904)) ;
#2716=CARTESIAN_POINT('Vertex',(13.8146984593,23.8586236811,-65.3256107388)) ;
#2720=CARTESIAN_POINT('Control Point',(13.8146984593,23.8586236811,-65.3256107388)) ;
#2721=CARTESIAN_POINT('Control Point',(13.8133994427,24.0261349317,-64.7048247181)) ;
#2722=CARTESIAN_POINT('Control Point',(13.8220097279,24.1900198076,-64.075400209)) ;
#2723=CARTESIAN_POINT('Control Point',(13.8407463185,24.3495735203,-63.4406117092)) ;
#2724=CARTESIAN_POINT('Control Point',(13.8796507163,24.5568987059,-62.5866590787)) ;
#2725=CARTESIAN_POINT('Control Point',(13.9374956811,24.7570365221,-61.7243619352)) ;
#2726=CARTESIAN_POINT('Control Point',(13.9529187214,24.8059401938,-61.5113013944)) ;
#2727=CARTESIAN_POINT('Control Point',(13.9857803065,24.9019313994,-61.0884598716)) ;
#2728=CARTESIAN_POINT('Control Point',(14.0233089942,24.9962309456,-60.6639366025)) ;
#2729=CARTESIAN_POINT('Control Point',(14.044116097,25.0449356959,-60.4422649423)) ;
#2730=CARTESIAN_POINT('Control Point',(14.0650764853,25.0908113129,-60.2311681986)) ;
#2731=CARTESIAN_POINT('Control Point',(14.0870949419,25.1360269692,-60.0209253039)) ;
#2732=CARTESIAN_POINT('Vertex',(14.0870949419,25.1360269692,-60.0209253039)) ;
#2736=CARTESIAN_POINT('Control Point',(14.0870949419,25.1360269692,-60.0209253039)) ;
#2737=CARTESIAN_POINT('Control Point',(14.1529954957,25.2713560182,-59.391674879)) ;
#2738=CARTESIAN_POINT('Control Point',(14.2295378481,25.4034562775,-58.7575923519)) ;
#2739=CARTESIAN_POINT('Control Point',(14.3169459323,25.5323798552,-58.1190764351)) ;
#2740=CARTESIAN_POINT('Control Point',(14.4477230308,25.6994264045,-57.2659627991)) ;
#2741=CARTESIAN_POINT('Control Point',(14.5979286828,25.8605145468,-56.4097718266)) ;
#2742=CARTESIAN_POINT('Control Point',(14.6364747558,25.9001917302,-56.1967683622)) ;
#2743=CARTESIAN_POINT('Control Point',(14.6960166788,25.9590720451,-55.877554928)) ;
#2744=CARTESIAN_POINT('Control Point',(14.7582905688,26.0171408682,-55.5581228821)) ;
#2745=CARTESIAN_POINT('Control Point',(14.7793068138,26.0363663875,-55.4518530132)) ;
#2746=CARTESIAN_POINT('Control Point',(14.8219845172,26.0746704824,-55.2391040437)) ;
#2747=CARTESIAN_POINT('Control Point',(14.8658065993,26.1125603333,-55.0266342122)) ;
#2748=CARTESIAN_POINT('Control Point',(14.8876257885,26.1310927432,-54.9222587222)) ;
#2749=CARTESIAN_POINT('Control Point',(14.9110631419,26.1506105869,-54.8117251997)) ;
#2750=CARTESIAN_POINT('Control Point',(14.9333314479,26.1688343237,-54.7080773719)) ;
#2751=CARTESIAN_POINT('Vertex',(14.9333314479,26.1688343237,-54.7080773719)) ;
#2755=CARTESIAN_POINT('Control Point',(14.9333314479,26.1688343237,-54.7080773719)) ;
#2756=CARTESIAN_POINT('Control Point',(15.4883066663,26.6230099731,-52.1249452729)) ;
#2757=CARTESIAN_POINT('Control Point',(16.2460977158,27.029705117,-49.4962027556)) ;
#2758=CARTESIAN_POINT('Control Point',(17.2028582949,27.3901849218,-46.8982945994)) ;
#2759=CARTESIAN_POINT('Control Point',(18.3396592111,27.709018378,-44.3956884053)) ;
#2780=CARTESIAN_POINT('Axis2P3D Location',(12.8635343833,30.4287043563,-73.4298479679)) ;
#2785=CARTESIAN_POINT('Line Origine',(21.8361597502,44.4301302896,-35.1542800141)) ;
#2789=CARTESIAN_POINT('Vertex',(19.6808962317,44.4133552517,-35.1542800135)) ;
#2792=CARTESIAN_POINT('Line Origine',(13.7482239484,32.3992951743,-68.0347761696)) ;
#2796=CARTESIAN_POINT('Vertex',(13.7541914496,31.6325882605,-70.1413499073)) ;
#2799=CARTESIAN_POINT('Line Origine',(11.7542520264,31.6170221606,-70.1413498916)) ;
#2803=CARTESIAN_POINT('Vertex',(9.7543126032,31.6014560549,-70.1413498916)) ;
#2806=CARTESIAN_POINT('Line Origine',(9.74979841407,32.1814408611,-68.547806467)) ;
#2810=CARTESIAN_POINT('Vertex',(9.74528422503,32.7614256565,-66.9542630721)) ;
#2814=CARTESIAN_POINT('Control Point',(9.74528751995,32.7614256821,-66.9542630721)) ;
#2815=CARTESIAN_POINT('Control Point',(9.74436511292,32.8797360752,-66.6291980596)) ;
#2816=CARTESIAN_POINT('Control Point',(9.74584467521,32.9980651667,-66.3041330382)) ;
#2817=CARTESIAN_POINT('Control Point',(9.74972711849,33.1164148626,-65.979062791)) ;
#2818=CARTESIAN_POINT('Control Point',(9.75601192128,33.2347727973,-65.65402128)) ;
#2819=CARTESIAN_POINT('Control Point',(9.76469817619,33.3531266065,-65.3290424557)) ;
#2820=CARTESIAN_POINT('Vertex',(9.76469817619,33.3531266065,-65.3290424557)) ;
#2824=CARTESIAN_POINT('Control Point',(9.76469817619,33.3531266065,-65.3290424557)) ;
#2825=CARTESIAN_POINT('Control Point',(9.77338354405,33.4714683291,-65.0040968187)) ;
#2826=CARTESIAN_POINT('Control Point',(9.78446987358,33.5898059271,-64.6792138556)) ;
#2827=CARTESIAN_POINT('Control Point',(9.79795625766,33.7081270396,-64.3544275065)) ;
#2828=CARTESIAN_POINT('Control Point',(9.81384140345,33.8264193074,-64.0297717001)) ;
#2829=CARTESIAN_POINT('Control Point',(9.83212467905,33.9446846373,-63.7052411834)) ;
#2830=CARTESIAN_POINT('Vertex',(9.83212467905,33.9446846373,-63.7052411834)) ;
#2833=CARTESIAN_POINT('Line Origine',(9.81063641659,33.944517388,-63.7052411834)) ;
#2837=CARTESIAN_POINT('Vertex',(9.78914815322,33.9443502539,-63.7052408666)) ;
#2841=CARTESIAN_POINT('Control Point',(9.78914815322,33.9443502539,-63.7052408666)) ;
#2842=CARTESIAN_POINT('Control Point',(9.8235621646,34.2505488883,-62.8647284148)) ;
#2843=CARTESIAN_POINT('Control Point',(9.87395901866,34.5563583594,-62.025626921)) ;
#2844=CARTESIAN_POINT('Control Point',(9.94042628689,34.8618733283,-61.1876781868)) ;
#2845=CARTESIAN_POINT('Control Point',(10.0503973293,35.2682434156,-60.0735709594)) ;
#2846=CARTESIAN_POINT('Control Point',(10.1888779428,35.6735679738,-58.9629458544)) ;
#2847=CARTESIAN_POINT('Control Point',(10.2252539531,35.7747629597,-58.6857011929)) ;
#2848=CARTESIAN_POINT('Control Point',(10.2824775468,35.926431458,-58.2702316955)) ;
#2849=CARTESIAN_POINT('Control Point',(10.3437083951,36.0779499129,-57.855260117)) ;
#2850=CARTESIAN_POINT('Control Point',(10.3645637451,36.1284390521,-57.7169925144)) ;
#2851=CARTESIAN_POINT('Control Point',(10.3965231747,36.2041651375,-57.5096265193)) ;
#2852=CARTESIAN_POINT('Control Point',(10.4294711742,36.2798275152,-57.3024566936)) ;
#2853=CARTESIAN_POINT('Control Point',(10.4405652152,36.3050445625,-57.2334127562)) ;
#2854=CARTESIAN_POINT('Control Point',(10.4573543852,36.3428243237,-57.1299758751)) ;
#2855=CARTESIAN_POINT('Control Point',(10.4744122268,36.3806320712,-57.0264678495)) ;
#2856=CARTESIAN_POINT('Control Point',(10.4801254028,36.3932321104,-56.9919727442)) ;
#2857=CARTESIAN_POINT('Control Point',(10.4887691329,36.4121989307,-56.9400482475)) ;
#2858=CARTESIAN_POINT('Control Point',(10.4974426503,36.4310946878,-56.8883196262)) ;
#2859=CARTESIAN_POINT('Control Point',(10.5003369907,36.4373851294,-56.8710991955)) ;
#2860=CARTESIAN_POINT('Control Point',(10.5060962888,36.4498732979,-56.8369124292)) ;
#2861=CARTESIAN_POINT('Control Point',(10.5118874885,36.4623681344,-56.8027080253)) ;
#2862=CARTESIAN_POINT('Control Point',(10.5148085532,36.4686543747,-56.7854997086)) ;
#2863=CARTESIAN_POINT('Control Point',(10.5177697952,36.4750113219,-56.7680979911)) ;
#2864=CARTESIAN_POINT('Control Point',(10.5207818597,36.4814626848,-56.7504379635)) ;
#2865=CARTESIAN_POINT('Vertex',(10.5207818597,36.4814626848,-56.7504379635)) ;
#2869=CARTESIAN_POINT('Control Point',(10.5207818597,36.4814626848,-56.7504379635)) ;
#2870=CARTESIAN_POINT('Control Point',(10.7669210979,37.0086537539,-55.3072996594)) ;
#2871=CARTESIAN_POINT('Control Point',(11.0600204057,37.53258711,-53.8741157599)) ;
#2872=CARTESIAN_POINT('Control Point',(11.4008796602,38.0537315351,-52.449615441)) ;
#2873=CARTESIAN_POINT('Control Point',(11.7883308832,38.5699500114,-51.0396449565)) ;
#2874=CARTESIAN_POINT('Control Point',(12.2226436676,39.0817388235,-49.6428465822)) ;
#2875=CARTESIAN_POINT('Vertex',(12.2226436676,39.0817388235,-49.6428465822)) ;
#2879=CARTESIAN_POINT('Control Point',(19.6808962308,44.4133552516,-35.1542800141)) ;
#2880=CARTESIAN_POINT('Control Point',(17.7274948191,43.4304215224,-37.8130153726)) ;
#2881=CARTESIAN_POINT('Control Point',(15.9928684781,42.397410328,-40.6140115026)) ;
#2882=CARTESIAN_POINT('Control Point',(14.4909211989,41.3225305239,-43.5350127619)) ;
#2883=CARTESIAN_POINT('Control Point',(13.2319813919,40.2143623062,-46.5526668296)) ;
#2884=CARTESIAN_POINT('Control Point',(12.2226436676,39.0817388235,-49.6428465822)) ;
#2900=CARTESIAN_POINT('Axis2P3D Location',(64.0866076197,40.7434878634,-66.4004436592)) ;
#2905=CARTESIAN_POINT('Line Origine',(17.1582122585,43.9811271429,-39.034556465)) ;
#2909=CARTESIAN_POINT('Vertex',(17.2065751861,37.7674390368,-38.2164842877)) ;
#2911=CARTESIAN_POINT('Vertex',(17.2207517609,35.9460271042,-37.9766834352)) ;
#2915=CARTESIAN_POINT('Control Point',(17.2065751868,37.7674389578,-38.2164841182)) ;
#2916=CARTESIAN_POINT('Control Point',(17.9763032969,40.0463957613,-37.1661375753)) ;
#2917=CARTESIAN_POINT('Control Point',(18.8027938798,42.2653871047,-36.143706157)) ;
#2918=CARTESIAN_POINT('Control Point',(19.6808962313,44.4133552517,-35.1542800134)) ;
#2920=CARTESIAN_POINT('Line Origine',(12.1961802184,42.4868324194,-50.0911617908)) ;
#2924=CARTESIAN_POINT('Vertex',(12.2740815494,32.4689049494,-48.7722152142)) ;
#2927=CARTESIAN_POINT('Axis2P3D Location',(64.1645800584,30.7255580664,-65.0815182326)) ;
#2931=CARTESIAN_POINT('Vertex',(15.2400262314,33.4618523342,-41.4055999249)) ;
#2935=CARTESIAN_POINT('Control Point',(15.2400262307,33.4618524284,-41.4055999373)) ;
#2936=CARTESIAN_POINT('Control Point',(15.3083239474,33.4806760989,-41.2666432061)) ;
#2937=CARTESIAN_POINT('Control Point',(15.3767170352,33.5022370173,-41.1290901704)) ;
#2938=CARTESIAN_POINT('Control Point',(15.445220618,33.5266174627,-40.9928934727)) ;
#2939=CARTESIAN_POINT('Control Point',(15.5361101469,33.5627424771,-40.8142479049)) ;
#2940=CARTESIAN_POINT('Control Point',(15.6269318087,33.6040154216,-40.6384269607)) ;
#2941=CARTESIAN_POINT('Control Point',(15.6493804881,33.6145362296,-40.5951323825)) ;
#2942=CARTESIAN_POINT('Control Point',(15.6829835097,33.6307691998,-40.5305700166)) ;
#2943=CARTESIAN_POINT('Control Point',(15.7165413416,33.6477041631,-40.4664567514)) ;
#2944=CARTESIAN_POINT('Control Point',(15.7276745932,33.653402835,-40.44522625)) ;
#2945=CARTESIAN_POINT('Control Point',(15.7498807689,33.6649275741,-40.402958822)) ;
#2946=CARTESIAN_POINT('Control Point',(15.772144336,33.6768121467,-40.3607412729)) ;
#2947=CARTESIAN_POINT('Control Point',(15.7834822825,33.682940206,-40.3392854899)) ;
#2948=CARTESIAN_POINT('Control Point',(15.7938076439,33.6886079674,-40.3197743518)) ;
#2949=CARTESIAN_POINT('Control Point',(15.8055358465,33.6951263187,-40.2976593619)) ;
#2950=CARTESIAN_POINT('Vertex',(15.8055764645,33.6949939223,-40.2976418836)) ;
#2954=CARTESIAN_POINT('Control Point',(15.8055358465,33.6951263187,-40.2976593619)) ;
#2955=CARTESIAN_POINT('Control Point',(15.877974309,33.7353864816,-40.1610675982)) ;
#2956=CARTESIAN_POINT('Control Point',(15.9499549034,33.7788903363,-40.0270101423)) ;
#2957=CARTESIAN_POINT('Control Point',(16.0214795758,33.8258370585,-39.89544778)) ;
#2958=CARTESIAN_POINT('Control Point',(16.1148972896,33.8923972258,-39.7257382562)) ;
#2959=CARTESIAN_POINT('Control Point',(16.2067393515,33.9652805796,-39.5616341595)) ;
#2960=CARTESIAN_POINT('Control Point',(16.2290973534,33.9834839132,-39.5218495667)) ;
#2961=CARTESIAN_POINT('Control Point',(16.2623509029,34.0112626477,-39.4629223913)) ;
#2962=CARTESIAN_POINT('Control Point',(16.2953351285,34.0398819758,-39.4048342848)) ;
#2963=CARTESIAN_POINT('Control Point',(16.3062044818,34.0494315298,-39.3857320948)) ;
#2964=CARTESIAN_POINT('Control Point',(16.3278219524,34.0686595472,-39.3478186462)) ;
#2965=CARTESIAN_POINT('Control Point',(16.3494038203,34.0883516757,-39.3101261917)) ;
#2966=CARTESIAN_POINT('Control Point',(16.3603900917,34.0984890035,-39.2909818256)) ;
#2967=CARTESIAN_POINT('Control Point',(16.370221302,34.1076900474,-39.2738788868)) ;
#2968=CARTESIAN_POINT('Control Point',(16.3816211659,34.1184884372,-39.2540943082)) ;
#2969=CARTESIAN_POINT('Vertex',(16.3816226829,34.1184863546,-39.2540940459)) ;
#2973=CARTESIAN_POINT('Control Point',(16.3816211659,34.1184884372,-39.2540943082)) ;
#2974=CARTESIAN_POINT('Control Point',(16.4171997756,34.1521898657,-39.1923472729)) ;
#2975=CARTESIAN_POINT('Control Point',(16.4524090472,34.1869530014,-39.1316766116)) ;
#2976=CARTESIAN_POINT('Control Point',(16.4872266561,34.2228103834,-39.0721133808)) ;
#2977=CARTESIAN_POINT('Control Point',(16.5327542183,34.2718348771,-38.9948063362)) ;
#2978=CARTESIAN_POINT('Control Point',(16.5773257727,34.3227503674,-38.919873069)) ;
#2979=CARTESIAN_POINT('Control Point',(16.588227139,34.3353861528,-38.901591898)) ;
#2980=CARTESIAN_POINT('Control Point',(16.609761494,34.3607051357,-38.8655692252)) ;
#2981=CARTESIAN_POINT('Control Point',(16.6311385828,34.3866054851,-38.8299933088)) ;
#2982=CARTESIAN_POINT('Control Point',(16.6419304046,34.3998590234,-38.8120816213)) ;
#2983=CARTESIAN_POINT('Control Point',(16.6515867123,34.4119213333,-38.7960910238)) ;
#2984=CARTESIAN_POINT('Control Point',(16.6627136216,34.4260181781,-38.7777172144)) ;
#2985=CARTESIAN_POINT('Vertex',(16.6627134366,34.4260183452,-38.7777172307)) ;
#2989=CARTESIAN_POINT('Control Point',(16.6627136216,34.4260181781,-38.7777172144)) ;
#2990=CARTESIAN_POINT('Control Point',(16.6972829121,34.46981452,-38.7206331181)) ;
#2991=CARTESIAN_POINT('Control Point',(16.7311659983,34.5149397013,-38.6651822527)) ;
#2992=CARTESIAN_POINT('Control Point',(16.7643549838,34.5615001113,-38.6113715664)) ;
#2993=CARTESIAN_POINT('Control Point',(16.8069572081,34.6246521671,-38.5429702696)) ;
#2994=CARTESIAN_POINT('Control Point',(16.8478635987,34.6901685278,-38.4781919301)) ;
#2995=CARTESIAN_POINT('Control Point',(16.857763244,34.7063326068,-38.4625708477)) ;
#2996=CARTESIAN_POINT('Control Point',(16.8724045717,34.7307121095,-38.4395515587)) ;
#2997=CARTESIAN_POINT('Control Point',(16.8867873402,34.7553802526,-38.4170638873)) ;
#2998=CARTESIAN_POINT('Control Point',(16.891513136,34.7635664798,-38.4096889721)) ;
#2999=CARTESIAN_POINT('Control Point',(16.9008710876,34.7799373031,-38.3951126655)) ;
#3000=CARTESIAN_POINT('Control Point',(16.9101630037,34.7965352846,-38.3806964582)) ;
#3001=CARTESIAN_POINT('Control Point',(16.9148591974,34.8049978242,-38.3734242074)) ;
#3002=CARTESIAN_POINT('Control Point',(16.9189938831,34.812539673,-38.367034052)) ;
#3003=CARTESIAN_POINT('Control Point',(16.9239457295,34.8216654139,-38.359397671)) ;
#3004=CARTESIAN_POINT('Vertex',(16.9239461572,34.8216651592,-38.3593976438)) ;
#3008=CARTESIAN_POINT('Control Point',(16.9239457295,34.8216654139,-38.359397671)) ;
#3009=CARTESIAN_POINT('Control Point',(16.9550599566,34.8790057178,-38.3114155495)) ;
#3010=CARTESIAN_POINT('Control Point',(16.9847930554,34.9378600179,-38.2662295033)) ;
#3011=CARTESIAN_POINT('Control Point',(17.013100532,34.9984916218,-38.2239162129)) ;
#3012=CARTESIAN_POINT('Control Point',(17.0480349126,35.0804339276,-38.1727156494)) ;
#3013=CARTESIAN_POINT('Control Point',(17.0795903422,35.1647888303,-38.1278736327)) ;
#3014=CARTESIAN_POINT('Control Point',(17.087061001,35.185450924,-38.1173500335)) ;
#3015=CARTESIAN_POINT('Control Point',(17.1014434112,35.2266126446,-38.0972733194)) ;
#3016=CARTESIAN_POINT('Control Point',(17.1150297545,35.2685552362,-38.0787055082)) ;
#3017=CARTESIAN_POINT('Control Point',(17.1217064,35.2898920218,-38.0696766924)) ;
#3018=CARTESIAN_POINT('Control Point',(17.1273896046,35.308923826,-38.0620977192)) ;
#3019=CARTESIAN_POINT('Control Point',(17.1339886746,35.3319222059,-38.0534133384)) ;
#3020=CARTESIAN_POINT('Vertex',(17.1339886118,35.3319222252,-38.0534133403)) ;
#3024=CARTESIAN_POINT('Control Point',(17.1339886746,35.3319222059,-38.0534133384)) ;
#3025=CARTESIAN_POINT('Control Point',(17.1908243521,35.5299998903,-37.9786175471)) ;
#3026=CARTESIAN_POINT('Control Point',(17.2224020611,35.740002996,-37.9494788475)) ;
#3027=CARTESIAN_POINT('Control Point',(17.2207517609,35.9460271042,-37.9766834354)) ;
#3043=CARTESIAN_POINT('Axis2P3D Location',(9.63888831158,46.4312148003,-65.5861824993)) ;
#3048=CARTESIAN_POINT('Axis2P3D Location',(10.046859739,-5.98511572434,-56.4605420742)) ;
#3052=CARTESIAN_POINT('Vertex',(9.75918368323,30.9756178291,-71.7517937217)) ;
#3055=CARTESIAN_POINT('Line Origine',(9.77367460436,29.1138185445,-71.0741336746)) ;
#3059=CARTESIAN_POINT('Vertex',(9.78816552549,27.2520192598,-70.3964736275)) ;
#3062=CARTESIAN_POINT('Line Origine',(9.78135111769,28.1275370701,-67.9909353545)) ;
#3066=CARTESIAN_POINT('Vertex',(9.77454222825,29.0027690458,-65.5861824997)) ;
#3069=CARTESIAN_POINT('Line Origine',(9.75991158016,30.8820973383,-66.2702227859)) ;
#3082=CARTESIAN_POINT('Axis2P3D Location',(13.1467658206,-5.96098284631,-56.4605441741)) ;
#3088=CARTESIAN_POINT('Control Point',(13.7094890184,30.2968065131,-73.3652746811)) ;
#3089=CARTESIAN_POINT('Control Point',(13.669107971,29.8089467243,-74.4107876908)) ;
#3090=CARTESIAN_POINT('Control Point',(13.6028636365,29.2711274669,-75.4447358598)) ;
#3091=CARTESIAN_POINT('Control Point',(13.5122846142,28.6839274972,-76.460544173)) ;
#3092=CARTESIAN_POINT('Vertex',(13.7094899143,30.2966914153,-73.3652210085)) ;
#3094=CARTESIAN_POINT('Vertex',(13.5122846142,28.6839274973,-76.4605441728)) ;
#3097=CARTESIAN_POINT('Line Origine',(12.8771529607,28.6789840844,-76.4605441728)) ;
#3101=CARTESIAN_POINT('Vertex',(9.5541297326,28.6531188422,-76.4605500856)) ;
#3105=CARTESIAN_POINT('Control Point',(9.73947873734,30.2659063994,-73.3652754915)) ;
#3106=CARTESIAN_POINT('Control Point',(9.71008855239,29.774449733,-74.4186851816)) ;
#3107=CARTESIAN_POINT('Control Point',(9.64827082182,29.2358088244,-75.452597569)) ;
#3108=CARTESIAN_POINT('Control Point',(9.55412974647,28.6531171769,-76.4605491241)) ;
#3109=CARTESIAN_POINT('Vertex',(9.73947887857,30.2658883612,-73.3652670799)) ;
#3113=CARTESIAN_POINT('Control Point',(9.75918372718,30.9756121146,-71.7517913556)) ;
#3114=CARTESIAN_POINT('Control Point',(9.76092451342,30.7510452019,-72.2946284447)) ;
#3115=CARTESIAN_POINT('Control Point',(9.75433677311,30.5143595573,-72.8327301057)) ;
#3116=CARTESIAN_POINT('Control Point',(9.73947876182,30.2659067949,-73.3652746439)) ;
#3118=CARTESIAN_POINT('Axis2P3D Location',(14.0467385428,-5.95397809889,-56.4605441741)) ;
#3122=CARTESIAN_POINT('Vertex',(13.7559658961,31.4046067321,-70.7522057534)) ;
#3126=CARTESIAN_POINT('Control Point',(13.7559658956,31.404606732,-70.7522057534)) ;
#3127=CARTESIAN_POINT('Control Point',(13.7585894845,31.0689035854,-71.6297914197)) ;
#3128=CARTESIAN_POINT('Control Point',(13.7428310041,30.6996240905,-72.5020122679)) ;
#3129=CARTESIAN_POINT('Control Point',(13.7094890199,30.2968065304,-73.3652746439)) ;
#3142=CARTESIAN_POINT('Axis2P3D Location',(17.1468709161,45.4382672999,-29.5109674411)) ;
#3147=CARTESIAN_POINT('Line Origine',(17.1322282502,47.3195628065,-32.5989159115)) ;
#3151=CARTESIAN_POINT('Vertex',(17.1322282502,47.3195628074,-31.3956883453)) ;
#3153=CARTESIAN_POINT('Vertex',(17.1322282502,47.3195628072,-33.802143478)) ;
#3156=CARTESIAN_POINT('Line Origine',(17.1694017185,42.5435008828,-36.0093137978)) ;
#3161=CARTESIAN_POINT('Line Origine',(17.2182710388,36.2647512728,-35.5556596985)) ;
#3165=CARTESIAN_POINT('Vertex',(17.2157903166,36.5834754398,-33.1346359609)) ;
#3169=CARTESIAN_POINT('Control Point',(17.2157903166,36.5834754405,-33.1346359609)) ;
#3170=CARTESIAN_POINT('Control Point',(17.2155795309,36.6105572629,-32.928922866)) ;
#3171=CARTESIAN_POINT('Control Point',(17.2151579629,36.6647204882,-32.7264918972)) ;
#3172=CARTESIAN_POINT('Control Point',(17.2145354276,36.7447040786,-32.5323037384)) ;
#3173=CARTESIAN_POINT('Control Point',(17.2129145653,36.9529531005,-32.1690063963)) ;
#3174=CARTESIAN_POINT('Control Point',(17.2106284132,37.2466788287,-31.8712383727)) ;
#3175=CARTESIAN_POINT('Control Point',(17.2093392598,37.4123097714,-31.7423785582)) ;
#3176=CARTESIAN_POINT('Control Point',(17.2068467743,37.7325452964,-31.5545704244)) ;
#3177=CARTESIAN_POINT('Control Point',(17.2040936249,38.0862710128,-31.4444569831)) ;
#3178=CARTESIAN_POINT('Control Point',(17.2028591761,38.2448734894,-31.4120387726)) ;
#3179=CARTESIAN_POINT('Control Point',(17.2016076234,38.4056734742,-31.3956883459)) ;
#3180=CARTESIAN_POINT('Control Point',(17.2003573811,38.566305103,-31.3956883459)) ;
#3181=CARTESIAN_POINT('Vertex',(17.200357381,38.5663051039,-31.3956883453)) ;
#3184=CARTESIAN_POINT('Line Origine',(17.1662928157,42.9429339548,-31.3956883459)) ;
#3198=CARTESIAN_POINT('Axis2P3D Location',(14.0467385433,-5.95397809888,-56.4605441741)) ;
#3203=CARTESIAN_POINT('Axis2P3D Location',(13.7615051274,30.6929241015,-69.799329764)) ;
#3207=CARTESIAN_POINT('Vertex',(14.4634189406,31.3628704499,-70.0411745266)) ;
#3210=CARTESIAN_POINT('Axis2P3D Location',(13.7615051274,30.6929241015,-69.799329764)) ;
#3214=CARTESIAN_POINT('Vertex',(14.761474839,30.700707154,-69.7993297638)) ;
#3217=CARTESIAN_POINT('Axis2P3D Location',(15.0467082549,-5.94619504603,-56.4605441741)) ;
#3221=CARTESIAN_POINT('Vertex',(14.7632037389,30.4785774048,-70.3945162217)) ;
#3225=CARTESIAN_POINT('Control Point',(13.7559658961,31.4046067321,-70.7522057534)) ;
#3226=CARTESIAN_POINT('Control Point',(13.9010775533,31.4057505811,-70.7521681033)) ;
#3227=CARTESIAN_POINT('Control Point',(14.0460162309,31.3823065989,-70.7427250544)) ;
#3228=CARTESIAN_POINT('Control Point',(14.1853302199,31.3342322793,-70.723877063)) ;
#3229=CARTESIAN_POINT('Control Point',(14.3903928467,31.2200149935,-70.6795048257)) ;
#3230=CARTESIAN_POINT('Control Point',(14.549934533,31.0573220345,-70.6167258759)) ;
#3231=CARTESIAN_POINT('Control Point',(14.5959574169,30.9960130424,-70.5931131992)) ;
#3232=CARTESIAN_POINT('Control Point',(14.6750209518,30.8724967172,-70.5455849787)) ;
#3233=CARTESIAN_POINT('Control Point',(14.7294294608,30.729954183,-70.4908507493)) ;
#3234=CARTESIAN_POINT('Control Point',(14.7517263039,30.646939487,-70.4590033632)) ;
#3235=CARTESIAN_POINT('Control Point',(14.7625482178,30.5627990367,-70.4267599945)) ;
#3236=CARTESIAN_POINT('Control Point',(14.7632037389,30.4785774048,-70.3945162217)) ;
#3246=CARTESIAN_POINT('Axis2P3D Location',(7.3278857608,22.142492522,-26.3956883453)) ;
#3250=CARTESIAN_POINT('Vertex',(7.30453660227,25.1424016572,-26.3956883453)) ;
#3252=CARTESIAN_POINT('Vertex',(7.35123491937,19.1425833876,-26.3956883453)) ;
#3255=CARTESIAN_POINT('Axis2P3D Location',(7.3278857608,22.142492522,-26.3956883453)) ;
#3265=CARTESIAN_POINT('Control Point',(7.34111695072,20.4425440118,-26.3956883453)) ;
#3266=CARTESIAN_POINT('Control Point',(7.5327264548,20.4440353631,-26.3956883453)) ;
#3267=CARTESIAN_POINT('Control Point',(7.72412499562,20.4725232645,-26.3956883453)) ;
#3268=CARTESIAN_POINT('Control Point',(7.91029396092,20.5279942031,-26.3956883453)) ;
#3269=CARTESIAN_POINT('Control Point',(8.26185023719,20.6898293516,-26.3956883453)) ;
#3270=CARTESIAN_POINT('Control Point',(8.55500273852,20.9424980341,-26.3956883453)) ;
#3271=CARTESIAN_POINT('Control Point',(8.68274284962,21.0888481781,-26.3956883453)) ;
#3272=CARTESIAN_POINT('Control Point',(8.89346650276,21.4134679183,-26.3956883453)) ;
#3273=CARTESIAN_POINT('Control Point',(9.00629267126,21.7836707159,-26.3956883453)) ;
#3274=CARTESIAN_POINT('Control Point',(9.03608971538,21.9756291435,-26.3956883453)) ;
#3275=CARTESIAN_POINT('Control Point',(9.040796958,22.3626178702,-26.3956883453)) ;
#3276=CARTESIAN_POINT('Control Point',(8.93839593077,22.7358388304,-26.3956883453)) ;
#3277=CARTESIAN_POINT('Control Point',(8.86103269317,22.9140264606,-26.3956883453)) ;
#3278=CARTESIAN_POINT('Control Point',(8.65826742203,23.2436757824,-26.3956883453)) ;
#3279=CARTESIAN_POINT('Control Point',(8.3723152202,23.5044653376,-26.3956883453)) ;
#3280=CARTESIAN_POINT('Control Point',(8.21172270244,23.6137628585,-26.3956883453)) ;
#3281=CARTESIAN_POINT('Control Point',(7.93820835263,23.7478287731,-26.3956883453)) ;
#3282=CARTESIAN_POINT('Control Point',(7.64392167759,23.8183067124,-26.3956883453)) ;
#3283=CARTESIAN_POINT('Control Point',(7.53473428118,23.8352552557,-26.3956883453)) ;
#3284=CARTESIAN_POINT('Control Point',(7.4246598431,23.843297235,-26.3956883453)) ;
#3285=CARTESIAN_POINT('Control Point',(7.31465457088,23.8424410322,-26.3956883453)) ;
#3286=CARTESIAN_POINT('Vertex',(7.34111695066,20.4425440127,-26.3956883453)) ;
#3288=CARTESIAN_POINT('Vertex',(7.31465457099,23.8424410321,-26.3956883453)) ;
#3292=CARTESIAN_POINT('Control Point',(7.31465457088,23.8424410322,-26.3956883453)) ;
#3293=CARTESIAN_POINT('Control Point',(7.12304506414,23.8409496801,-26.3956883453)) ;
#3294=CARTESIAN_POINT('Control Point',(6.93164652075,23.812461778,-26.3956883453)) ;
#3295=CARTESIAN_POINT('Control Point',(6.74547756343,23.7569908436,-26.3956883453)) ;
#3296=CARTESIAN_POINT('Control Point',(6.39392128735,23.5951556954,-26.3956883453)) ;
#3297=CARTESIAN_POINT('Control Point',(6.10076878623,23.3424870135,-26.3956883453)) ;
#3298=CARTESIAN_POINT('Control Point',(5.97302866654,23.1961368608,-26.3956883453)) ;
#3299=CARTESIAN_POINT('Control Point',(5.76230501772,22.8715171253,-26.3956883453)) ;
#3300=CARTESIAN_POINT('Control Point',(5.64947885047,22.5013143339,-26.3956883453)) ;
#3301=CARTESIAN_POINT('Control Point',(5.619681806,22.3093558944,-26.3956883453)) ;
#3302=CARTESIAN_POINT('Control Point',(5.61497456443,21.9223671721,-26.3956883453)) ;
#3303=CARTESIAN_POINT('Control Point',(5.71737559028,21.5491462161,-26.3956883453)) ;
#3304=CARTESIAN_POINT('Control Point',(5.79473882972,21.3709585812,-26.3956883453)) ;
#3305=CARTESIAN_POINT('Control Point',(5.99750409929,21.0413092627,-26.3956883453)) ;
#3306=CARTESIAN_POINT('Control Point',(6.28345629795,20.7805197096,-26.3956883453)) ;
#3307=CARTESIAN_POINT('Control Point',(6.44404882345,20.6712221835,-26.3956883453)) ;
#3308=CARTESIAN_POINT('Control Point',(6.71756316423,20.5371562738,-26.3956883453)) ;
#3309=CARTESIAN_POINT('Control Point',(7.01184982888,20.4666783353,-26.3956883453)) ;
#3310=CARTESIAN_POINT('Control Point',(7.12103725588,20.4497297863,-26.3956883453)) ;
#3311=CARTESIAN_POINT('Control Point',(7.23111168623,20.4416878082,-26.3956883453)) ;
#3312=CARTESIAN_POINT('Control Point',(7.34111695072,20.4425440118,-26.3956883453)) ;
#3320=CARTESIAN_POINT('Control Point',(-17.7137106422,46.1153198882,-32.4374717295)) ;
#3321=CARTESIAN_POINT('Control Point',(-17.9335743254,46.0958761713,-32.0757590579)) ;
#3322=CARTESIAN_POINT('Control Point',(-18.058103121,46.0848634264,-31.6555984609)) ;
#3323=CARTESIAN_POINT('Control Point',(-18.0661593273,46.0841509732,-31.2107200286)) ;
#3324=CARTESIAN_POINT('Control Point',(-17.8478050624,46.1034612042,-30.361915535)) ;
#3325=CARTESIAN_POINT('Control Point',(-17.2398019422,46.1572301595,-29.7326607031)) ;
#3326=CARTESIAN_POINT('Control Point',(-16.8573235229,46.1910547639,-29.5078310244)) ;
#3327=CARTESIAN_POINT('Control Point',(-16.4351931792,46.2283859993,-29.3956883452)) ;
#3328=CARTESIAN_POINT('Control Point',(-16.0131022023,46.2657137532,-29.3956883453)) ;
#3329=CARTESIAN_POINT('Control Point',(-17.5780818186,44.5261034315,-32.4294500281)) ;
#3330=CARTESIAN_POINT('Control Point',(-17.7957815259,44.5070398032,-32.0675024384)) ;
#3331=CARTESIAN_POINT('Control Point',(-17.918287679,44.4963128189,-31.6478158809)) ;
#3332=CARTESIAN_POINT('Control Point',(-17.9247634632,44.4957470457,-31.2039958603)) ;
#3333=CARTESIAN_POINT('Control Point',(-17.7044597144,44.5150422588,-30.3578315535)) ;
#3334=CARTESIAN_POINT('Control Point',(-17.0967175295,44.5682662677,-29.7311633741)) ;
#3335=CARTESIAN_POINT('Control Point',(-16.7148815367,44.6017057643,-29.507334279)) ;
#3336=CARTESIAN_POINT('Control Point',(-16.2936560725,44.638594647,-29.3956883451)) ;
#3337=CARTESIAN_POINT('Control Point',(-15.8724693755,44.6754801351,-29.3956883453)) ;
#3338=CARTESIAN_POINT('Control Point',(-17.4440802517,42.9367412853,-32.4214276556)) ;
#3339=CARTESIAN_POINT('Control Point',(-17.6596261464,42.9180501383,-32.0592617021)) ;
#3340=CARTESIAN_POINT('Control Point',(-17.7801239992,42.9076021363,-31.6400591718)) ;
#3341=CARTESIAN_POINT('Control Point',(-17.7850340072,42.907178281,-31.1973000324)) ;
#3342=CARTESIAN_POINT('Control Point',(-17.5628038661,42.9264543016,-30.3537708743)) ;
#3343=CARTESIAN_POINT('Control Point',(-16.9553312081,42.9791388747,-29.7296754816)) ;
#3344=CARTESIAN_POINT('Control Point',(-16.5741375693,43.0121982406,-29.5068406394)) ;
#3345=CARTESIAN_POINT('Control Point',(-16.1538145971,43.0486508883,-29.3956883451)) ;
#3346=CARTESIAN_POINT('Control Point',(-15.7335298045,43.0851002254,-29.3956883453)) ;
#3347=CARTESIAN_POINT('Control Point',(-17.3116828214,41.3472382236,-32.4134046352)) ;
#3348=CARTESIAN_POINT('Control Point',(-17.5250849998,41.3289121782,-32.0510365667)) ;
#3349=CARTESIAN_POINT('Control Point',(-17.6435887095,41.3187365963,-31.6323278408)) ;
#3350=CARTESIAN_POINT('Control Point',(-17.6469473534,41.3184500572,-31.190631985)) ;
#3351=CARTESIAN_POINT('Control Point',(-17.4228135189,41.3377028603,-30.349733018)) ;
#3352=CARTESIAN_POINT('Control Point',(-16.8156188175,41.3898533359,-29.7281968267)) ;
#3353=CARTESIAN_POINT('Control Point',(-16.4350674635,41.4225373848,-29.5063500403)) ;
#3354=CARTESIAN_POINT('Control Point',(-16.0156446454,41.4585597112,-29.3956883451)) ;
#3355=CARTESIAN_POINT('Control Point',(-15.5962594305,41.4945788086,-29.3956883453)) ;
#3356=CARTESIAN_POINT('Control Point',(-17.180867954,39.7576021407,-32.4053810058)) ;
#3357=CARTESIAN_POINT('Control Point',(-17.3921364522,39.7396340283,-32.0428267816)) ;
#3358=CARTESIAN_POINT('Control Point',(-17.5086600032,39.7297245051,-31.6246214355)) ;
#3359=CARTESIAN_POINT('Control Point',(-17.5104814763,39.7295708294,-31.1839912005)) ;
#3360=CARTESIAN_POINT('Control Point',(-17.2844662784,39.7487965286,-30.3457175376)) ;
#3361=CARTESIAN_POINT('Control Point',(-16.677557811,39.8004180857,-29.7267272234)) ;
#3362=CARTESIAN_POINT('Control Point',(-16.2976486759,39.8327314798,-29.5058624207)) ;
#3363=CARTESIAN_POINT('Control Point',(-15.8791237205,39.8683292102,-29.3956883452)) ;
#3364=CARTESIAN_POINT('Control Point',(-15.4606358031,39.9039237908,-29.3956883453)) ;
#3365=CARTESIAN_POINT('Control Point',(-17.0516147808,38.167835974,-32.3973567816)) ;
#3366=CARTESIAN_POINT('Control Point',(-17.2607595704,38.1502188253,-32.0346320833)) ;
#3367=CARTESIAN_POINT('Control Point',(-17.3753167755,38.1405691883,-31.6169395023)) ;
#3368=CARTESIAN_POINT('Control Point',(-17.3756150572,38.1405440628,-31.1773771659)) ;
#3369=CARTESIAN_POINT('Control Point',(-17.147740469,38.1597389014,-30.3417239952)) ;
#3370=CARTESIAN_POINT('Control Point',(-16.5411263707,38.2108365681,-29.7252664902)) ;
#3371=CARTESIAN_POINT('Control Point',(-16.1618593947,38.2427838267,-29.5053777211)) ;
#3372=CARTESIAN_POINT('Control Point',(-15.7442300589,38.2779625089,-29.3956883453)) ;
#3373=CARTESIAN_POINT('Control Point',(-15.3266372068,38.313138118,-29.3956883453)) ;
#3375=CARTESIAN_POINT('Control Point',(-16.0100840194,46.231581496,-29.3956883453)) ;
#3376=CARTESIAN_POINT('Control Point',(-16.1440442243,46.2305660957,-29.3956883453)) ;
#3377=CARTESIAN_POINT('Control Point',(-16.2776471289,46.2254248577,-29.4068242918)) ;
#3378=CARTESIAN_POINT('Control Point',(-16.4098295437,46.2162414387,-29.4291593959)) ;
#3379=CARTESIAN_POINT('Control Point',(-16.6036680495,46.1965946113,-29.4790773117)) ;
#3380=CARTESIAN_POINT('Control Point',(-16.7879492468,46.1685129317,-29.5524147782)) ;
#3381=CARTESIAN_POINT('Control Point',(-16.8485490333,46.1581703717,-29.5795918028)) ;
#3382=CARTESIAN_POINT('Control Point',(-16.9688926585,46.1352783396,-29.6398135921)) ;
#3383=CARTESIAN_POINT('Control Point',(-17.0839443719,46.1085813708,-29.7105442447)) ;
#3384=CARTESIAN_POINT('Control Point',(-17.1287078749,46.0973127512,-29.7407576275)) ;
#3385=CARTESIAN_POINT('Control Point',(-17.2909800363,46.0527748333,-29.8597193781)) ;
#3386=CARTESIAN_POINT('Control Point',(-17.4357574634,46.0010581088,-29.9983423879)) ;
#3387=CARTESIAN_POINT('Control Point',(-17.5256327242,45.962927186,-30.1014897577)) ;
#3388=CARTESIAN_POINT('Control Point',(-17.6437629573,45.9033469299,-30.2625028598)) ;
#3389=CARTESIAN_POINT('Control Point',(-17.7404851045,45.8385336723,-30.4386037807)) ;
#3390=CARTESIAN_POINT('Control Point',(-17.7667251283,45.8189228648,-30.4918291267)) ;
#3391=CARTESIAN_POINT('Control Point',(-17.823148869,45.7721531812,-30.6192491154)) ;
#3392=CARTESIAN_POINT('Control Point',(-17.8674325982,45.7243064817,-30.749717383)) ;
#3393=CARTESIAN_POINT('Control Point',(-17.8832731285,45.7046672489,-30.8033681394)) ;
#3394=CARTESIAN_POINT('Control Point',(-17.9166054556,45.6556914581,-30.9371690957)) ;
#3395=CARTESIAN_POINT('Control Point',(-17.9379060845,45.6064323143,-31.072087723)) ;
#3396=CARTESIAN_POINT('Control Point',(-17.9461727355,45.5797023329,-31.1453891512)) ;
#3397=CARTESIAN_POINT('Control Point',(-17.967425505,45.4677169786,-31.4525067733)) ;
#3398=CARTESIAN_POINT('Control Point',(-17.9289831153,45.3544515021,-31.764455247)) ;
#3399=CARTESIAN_POINT('Control Point',(-17.8623512735,45.2694376766,-31.9992943649)) ;
#3400=CARTESIAN_POINT('Control Point',(-17.7616374177,45.1883949368,-32.2243905711)) ;
#3401=CARTESIAN_POINT('Control Point',(-17.6284877373,45.1136822479,-32.4324158906)) ;
#3402=CARTESIAN_POINT('Vertex',(-16.0100840189,46.2315814959,-29.3956883453)) ;
#3404=CARTESIAN_POINT('Vertex',(-17.6284876691,45.1136741528,-32.4324129406)) ;
#3408=CARTESIAN_POINT('Control Point',(-16.0100840194,46.231581496,-29.3956883453)) ;
#3409=CARTESIAN_POINT('Control Point',(-15.8700838389,44.6481718233,-29.3956883453)) ;
#3410=CARTESIAN_POINT('Control Point',(-15.7317621009,43.0646171735,-29.3956883453)) ;
#3411=CARTESIAN_POINT('Control Point',(-15.5950950688,41.4809222962,-29.3956883453)) ;
#3412=CARTESIAN_POINT('Control Point',(-15.4600605831,39.8970949749,-29.3956883453)) ;
#3413=CARTESIAN_POINT('Control Point',(-15.3266372068,38.313138118,-29.3956883453)) ;
#3414=CARTESIAN_POINT('Vertex',(-15.3266372074,38.3131381178,-29.3956883453)) ;
#3418=CARTESIAN_POINT('Control Point',(-17.0516147808,38.167835974,-32.3973567816)) ;
#3419=CARTESIAN_POINT('Control Point',(-17.2607595704,38.1502188253,-32.0346320833)) ;
#3420=CARTESIAN_POINT('Control Point',(-17.3753167755,38.1405691883,-31.6169395023)) ;
#3421=CARTESIAN_POINT('Control Point',(-17.3756150572,38.1405440628,-31.1773771659)) ;
#3422=CARTESIAN_POINT('Control Point',(-17.147740469,38.1597389014,-30.3417239952)) ;
#3423=CARTESIAN_POINT('Control Point',(-16.5411263707,38.2108365681,-29.7252664902)) ;
#3424=CARTESIAN_POINT('Control Point',(-16.1618593947,38.2427838267,-29.5053777211)) ;
#3425=CARTESIAN_POINT('Control Point',(-15.7442300589,38.2779625089,-29.3956883453)) ;
#3426=CARTESIAN_POINT('Control Point',(-15.3266372068,38.313138118,-29.3956883453)) ;
#3427=CARTESIAN_POINT('Vertex',(-17.0516147808,38.167835974,-32.3973567816)) ;
#3431=CARTESIAN_POINT('Control Point',(-17.6284870536,45.1136741904,-32.4324158503)) ;
#3432=CARTESIAN_POINT('Control Point',(-17.5106697066,43.7247184827,-32.4254050098)) ;
#3433=CARTESIAN_POINT('Control Point',(-17.3940886101,42.3356529797,-32.418393664)) ;
#3434=CARTESIAN_POINT('Control Point',(-17.2787285826,40.9464813076,-32.4113818305)) ;
#3435=CARTESIAN_POINT('Control Point',(-17.1645752828,39.5572083188,-32.4043695332)) ;
#3436=CARTESIAN_POINT('Control Point',(-17.0516147808,38.167835974,-32.3973567816)) ;
#3445=CARTESIAN_POINT('Axis2P3D Location',(-59.6323236783,37.592672924,-57.5059647967)) ;
#3450=CARTESIAN_POINT('Line Origine',(-10.9387373351,39.0051023569,-49.656498089)) ;
#3454=CARTESIAN_POINT('Vertex',(-10.9379307661,38.9014739774,-49.6428449649)) ;
#3456=CARTESIAN_POINT('Vertex',(-10.9018940867,34.2714672235,-49.0332843249)) ;
#3460=CARTESIAN_POINT('Control Point',(-10.9379310931,38.9015160536,-49.6428602804)) ;
#3461=CARTESIAN_POINT('Control Point',(-11.1021789409,39.2483531275,-48.6863706044)) ;
#3462=CARTESIAN_POINT('Control Point',(-11.2899041361,39.5895820789,-47.744647653)) ;
#3463=CARTESIAN_POINT('Control Point',(-11.4994213608,39.9242428796,-46.8204850234)) ;
#3464=CARTESIAN_POINT('Control Point',(-11.9025318209,40.4997677019,-45.2304101446)) ;
#3465=CARTESIAN_POINT('Control Point',(-12.3629737635,41.0539496483,-43.6981186984)) ;
#3466=CARTESIAN_POINT('Control Point',(-12.5709006877,41.2882281418,-43.0501450829)) ;
#3467=CARTESIAN_POINT('Control Point',(-12.8232715263,41.5556626376,-42.31022884)) ;
#3468=CARTESIAN_POINT('Control Point',(-13.0864338674,41.8167181798,-41.5875487378)) ;
#3469=CARTESIAN_POINT('Control Point',(-13.1276606912,41.8572839346,-41.4752125305)) ;
#3470=CARTESIAN_POINT('Control Point',(-13.2017661816,41.9293469313,-41.2756723715)) ;
#3471=CARTESIAN_POINT('Control Point',(-13.2740961975,41.9984985227,-41.0841880529)) ;
#3472=CARTESIAN_POINT('Control Point',(-13.3036086324,42.0265002096,-41.0066466597)) ;
#3473=CARTESIAN_POINT('Control Point',(-13.3364872228,42.0575122855,-40.9207479864)) ;
#3474=CARTESIAN_POINT('Control Point',(-13.3695584521,42.0884735717,-40.8349811043)) ;
#3475=CARTESIAN_POINT('Control Point',(-13.3746156046,42.0932026806,-40.8218806315)) ;
#3476=CARTESIAN_POINT('Control Point',(-13.3847255844,42.1026461061,-40.7957203079)) ;
#3477=CARTESIAN_POINT('Control Point',(-13.3948135083,42.1120476265,-40.7696753355)) ;
#3478=CARTESIAN_POINT('Control Point',(-13.3988489929,42.1158058719,-40.7592652399)) ;
#3479=CARTESIAN_POINT('Control Point',(-13.4044525399,42.1210164029,-40.7448285466)) ;
#3480=CARTESIAN_POINT('Control Point',(-13.4100621621,42.126226592,-40.7303940908)) ;
#3481=CARTESIAN_POINT('Vertex',(-13.4100619634,42.1262011278,-40.7303848216)) ;
#3485=CARTESIAN_POINT('Control Point',(-13.4100621621,42.126226592,-40.7303940908)) ;
#3486=CARTESIAN_POINT('Control Point',(-14.565907185,43.1997696945,-37.7562198156)) ;
#3487=CARTESIAN_POINT('Control Point',(-16.0030226707,44.2018384056,-34.9719817816)) ;
#3488=CARTESIAN_POINT('Control Point',(-17.6284877318,45.1136822485,-32.4324158872)) ;
#3491=CARTESIAN_POINT('Control Point',(-17.0516147798,38.1678359733,-32.3973567808)) ;
#3492=CARTESIAN_POINT('Control Point',(-17.0296564262,37.8974251996,-32.3959455379)) ;
#3493=CARTESIAN_POINT('Control Point',(-16.9831327223,37.6317610933,-32.4376050703)) ;
#3494=CARTESIAN_POINT('Control Point',(-16.9120780106,37.3746377373,-32.5232179618)) ;
#3495=CARTESIAN_POINT('Control Point',(-16.7758086601,37.0221485006,-32.7104523359)) ;
#3496=CARTESIAN_POINT('Control Point',(-16.6059079256,36.7328651249,-32.9717366235)) ;
#3497=CARTESIAN_POINT('Control Point',(-16.5467936366,36.6446004777,-33.06518616)) ;
#3498=CARTESIAN_POINT('Control Point',(-16.4001567892,36.458147452,-33.3037441186)) ;
#3499=CARTESIAN_POINT('Control Point',(-16.2441154729,36.3226278002,-33.5719797449)) ;
#3500=CARTESIAN_POINT('Control Point',(-16.1553715705,36.2643900026,-33.7291544845)) ;
#3501=CARTESIAN_POINT('Control Point',(-16.0657883152,36.2245572545,-33.8925365825)) ;
#3502=CARTESIAN_POINT('Control Point',(-15.9766823512,36.2033352534,-34.0597239743)) ;
#3503=CARTESIAN_POINT('Vertex',(-15.9766827101,36.2033352256,-34.0597241587)) ;
#3507=CARTESIAN_POINT('Control Point',(-15.9766823512,36.2033352534,-34.0597239743)) ;
#3508=CARTESIAN_POINT('Control Point',(-14.1072707521,35.7561340681,-37.5669674733)) ;
#3509=CARTESIAN_POINT('Control Point',(-12.619909202,35.2796227942,-41.2742503602)) ;
#3510=CARTESIAN_POINT('Control Point',(-11.5476105174,34.7817239176,-45.1194455462)) ;
#3511=CARTESIAN_POINT('Control Point',(-10.9018940886,34.2714674502,-49.0332843547)) ;
#3522=CARTESIAN_POINT('Axis2P3D Location',(-64.2852070924,34.763281058,-57.4801515108)) ;
#3527=CARTESIAN_POINT('Line Origine',(-10.2741350375,35.1843351722,-57.4750598404)) ;
#3531=CARTESIAN_POINT('Vertex',(-10.2806525115,36.0159585178,-57.5845484921)) ;
#3533=CARTESIAN_POINT('Vertex',(-10.2587311099,33.1994881076,-57.2135500951)) ;
#3537=CARTESIAN_POINT('Control Point',(-10.9378221946,38.9015190999,-49.6428435777)) ;
#3538=CARTESIAN_POINT('Control Point',(-10.5078298518,37.9477420072,-52.2723234899)) ;
#3539=CARTESIAN_POINT('Control Point',(-10.2884058993,36.9840991044,-54.9245173351)) ;
#3540=CARTESIAN_POINT('Control Point',(-10.2806078048,36.0159588666,-57.5845484877)) ;
#3542=CARTESIAN_POINT('Axis2P3D Location',(-64.2697582644,32.7784095208,-57.2188303005)) ;
#3554=CARTESIAN_POINT('Axis2P3D Location',(-10.3605059024,46.2755537435,-70.3956883453)) ;
#3559=CARTESIAN_POINT('Line Origine',(-10.2330285642,29.8972148575,-71.4176579934)) ;
#3563=CARTESIAN_POINT('Vertex',(-10.225853878,28.9754083384,-71.08127824)) ;
#3565=CARTESIAN_POINT('Vertex',(-10.2402029949,30.8190213791,-71.7540377466)) ;
#3568=CARTESIAN_POINT('Axis2P3D Location',(-9.9525345303,-6.14076966562,-56.4605448568)) ;
#3572=CARTESIAN_POINT('Vertex',(-10.2450816099,31.4457949961,-70.1413498968)) ;
#3575=CARTESIAN_POINT('Line Origine',(-10.2628670611,33.7308767566,-63.862949194)) ;
#3580=CARTESIAN_POINT('Line Origine',(-10.2581393842,33.1234629607,-57.7910359033)) ;
#3584=CARTESIAN_POINT('Vertex',(-10.2575478518,33.0474626348,-58.3683331765)) ;
#3588=CARTESIAN_POINT('Control Point',(-10.2575478518,33.0474626341,-58.3683331773)) ;
#3589=CARTESIAN_POINT('Control Point',(-10.256572666,32.9221703808,-59.3200514201)) ;
#3590=CARTESIAN_POINT('Control Point',(-10.2551934764,32.7449715606,-60.2649357438)) ;
#3591=CARTESIAN_POINT('Control Point',(-10.2534141443,32.5163622656,-61.1992133926)) ;
#3592=CARTESIAN_POINT('Control Point',(-10.2512417622,32.237253757,-62.1191599962)) ;
#3593=CARTESIAN_POINT('Control Point',(-10.248686465,31.9089481599,-63.0211996954)) ;
#3594=CARTESIAN_POINT('Vertex',(-10.248686465,31.9089481596,-63.0211996945)) ;
#3597=CARTESIAN_POINT('Line Origine',(-10.2372701715,30.4421782492,-67.0512389677)) ;
#3612=CARTESIAN_POINT('Axis2P3D Location',(7.15977181947,43.741838288,-26.3956883453)) ;
#3616=CARTESIAN_POINT('Vertex',(7.13642266101,46.7417474226,-26.3956883453)) ;
#3618=CARTESIAN_POINT('Vertex',(7.18312097794,40.7419291534,-26.3956883453)) ;
#3621=CARTESIAN_POINT('Axis2P3D Location',(7.15977181947,43.741838288,-26.3956883453)) ;
#3631=CARTESIAN_POINT('Control Point',(7.17300300939,42.0418897779,-26.3956883453)) ;
#3632=CARTESIAN_POINT('Control Point',(7.36461251487,42.0433811296,-26.3956883453)) ;
#3633=CARTESIAN_POINT('Control Point',(7.55601105705,42.0718690314,-26.3956883453)) ;
#3634=CARTESIAN_POINT('Control Point',(7.74218001718,42.1273399676,-26.3956883453)) ;
#3635=CARTESIAN_POINT('Control Point',(8.09373629468,42.2891751166,-26.3956883453)) ;
#3636=CARTESIAN_POINT('Control Point',(8.38688879677,42.5418438002,-26.3956883453)) ;
#3637=CARTESIAN_POINT('Control Point',(8.51462891063,42.6881939461,-26.3956883453)) ;
#3638=CARTESIAN_POINT('Control Point',(8.72535256175,43.0128136838,-26.3956883453)) ;
#3639=CARTESIAN_POINT('Control Point',(8.83817872973,43.3830164782,-26.3956883453)) ;
#3640=CARTESIAN_POINT('Control Point',(8.86797577449,43.5749749173,-26.3956883453)) ;
#3641=CARTESIAN_POINT('Control Point',(8.87268301589,43.9619636417,-26.3956883453)) ;
#3642=CARTESIAN_POINT('Control Point',(8.77028198872,44.3351845996,-26.3956883453)) ;
#3643=CARTESIAN_POINT('Control Point',(8.69291875099,44.5133722256,-26.3956883453)) ;
#3644=CARTESIAN_POINT('Control Point',(8.49015347898,44.8430215485,-26.3956883453)) ;
#3645=CARTESIAN_POINT('Control Point',(8.20420127577,45.1038111044,-26.3956883453)) ;
#3646=CARTESIAN_POINT('Control Point',(8.04360876243,45.2131086241,-26.3956883453)) ;
#3647=CARTESIAN_POINT('Control Point',(7.77009441516,45.3471745374,-26.3956883453)) ;
#3648=CARTESIAN_POINT('Control Point',(7.47580774306,45.4176524766,-26.3956883453)) ;
#3649=CARTESIAN_POINT('Control Point',(7.36662033287,45.4346010228,-26.3956883453)) ;
#3650=CARTESIAN_POINT('Control Point',(7.25654589827,45.4426430015,-26.3956883453)) ;
#3651=CARTESIAN_POINT('Control Point',(7.14654062955,45.4417867982,-26.3956883453)) ;
#3652=CARTESIAN_POINT('Vertex',(7.17300300912,42.0418897784,-26.3956883453)) ;
#3654=CARTESIAN_POINT('Vertex',(7.14654062946,45.4417867978,-26.3956883453)) ;
#3658=CARTESIAN_POINT('Control Point',(7.14654062955,45.4417867982,-26.3956883453)) ;
#3659=CARTESIAN_POINT('Control Point',(6.95493112323,45.4402954466,-26.3956883453)) ;
#3660=CARTESIAN_POINT('Control Point',(6.76353258022,45.4118075446,-26.3956883453)) ;
#3661=CARTESIAN_POINT('Control Point',(6.57736362335,45.356336609,-26.3956883453)) ;
#3662=CARTESIAN_POINT('Control Point',(6.22580734577,45.1945014603,-26.3956883453)) ;
#3663=CARTESIAN_POINT('Control Point',(5.93265484352,44.9418327772,-26.3956883453)) ;
#3664=CARTESIAN_POINT('Control Point',(5.80491472743,44.7954826301,-26.3956883453)) ;
#3665=CARTESIAN_POINT('Control Point',(5.59419107673,44.4708628929,-26.3956883453)) ;
#3666=CARTESIAN_POINT('Control Point',(5.48136490884,44.100660099,-26.3956883453)) ;
#3667=CARTESIAN_POINT('Control Point',(5.45156786464,43.9087016613,-26.3956883453)) ;
#3668=CARTESIAN_POINT('Control Point',(5.44686062297,43.5217129374,-26.3956883453)) ;
#3669=CARTESIAN_POINT('Control Point',(5.54926164962,43.1484919798,-26.3956883453)) ;
#3670=CARTESIAN_POINT('Control Point',(5.6266248871,42.9703043491,-26.3956883453)) ;
#3671=CARTESIAN_POINT('Control Point',(5.82939015773,42.6406550285,-26.3956883453)) ;
#3672=CARTESIAN_POINT('Control Point',(6.11534235846,42.379865474,-26.3956883453)) ;
#3673=CARTESIAN_POINT('Control Point',(6.27593487988,42.2705679505,-26.3956883453)) ;
#3674=CARTESIAN_POINT('Control Point',(6.54944922517,42.1365020384,-26.3956883453)) ;
#3675=CARTESIAN_POINT('Control Point',(6.84373589497,42.0660240995,-26.3956883453)) ;
#3676=CARTESIAN_POINT('Control Point',(6.95292330698,42.0490755534,-26.3956883453)) ;
#3677=CARTESIAN_POINT('Control Point',(7.06299774111,42.0410335747,-26.3956883453)) ;
#3678=CARTESIAN_POINT('Control Point',(7.17300300939,42.0418897779,-26.3956883453)) ;
#3685=CARTESIAN_POINT('Axis2P3D Location',(-7.83977385344,43.6250924957,-26.3956883453)) ;
#3689=CARTESIAN_POINT('Vertex',(-7.86312301376,46.6250016303,-26.3956883453)) ;
#3691=CARTESIAN_POINT('Vertex',(-7.81642469683,40.6251833611,-26.3956883453)) ;
#3694=CARTESIAN_POINT('Axis2P3D Location',(-7.8397738553,43.6250924957,-26.3956883453)) ;
#3704=CARTESIAN_POINT('Control Point',(-7.82654266538,41.9251439855,-26.3956883453)) ;
#3705=CARTESIAN_POINT('Control Point',(-7.63493315859,41.9266353372,-26.3956883453)) ;
#3706=CARTESIAN_POINT('Control Point',(-7.4435346151,41.9551232393,-26.3956883453)) ;
#3707=CARTESIAN_POINT('Control Point',(-7.25736565815,42.0105941743,-26.3956883453)) ;
#3708=CARTESIAN_POINT('Control Point',(-6.90580938035,42.1724293229,-26.3956883453)) ;
#3709=CARTESIAN_POINT('Control Point',(-6.61265687798,42.4250980062,-26.3956883453)) ;
#3710=CARTESIAN_POINT('Control Point',(-6.48491676285,42.571448154,-26.3956883453)) ;
#3711=CARTESIAN_POINT('Control Point',(-6.27419311117,42.8960678931,-26.3956883453)) ;
#3712=CARTESIAN_POINT('Control Point',(-6.16136694336,43.2662706892,-26.3956883453)) ;
#3713=CARTESIAN_POINT('Control Point',(-6.13156990043,43.4582291176,-26.3956883453)) ;
#3714=CARTESIAN_POINT('Control Point',(-6.12686265814,43.8452178458,-26.3956883453)) ;
#3715=CARTESIAN_POINT('Control Point',(-6.22926368651,44.2184388073,-26.3956883453)) ;
#3716=CARTESIAN_POINT('Control Point',(-6.30662692094,44.3966264315,-26.3956883453)) ;
#3717=CARTESIAN_POINT('Control Point',(-6.50939219256,44.7262757545,-26.3956883453)) ;
#3718=CARTESIAN_POINT('Control Point',(-6.79534439532,44.9870653105,-26.3956883453)) ;
#3719=CARTESIAN_POINT('Control Point',(-6.95593691451,45.0963628327,-26.3956883453)) ;
#3720=CARTESIAN_POINT('Control Point',(-7.2294512597,45.2304287448,-26.3956883453)) ;
#3721=CARTESIAN_POINT('Control Point',(-7.52373792939,45.3009066838,-26.3956883453)) ;
#3722=CARTESIAN_POINT('Control Point',(-7.63292534426,45.3178552305,-26.3956883453)) ;
#3723=CARTESIAN_POINT('Control Point',(-7.74299977767,45.325897209,-26.3956883453)) ;
#3724=CARTESIAN_POINT('Control Point',(-7.85300504522,45.3250410058,-26.3956883453)) ;
#3725=CARTESIAN_POINT('Vertex',(-7.82654266467,41.9251439857,-26.3956883453)) ;
#3727=CARTESIAN_POINT('Vertex',(-7.85300504435,45.3250410051,-26.3956883453)) ;
#3731=CARTESIAN_POINT('Control Point',(-7.85300504522,45.3250410058,-26.3956883453)) ;
#3732=CARTESIAN_POINT('Control Point',(-8.04461454928,45.3235496542,-26.3956883453)) ;
#3733=CARTESIAN_POINT('Control Point',(-8.23601309005,45.2950617528,-26.3956883453)) ;
#3734=CARTESIAN_POINT('Control Point',(-8.42218205558,45.2395908148,-26.3956883453)) ;
#3735=CARTESIAN_POINT('Control Point',(-8.77373833198,45.077755666,-26.3956883453)) ;
#3736=CARTESIAN_POINT('Control Point',(-9.06689083326,44.825086983,-26.3956883453)) ;
#3737=CARTESIAN_POINT('Control Point',(-9.19463094407,44.6787368383,-26.3956883453)) ;
#3738=CARTESIAN_POINT('Control Point',(-9.40535459775,44.3541170969,-26.3956883453)) ;
#3739=CARTESIAN_POINT('Control Point',(-9.51818076609,43.9839142979,-26.3956883453)) ;
#3740=CARTESIAN_POINT('Control Point',(-9.54797780828,43.7919558762,-26.3956883453)) ;
#3741=CARTESIAN_POINT('Control Point',(-9.55268505094,43.4049671449,-26.3956883453)) ;
#3742=CARTESIAN_POINT('Control Point',(-9.45028402126,43.0317461806,-26.3956883453)) ;
#3743=CARTESIAN_POINT('Control Point',(-9.37292078968,42.8535585629,-26.3956883453)) ;
#3744=CARTESIAN_POINT('Control Point',(-9.17015551731,42.5239092378,-26.3956883453)) ;
#3745=CARTESIAN_POINT('Control Point',(-8.88420331286,42.2631196804,-26.3956883453)) ;
#3746=CARTESIAN_POINT('Control Point',(-8.72361079675,42.1538221589,-26.3956883453)) ;
#3747=CARTESIAN_POINT('Control Point',(-8.45009644941,42.0197562457,-26.3956883453)) ;
#3748=CARTESIAN_POINT('Control Point',(-8.15580977725,41.9492783066,-26.3956883453)) ;
#3749=CARTESIAN_POINT('Control Point',(-8.04662237039,41.9323297612,-26.3956883453)) ;
#3750=CARTESIAN_POINT('Control Point',(-7.93654793496,41.9242877823,-26.3956883453)) ;
#3751=CARTESIAN_POINT('Control Point',(-7.82654266538,41.9251439855,-26.3956883453)) ;
#3759=CARTESIAN_POINT('Control Point',(-0.237070225426,30.4538650697,-100.395688345)) ;
#3760=CARTESIAN_POINT('Control Point',(-0.116966606123,15.022904511,-100.395688345)) ;
#3761=CARTESIAN_POINT('Control Point',(-0.767385177044,30.4497374754,-100.395688701)) ;
#3762=CARTESIAN_POINT('Control Point',(-0.647281557741,15.0187769167,-100.395688701)) ;
#3763=CARTESIAN_POINT('Control Point',(-1.30762927703,30.4455325996,-100.348584965)) ;
#3764=CARTESIAN_POINT('Control Point',(-1.18752565773,15.0145720409,-100.348584965)) ;
#3765=CARTESIAN_POINT('Control Point',(-1.8556534791,30.4412671691,-100.251398183)) ;
#3766=CARTESIAN_POINT('Control Point',(-1.7355498598,15.0103066104,-100.251398183)) ;
#3767=CARTESIAN_POINT('Control Point',(-2.96296294678,30.43264866,-99.9509009066)) ;
#3768=CARTESIAN_POINT('Control Point',(-2.84285932748,15.0016881013,-99.9509009066)) ;
#3769=CARTESIAN_POINT('Control Point',(-4.08420042603,30.4239217451,-99.4262402412)) ;
#3770=CARTESIAN_POINT('Control Point',(-3.96409680673,14.9929611864,-99.4262402412)) ;
#3771=CARTESIAN_POINT('Control Point',(-4.6454386742,30.4195534658,-99.1065025981)) ;
#3772=CARTESIAN_POINT('Control Point',(-4.5253350549,14.9885929071,-99.1065025981)) ;
#3773=CARTESIAN_POINT('Control Point',(-5.76343133451,30.4108518063,-98.3494785585)) ;
#3774=CARTESIAN_POINT('Control Point',(-5.64332771521,14.9798912476,-98.3494785585)) ;
#3775=CARTESIAN_POINT('Control Point',(-6.8610084941,30.4023090465,-97.3518897417)) ;
#3776=CARTESIAN_POINT('Control Point',(-6.7409048748,14.9713484878,-97.3518897417)) ;
#3777=CARTESIAN_POINT('Control Point',(-7.40152425046,30.3981020564,-96.7940310658)) ;
#3778=CARTESIAN_POINT('Control Point',(-7.28142063116,14.9671414977,-96.7940310658)) ;
#3779=CARTESIAN_POINT('Control Point',(-8.45967221973,30.3898661854,-95.5623390326)) ;
#3780=CARTESIAN_POINT('Control Point',(-8.33956860043,14.9589056267,-95.5623390326)) ;
#3781=CARTESIAN_POINT('Control Point',(-9.45937730908,30.3820851922,-94.1030053442)) ;
#3782=CARTESIAN_POINT('Control Point',(-9.33927368978,14.9511246335,-94.1030053442)) ;
#3783=CARTESIAN_POINT('Control Point',(-9.94182714408,30.3783301459,-93.3200630283)) ;
#3784=CARTESIAN_POINT('Control Point',(-9.82172352478,14.9473695872,-93.3200630283)) ;
#3785=CARTESIAN_POINT('Control Point',(-11.328592551,30.3675365505,-90.8223144922)) ;
#3786=CARTESIAN_POINT('Control Point',(-11.2084889317,14.9365759918,-90.8223144922)) ;
#3787=CARTESIAN_POINT('Control Point',(-12.5084777565,30.3583531634,-87.9105156702)) ;
#3788=CARTESIAN_POINT('Control Point',(-12.3883741372,14.9273926047,-87.9105156702)) ;
#3789=CARTESIAN_POINT('Control Point',(-13.1857002611,30.3530821452,-85.8290434576)) ;
#3790=CARTESIAN_POINT('Control Point',(-13.0655966418,14.9221215865,-85.8290434576)) ;
#3791=CARTESIAN_POINT('Control Point',(-14.0235248919,30.3465611143,-82.5677126611)) ;
#3792=CARTESIAN_POINT('Control Point',(-13.9034212726,14.9156005556,-82.5677126611)) ;
#3793=CARTESIAN_POINT('Control Point',(-14.591659772,30.3421391566,-79.2131231657)) ;
#3794=CARTESIAN_POINT('Control Point',(-14.4715561527,14.9111785979,-79.2131231657)) ;
#3795=CARTESIAN_POINT('Control Point',(-14.7516946081,30.3408935593,-78.0903790078)) ;
#3796=CARTESIAN_POINT('Control Point',(-14.6315909888,14.9099330006,-78.0903790078)) ;
#3797=CARTESIAN_POINT('Control Point',(-15.014336345,30.3388493429,-75.8472974886)) ;
#3798=CARTESIAN_POINT('Control Point',(-14.8942327257,14.9078887842,-75.8472974886)) ;
#3799=CARTESIAN_POINT('Control Point',(-15.1645681174,30.3376800456,-73.6325438797)) ;
#3800=CARTESIAN_POINT('Control Point',(-15.0444644981,14.9067194869,-73.6325438797)) ;
#3801=CARTESIAN_POINT('Control Point',(-15.2131135211,30.3373022027,-72.5364239514)) ;
#3802=CARTESIAN_POINT('Control Point',(-15.0930099018,14.906341644,-72.5364239514)) ;
#3803=CARTESIAN_POINT('Control Point',(-15.2366151389,30.3371192829,-71.4558601191)) ;
#3804=CARTESIAN_POINT('Control Point',(-15.1165115196,14.9061587242,-71.4558601191)) ;
#3805=CARTESIAN_POINT('Control Point',(-15.2366039112,30.3371193703,-70.3950890417)) ;
#3806=CARTESIAN_POINT('Control Point',(-15.1165002919,14.9061588116,-70.3950890417)) ;
#3808=CARTESIAN_POINT('Control Point',(-11.7571588884,14.9323055352,-89.3147387953)) ;
#3809=CARTESIAN_POINT('Control Point',(-11.9044844989,14.9311621845,-88.9518249449)) ;
#3810=CARTESIAN_POINT('Control Point',(-12.0507977076,14.9634909861,-88.5776185544)) ;
#3811=CARTESIAN_POINT('Control Point',(-12.1943536629,15.0277029186,-88.1956499068)) ;
#3812=CARTESIAN_POINT('Control Point',(-12.3537092598,15.1338488422,-87.7541799729)) ;
#3813=CARTESIAN_POINT('Control Point',(-12.5083027802,15.274460175,-87.3057138392)) ;
#3814=CARTESIAN_POINT('Control Point',(-12.5261367544,15.2911964005,-87.2536996487)) ;
#3815=CARTESIAN_POINT('Control Point',(-12.5527938631,15.3169830282,-87.1755313887)) ;
#3816=CARTESIAN_POINT('Control Point',(-12.5792858463,15.3437531715,-87.0972152158)) ;
#3817=CARTESIAN_POINT('Control Point',(-12.5880997601,15.3527869718,-87.071088567)) ;
#3818=CARTESIAN_POINT('Control Point',(-12.6012755301,15.3664801735,-87.031926741)) ;
#3819=CARTESIAN_POINT('Control Point',(-12.6144320698,15.3804407703,-86.9926626847)) ;
#3820=CARTESIAN_POINT('Control Point',(-12.6188130788,15.3851213257,-86.9795704697)) ;
#3821=CARTESIAN_POINT('Control Point',(-12.6254109623,15.3922195314,-86.9598261679)) ;
#3822=CARTESIAN_POINT('Control Point',(-12.6319629213,15.3993374876,-86.9401792562)) ;
#3823=CARTESIAN_POINT('Control Point',(-12.6341463228,15.4017173234,-86.933627473)) ;
#3824=CARTESIAN_POINT('Control Point',(-12.6384294465,15.4063994882,-86.9207667134)) ;
#3825=CARTESIAN_POINT('Control Point',(-12.6428256167,15.4112401092,-86.9075487114)) ;
#3826=CARTESIAN_POINT('Control Point',(-12.6456884738,15.4144001859,-86.8989332441)) ;
#3827=CARTESIAN_POINT('Control Point',(-12.6475251252,15.4164412416,-86.8934028777)) ;
#3828=CARTESIAN_POINT('Control Point',(-12.6493609661,15.4184823036,-86.8878716659)) ;
#3829=CARTESIAN_POINT('Vertex',(-11.7577144147,14.9323012114,-89.3149644237)) ;
#3831=CARTESIAN_POINT('Vertex',(-12.6503038272,15.4184751512,-86.8881819063)) ;
#3835=CARTESIAN_POINT('Control Point',(-12.6493609661,15.4184823036,-86.8878716659)) ;
#3836=CARTESIAN_POINT('Control Point',(-12.7606476619,15.5422092776,-86.5525755749)) ;
#3837=CARTESIAN_POINT('Control Point',(-12.8723482162,15.686174027,-86.2043424005)) ;
#3838=CARTESIAN_POINT('Control Point',(-12.9831705814,15.8475373829,-85.845786845)) ;
#3839=CARTESIAN_POINT('Control Point',(-13.1077243333,16.0489328338,-85.4266214705)) ;
#3840=CARTESIAN_POINT('Control Point',(-13.2297520114,16.2682496913,-84.9964128315)) ;
#3841=CARTESIAN_POINT('Control Point',(-13.2441105061,16.2943666454,-84.9455122801)) ;
#3842=CARTESIAN_POINT('Control Point',(-13.2655876236,16.3338952307,-84.8689531928)) ;
#3843=CARTESIAN_POINT('Control Point',(-13.2869815322,16.3739669591,-84.7920497595)) ;
#3844=CARTESIAN_POINT('Control Point',(-13.2941030537,16.3873833605,-84.7663787567)) ;
#3845=CARTESIAN_POINT('Control Point',(-13.3047767391,16.4076086071,-84.7277948719)) ;
#3846=CARTESIAN_POINT('Control Point',(-13.3154196745,16.4279491173,-84.6891592663)) ;
#3847=CARTESIAN_POINT('Control Point',(-13.3189647727,16.4347437573,-84.6762717546)) ;
#3848=CARTESIAN_POINT('Control Point',(-13.3242661076,16.4449329548,-84.6569727259)) ;
#3849=CARTESIAN_POINT('Control Point',(-13.3295755146,16.4551815383,-84.6376032458)) ;
#3850=CARTESIAN_POINT('Control Point',(-13.3313446256,16.4586012354,-84.6311447549)) ;
#3851=CARTESIAN_POINT('Control Point',(-13.3349112051,16.4655056377,-84.6181147953)) ;
#3852=CARTESIAN_POINT('Control Point',(-13.3384313857,16.4723389403,-84.6052360316)) ;
#3853=CARTESIAN_POINT('Control Point',(-13.3412581213,16.4778358948,-84.594883794)) ;
#3854=CARTESIAN_POINT('Control Point',(-13.3424794078,16.4802157134,-84.5904084361)) ;
#3855=CARTESIAN_POINT('Control Point',(-13.3437001845,16.4825955359,-84.5859327079)) ;
#3856=CARTESIAN_POINT('Vertex',(-13.3445404299,16.4825892687,-84.5861581618)) ;
#3860=CARTESIAN_POINT('Control Point',(-13.3437001845,16.4825955359,-84.5859327079)) ;
#3861=CARTESIAN_POINT('Control Point',(-13.4157935643,16.6231367537,-84.321617081)) ;
#3862=CARTESIAN_POINT('Control Point',(-13.498263876,16.7927576128,-84.0116037278)) ;
#3863=CARTESIAN_POINT('Control Point',(-13.5856982715,16.9819436412,-83.6705901982)) ;
#3864=CARTESIAN_POINT('Control Point',(-13.6891002692,17.2172207288,-83.2494216117)) ;
#3865=CARTESIAN_POINT('Control Point',(-13.7932438083,17.4685377195,-82.8016577124)) ;
#3866=CARTESIAN_POINT('Control Point',(-13.8063714919,17.5004473865,-82.7448343601)) ;
#3867=CARTESIAN_POINT('Control Point',(-13.8326372831,17.5647611857,-82.6303602848)) ;
#3868=CARTESIAN_POINT('Control Point',(-13.8588596588,17.6299195168,-82.5144806186)) ;
#3869=CARTESIAN_POINT('Control Point',(-13.8718482541,17.6624241851,-82.4566967748)) ;
#3870=CARTESIAN_POINT('Control Point',(-13.8852151202,17.6961476286,-82.3967660058)) ;
#3871=CARTESIAN_POINT('Control Point',(-13.8981122097,17.7289211164,-82.3385418572)) ;
#3872=CARTESIAN_POINT('Vertex',(-13.8983996142,17.7289188628,-82.3386042136)) ;
#3876=CARTESIAN_POINT('Control Point',(-13.8981122097,17.7289211164,-82.3385418572)) ;
#3877=CARTESIAN_POINT('Control Point',(-13.9924692851,17.968696957,-81.9125650969)) ;
#3878=CARTESIAN_POINT('Control Point',(-14.0789516512,18.1989400896,-81.4998764078)) ;
#3879=CARTESIAN_POINT('Control Point',(-14.1578065584,18.4185126339,-81.1025048745)) ;
#3880=CARTESIAN_POINT('Control Point',(-14.2355590014,18.6440370831,-80.6902339593)) ;
#3881=CARTESIAN_POINT('Control Point',(-14.3021963985,18.8435497515,-80.31999497)) ;
#3882=CARTESIAN_POINT('Control Point',(-14.3087098811,18.8631177345,-80.2836200486)) ;
#3883=CARTESIAN_POINT('Control Point',(-14.3183132298,18.892062693,-80.2297196019)) ;
#3884=CARTESIAN_POINT('Control Point',(-14.3276600905,18.9203650317,-80.1768685056)) ;
#3885=CARTESIAN_POINT('Control Point',(-14.3307479617,18.929729319,-80.1593649493)) ;
#3886=CARTESIAN_POINT('Control Point',(-14.3353311656,18.9436485189,-80.133321543)) ;
#3887=CARTESIAN_POINT('Control Point',(-14.3398547772,18.9574158363,-80.1075228654)) ;
#3888=CARTESIAN_POINT('Control Point',(-14.3413549443,18.9619846734,-80.0989568722)) ;
#3889=CARTESIAN_POINT('Control Point',(-14.3436045954,18.9688408705,-80.0860955746)) ;
#3890=CARTESIAN_POINT('Control Point',(-14.3458292861,18.9756279804,-80.0733539656)) ;
#3891=CARTESIAN_POINT('Control Point',(-14.3465701933,18.9778891328,-80.0691079081)) ;
#3892=CARTESIAN_POINT('Control Point',(-14.3480229202,18.9823241315,-80.0607776995)) ;
#3893=CARTESIAN_POINT('Control Point',(-14.3494974399,18.9868284459,-80.0523124157)) ;
#3894=CARTESIAN_POINT('Control Point',(-14.3497808975,18.9876952496,-80.0506854627)) ;
#3895=CARTESIAN_POINT('Control Point',(-14.3507465693,18.9906458457,-80.0451357618)) ;
#3896=CARTESIAN_POINT('Control Point',(-14.3517115117,18.9935964474,-80.0395859133)) ;
#3897=CARTESIAN_POINT('Vertex',(-14.3521045211,18.9935933919,-80.0396526935)) ;
#3901=CARTESIAN_POINT('Control Point',(-14.3517115117,18.9935964474,-80.0395859133)) ;
#3902=CARTESIAN_POINT('Control Point',(-14.488632212,19.412272694,-79.2520889999)) ;
#3903=CARTESIAN_POINT('Control Point',(-14.6093296312,19.8131518058,-78.4698575033)) ;
#3904=CARTESIAN_POINT('Control Point',(-14.7134526619,20.1907599432,-77.7038070789)) ;
#3905=CARTESIAN_POINT('Control Point',(-14.8206816408,20.6183818494,-76.799448252)) ;
#3906=CARTESIAN_POINT('Control Point',(-14.9081347423,21.0132088163,-75.9162949037)) ;
#3907=CARTESIAN_POINT('Control Point',(-14.9186884287,21.0618476717,-75.8065650233)) ;
#3908=CARTESIAN_POINT('Control Point',(-14.9336412075,21.132217758,-75.6463737887)) ;
#3909=CARTESIAN_POINT('Control Point',(-14.9479374023,21.2013343356,-75.4872207791)) ;
#3910=CARTESIAN_POINT('Control Point',(-14.9498956452,21.2108380605,-75.4653015533)) ;
#3911=CARTESIAN_POINT('Control Point',(-14.9537780399,21.2297520982,-75.4216091741)) ;
#3912=CARTESIAN_POINT('Control Point',(-14.9576257875,21.2486414885,-75.377829768)) ;
#3913=CARTESIAN_POINT('Control Point',(-14.959589129,21.2583268973,-75.3553458633)) ;
#3914=CARTESIAN_POINT('Control Point',(-14.9613275807,21.2669176431,-75.3353707194)) ;
#3915=CARTESIAN_POINT('Control Point',(-14.9633302457,21.2768650768,-75.3122020577)) ;
#3916=CARTESIAN_POINT('Vertex',(-14.962963828,21.2768679939,-75.3121716713)) ;
#3920=CARTESIAN_POINT('Control Point',(-14.9633302457,21.2768650768,-75.3122020577)) ;
#3921=CARTESIAN_POINT('Control Point',(-15.1020486528,21.9658930115,-73.7073805966)) ;
#3922=CARTESIAN_POINT('Control Point',(-15.1762817775,22.5867840184,-72.0513942279)) ;
#3923=CARTESIAN_POINT('Control Point',(-15.1805914436,23.1406149273,-70.3956875332)) ;
#3924=CARTESIAN_POINT('Vertex',(-15.1805914436,23.1406149273,-70.3956875328)) ;
#3928=CARTESIAN_POINT('Control Point',(-15.2358875875,30.2450858083,-70.3950890417)) ;
#3929=CARTESIAN_POINT('Control Point',(-15.1805914403,23.1406149273,-70.3950890417)) ;
#3930=CARTESIAN_POINT('Vertex',(-15.2358875908,30.2450858078,-70.3956875329)) ;
#3934=CARTESIAN_POINT('Control Point',(-15.2358845862,30.2446998047,-70.3955423024)) ;
#3935=CARTESIAN_POINT('Control Point',(-15.2302936801,29.5256603958,-72.3067678005)) ;
#3936=CARTESIAN_POINT('Control Point',(-15.1307585011,28.637776019,-74.2180246754)) ;
#3937=CARTESIAN_POINT('Control Point',(-14.9458375904,27.5963490689,-76.0561534668)) ;
#3938=CARTESIAN_POINT('Vertex',(-14.9458381967,27.596384277,-76.0561734757)) ;
#3942=CARTESIAN_POINT('Control Point',(-14.9458375904,27.5963490689,-76.0561534668)) ;
#3943=CARTESIAN_POINT('Control Point',(-14.9323117922,27.5201763694,-76.1906010834)) ;
#3944=CARTESIAN_POINT('Control Point',(-14.912589908,27.4112419956,-76.3826497563)) ;
#3945=CARTESIAN_POINT('Control Point',(-14.887432476,27.2782150271,-76.617307547)) ;
#3946=CARTESIAN_POINT('Control Point',(-14.8461870788,27.0722765948,-76.9808599334)) ;
#3947=CARTESIAN_POINT('Control Point',(-14.7967313976,26.8440880005,-77.3839868979)) ;
#3948=CARTESIAN_POINT('Control Point',(-14.7818263418,26.7767740102,-77.5029269358)) ;
#3949=CARTESIAN_POINT('Control Point',(-14.7535470245,26.6518361964,-77.7237262522)) ;
#3950=CARTESIAN_POINT('Control Point',(-14.723167024,26.5228181808,-77.9517768754)) ;
#3951=CARTESIAN_POINT('Control Point',(-14.70847953,26.4615466842,-78.0600826306)) ;
#3952=CARTESIAN_POINT('Control Point',(-14.6914643921,26.3918354918,-78.1833089678)) ;
#3953=CARTESIAN_POINT('Control Point',(-14.6738962682,26.3213340378,-78.3079263567)) ;
#3954=CARTESIAN_POINT('Control Point',(-14.6713579096,26.3111773143,-78.3258790872)) ;
#3955=CARTESIAN_POINT('Control Point',(-14.6675358367,26.2959286432,-78.3528318971)) ;
#3956=CARTESIAN_POINT('Control Point',(-14.663683349,26.2806259639,-78.3798797585)) ;
#3957=CARTESIAN_POINT('Control Point',(-14.6623958992,26.2755194449,-78.3889056109)) ;
#3958=CARTESIAN_POINT('Control Point',(-14.6598083423,26.2652713272,-78.4070192344)) ;
#3959=CARTESIAN_POINT('Control Point',(-14.657222449,26.2550596207,-78.4250682569)) ;
#3960=CARTESIAN_POINT('Control Point',(-14.6556728488,26.2489506152,-78.4358657546)) ;
#3961=CARTESIAN_POINT('Control Point',(-14.6544996299,26.2443316501,-78.4440295684)) ;
#3962=CARTESIAN_POINT('Control Point',(-14.653324872,26.2397126971,-78.452193328)) ;
#3963=CARTESIAN_POINT('Vertex',(-14.653774426,26.2397091898,-78.4522559902)) ;
#3967=CARTESIAN_POINT('Control Point',(-14.653324872,26.2397126971,-78.452193328)) ;
#3968=CARTESIAN_POINT('Control Point',(-14.556986923,25.8609278629,-79.121675843)) ;
#3969=CARTESIAN_POINT('Control Point',(-14.4548727781,25.5030558683,-79.7545395386)) ;
#3970=CARTESIAN_POINT('Control Point',(-14.3507770898,25.1731967115,-80.3383706427)) ;
#3971=CARTESIAN_POINT('Control Point',(-14.254907753,24.8884109986,-80.842601647)) ;
#3972=CARTESIAN_POINT('Vertex',(-14.2552935869,24.8884079955,-80.8426733094)) ;
#3976=CARTESIAN_POINT('Control Point',(-14.254907753,24.8884109986,-80.842601647)) ;
#3977=CARTESIAN_POINT('Control Point',(-13.9260360826,23.9114933927,-82.5723242197)) ;
#3978=CARTESIAN_POINT('Control Point',(-13.5077420219,23.0557293341,-84.3515335006)) ;
#3979=CARTESIAN_POINT('Control Point',(-12.9864998001,22.3308833517,-86.1383335043)) ;
#3980=CARTESIAN_POINT('Control Point',(-12.3585954008,21.7387059538,-87.8775491629)) ;
#3981=CARTESIAN_POINT('Vertex',(-12.3601499968,21.7386940752,-87.8781068942)) ;
#3985=CARTESIAN_POINT('Control Point',(-12.3585954008,21.7387059538,-87.8775491629)) ;
#3986=CARTESIAN_POINT('Control Point',(-11.714919615,21.1316545422,-89.6604495644)) ;
#3987=CARTESIAN_POINT('Control Point',(-10.9402019399,20.6533603095,-91.4474824126)) ;
#3988=CARTESIAN_POINT('Control Point',(-10.031424594,20.3009698849,-93.1193457947)) ;
#3989=CARTESIAN_POINT('Control Point',(-9.01510344253,20.0589127275,-94.6047687144)) ;
#3990=CARTESIAN_POINT('Vertex',(-9.01526012104,20.058911508,-94.6048757146)) ;
#3994=CARTESIAN_POINT('Control Point',(-9.01510344253,20.0589127275,-94.6047687144)) ;
#3995=CARTESIAN_POINT('Control Point',(-8.39285080384,19.9107184073,-95.5142336189)) ;
#3996=CARTESIAN_POINT('Control Point',(-7.74490315681,19.7782733724,-96.339343763)) ;
#3997=CARTESIAN_POINT('Control Point',(-7.07076481203,19.6612189958,-97.0783612493)) ;
#3998=CARTESIAN_POINT('Control Point',(-6.32173753261,19.5513246514,-97.7833369107)) ;
#3999=CARTESIAN_POINT('Control Point',(-5.56310889118,19.460982578,-98.3759971595)) ;
#4000=CARTESIAN_POINT('Control Point',(-5.49558435313,19.4531043403,-98.4278061891)) ;
#4001=CARTESIAN_POINT('Control Point',(-5.39418627025,19.4415167676,-98.5042036554)) ;
#4002=CARTESIAN_POINT('Control Point',(-5.29268194978,19.4302796987,-98.5785958303)) ;
#4003=CARTESIAN_POINT('Control Point',(-5.25883733242,19.4265731224,-98.6031698104)) ;
#4004=CARTESIAN_POINT('Control Point',(-5.17245596317,19.417215237,-98.6653039147)) ;
#4005=CARTESIAN_POINT('Control Point',(-5.08604791211,19.4081156981,-98.7259689867)) ;
#4006=CARTESIAN_POINT('Control Point',(-5.03197782036,19.4025226122,-98.7633114893)) ;
#4007=CARTESIAN_POINT('Control Point',(-4.98206154547,19.397447419,-98.797378067)) ;
#4008=CARTESIAN_POINT('Control Point',(-4.92795748575,19.3920467772,-98.8336836903)) ;
#4009=CARTESIAN_POINT('Vertex',(-4.92672110061,19.39205987,-98.8318400377)) ;
#4013=CARTESIAN_POINT('Control Point',(-4.92795748575,19.3920467772,-98.8336836903)) ;
#4014=CARTESIAN_POINT('Control Point',(-3.74376665761,19.273841406,-99.6283151169)) ;
#4015=CARTESIAN_POINT('Control Point',(-2.53390279501,19.2040161829,-100.150477441)) ;
#4016=CARTESIAN_POINT('Control Point',(-1.32194230939,19.175354653,-100.395689132)) ;
#4017=CARTESIAN_POINT('Control Point',(-0.14935574045,19.1842733127,-100.395688345)) ;
#4018=CARTESIAN_POINT('Vertex',(-0.149350734149,19.1842733508,-100.395688345)) ;
#4022=CARTESIAN_POINT('Control Point',(-0.149355740443,19.1842733118,-100.395688345)) ;
#4023=CARTESIAN_POINT('Control Point',(-0.116966606123,15.022904511,-100.395688345)) ;
#4024=CARTESIAN_POINT('Vertex',(-0.116970907038,15.0229047375,-100.395688345)) ;
#4028=CARTESIAN_POINT('Control Point',(-0.116970905015,15.0229044776,-100.395688345)) ;
#4029=CARTESIAN_POINT('Control Point',(-0.647285061245,15.0187768895,-100.395688396)) ;
#4030=CARTESIAN_POINT('Control Point',(-1.1875283232,15.0145720202,-100.348584492)) ;
#4031=CARTESIAN_POINT('Control Point',(-1.73555165504,15.0103065965,-100.251397696)) ;
#4032=CARTESIAN_POINT('Control Point',(-2.84286023639,15.0016880943,-99.9509004813)) ;
#4033=CARTESIAN_POINT('Control Point',(-3.96409680673,14.9929611864,-99.4262402412)) ;
#4034=CARTESIAN_POINT('Control Point',(-4.5253350549,14.9885929071,-99.1065025981)) ;
#4035=CARTESIAN_POINT('Control Point',(-5.64332771521,14.9798912476,-98.3494785585)) ;
#4036=CARTESIAN_POINT('Control Point',(-6.7409048748,14.9713484878,-97.3518897417)) ;
#4037=CARTESIAN_POINT('Control Point',(-7.28142063116,14.9671414977,-96.7940310658)) ;
#4038=CARTESIAN_POINT('Control Point',(-8.33956860043,14.9589056267,-95.5623390326)) ;
#4039=CARTESIAN_POINT('Control Point',(-9.33927368978,14.9511246335,-94.1030053442)) ;
#4040=CARTESIAN_POINT('Control Point',(-9.82172352478,14.9473695872,-93.3200630283)) ;
#4041=CARTESIAN_POINT('Control Point',(-10.5141047055,14.9419805847,-92.0729926357)) ;
#4042=CARTESIAN_POINT('Control Point',(-11.1549151369,14.9369929721,-90.722708483)) ;
#4043=CARTESIAN_POINT('Control Point',(-11.3619350081,14.9353816767,-90.2631886796)) ;
#4044=CARTESIAN_POINT('Control Point',(-11.5627517024,14.9338186624,-89.7936309042)) ;
#4045=CARTESIAN_POINT('Control Point',(-11.7571588543,14.9323055355,-89.3147388792)) ;
#4066=CARTESIAN_POINT('Control Point',(-12.2881988068,18.7132874129,-88.0075424912)) ;
#4067=CARTESIAN_POINT('Control Point',(-12.2893766121,18.8754771737,-88.0077758242)) ;
#4068=CARTESIAN_POINT('Control Point',(-12.2998414176,19.0368636246,-87.9823669134)) ;
#4069=CARTESIAN_POINT('Control Point',(-12.3190938695,19.192126422,-87.9325954093)) ;
#4070=CARTESIAN_POINT('Control Point',(-12.3744327534,19.4846903707,-87.7850216814)) ;
#4071=CARTESIAN_POINT('Control Point',(-12.4580521259,19.7214863161,-87.5526302386)) ;
#4072=CARTESIAN_POINT('Control Point',(-12.5064106061,19.8223067047,-87.4157432706)) ;
#4073=CARTESIAN_POINT('Control Point',(-12.6101883804,19.9737158797,-87.1152495827)) ;
#4074=CARTESIAN_POINT('Control Point',(-12.7224441593,20.0245707661,-86.7760808121)) ;
#4075=CARTESIAN_POINT('Control Point',(-12.7768653816,20.0225371764,-86.6077485489)) ;
#4076=CARTESIAN_POINT('Control Point',(-12.8830401576,19.9625991855,-86.2715859757)) ;
#4077=CARTESIAN_POINT('Control Point',(-12.9729030762,19.8012570705,-85.974225356)) ;
#4078=CARTESIAN_POINT('Control Point',(-13.01245499,19.6973991689,-85.840158402)) ;
#4079=CARTESIAN_POINT('Control Point',(-13.0770658241,19.4580659568,-85.6166450031)) ;
#4080=CARTESIAN_POINT('Control Point',(-13.1155171242,19.1682407822,-85.4768666481)) ;
#4081=CARTESIAN_POINT('Control Point',(-13.1276714334,19.0178048369,-85.430764337)) ;
#4082=CARTESIAN_POINT('Control Point',(-13.1332330505,18.8625622589,-85.4073485652)) ;
#4083=CARTESIAN_POINT('Control Point',(-13.1319357089,18.706720367,-85.4076404159)) ;
#4084=CARTESIAN_POINT('Vertex',(-12.2881988068,18.7132874129,-88.0075424912)) ;
#4086=CARTESIAN_POINT('Vertex',(-13.1319357089,18.706720367,-85.4076404159)) ;
#4090=CARTESIAN_POINT('Control Point',(-13.1319357089,18.706720367,-85.4076404159)) ;
#4091=CARTESIAN_POINT('Control Point',(-13.1307527216,18.543608057,-85.407341012)) ;
#4092=CARTESIAN_POINT('Control Point',(-13.1220575804,18.3811857302,-85.4330432112)) ;
#4093=CARTESIAN_POINT('Control Point',(-13.106267549,18.2245571169,-85.4834560054)) ;
#4094=CARTESIAN_POINT('Control Point',(-13.0605622253,17.9311539024,-85.6324500158)) ;
#4095=CARTESIAN_POINT('Control Point',(-12.9884888714,17.6937882221,-85.8680503977)) ;
#4096=CARTESIAN_POINT('Control Point',(-12.9460794454,17.5940296311,-86.0059730636)) ;
#4097=CARTESIAN_POINT('Control Point',(-12.8520429864,17.4433700083,-86.3081049911)) ;
#4098=CARTESIAN_POINT('Control Point',(-12.7441995376,17.3944685052,-86.6457233688)) ;
#4099=CARTESIAN_POINT('Control Point',(-12.6896104808,17.3980028432,-86.8140160492)) ;
#4100=CARTESIAN_POINT('Control Point',(-12.5789874413,17.459857112,-87.149807353)) ;
#4101=CARTESIAN_POINT('Control Point',(-12.4790113259,17.6218561577,-87.4454859347)) ;
#4102=CARTESIAN_POINT('Control Point',(-12.4331430518,17.7263306834,-87.5794695638)) ;
#4103=CARTESIAN_POINT('Control Point',(-12.3569307981,17.9654111198,-87.8008633869)) ;
#4104=CARTESIAN_POINT('Control Point',(-12.3094283877,18.2546181997,-87.9391279014)) ;
#4105=CARTESIAN_POINT('Control Point',(-12.2940563524,18.4040615479,-87.9847392527)) ;
#4106=CARTESIAN_POINT('Control Point',(-12.2868833174,18.5583999452,-88.0078458841)) ;
#4107=CARTESIAN_POINT('Control Point',(-12.2881988068,18.7132874129,-88.0075424912)) ;
#4115=CARTESIAN_POINT('Control Point',(14.7624874124,30.5706109653,-70.395089237)) ;
#4116=CARTESIAN_POINT('Control Point',(14.8825910298,15.1396506558,-70.395089237)) ;
#4117=CARTESIAN_POINT('Control Point',(14.7624974359,30.5706110433,-71.4558602889)) ;
#4118=CARTESIAN_POINT('Control Point',(14.8826010533,15.1396507338,-71.4558602889)) ;
#4119=CARTESIAN_POINT('Control Point',(14.7389945925,30.5704281139,-72.5364240943)) ;
#4120=CARTESIAN_POINT('Control Point',(14.8590982099,15.1394678044,-72.5364240943)) ;
#4121=CARTESIAN_POINT('Control Point',(14.6904479468,30.5700502614,-73.6325439946)) ;
#4122=CARTESIAN_POINT('Control Point',(14.8105515642,15.1390899519,-73.6325439946)) ;
#4123=CARTESIAN_POINT('Control Point',(14.5402136656,30.5688809446,-75.8472975747)) ;
#4124=CARTESIAN_POINT('Control Point',(14.660317283,15.1379206351,-75.8472975747)) ;
#4125=CARTESIAN_POINT('Control Point',(14.2775693907,30.5668367084,-78.0903790638)) ;
#4126=CARTESIAN_POINT('Control Point',(14.3976730081,15.1358763989,-78.0903790638)) ;
#4127=CARTESIAN_POINT('Control Point',(14.1175332825,30.5655911012,-79.213123221)) ;
#4128=CARTESIAN_POINT('Control Point',(14.2376368999,15.1346307917,-79.213123221)) ;
#4129=CARTESIAN_POINT('Control Point',(13.5493946017,30.5611691139,-82.5677127143)) ;
#4130=CARTESIAN_POINT('Control Point',(13.6694982191,15.1302088044,-82.5677127143)) ;
#4131=CARTESIAN_POINT('Control Point',(12.7115662759,30.5546480542,-85.8290435075)) ;
#4132=CARTESIAN_POINT('Control Point',(12.8316698933,15.1236877447,-85.8290435075)) ;
#4133=CARTESIAN_POINT('Control Point',(12.034341413,30.5493770177,-87.9105157175)) ;
#4134=CARTESIAN_POINT('Control Point',(12.1544450304,15.1184167082,-87.9105157175)) ;
#4135=CARTESIAN_POINT('Control Point',(10.8544529084,30.5401936049,-90.822314535)) ;
#4136=CARTESIAN_POINT('Control Point',(10.9745565258,15.1092332954,-90.822314535)) ;
#4137=CARTESIAN_POINT('Control Point',(9.46768467155,30.5293999875,-93.3200630657)) ;
#4138=CARTESIAN_POINT('Control Point',(9.58778828892,15.098439678,-93.3200630657)) ;
#4139=CARTESIAN_POINT('Control Point',(8.98523394947,30.5256449343,-94.1030053797)) ;
#4140=CARTESIAN_POINT('Control Point',(9.10533756684,15.0946846248,-94.1030053797)) ;
#4141=CARTESIAN_POINT('Control Point',(7.98552720671,30.5178639283,-95.5623390643)) ;
#4142=CARTESIAN_POINT('Control Point',(8.10563082408,15.0869036188,-95.5623390643)) ;
#4143=CARTESIAN_POINT('Control Point',(6.92737784193,30.5096280464,-96.7940310934)) ;
#4144=CARTESIAN_POINT('Control Point',(7.0474814593,15.0786677369,-96.7940310934)) ;
#4145=CARTESIAN_POINT('Control Point',(6.38686145352,30.5054210513,-97.3518897673)) ;
#4146=CARTESIAN_POINT('Control Point',(6.50696507089,15.0744607418,-97.3518897673)) ;
#4147=CARTESIAN_POINT('Control Point',(5.28928316366,30.4968782828,-98.3494785799)) ;
#4148=CARTESIAN_POINT('Control Point',(5.40938678103,15.0659179733,-98.3494785799)) ;
#4149=CARTESIAN_POINT('Control Point',(4.17128964564,30.4881766166,-99.106502615)) ;
#4150=CARTESIAN_POINT('Control Point',(4.29139326301,15.0572163071,-99.106502615)) ;
#4151=CARTESIAN_POINT('Control Point',(3.61005103521,30.4838083345,-99.426240256)) ;
#4152=CARTESIAN_POINT('Control Point',(3.73015465258,15.052848025,-99.426240256)) ;
#4153=CARTESIAN_POINT('Control Point',(2.48881417499,30.4750814244,-99.9509003491)) ;
#4154=CARTESIAN_POINT('Control Point',(2.60891779236,15.0441211149,-99.9509003491)) ;
#4155=CARTESIAN_POINT('Control Point',(1.38150555017,30.4664629218,-100.251397539)) ;
#4156=CARTESIAN_POINT('Control Point',(1.50160916754,15.0355026123,-100.251397539)) ;
#4157=CARTESIAN_POINT('Control Point',(0.833482399827,30.4621974995,-100.348584338)) ;
#4158=CARTESIAN_POINT('Control Point',(0.953586017196,15.03123719,-100.348584338)) ;
#4159=CARTESIAN_POINT('Control Point',(0.293239365314,30.457992632,-100.395688295)) ;
#4160=CARTESIAN_POINT('Control Point',(0.413342982683,15.0270323225,-100.395688295)) ;
#4161=CARTESIAN_POINT('Control Point',(-0.237074524399,30.453865046,-100.395688345)) ;
#4162=CARTESIAN_POINT('Control Point',(-0.11697090703,15.0229047365,-100.395688345)) ;
#4164=CARTESIAN_POINT('Control Point',(8.70189575939,20.1968652312,-94.6044815379)) ;
#4165=CARTESIAN_POINT('Control Point',(9.20302164281,20.3244913621,-93.8692132271)) ;
#4166=CARTESIAN_POINT('Control Point',(9.67905907599,20.4773879138,-93.0905530211)) ;
#4167=CARTESIAN_POINT('Control Point',(10.1302033348,20.6574151913,-92.2721228984)) ;
#4168=CARTESIAN_POINT('Control Point',(10.6582048729,20.9177478214,-91.2105430032)) ;
#4169=CARTESIAN_POINT('Control Point',(11.1384445397,21.2229122272,-90.1198307107)) ;
#4170=CARTESIAN_POINT('Control Point',(11.23560496,21.2878785154,-89.8934366124)) ;
#4171=CARTESIAN_POINT('Control Point',(11.4270668301,21.4225736174,-89.4358513489)) ;
#4172=CARTESIAN_POINT('Control Point',(11.6102209073,21.5652081015,-88.9752103595)) ;
#4173=CARTESIAN_POINT('Control Point',(11.7003219513,21.6390397524,-88.7426957458)) ;
#4174=CARTESIAN_POINT('Control Point',(11.8090202937,21.7327482151,-88.4549622315)) ;
#4175=CARTESIAN_POINT('Control Point',(11.9146137516,21.8296784793,-88.1665522368)) ;
#4176=CARTESIAN_POINT('Control Point',(11.934677015,21.8483178133,-88.1114210286)) ;
#4177=CARTESIAN_POINT('Control Point',(11.9745569282,21.8858118174,-88.0011721454)) ;
#4178=CARTESIAN_POINT('Control Point',(12.0138816028,21.9236746927,-87.8911394963)) ;
#4179=CARTESIAN_POINT('Control Point',(12.0334114044,21.9427043883,-87.8361829334)) ;
#4180=CARTESIAN_POINT('Control Point',(12.0534250976,21.9624480791,-87.7794786092)) ;
#4181=CARTESIAN_POINT('Control Point',(12.0722875491,21.9812734091,-87.7257378347)) ;
#4182=CARTESIAN_POINT('Vertex',(8.70189575939,20.1968652312,-94.6044815379)) ;
#4184=CARTESIAN_POINT('Vertex',(12.0722875491,21.9812734091,-87.7257378347)) ;
#4188=CARTESIAN_POINT('Control Point',(12.0722875491,21.9812734091,-87.7257378347)) ;
#4189=CARTESIAN_POINT('Control Point',(12.6697766578,22.5775866528,-86.0234390957)) ;
#4190=CARTESIAN_POINT('Control Point',(13.1646100122,23.3001676598,-84.2750630956)) ;
#4191=CARTESIAN_POINT('Control Point',(13.5588413575,24.1464921356,-82.5350543325)) ;
#4192=CARTESIAN_POINT('Control Point',(13.8657107748,25.1072819364,-80.8426026595)) ;
#4193=CARTESIAN_POINT('Vertex',(13.8657107748,25.1072819364,-80.8426026593)) ;
#4197=CARTESIAN_POINT('Control Point',(13.8657107748,25.1072819364,-80.8426026593)) ;
#4198=CARTESIAN_POINT('Control Point',(13.92303688,25.2867641031,-80.526436806)) ;
#4199=CARTESIAN_POINT('Control Point',(13.9831455644,25.4829826866,-80.180943699)) ;
#4200=CARTESIAN_POINT('Control Point',(14.0439475866,25.6920340516,-79.8128650865)) ;
#4201=CARTESIAN_POINT('Control Point',(14.1126370839,25.942572538,-79.3715723141)) ;
#4202=CARTESIAN_POINT('Control Point',(14.179343252,26.2048304959,-78.9096970231)) ;
#4203=CARTESIAN_POINT('Control Point',(14.1873867424,26.2367453985,-78.8534913797)) ;
#4204=CARTESIAN_POINT('Control Point',(14.1994010815,26.2848630695,-78.7687529655)) ;
#4205=CARTESIAN_POINT('Control Point',(14.2113314713,26.3333300116,-78.6834041073)) ;
#4206=CARTESIAN_POINT('Control Point',(14.2152988978,26.3495250104,-78.6548857752)) ;
#4207=CARTESIAN_POINT('Control Point',(14.2212329197,26.3738647927,-78.6120260216)) ;
#4208=CARTESIAN_POINT('Control Point',(14.2271472163,26.3983015905,-78.5689970557)) ;
#4209=CARTESIAN_POINT('Control Point',(14.2291161816,26.4064568855,-78.5546371824)) ;
#4210=CARTESIAN_POINT('Control Point',(14.232070003,26.4187215923,-78.5330417174)) ;
#4211=CARTESIAN_POINT('Control Point',(14.2350129571,26.4309864643,-78.5114464022)) ;
#4212=CARTESIAN_POINT('Control Point',(14.2359931899,26.4350767081,-78.5042445737)) ;
#4213=CARTESIAN_POINT('Control Point',(14.237942082,26.4432188311,-78.4899085873)) ;
#4214=CARTESIAN_POINT('Control Point',(14.2399046239,26.4514383396,-78.4754365649)) ;
#4215=CARTESIAN_POINT('Control Point',(14.240674204,26.4546647027,-78.4697563285)) ;
#4216=CARTESIAN_POINT('Control Point',(14.2417604666,26.4592248872,-78.4617272035)) ;
#4217=CARTESIAN_POINT('Control Point',(14.2428452405,26.4637850602,-78.4536980257)) ;
#4218=CARTESIAN_POINT('Vertex',(14.2428452405,26.4637850602,-78.4536980257)) ;
#4222=CARTESIAN_POINT('Control Point',(14.2428452405,26.4637850602,-78.4536980257)) ;
#4223=CARTESIAN_POINT('Control Point',(14.3443654125,26.8905555938,-77.7022755441)) ;
#4224=CARTESIAN_POINT('Control Point',(14.4252610963,27.2868931771,-77.0034118348)) ;
#4225=CARTESIAN_POINT('Control Point',(14.4859042307,27.6493595524,-76.3667727954)) ;
#4226=CARTESIAN_POINT('Control Point',(14.5144150647,27.8255920119,-76.056123309)) ;
#4227=CARTESIAN_POINT('Vertex',(14.5144172899,27.8255920293,-76.0561235229)) ;
#4231=CARTESIAN_POINT('Control Point',(14.5144150647,27.8255920119,-76.056123309)) ;
#4232=CARTESIAN_POINT('Control Point',(14.6831509451,28.8700605099,-74.21748516)) ;
#4233=CARTESIAN_POINT('Control Point',(14.7688181377,29.7595570964,-72.3061277876)) ;
#4234=CARTESIAN_POINT('Control Point',(14.7632054137,30.4783618798,-70.395089237)) ;
#4237=CARTESIAN_POINT('Control Point',(14.7632037362,30.4785774048,-70.395089237)) ;
#4238=CARTESIAN_POINT('Control Point',(14.8184998652,23.3741088581,-70.395089237)) ;
#4239=CARTESIAN_POINT('Vertex',(14.8184998679,23.3741088581,-70.3950892369)) ;
#4243=CARTESIAN_POINT('Control Point',(14.8184998678,23.3741088581,-70.3956881202)) ;
#4244=CARTESIAN_POINT('Control Point',(14.8200513269,23.1747337259,-70.9917283214)) ;
#4245=CARTESIAN_POINT('Control Point',(14.8142359887,22.9680008797,-71.5878267026)) ;
#4246=CARTESIAN_POINT('Control Point',(14.8010813476,22.7537765704,-72.1831511434)) ;
#4247=CARTESIAN_POINT('Control Point',(14.7739356903,22.4588991257,-72.9720547565)) ;
#4248=CARTESIAN_POINT('Control Point',(14.7341696308,22.1507322488,-73.7552869248)) ;
#4249=CARTESIAN_POINT('Control Point',(14.7235072896,22.0732917813,-73.9496314759)) ;
#4250=CARTESIAN_POINT('Control Point',(14.7063755962,21.9560190185,-74.2402049046)) ;
#4251=CARTESIAN_POINT('Control Point',(14.6875291874,21.8369143887,-74.5297070992)) ;
#4252=CARTESIAN_POINT('Control Point',(14.6810720621,21.797098983,-74.6258687898)) ;
#4253=CARTESIAN_POINT('Control Point',(14.6711094527,21.737102098,-74.7698493926)) ;
#4254=CARTESIAN_POINT('Control Point',(14.6607191921,21.6766107645,-74.9136205168)) ;
#4255=CARTESIAN_POINT('Control Point',(14.6572092887,21.6563970371,-74.9615088004)) ;
#4256=CARTESIAN_POINT('Control Point',(14.650081843,21.6157878152,-75.0574034643)) ;
#4257=CARTESIAN_POINT('Control Point',(14.6427858567,21.5750790697,-75.1529222865)) ;
#4258=CARTESIAN_POINT('Control Point',(14.6392667497,21.5555923939,-75.1985021363)) ;
#4259=CARTESIAN_POINT('Control Point',(14.63516675,21.5332204049,-75.2506535583)) ;
#4260=CARTESIAN_POINT('Control Point',(14.631568931,21.5137360297,-75.2959294825)) ;
#4261=CARTESIAN_POINT('Vertex',(14.6312951629,21.5137339257,-75.2959068463)) ;
#4265=CARTESIAN_POINT('Control Point',(14.631568931,21.5137360297,-75.2959294825)) ;
#4266=CARTESIAN_POINT('Control Point',(14.5887762338,21.2819875841,-75.8344443141)) ;
#4267=CARTESIAN_POINT('Control Point',(14.5390343005,21.0370554938,-76.3817004479)) ;
#4268=CARTESIAN_POINT('Control Point',(14.4818233407,20.7793409217,-76.9371459961)) ;
#4269=CARTESIAN_POINT('Control Point',(14.3945797911,20.417181431,-77.6925999632)) ;
#4270=CARTESIAN_POINT('Control Point',(14.292878571,20.0350432806,-78.4575741987)) ;
#4271=CARTESIAN_POINT('Control Point',(14.2657987028,19.9356282398,-78.6545781721)) ;
#4272=CARTESIAN_POINT('Control Point',(14.2159929347,19.7569019131,-79.0052296)) ;
#4273=CARTESIAN_POINT('Control Point',(14.1630742762,19.5742815736,-79.3573645939)) ;
#4274=CARTESIAN_POINT('Control Point',(14.141169686,19.4998906023,-79.4997810722)) ;
#4275=CARTESIAN_POINT('Control Point',(14.1129139877,19.405432414,-79.679328394)) ;
#4276=CARTESIAN_POINT('Control Point',(14.0838216127,19.3099769812,-79.8592338184)) ;
#4277=CARTESIAN_POINT('Control Point',(14.0797034864,19.2964997915,-79.8846041388)) ;
#4278=CARTESIAN_POINT('Control Point',(14.0734979548,19.2762437625,-79.9226901231)) ;
#4279=CARTESIAN_POINT('Control Point',(14.0672592123,19.2559579067,-79.9607646053)) ;
#4280=CARTESIAN_POINT('Control Point',(14.0651754363,19.2491910332,-79.9734578211)) ;
#4281=CARTESIAN_POINT('Control Point',(14.0610084807,19.235676454,-79.998793415)) ;
#4282=CARTESIAN_POINT('Control Point',(14.0568124174,19.2221019723,-80.0242108455)) ;
#4283=CARTESIAN_POINT('Control Point',(14.0536480932,19.2118853347,-80.043329093)) ;
#4284=CARTESIAN_POINT('Control Point',(14.0520779176,19.2068183299,-80.0528005332)) ;
#4285=CARTESIAN_POINT('Control Point',(14.0505056169,19.2017513085,-80.0622715381)) ;
#4286=CARTESIAN_POINT('Vertex',(14.0509512174,19.2017548205,-80.0623474592)) ;
#4290=CARTESIAN_POINT('Control Point',(14.0505056169,19.2017513085,-80.0622715381)) ;
#4291=CARTESIAN_POINT('Control Point',(14.0157758154,19.0898282863,-80.2714720561)) ;
#4292=CARTESIAN_POINT('Control Point',(13.9765011686,18.9651019844,-80.5016594977)) ;
#4293=CARTESIAN_POINT('Control Point',(13.9330000988,18.8301413465,-80.7482231532)) ;
#4294=CARTESIAN_POINT('Control Point',(13.8678410722,18.6337665737,-81.1041353231)) ;
#4295=CARTESIAN_POINT('Control Point',(13.7952198627,18.4239708097,-81.4806216688)) ;
#4296=CARTESIAN_POINT('Control Point',(13.7750864743,18.3664499383,-81.5835874061)) ;
#4297=CARTESIAN_POINT('Control Point',(13.7328685158,18.247209042,-81.7965167506)) ;
#4298=CARTESIAN_POINT('Control Point',(13.6885139128,18.1248282189,-82.0140020146)) ;
#4299=CARTESIAN_POINT('Control Point',(13.6641310864,18.058373088,-82.1318130488)) ;
#4300=CARTESIAN_POINT('Control Point',(13.6403604638,17.9943703394,-82.2449911225)) ;
#4301=CARTESIAN_POINT('Control Point',(13.6158811823,17.9292768749,-82.3598219539)) ;
#4302=CARTESIAN_POINT('Vertex',(13.6163747714,17.9292807977,-82.3599293001)) ;
#4306=CARTESIAN_POINT('Control Point',(13.6158811823,17.9292768749,-82.3598219539)) ;
#4307=CARTESIAN_POINT('Control Point',(13.5243522769,17.6858900928,-82.7891785229)) ;
#4308=CARTESIAN_POINT('Control Point',(13.4316013303,17.453162428,-83.2007985404)) ;
#4309=CARTESIAN_POINT('Control Point',(13.339034333,17.2335715631,-83.5910891631)) ;
#4310=CARTESIAN_POINT('Control Point',(13.2397006492,17.0103317314,-83.9912955585)) ;
#4311=CARTESIAN_POINT('Control Point',(13.1491559121,16.8185634898,-84.3424073126)) ;
#4312=CARTESIAN_POINT('Control Point',(13.1403551128,16.8000459222,-84.376397176)) ;
#4313=CARTESIAN_POINT('Control Point',(13.1272986201,16.7727561048,-84.4266252885)) ;
#4314=CARTESIAN_POINT('Control Point',(13.1144787227,16.7462320872,-84.4756606926)) ;
#4315=CARTESIAN_POINT('Control Point',(13.1102307938,16.7374737799,-84.4918776872)) ;
#4316=CARTESIAN_POINT('Control Point',(13.1039105853,16.7244882504,-84.5159606882)) ;
#4317=CARTESIAN_POINT('Control Point',(13.0976446469,16.7116829558,-84.5397704628)) ;
#4318=CARTESIAN_POINT('Control Point',(13.095564228,16.7074389571,-84.5476685137)) ;
#4319=CARTESIAN_POINT('Control Point',(13.092435064,16.701067399,-84.5595368966)) ;
#4320=CARTESIAN_POINT('Control Point',(13.0893388986,16.6947800337,-84.5712640326)) ;
#4321=CARTESIAN_POINT('Control Point',(13.0883063553,16.6926852132,-84.5751730892)) ;
#4322=CARTESIAN_POINT('Control Point',(13.0862940938,16.688606108,-84.582787956)) ;
#4323=CARTESIAN_POINT('Control Point',(13.0842341252,16.6844383685,-84.5905763283)) ;
#4324=CARTESIAN_POINT('Control Point',(13.0840273226,16.6840168412,-84.5913590602)) ;
#4325=CARTESIAN_POINT('Control Point',(13.082578889,16.6810930243,-84.5968312329)) ;
#4326=CARTESIAN_POINT('Control Point',(13.0811296935,16.6781692014,-84.6023028505)) ;
#4327=CARTESIAN_POINT('Vertex',(13.0821291564,16.6781773706,-84.6025716055)) ;
#4331=CARTESIAN_POINT('Control Point',(13.0811296935,16.6781692014,-84.6023028505)) ;
#4332=CARTESIAN_POINT('Control Point',(13.0015072517,16.5175270294,-84.9029272624)) ;
#4333=CARTESIAN_POINT('Control Point',(12.9202760647,16.3644593196,-85.1990864361)) ;
#4334=CARTESIAN_POINT('Control Point',(12.8374468647,16.2193597476,-85.4909683996)) ;
#4335=CARTESIAN_POINT('Control Point',(12.7272982701,16.0410378869,-85.8665815387)) ;
#4336=CARTESIAN_POINT('Control Point',(12.61588304,15.8803832634,-86.2311485572)) ;
#4337=CARTESIAN_POINT('Control Point',(12.5890503085,15.8428318837,-86.3180876427)) ;
#4338=CARTESIAN_POINT('Control Point',(12.5490607307,15.7885819759,-86.4463997961)) ;
#4339=CARTESIAN_POINT('Control Point',(12.508995403,15.7368073614,-86.5731313827)) ;
#4340=CARTESIAN_POINT('Control Point',(12.4958537378,15.7201036567,-86.6145063501)) ;
#4341=CARTESIAN_POINT('Control Point',(12.4761481469,15.695476446,-86.6762606883)) ;
#4342=CARTESIAN_POINT('Control Point',(12.4564217621,15.6714601249,-86.7376546541)) ;
#4343=CARTESIAN_POINT('Control Point',(12.4498462408,15.6635253744,-86.7580726469)) ;
#4344=CARTESIAN_POINT('Control Point',(12.4399584183,15.6517016538,-86.7887051518)) ;
#4345=CARTESIAN_POINT('Control Point',(12.4300914749,15.6400618531,-86.8191685172)) ;
#4346=CARTESIAN_POINT('Control Point',(12.4268004979,15.636197464,-86.8293174279)) ;
#4347=CARTESIAN_POINT('Control Point',(12.4219079211,15.6304777623,-86.8443886949)) ;
#4348=CARTESIAN_POINT('Control Point',(12.4169745965,15.6247521222,-86.8595595661)) ;
#4349=CARTESIAN_POINT('Control Point',(12.4153329226,15.6228512451,-86.8646052554)) ;
#4350=CARTESIAN_POINT('Control Point',(12.4119472719,15.6189418227,-86.8750046591)) ;
#4351=CARTESIAN_POINT('Control Point',(12.4086854968,15.6151913922,-86.8850121331)) ;
#4352=CARTESIAN_POINT('Control Point',(12.4076488044,15.6139955754,-86.8881921761)) ;
#4353=CARTESIAN_POINT('Control Point',(12.405705905,15.6117767043,-86.8941470427)) ;
#4354=CARTESIAN_POINT('Control Point',(12.4037620662,15.609557826,-86.9001009277)) ;
#4355=CARTESIAN_POINT('Vertex',(12.4046259549,15.6095646909,-86.9003854537)) ;
#4359=CARTESIAN_POINT('Control Point',(12.4037620662,15.609557826,-86.9001009277)) ;
#4360=CARTESIAN_POINT('Control Point',(12.1299700603,15.2970261577,-87.7387127456)) ;
#4361=CARTESIAN_POINT('Control Point',(11.8309612956,15.1158436389,-88.5566890491)) ;
#4362=CARTESIAN_POINT('Control Point',(11.5232278006,15.1135037623,-89.3147398007)) ;
#4363=CARTESIAN_POINT('Vertex',(11.523783363,15.1135077396,-89.3149653456)) ;
#4367=CARTESIAN_POINT('Control Point',(11.5232278006,15.1135037623,-89.3147398007)) ;
#4368=CARTESIAN_POINT('Control Point',(11.3288201679,15.1119906316,-89.793631636)) ;
#4369=CARTESIAN_POINT('Control Point',(11.1280030083,15.1104276137,-90.2631892277)) ;
#4370=CARTESIAN_POINT('Control Point',(10.9209826879,15.1088163148,-90.7227088542)) ;
#4371=CARTESIAN_POINT('Control Point',(10.2801707983,15.1038286909,-92.0729928275)) ;
#4372=CARTESIAN_POINT('Control Point',(9.58778828892,15.098439678,-93.3200630657)) ;
#4373=CARTESIAN_POINT('Control Point',(9.10533756684,15.0946846248,-94.1030053797)) ;
#4374=CARTESIAN_POINT('Control Point',(8.10563082408,15.0869036188,-95.5623390643)) ;
#4375=CARTESIAN_POINT('Control Point',(7.0474814593,15.0786677369,-96.7940310934)) ;
#4376=CARTESIAN_POINT('Control Point',(6.50696507089,15.0744607418,-97.3518897673)) ;
#4377=CARTESIAN_POINT('Control Point',(5.40938678103,15.0659179733,-98.3494785799)) ;
#4378=CARTESIAN_POINT('Control Point',(4.29139326301,15.0572163071,-99.106502615)) ;
#4379=CARTESIAN_POINT('Control Point',(3.73015465258,15.052848025,-99.426240256)) ;
#4380=CARTESIAN_POINT('Control Point',(2.60891779236,15.0441211149,-99.9509003491)) ;
#4381=CARTESIAN_POINT('Control Point',(1.50160916754,15.0355026123,-100.251397539)) ;
#4382=CARTESIAN_POINT('Control Point',(0.953586017196,15.03123719,-100.348584338)) ;
#4383=CARTESIAN_POINT('Control Point',(0.413342982683,15.0270323225,-100.395688295)) ;
#4384=CARTESIAN_POINT('Control Point',(-0.11697090703,15.0229047365,-100.395688345)) ;
#4387=CARTESIAN_POINT('Control Point',(-0.149350734149,19.1842733508,-100.395688345)) ;
#4388=CARTESIAN_POINT('Control Point',(0.368593669554,19.1882162755,-100.39568765)) ;
#4389=CARTESIAN_POINT('Control Point',(0.893693989455,19.1990237733,-100.35075492)) ;
#4390=CARTESIAN_POINT('Control Point',(1.42404505275,19.2170905338,-100.25885521)) ;
#4391=CARTESIAN_POINT('Control Point',(2.15432204644,19.2522656064,-100.066082573)) ;
#4392=CARTESIAN_POINT('Control Point',(2.8855112395,19.3025988905,-99.7790088352)) ;
#4393=CARTESIAN_POINT('Control Point',(3.08307131359,19.3173318772,-99.6944854308)) ;
#4394=CARTESIAN_POINT('Control Point',(3.32096913481,19.3364766562,-99.5842810126)) ;
#4395=CARTESIAN_POINT('Control Point',(3.5582635622,19.3573265029,-99.4641090062)) ;
#4396=CARTESIAN_POINT('Control Point',(3.59860757567,19.3609222173,-99.4433814871)) ;
#4397=CARTESIAN_POINT('Control Point',(3.65554977048,19.3660721316,-99.4136992337)) ;
#4398=CARTESIAN_POINT('Control Point',(3.71227543143,19.3713031647,-99.3835378376)) ;
#4399=CARTESIAN_POINT('Control Point',(3.72962402551,19.372913329,-99.374252247)) ;
#4400=CARTESIAN_POINT('Control Point',(3.75047416884,19.3748575115,-99.3630440012)) ;
#4401=CARTESIAN_POINT('Control Point',(3.77169444966,19.3768511725,-99.3515535282)) ;
#4402=CARTESIAN_POINT('Control Point',(3.77879969317,19.3775203288,-99.3476968163)) ;
#4403=CARTESIAN_POINT('Control Point',(3.80287771739,19.3797933552,-99.3345954768)) ;
#4404=CARTESIAN_POINT('Control Point',(3.82709854834,19.3820981886,-99.3213084791)) ;
#4405=CARTESIAN_POINT('Control Point',(3.84407929619,19.3837234268,-99.3119390186)) ;
#4406=CARTESIAN_POINT('Control Point',(3.98001462146,19.3968077765,-99.2365071581)) ;
#4407=CARTESIAN_POINT('Control Point',(4.11547623187,19.4104419765,-99.1579029722)) ;
#4408=CARTESIAN_POINT('Control Point',(4.23411396999,19.4228452952,-99.0864253454)) ;
#4409=CARTESIAN_POINT('Control Point',(5.23830006778,19.5317506584,-98.4586352611)) ;
#4410=CARTESIAN_POINT('Control Point',(6.23391928643,19.6731519958,-97.6414201258)) ;
#4411=CARTESIAN_POINT('Control Point',(7.09248441757,19.8224391593,-96.770336644)) ;
#4412=CARTESIAN_POINT('Control Point',(7.91849311943,19.9973581904,-95.7539154495)) ;
#4413=CARTESIAN_POINT('Control Point',(8.70189575939,20.1968652312,-94.6044815379)) ;
#4433=CARTESIAN_POINT('Control Point',(11.9953518919,18.9022932971,-88.0075424904)) ;
#4434=CARTESIAN_POINT('Control Point',(11.9965296997,18.7401035504,-88.0077758154)) ;
#4435=CARTESIAN_POINT('Control Point',(12.0069945279,18.5787171115,-87.9823669211)) ;
#4436=CARTESIAN_POINT('Control Point',(12.0262470255,18.4234543393,-87.932595446)) ;
#4437=CARTESIAN_POINT('Control Point',(12.0815860699,18.1308904633,-87.7850217354)) ;
#4438=CARTESIAN_POINT('Control Point',(12.1652056956,17.8940945346,-87.5526303214)) ;
#4439=CARTESIAN_POINT('Control Point',(12.2135643545,17.7932739782,-87.4157432904)) ;
#4440=CARTESIAN_POINT('Control Point',(12.3173425302,17.6418647891,-87.1152494229)) ;
#4441=CARTESIAN_POINT('Control Point',(12.429598744,17.5910099816,-86.7760804901)) ;
#4442=CARTESIAN_POINT('Control Point',(12.484020188,17.5930435175,-86.6077481204)) ;
#4443=CARTESIAN_POINT('Control Point',(12.5901952688,17.6529814651,-86.2715857776)) ;
#4444=CARTESIAN_POINT('Control Point',(12.6800584787,17.8143236402,-85.9742253026)) ;
#4445=CARTESIAN_POINT('Control Point',(12.7196105122,17.9181814914,-85.8401584589)) ;
#4446=CARTESIAN_POINT('Control Point',(12.7842216067,18.1575147824,-85.6166450329)) ;
#4447=CARTESIAN_POINT('Control Point',(12.8226730972,18.4473400845,-85.4768665644)) ;
#4448=CARTESIAN_POINT('Control Point',(12.8348274399,18.5977759459,-85.4307643195)) ;
#4449=CARTESIAN_POINT('Control Point',(12.8403890728,18.7530184957,-85.4073485851)) ;
#4450=CARTESIAN_POINT('Control Point',(12.839091737,18.9088603679,-85.4076404152)) ;
#4451=CARTESIAN_POINT('Vertex',(11.9953518919,18.9022932971,-88.0075424904)) ;
#4453=CARTESIAN_POINT('Vertex',(12.839091737,18.9088603679,-85.4076404152)) ;
#4457=CARTESIAN_POINT('Control Point',(12.839091737,18.9088603679,-85.4076404152)) ;
#4458=CARTESIAN_POINT('Control Point',(12.8379087505,19.0719726617,-85.4073410104)) ;
#4459=CARTESIAN_POINT('Control Point',(12.8292135817,19.2343949763,-85.4330432048)) ;
#4460=CARTESIAN_POINT('Control Point',(12.8134234972,19.391023585,-85.4834559854)) ;
#4461=CARTESIAN_POINT('Control Point',(12.7677180194,19.6844267813,-85.6324499467)) ;
#4462=CARTESIAN_POINT('Control Point',(12.6956444184,19.9217924361,-85.8680502656)) ;
#4463=CARTESIAN_POINT('Control Point',(12.6532348445,20.0215510163,-86.0059729059)) ;
#4464=CARTESIAN_POINT('Control Point',(12.5591980558,20.1722106526,-86.3081047978)) ;
#4465=CARTESIAN_POINT('Control Point',(12.4513542349,20.2211122071,-86.645723149)) ;
#4466=CARTESIAN_POINT('Control Point',(12.3967649904,20.2175778992,-86.8140158234)) ;
#4467=CARTESIAN_POINT('Control Point',(12.2861415784,20.1557236892,-87.1498071094)) ;
#4468=CARTESIAN_POINT('Control Point',(12.1861651192,19.9937246931,-87.4454857227)) ;
#4469=CARTESIAN_POINT('Control Point',(12.1402966869,19.8892501997,-87.5794693723)) ;
#4470=CARTESIAN_POINT('Control Point',(12.0640841582,19.6501697857,-87.8008632671)) ;
#4471=CARTESIAN_POINT('Control Point',(12.0165815679,19.3609626733,-87.9391278484)) ;
#4472=CARTESIAN_POINT('Control Point',(12.0012094687,19.2115192703,-87.9847392348)) ;
#4473=CARTESIAN_POINT('Control Point',(11.9940364005,19.0571808168,-88.0078458868)) ;
#4474=CARTESIAN_POINT('Control Point',(11.9953518919,18.9022932971,-88.0075424904)) ;
#4481=CARTESIAN_POINT('Axis2P3D Location',(-13.7545721744,32.6515258895,-41.7078455127)) ;
#4487=CARTESIAN_POINT('Control Point',(-13.7545721744,32.6515258895,-43.0078455134)) ;
#4488=CARTESIAN_POINT('Control Point',(-13.7532680659,32.4839735078,-43.0078455141)) ;
#4489=CARTESIAN_POINT('Control Point',(-13.7519639659,32.3164222259,-42.9808498371)) ;
#4490=CARTESIAN_POINT('Control Point',(-13.7507044275,32.1545962366,-42.9268158604)) ;
#4491=CARTESIAN_POINT('Control Point',(-13.7483669554,31.8542768908,-42.7686343996)) ;
#4492=CARTESIAN_POINT('Control Point',(-13.7465344524,31.6188361894,-42.5241350775)) ;
#4493=CARTESIAN_POINT('Control Point',(-13.745780258,31.5219369886,-42.3837111527)) ;
#4494=CARTESIAN_POINT('Control Point',(-13.7446513798,31.376898266,-42.0768218489)) ;
#4495=CARTESIAN_POINT('Control Point',(-13.7443298039,31.3355820726,-41.7399116635)) ;
#4496=CARTESIAN_POINT('Control Point',(-13.7443835484,31.3424871812,-41.5694381561)) ;
#4497=CARTESIAN_POINT('Control Point',(-13.7449161884,31.4109209793,-41.2369699867)) ;
#4498=CARTESIAN_POINT('Control Point',(-13.7462345611,31.5803060299,-40.9428227884)) ;
#4499=CARTESIAN_POINT('Control Point',(-13.7470746812,31.6882449955,-40.810696444)) ;
#4500=CARTESIAN_POINT('Control Point',(-13.7489307582,31.926714502,-40.6001499654)) ;
#4501=CARTESIAN_POINT('Control Point',(-13.7511811342,32.2158436997,-40.4697851632)) ;
#4502=CARTESIAN_POINT('Control Point',(-13.7522915644,32.3585122132,-40.4284855071)) ;
#4503=CARTESIAN_POINT('Control Point',(-13.7534318683,32.5050189138,-40.4078455113)) ;
#4504=CARTESIAN_POINT('Control Point',(-13.7545721744,32.6515258895,-40.407845512)) ;
#4505=CARTESIAN_POINT('Vertex',(-13.7545721735,32.6515258895,-43.0078455127)) ;
#4507=CARTESIAN_POINT('Vertex',(-13.7545721735,32.6515258895,-40.4078455127)) ;
#4511=CARTESIAN_POINT('Control Point',(-13.7545721744,32.6515258895,-40.407845512)) ;
#4512=CARTESIAN_POINT('Control Point',(-13.7558762829,32.8190782718,-40.4078455113)) ;
#4513=CARTESIAN_POINT('Control Point',(-13.7571803829,32.9866295542,-40.4348411884)) ;
#4514=CARTESIAN_POINT('Control Point',(-13.7584399213,33.1484555412,-40.4888751648)) ;
#4515=CARTESIAN_POINT('Control Point',(-13.7607773934,33.4487748873,-40.6470566252)) ;
#4516=CARTESIAN_POINT('Control Point',(-13.7626098964,33.6842155893,-40.891555947)) ;
#4517=CARTESIAN_POINT('Control Point',(-13.7633640908,33.7811147908,-41.0319798735)) ;
#4518=CARTESIAN_POINT('Control Point',(-13.764492969,33.9261535132,-41.3388691771)) ;
#4519=CARTESIAN_POINT('Control Point',(-13.7648145449,33.9674697064,-41.6757793624)) ;
#4520=CARTESIAN_POINT('Control Point',(-13.7647608004,33.960564598,-41.8462528688)) ;
#4521=CARTESIAN_POINT('Control Point',(-13.7642281604,33.8921307997,-42.1787210388)) ;
#4522=CARTESIAN_POINT('Control Point',(-13.7629097877,33.7227457488,-42.4728682374)) ;
#4523=CARTESIAN_POINT('Control Point',(-13.7620696676,33.614806784,-42.6049945811)) ;
#4524=CARTESIAN_POINT('Control Point',(-13.7602135906,33.376337277,-42.8155410601)) ;
#4525=CARTESIAN_POINT('Control Point',(-13.7579632146,33.0872080786,-42.9459058623)) ;
#4526=CARTESIAN_POINT('Control Point',(-13.7568527844,32.9445395664,-42.9872055182)) ;
#4527=CARTESIAN_POINT('Control Point',(-13.7557124805,32.7980328656,-43.0078455141)) ;
#4528=CARTESIAN_POINT('Control Point',(-13.7545721744,32.6515258895,-43.0078455134)) ;
#4535=CARTESIAN_POINT('Axis2P3D Location',(16.2445191554,32.8850174749,-41.7078455127)) ;
#4541=CARTESIAN_POINT('Control Point',(16.2445191554,32.8850174749,-43.0078455134)) ;
#4542=CARTESIAN_POINT('Control Point',(16.2432150469,33.052569857,-43.0078455141)) ;
#4543=CARTESIAN_POINT('Control Point',(16.2419109469,33.2201211393,-42.980849837)) ;
#4544=CARTESIAN_POINT('Control Point',(16.2406514085,33.3819471268,-42.9268158605)) ;
#4545=CARTESIAN_POINT('Control Point',(16.2383139364,33.6822664727,-42.7686344002)) ;
#4546=CARTESIAN_POINT('Control Point',(16.2364814334,33.9177071744,-42.5241350786)) ;
#4547=CARTESIAN_POINT('Control Point',(16.235727239,34.0146063764,-42.3837111516)) ;
#4548=CARTESIAN_POINT('Control Point',(16.2345983608,34.1596450985,-42.0768218483)) ;
#4549=CARTESIAN_POINT('Control Point',(16.2342767849,34.2009612916,-41.7399116635)) ;
#4550=CARTESIAN_POINT('Control Point',(16.2343305294,34.1940561834,-41.569438156)) ;
#4551=CARTESIAN_POINT('Control Point',(16.2348631694,34.125622385,-41.2369699866)) ;
#4552=CARTESIAN_POINT('Control Point',(16.2361815421,33.9562373343,-40.9428227885)) ;
#4553=CARTESIAN_POINT('Control Point',(16.2370216622,33.8482983691,-40.8106964439)) ;
#4554=CARTESIAN_POINT('Control Point',(16.2388777392,33.6098288622,-40.6001499652)) ;
#4555=CARTESIAN_POINT('Control Point',(16.2411281152,33.320699664,-40.4697851632)) ;
#4556=CARTESIAN_POINT('Control Point',(16.2422385454,33.1780311518,-40.4284855072)) ;
#4557=CARTESIAN_POINT('Control Point',(16.2433788493,33.0315244509,-40.4078455113)) ;
#4558=CARTESIAN_POINT('Control Point',(16.2445191554,32.8850174749,-40.407845512)) ;
#4559=CARTESIAN_POINT('Vertex',(16.2445191554,32.8850174749,-43.0078455127)) ;
#4561=CARTESIAN_POINT('Vertex',(16.2445191554,32.8850174749,-40.4078455127)) ;
#4565=CARTESIAN_POINT('Control Point',(16.2445191554,32.8850174749,-40.407845512)) ;
#4566=CARTESIAN_POINT('Control Point',(16.2458232639,32.7174650928,-40.4078455113)) ;
#4567=CARTESIAN_POINT('Control Point',(16.2471273639,32.5499138105,-40.4348411884)) ;
#4568=CARTESIAN_POINT('Control Point',(16.2483869023,32.388087823,-40.4888751649)) ;
#4569=CARTESIAN_POINT('Control Point',(16.2507243744,32.0877684771,-40.6470566252)) ;
#4570=CARTESIAN_POINT('Control Point',(16.2525568774,31.8523277754,-40.8915559469)) ;
#4571=CARTESIAN_POINT('Control Point',(16.2533110718,31.7554285734,-41.0319798737)) ;
#4572=CARTESIAN_POINT('Control Point',(16.25443995,31.6103898513,-41.3388691771)) ;
#4573=CARTESIAN_POINT('Control Point',(16.2547615259,31.5690736582,-41.675779362)) ;
#4574=CARTESIAN_POINT('Control Point',(16.2547077814,31.5759787664,-41.8462528693)) ;
#4575=CARTESIAN_POINT('Control Point',(16.2541751414,31.6444125647,-42.1787210388)) ;
#4576=CARTESIAN_POINT('Control Point',(16.2528567687,31.8137976156,-42.472868237)) ;
#4577=CARTESIAN_POINT('Control Point',(16.2520166486,31.9217365806,-42.6049945815)) ;
#4578=CARTESIAN_POINT('Control Point',(16.2501605716,32.1602060876,-42.8155410602)) ;
#4579=CARTESIAN_POINT('Control Point',(16.2479101956,32.449335286,-42.9459058622)) ;
#4580=CARTESIAN_POINT('Control Point',(16.2467997654,32.5920037978,-42.9872055182)) ;
#4581=CARTESIAN_POINT('Control Point',(16.2456594615,32.7385104988,-43.0078455141)) ;
#4582=CARTESIAN_POINT('Control Point',(16.2445191554,32.8850174749,-43.0078455134)) ;
#4590=CARTESIAN_POINT('Control Point',(-15.7429060572,25.2947093213,-63.1451790728)) ;
#4591=CARTESIAN_POINT('Control Point',(-15.3723753665,25.1830435858,-63.5200694612)) ;
#4592=CARTESIAN_POINT('Control Point',(-15.1783692687,25.062660953,-64.0080199561)) ;
#4593=CARTESIAN_POINT('Control Point',(-15.1904693838,24.9519139314,-64.5346438723)) ;
#4594=CARTESIAN_POINT('Control Point',(-15.7831706781,24.9945495586,-63.0674768583)) ;
#4595=CARTESIAN_POINT('Control Point',(-15.3881738263,24.9687548163,-63.467978375)) ;
#4596=CARTESIAN_POINT('Control Point',(-15.1907244099,24.8515164154,-63.9747420193)) ;
#4597=CARTESIAN_POINT('Control Point',(-15.2232520475,24.6620838791,-64.504553279)) ;
#4598=CARTESIAN_POINT('Control Point',(-15.5504105071,24.6323310491,-62.9921080666)) ;
#4599=CARTESIAN_POINT('Control Point',(-15.2849011142,24.6563051235,-63.3916059475)) ;
#4600=CARTESIAN_POINT('Control Point',(-15.1093155755,24.5478180252,-63.825396503)) ;
#4601=CARTESIAN_POINT('Control Point',(-15.043772995,24.319296737,-64.2437799078)) ;
#4602=CARTESIAN_POINT('Control Point',(-14.8980851279,24.3069803269,-62.9858484949)) ;
#4603=CARTESIAN_POINT('Control Point',(-14.806699579,24.2938340846,-63.2122569002)) ;
#4604=CARTESIAN_POINT('Control Point',(-14.7150638703,24.2413651953,-63.4328294633)) ;
#4605=CARTESIAN_POINT('Control Point',(-14.6256569842,24.1509928913,-63.6415990966)) ;
#4606=CARTESIAN_POINT('Control Point',(-14.4936788519,24.228810788,-63.0165621352)) ;
#4607=CARTESIAN_POINT('Control Point',(-14.4533320719,24.2049158258,-63.1154070944)) ;
#4608=CARTESIAN_POINT('Control Point',(-14.4117189775,24.1811526065,-63.2137794159)) ;
#4609=CARTESIAN_POINT('Control Point',(-14.368842177,24.1575226198,-63.3116729333)) ;
#4610=CARTESIAN_POINT('Control Point',(-14.1889614277,24.2198853766,-63.0675567406)) ;
#4611=CARTESIAN_POINT('Control Point',(-14.1889614277,24.2198853766,-63.0675567406)) ;
#4612=CARTESIAN_POINT('Control Point',(-14.1889614277,24.2198853766,-63.0675567406)) ;
#4613=CARTESIAN_POINT('Control Point',(-14.1889614277,24.2198853766,-63.0675567406)) ;
#4615=CARTESIAN_POINT('Control Point',(-14.1890275143,24.2198867068,-63.0675481402)) ;
#4616=CARTESIAN_POINT('Control Point',(-14.3120168825,24.2223638178,-63.0515433411)) ;
#4617=CARTESIAN_POINT('Control Point',(-14.4348510101,24.2323340112,-63.039379989)) ;
#4618=CARTESIAN_POINT('Control Point',(-14.5559821407,24.249491954,-63.0308428922)) ;
#4619=CARTESIAN_POINT('Control Point',(-14.7555243445,24.2904229811,-63.0212963882)) ;
#4620=CARTESIAN_POINT('Control Point',(-14.9396105031,24.3500694312,-63.0189762907)) ;
#4621=CARTESIAN_POINT('Control Point',(-14.9925545699,24.3714623293,-63.0194656767)) ;
#4622=CARTESIAN_POINT('Control Point',(-15.0791245678,24.4074309015,-63.0206067184)) ;
#4623=CARTESIAN_POINT('Control Point',(-15.1602134759,24.448104014,-63.0237040483)) ;
#4624=CARTESIAN_POINT('Control Point',(-15.2087945809,24.4730108722,-63.025675413)) ;
#4625=CARTESIAN_POINT('Control Point',(-15.4228245681,24.6087513961,-63.0410403668)) ;
#4626=CARTESIAN_POINT('Control Point',(-15.5829850078,24.7807816336,-63.0709961247)) ;
#4627=CARTESIAN_POINT('Control Point',(-15.6650499099,24.91764414,-63.0990779652)) ;
#4628=CARTESIAN_POINT('Control Point',(-15.7084323757,25.0622931383,-63.1321737106)) ;
#4629=CARTESIAN_POINT('Control Point',(-15.7076582659,25.208947753,-63.1685197672)) ;
#4630=CARTESIAN_POINT('Vertex',(-15.707658204,25.2089477661,-63.1685197131)) ;
#4634=CARTESIAN_POINT('Control Point',(-15.7076582596,25.2089426697,-63.1685185453)) ;
#4635=CARTESIAN_POINT('Control Point',(-15.3741904762,25.1227344571,-63.5288721207)) ;
#4636=CARTESIAN_POINT('Control Point',(-15.1951627249,25.0127287996,-63.980912116)) ;
#4637=CARTESIAN_POINT('Control Point',(-15.1942343572,24.8934565814,-64.4649272411)) ;
#4638=CARTESIAN_POINT('Vertex',(-15.1942343161,24.8934565811,-64.4649272405)) ;
#4642=CARTESIAN_POINT('Control Point',(-15.1942343572,24.8934565814,-64.4649272411)) ;
#4643=CARTESIAN_POINT('Control Point',(-15.1970417824,24.6375076933,-64.4111827987)) ;
#4644=CARTESIAN_POINT('Control Point',(-15.0333880823,24.3364681114,-64.1711495023)) ;
#4645=CARTESIAN_POINT('Control Point',(-14.6360160818,24.1612798849,-63.617402466)) ;
#4646=CARTESIAN_POINT('Control Point',(-14.3738523023,24.160278982,-63.3002734376)) ;
#4647=CARTESIAN_POINT('Control Point',(-14.1889834526,24.2198782757,-63.0675844628)) ;
#4655=CARTESIAN_POINT('Axis2P3D Location',(64.6372224488,46.8592827071,-65.5861824775)) ;
#4661=CARTESIAN_POINT('Control Point',(10.016160927,30.936404167,-60.2789052213)) ;
#4662=CARTESIAN_POINT('Control Point',(9.95169090595,30.6863185853,-60.9639553829)) ;
#4663=CARTESIAN_POINT('Control Point',(9.90008743437,30.436174286,-61.6501949773)) ;
#4664=CARTESIAN_POINT('Control Point',(9.86138077483,30.1860343895,-62.3371636123)) ;
#4665=CARTESIAN_POINT('Vertex',(10.0158765709,30.9364019545,-60.2788776526)) ;
#4667=CARTESIAN_POINT('Vertex',(9.86123251318,30.1860332362,-62.3371548384)) ;
#4671=CARTESIAN_POINT('Control Point',(10.016160927,30.936404167,-60.2789052213)) ;
#4672=CARTESIAN_POINT('Control Point',(9.94517607125,30.8382255748,-61.0189572066)) ;
#4673=CARTESIAN_POINT('Control Point',(9.88920052334,30.7401629997,-61.7604440739)) ;
#4674=CARTESIAN_POINT('Control Point',(9.84827728012,30.642233522,-62.5028247306)) ;
#4675=CARTESIAN_POINT('Vertex',(9.8518129241,30.6422610406,-62.5030232607)) ;
#4679=CARTESIAN_POINT('Control Point',(9.86138077483,30.1860343895,-62.3371636123)) ;
#4680=CARTESIAN_POINT('Control Point',(9.85693056829,30.3380681753,-62.3923677829)) ;
#4681=CARTESIAN_POINT('Control Point',(9.85256274732,30.4901000416,-62.4475921361)) ;
#4682=CARTESIAN_POINT('Control Point',(9.84827728012,30.642233522,-62.5028247306)) ;
#4691=CARTESIAN_POINT('Control Point',(-10.2258537761,28.9754083494,-71.0812782114)) ;
#4692=CARTESIAN_POINT('Control Point',(-10.2235561166,28.6802041475,-70.9738294143)) ;
#4693=CARTESIAN_POINT('Control Point',(-10.1595891159,28.3854769158,-70.8663743624)) ;
#4694=CARTESIAN_POINT('Control Point',(-10.0339783798,28.1064269843,-70.7644454206)) ;
#4695=CARTESIAN_POINT('Control Point',(-9.67302995213,27.6097799396,-70.582633809)) ;
#4696=CARTESIAN_POINT('Control Point',(-9.1389301326,27.2784031246,-70.4604687344)) ;
#4697=CARTESIAN_POINT('Control Point',(-8.84004281071,27.1647429183,-70.4182294558)) ;
#4698=CARTESIAN_POINT('Control Point',(-8.52543710741,27.1092463129,-70.3971134766)) ;
#4699=CARTESIAN_POINT('Control Point',(-8.21128742437,27.1116998717,-70.3970902856)) ;
#4700=CARTESIAN_POINT('Control Point',(-10.2204765212,28.3043122842,-72.9251586362)) ;
#4701=CARTESIAN_POINT('Control Point',(-10.2181788617,28.0091080835,-72.8177098348)) ;
#4702=CARTESIAN_POINT('Control Point',(-10.1542174046,27.7150723567,-72.7083548266)) ;
#4703=CARTESIAN_POINT('Control Point',(-10.0286177639,27.4374064733,-72.6026231209)) ;
#4704=CARTESIAN_POINT('Control Point',(-9.66770143298,26.9447631916,-72.4098109065)) ;
#4705=CARTESIAN_POINT('Control Point',(-9.13364938988,26.6193460073,-72.2712713558)) ;
#4706=CARTESIAN_POINT('Control Point',(-8.83478885441,26.509027131,-72.2198515547)) ;
#4707=CARTESIAN_POINT('Control Point',(-8.52021139119,26.4570531723,-72.1890568737)) ;
#4708=CARTESIAN_POINT('Control Point',(-8.2060899479,26.4630293218,-72.1793551352)) ;
#4709=CARTESIAN_POINT('Control Point',(-10.1344904036,27.6080736885,-74.8398392245)) ;
#4710=CARTESIAN_POINT('Control Point',(-10.1321927446,27.3128695114,-74.7323903336)) ;
#4711=CARTESIAN_POINT('Control Point',(-10.06831962,27.0195030864,-74.6211945763)) ;
#4712=CARTESIAN_POINT('Control Point',(-9.94289677668,26.7431767884,-74.5117787)) ;
#4713=CARTESIAN_POINT('Control Point',(-9.58249188415,26.2544086273,-74.3083090391)) ;
#4714=CARTESIAN_POINT('Control Point',(-9.04920112371,25.9347595625,-74.1539059227)) ;
#4715=CARTESIAN_POINT('Control Point',(-8.75076741052,25.8276746394,-74.0935920675)) ;
#4716=CARTESIAN_POINT('Control Point',(-8.43663993293,25.7791101206,-74.0534207176)) ;
#4717=CARTESIAN_POINT('Control Point',(-8.12296847065,25.7884956529,-74.0343424767)) ;
#4718=CARTESIAN_POINT('Control Point',(-9.96334587848,26.9007454497,-76.786808441)) ;
#4719=CARTESIAN_POINT('Control Point',(-9.9610482294,26.6055412502,-76.6793595822)) ;
#4720=CARTESIAN_POINT('Control Point',(-9.89733904371,26.3128730177,-76.5662420796)) ;
#4721=CARTESIAN_POINT('Control Point',(-9.77224431426,26.0379441791,-76.4529797907)) ;
#4722=CARTESIAN_POINT('Control Point',(-9.41278857753,25.5532186043,-76.2383832234)) ;
#4723=CARTESIAN_POINT('Control Point',(-8.88091063301,25.2395869975,-76.0674175803)) ;
#4724=CARTESIAN_POINT('Control Point',(-8.58326902902,25.1358758331,-75.9978177622)) ;
#4725=CARTESIAN_POINT('Control Point',(-8.26997664448,25.0908681564,-75.947856542)) ;
#4726=CARTESIAN_POINT('Control Point',(-7.9571402631,25.1038104804,-75.9189885813)) ;
#4727=CARTESIAN_POINT('Control Point',(-9.58793417284,25.889565102,-79.5729471806)) ;
#4728=CARTESIAN_POINT('Control Point',(-9.58563650901,25.5943608991,-79.4654984095)) ;
#4729=CARTESIAN_POINT('Control Point',(-9.52230254798,25.30275529,-79.3494535159)) ;
#4730=CARTESIAN_POINT('Control Point',(-9.3979588474,25.0299532962,-79.2303319516)) ;
#4731=CARTESIAN_POINT('Control Point',(-9.04067569461,24.5513802386,-78.9987856202)) ;
#4732=CARTESIAN_POINT('Control Point',(-8.51203166787,24.246906689,-78.8025899937)) ;
#4733=CARTESIAN_POINT('Control Point',(-8.21620319402,24.1483300828,-78.718844694)) ;
#4734=CARTESIAN_POINT('Control Point',(-7.90482232598,24.1087355862,-78.6539703672)) ;
#4735=CARTESIAN_POINT('Control Point',(-7.59389742556,24.1270910007,-78.6101895158)) ;
#4736=CARTESIAN_POINT('Control Point',(-8.99625034178,24.8836784854,-82.3491666658)) ;
#4737=CARTESIAN_POINT('Control Point',(-8.9939526841,24.588474284,-82.2417178581)) ;
#4738=CARTESIAN_POINT('Control Point',(-8.93134185285,24.2981037466,-82.1222642398)) ;
#4739=CARTESIAN_POINT('Control Point',(-8.8084454923,24.0277737525,-81.9963201411)) ;
#4740=CARTESIAN_POINT('Control Point',(-8.45534918864,23.5563516788,-81.7450376721)) ;
#4741=CARTESIAN_POINT('Control Point',(-7.93293731497,23.262522429,-81.5194647066)) ;
#4742=CARTESIAN_POINT('Control Point',(-7.6406029639,23.1699136639,-81.4192487002)) ;
#4743=CARTESIAN_POINT('Control Point',(-7.33290582811,23.1366108545,-81.3370098944)) ;
#4744=CARTESIAN_POINT('Control Point',(-7.02566460376,23.1612578582,-81.2758648477)) ;
#4745=CARTESIAN_POINT('Control Point',(-8.80245523996,24.5888028247,-83.1634504148)) ;
#4746=CARTESIAN_POINT('Control Point',(-8.80015758503,24.2935986222,-83.0560015969)) ;
#4747=CARTESIAN_POINT('Control Point',(-8.73779516477,24.0036086794,-82.9354970104)) ;
#4748=CARTESIAN_POINT('Control Point',(-8.61539599672,23.7340404479,-82.8074494064)) ;
#4749=CARTESIAN_POINT('Control Point',(-8.26373796531,23.2648219982,-82.5500819441)) ;
#4750=CARTESIAN_POINT('Control Point',(-7.7434669689,22.9742728638,-82.3154514348)) ;
#4751=CARTESIAN_POINT('Control Point',(-7.45233292332,22.8835031312,-82.2101572233)) ;
#4752=CARTESIAN_POINT('Control Point',(-7.1459012279,22.8521391503,-82.122564647)) ;
#4753=CARTESIAN_POINT('Control Point',(-6.83992542467,22.8787249525,-82.0560659172)) ;
#4754=CARTESIAN_POINT('Control Point',(-8.48033783401,24.1489144572,-84.3788852476)) ;
#4755=CARTESIAN_POINT('Control Point',(-8.47804018127,23.853710253,-84.271436424)) ;
#4756=CARTESIAN_POINT('Control Point',(-8.41611461982,23.5643212198,-84.1492715499)) ;
#4757=CARTESIAN_POINT('Control Point',(-8.29458982369,23.295955713,-84.0179008812)) ;
#4758=CARTESIAN_POINT('Control Point',(-7.94546116695,22.830216499,-83.7509204884)) ;
#4759=CARTESIAN_POINT('Control Point',(-7.4289551625,22.5448462381,-83.5019810669)) ;
#4760=CARTESIAN_POINT('Control Point',(-7.13993199953,22.4569800969,-83.3886644139)) ;
#4761=CARTESIAN_POINT('Control Point',(-6.83572573384,22.4286772714,-83.2926140608)) ;
#4762=CARTESIAN_POINT('Control Point',(-6.53197532568,22.4583241815,-83.2176576899)) ;
#4763=CARTESIAN_POINT('Control Point',(-8.10787308698,23.7142031365,-85.5811733074)) ;
#4764=CARTESIAN_POINT('Control Point',(-8.10557543309,23.418998932,-85.4737244903)) ;
#4765=CARTESIAN_POINT('Control Point',(-8.04420773072,23.1302620317,-85.3497560269)) ;
#4766=CARTESIAN_POINT('Control Point',(-7.92379949255,22.8632017709,-85.2147754615)) ;
#4767=CARTESIAN_POINT('Control Point',(-7.57790080745,22.4012383627,-84.9373523788)) ;
#4768=CARTESIAN_POINT('Control Point',(-7.06620264149,22.121488417,-84.6728689237)) ;
#4769=CARTESIAN_POINT('Control Point',(-6.77987504415,22.0367733648,-84.5508373416)) ;
#4770=CARTESIAN_POINT('Control Point',(-6.47851061849,22.0117926216,-84.445599143)) ;
#4771=CARTESIAN_POINT('Control Point',(-6.17760200495,22.044761561,-84.3614550707)) ;
#4772=CARTESIAN_POINT('Control Point',(-7.97788459185,23.5699184476,-85.9803598682)) ;
#4773=CARTESIAN_POINT('Control Point',(-7.97558693713,23.2747142433,-85.8729110547)) ;
#4774=CARTESIAN_POINT('Control Point',(-7.91442334239,22.9862034899,-85.7483169153)) ;
#4775=CARTESIAN_POINT('Control Point',(-7.79442362713,22.7195958629,-85.6120840541)) ;
#4776=CARTESIAN_POINT('Control Point',(-7.44970671486,22.2589418298,-85.3310383352)) ;
#4777=CARTESIAN_POINT('Control Point',(-6.93976762748,21.9811408981,-85.0611625528)) ;
#4778=CARTESIAN_POINT('Control Point',(-6.65442627623,21.897518581,-84.9361077043)) ;
#4779=CARTESIAN_POINT('Control Point',(-6.35410161508,21.8736898698,-84.8276821811)) ;
#4780=CARTESIAN_POINT('Control Point',(-6.05423274934,21.9078108228,-84.7403508338)) ;
#4781=CARTESIAN_POINT('Control Point',(-7.70622305969,23.2830196686,-86.7743930559)) ;
#4782=CARTESIAN_POINT('Control Point',(-7.70392540287,22.9878154652,-86.6669442503)) ;
#4783=CARTESIAN_POINT('Control Point',(-7.64318949794,22.6997588333,-86.5410933253)) ;
#4784=CARTESIAN_POINT('Control Point',(-7.52404580739,22.4340601304,-86.4023449949)) ;
#4785=CARTESIAN_POINT('Control Point',(-7.18180519902,21.9760354244,-86.1140225368)) ;
#4786=CARTESIAN_POINT('Control Point',(-6.6755521106,21.7021482628,-85.8333152597)) ;
#4787=CARTESIAN_POINT('Control Point',(-6.39227735378,21.6207202415,-85.7021876164)) ;
#4788=CARTESIAN_POINT('Control Point',(-6.09413143024,21.5992048986,-85.5873597566)) ;
#4789=CARTESIAN_POINT('Control Point',(-5.79644126694,21.6356391825,-85.4936261722)) ;
#4790=CARTESIAN_POINT('Control Point',(-7.40963294566,22.9993578912,-87.5600659912)) ;
#4791=CARTESIAN_POINT('Control Point',(-7.40733528657,22.704153689,-87.4526171931)) ;
#4792=CARTESIAN_POINT('Control Point',(-7.34711377958,22.4165889781,-87.325403778)) ;
#4793=CARTESIAN_POINT('Control Point',(-7.22899966051,22.151874855,-87.1839284115)) ;
#4794=CARTESIAN_POINT('Control Point',(-6.88973739102,21.6966983321,-86.887717195)) ;
#4795=CARTESIAN_POINT('Control Point',(-6.38791758471,21.4270507091,-86.5952674288)) ;
#4796=CARTESIAN_POINT('Control Point',(-6.10712839459,21.3479996293,-86.4575562322)) ;
#4797=CARTESIAN_POINT('Control Point',(-5.81160291646,21.3289902114,-86.3357875612)) ;
#4798=CARTESIAN_POINT('Control Point',(-5.51653315643,21.3679303797,-86.2351132733)) ;
#4799=CARTESIAN_POINT('Control Point',(-7.25562784182,22.8588861318,-87.949290497)) ;
#4800=CARTESIAN_POINT('Control Point',(-7.253330181,22.5636819332,-87.8418417047)) ;
#4801=CARTESIAN_POINT('Control Point',(-7.19335148605,22.2763421732,-87.7140050845)) ;
#4802=CARTESIAN_POINT('Control Point',(-7.07572335787,22.0120782856,-87.5712823647)) ;
#4803=CARTESIAN_POINT('Control Point',(-6.73786696059,21.5582041952,-87.2714628068)) ;
#4804=CARTESIAN_POINT('Control Point',(-6.2381398063,21.2904952449,-86.9736419865)) ;
#4805=CARTESIAN_POINT('Control Point',(-5.95852388343,21.2125311007,-86.8329194494)) ;
#4806=CARTESIAN_POINT('Control Point',(-5.664235339,21.194667599,-86.7079760256)) ;
#4807=CARTESIAN_POINT('Control Point',(-5.37040249187,21.2347536641,-86.6041270331)) ;
#4808=CARTESIAN_POINT('Control Point',(-6.83281981323,22.4927380833,-88.9642847491)) ;
#4809=CARTESIAN_POINT('Control Point',(-6.83052215587,22.1975338762,-88.8568359445)) ;
#4810=CARTESIAN_POINT('Control Point',(-6.771418348,21.9109484456,-88.7269081398)) ;
#4811=CARTESIAN_POINT('Control Point',(-6.65554130539,21.6481943611,-88.5799999212)) ;
#4812=CARTESIAN_POINT('Control Point',(-6.32275043291,21.19868783,-88.2680725977)) ;
#4813=CARTESIAN_POINT('Control Point',(-5.83056335099,20.9374800444,-87.9522292968)) ;
#4814=CARTESIAN_POINT('Control Point',(-5.55517485043,20.8631608512,-87.8014022692)) ;
#4815=CARTESIAN_POINT('Control Point',(-5.26534313083,20.8491400974,-87.6658060405)) ;
#4816=CARTESIAN_POINT('Control Point',(-4.97596704072,20.8930688528,-87.5513044165)) ;
#4817=CARTESIAN_POINT('Control Point',(-6.369838888,22.138730083,-89.9467845506)) ;
#4818=CARTESIAN_POINT('Control Point',(-6.36754122506,21.8435258896,-89.8393357659)) ;
#4819=CARTESIAN_POINT('Control Point',(-6.30913930363,21.5574670252,-89.7079463249)) ;
#4820=CARTESIAN_POINT('Control Point',(-6.19466709482,21.2957668481,-89.5581126148)) ;
#4821=CARTESIAN_POINT('Control Point',(-5.86594011946,20.8493090329,-89.2377224275)) ;
#4822=CARTESIAN_POINT('Control Point',(-5.37980218022,20.5926392536,-88.9092820537)) ;
#4823=CARTESIAN_POINT('Control Point',(-5.10780519443,20.5208643353,-88.7513923365)) ;
#4824=CARTESIAN_POINT('Control Point',(-4.8215490268,20.5095259148,-88.6083501544)) ;
#4825=CARTESIAN_POINT('Control Point',(-4.5357484275,20.5561369556,-88.4864026876)) ;
#4826=CARTESIAN_POINT('Control Point',(-6.076889865,21.9242259254,-90.542376382)) ;
#4827=CARTESIAN_POINT('Control Point',(-6.07459220495,21.6290217309,-90.4349275891)) ;
#4828=CARTESIAN_POINT('Control Point',(-6.01643977548,21.3431405689,-90.3030445835)) ;
#4829=CARTESIAN_POINT('Control Point',(-5.90246692255,21.0817960651,-90.1522230114)) ;
#4830=CARTESIAN_POINT('Control Point',(-5.57518447751,20.636367141,-89.8289751532)) ;
#4831=CARTESIAN_POINT('Control Point',(-5.09119673023,20.3812288779,-89.4962811268)) ;
#4832=CARTESIAN_POINT('Control Point',(-4.82040527218,20.3103126212,-89.3360065566)) ;
#4833=CARTESIAN_POINT('Control Point',(-4.53542005036,20.2998794585,-89.1904501099)) ;
#4834=CARTESIAN_POINT('Control Point',(-4.2508903773,20.3473957435,-89.0659884205)) ;
#4835=CARTESIAN_POINT('Control Point',(-5.52056600574,21.5282103853,-91.6422834779)) ;
#4836=CARTESIAN_POINT('Control Point',(-5.51826834672,21.2330061771,-91.5348346774)) ;
#4837=CARTESIAN_POINT('Control Point',(-5.46049444476,20.9473930492,-91.4022071364)) ;
#4838=CARTESIAN_POINT('Control Point',(-5.34727921475,20.6865850328,-91.2498953827)) ;
#4839=CARTESIAN_POINT('Control Point',(-5.02218841588,20.2427080744,-90.9223367483)) ;
#4840=CARTESIAN_POINT('Control Point',(-4.54146295497,19.9898799524,-90.583226115)) ;
#4841=CARTESIAN_POINT('Control Point',(-4.27250053412,19.9202589067,-90.4193540098)) ;
#4842=CARTESIAN_POINT('Control Point',(-3.98944360507,19.9111912452,-90.2700048127)) ;
#4843=CARTESIAN_POINT('Control Point',(-3.70684219834,19.9600730145,-90.1417504375)) ;
#4844=CARTESIAN_POINT('Control Point',(-4.95252003824,21.136479948,-92.7306683703)) ;
#4845=CARTESIAN_POINT('Control Point',(-4.95022237834,20.8412757516,-92.6232195763)) ;
#4846=CARTESIAN_POINT('Control Point',(-4.89261530034,20.555776654,-92.4902752212)) ;
#4847=CARTESIAN_POINT('Control Point',(-4.77973396993,20.2951968555,-92.3373293558)) ;
#4848=CARTESIAN_POINT('Control Point',(-4.45560907322,19.8519800681,-92.0079363593)) ;
#4849=CARTESIAN_POINT('Control Point',(-3.97632136154,19.6001345913,-91.6660952494)) ;
#4850=CARTESIAN_POINT('Control Point',(-3.70816502854,19.5310644709,-91.5006922703)) ;
#4851=CARTESIAN_POINT('Control Point',(-3.42595792699,19.5225776258,-91.3497291228)) ;
#4852=CARTESIAN_POINT('Control Point',(-3.14420633077,19.5720401982,-91.2198608188)) ;
#4853=CARTESIAN_POINT('Control Point',(-4.68864348356,20.9558031812,-93.2327013453)) ;
#4854=CARTESIAN_POINT('Control Point',(-4.68634582358,20.660598987,-93.1252525523)) ;
#4855=CARTESIAN_POINT('Control Point',(-4.62878509078,20.3751313575,-92.9922207581)) ;
#4856=CARTESIAN_POINT('Control Point',(-4.51599652053,20.1146145399,-92.8390998818)) ;
#4857=CARTESIAN_POINT('Control Point',(-4.19213995959,19.6715799401,-92.5092006136)) ;
#4858=CARTESIAN_POINT('Control Point',(-3.71325166701,19.4200056465,-92.166605912)) ;
#4859=CARTESIAN_POINT('Control Point',(-3.44531927227,19.3510875671,-92.0007804232)) ;
#4860=CARTESIAN_POINT('Control Point',(-3.16334826047,19.3427610124,-91.8493718379)) ;
#4861=CARTESIAN_POINT('Control Point',(-2.8818327496,19.3923838718,-91.7190581026)) ;
#4862=CARTESIAN_POINT('Control Point',(-4.29197751152,20.6851628973,-93.9847391031)) ;
#4863=CARTESIAN_POINT('Control Point',(-4.28967985175,20.3899587024,-93.8772903094)) ;
#4864=CARTESIAN_POINT('Control Point',(-4.2321595836,20.1045185885,-93.7441820509)) ;
#4865=CARTESIAN_POINT('Control Point',(-4.11945200322,19.8440568444,-93.5909081318)) ;
#4866=CARTESIAN_POINT('Control Point',(-3.79582972905,19.4011815618,-93.2605661434)) ;
#4867=CARTESIAN_POINT('Control Point',(-3.31729017418,19.1498444147,-92.9173124509)) ;
#4868=CARTESIAN_POINT('Control Point',(-3.049553303,19.0810592943,-92.7511174921)) ;
#4869=CARTESIAN_POINT('Control Point',(-2.76778842498,19.072872914,-92.5993193879)) ;
#4870=CARTESIAN_POINT('Control Point',(-2.48647904485,19.1226359459,-92.4686161401)) ;
#4871=CARTESIAN_POINT('Control Point',(-3.89457469952,20.4147356044,-94.736207447)) ;
#4872=CARTESIAN_POINT('Control Point',(-3.89227704,20.1195314063,-94.6287586516)) ;
#4873=CARTESIAN_POINT('Control Point',(-3.83477110857,19.8341011689,-94.495622941)) ;
#4874=CARTESIAN_POINT('Control Point',(-3.72209222293,19.5736591965,-94.3422940787)) ;
#4875=CARTESIAN_POINT('Control Point',(-3.39855295671,19.1308411138,-94.0117931533)) ;
#4876=CARTESIAN_POINT('Control Point',(-2.92013696074,18.8795891158,-93.6683028858)) ;
#4877=CARTESIAN_POINT('Control Point',(-2.65246936457,18.8108517364,-93.5019752896)) ;
#4878=CARTESIAN_POINT('Control Point',(-2.37077752148,18.8027156891,-93.3500373514)) ;
#4879=CARTESIAN_POINT('Control Point',(-2.08954117607,18.8525290543,-93.219194273)) ;
#4880=CARTESIAN_POINT('Control Point',(-3.76205521719,20.3245974331,-94.9866863014)) ;
#4881=CARTESIAN_POINT('Control Point',(-3.75975755774,20.0293932338,-94.8792375053)) ;
#4882=CARTESIAN_POINT('Control Point',(-3.70225447167,19.7439649894,-94.746096255)) ;
#4883=CARTESIAN_POINT('Control Point',(-3.58958128094,19.4835270071,-94.5927563054)) ;
#4884=CARTESIAN_POINT('Control Point',(-3.26605848897,19.0407204684,-94.2622233076)) ;
#4885=CARTESIAN_POINT('Control Point',(-2.78766701541,18.7894856561,-93.9186853013)) ;
#4886=CARTESIAN_POINT('Control Point',(-2.52001316814,18.7207579126,-93.7523309402)) ;
#4887=CARTESIAN_POINT('Control Point',(-2.23833582029,18.7126320245,-93.6003647851)) ;
#4888=CARTESIAN_POINT('Control Point',(-1.95711397022,18.7624555492,-93.4694934905)) ;
#4889=CARTESIAN_POINT('Control Point',(-3.53392707368,20.1694624961,-95.4177813657)) ;
#4890=CARTESIAN_POINT('Control Point',(-3.53162941428,19.8742582953,-95.3103325689)) ;
#4891=CARTESIAN_POINT('Control Point',(-3.47412916785,19.5888320723,-95.1771856987)) ;
#4892=CARTESIAN_POINT('Control Point',(-3.36146166063,19.3283981381,-95.0238345017)) ;
#4893=CARTESIAN_POINT('Control Point',(-3.03795530996,18.8856033116,-94.6932689686)) ;
#4894=CARTESIAN_POINT('Control Point',(-2.55958830998,18.6343859364,-94.349682535)) ;
#4895=CARTESIAN_POINT('Control Point',(-2.2919481843,18.5656679698,-94.183301023)) ;
#4896=CARTESIAN_POINT('Control Point',(-2.010285303,18.5575523899,-94.0313062442)) ;
#4897=CARTESIAN_POINT('Control Point',(-1.72907791974,18.6073862231,-93.9004063268)) ;
#4898=CARTESIAN_POINT('Control Point',(-3.3057114143,20.0142997181,-95.8489547919)) ;
#4899=CARTESIAN_POINT('Control Point',(-3.30341375486,19.7190955164,-95.7415059949)) ;
#4900=CARTESIAN_POINT('Control Point',(-3.24591424631,19.4336698446,-95.6083575923)) ;
#4901=CARTESIAN_POINT('Control Point',(-3.13324821602,19.1732370143,-95.4550033285)) ;
#4902=CARTESIAN_POINT('Control Point',(-2.8097461379,18.7304453826,-95.1244289242)) ;
#4903=CARTESIAN_POINT('Control Point',(-2.331385498,18.4792327644,-94.7808292865)) ;
#4904=CARTESIAN_POINT('Control Point',(-2.06374893828,18.4105174652,-94.6144403715)) ;
#4905=CARTESIAN_POINT('Control Point',(-1.78208981664,18.4024046977,-94.4624377882)) ;
#4906=CARTESIAN_POINT('Control Point',(-1.50088619321,18.4522413436,-94.3315300667)) ;
#4907=CARTESIAN_POINT('Control Point',(-3.21009519814,19.9492926148,-96.0295995649)) ;
#4908=CARTESIAN_POINT('Control Point',(-3.20779753867,19.654088413,-95.9221507678)) ;
#4909=CARTESIAN_POINT('Control Point',(-3.15029815238,19.3686628346,-95.7890021056)) ;
#4910=CARTESIAN_POINT('Control Point',(-3.03763236679,19.1082301914,-95.6356473222)) ;
#4911=CARTESIAN_POINT('Control Point',(-2.7141309966,18.6654391011,-95.3050714147)) ;
#4912=CARTESIAN_POINT('Control Point',(-2.23577141056,18.4142272891,-94.9614695395)) ;
#4913=CARTESIAN_POINT('Control Point',(-1.96813544173,18.3455124421,-94.7950793701)) ;
#4914=CARTESIAN_POINT('Control Point',(-1.68647694307,18.3374001513,-94.6430754644)) ;
#4915=CARTESIAN_POINT('Control Point',(-1.40527394268,18.387237274,-94.5121664204)) ;
#4916=CARTESIAN_POINT('Control Point',(-3.07745853876,19.8591173937,-96.2801827155)) ;
#4917=CARTESIAN_POINT('Control Point',(-3.07516087926,19.5639131918,-96.1727339186)) ;
#4918=CARTESIAN_POINT('Control Point',(-3.01766156109,19.2784876597,-96.0395851276)) ;
#4919=CARTESIAN_POINT('Control Point',(-2.9049959119,19.0180551092,-95.8862300865)) ;
#4920=CARTESIAN_POINT('Control Point',(-2.58149493633,18.5752642873,-95.5556534335)) ;
#4921=CARTESIAN_POINT('Control Point',(-2.10313593774,18.3240528747,-95.2120504484)) ;
#4922=CARTESIAN_POINT('Control Point',(-1.83550029827,18.2553382515,-95.0456596568)) ;
#4923=CARTESIAN_POINT('Control Point',(-1.55384214686,18.2472261968,-94.893655095)) ;
#4924=CARTESIAN_POINT('Control Point',(-1.27263949372,18.2970635556,-94.762745395)) ;
#4925=CARTESIAN_POINT('Control Point',(-2.94482152224,19.7689421792,-96.5307658552)) ;
#4926=CARTESIAN_POINT('Control Point',(-2.94252386275,19.4737379774,-96.4233170583)) ;
#4927=CARTESIAN_POINT('Control Point',(-2.88502455157,19.18831245,-96.2901682541)) ;
#4928=CARTESIAN_POINT('Control Point',(-2.77235891636,18.9278799091,-96.1368131866)) ;
#4929=CARTESIAN_POINT('Control Point',(-2.4488579812,18.4850891146,-95.8062364572)) ;
#4930=CARTESIAN_POINT('Control Point',(-1.97049904274,18.2338777429,-95.4626333585)) ;
#4931=CARTESIAN_POINT('Control Point',(-1.70286343698,18.1651631426,-95.2962425032)) ;
#4932=CARTESIAN_POINT('Control Point',(-1.42120532111,18.1570511121,-95.1442378743)) ;
#4933=CARTESIAN_POINT('Control Point',(-1.1400027035,18.206888495,-95.0133281072)) ;
#4934=CARTESIAN_POINT('Control Point',(-2.90593364939,19.7425037048,-96.6042343358)) ;
#4935=CARTESIAN_POINT('Control Point',(-2.9036359899,19.4472995029,-96.4967855388)) ;
#4936=CARTESIAN_POINT('Control Point',(-2.84613667714,19.1618739745,-96.3636367376)) ;
#4937=CARTESIAN_POINT('Control Point',(-2.73347103875,18.9014414313,-96.2102816761)) ;
#4938=CARTESIAN_POINT('Control Point',(-2.40997009439,18.4586506306,-95.8797049641)) ;
#4939=CARTESIAN_POINT('Control Point',(-1.93161114222,18.2074392496,-95.5361018914)) ;
#4940=CARTESIAN_POINT('Control Point',(-1.66397552878,18.1387246441,-95.3697110506)) ;
#4941=CARTESIAN_POINT('Control Point',(-1.3823174048,18.1306126081,-95.2177064369)) ;
#4942=CARTESIAN_POINT('Control Point',(-1.10111477908,18.1804499855,-95.0867966852)) ;
#4943=CARTESIAN_POINT('Control Point',(-2.86385350362,19.713894927,-96.6837337577)) ;
#4944=CARTESIAN_POINT('Control Point',(-2.86155584414,19.4186907252,-96.5762849607)) ;
#4945=CARTESIAN_POINT('Control Point',(-2.80405652726,19.1332651939,-96.4431361673)) ;
#4946=CARTESIAN_POINT('Control Point',(-2.6913908806,18.8728326452,-96.2897811214)) ;
#4947=CARTESIAN_POINT('Control Point',(-2.36788991233,18.4300418282,-95.9592044547)) ;
#4948=CARTESIAN_POINT('Control Point',(-1.88953092454,18.1788304229,-95.6156014492)) ;
#4949=CARTESIAN_POINT('Control Point',(-1.62189529113,18.1101158039,-95.4492106461)) ;
#4950=CARTESIAN_POINT('Control Point',(-1.3402371461,18.1020037536,-95.2972060723)) ;
#4951=CARTESIAN_POINT('Control Point',(-1.05903449933,18.1518411167,-95.1662963603)) ;
#4952=CARTESIAN_POINT('Control Point',(-2.8177103018,19.682523828,-96.7709092485)) ;
#4953=CARTESIAN_POINT('Control Point',(-2.81541264233,19.3873196262,-96.6634604515)) ;
#4954=CARTESIAN_POINT('Control Point',(-2.75791331958,19.101894091,-96.5303116692)) ;
#4955=CARTESIAN_POINT('Control Point',(-2.64524766119,18.8414615342,-96.3769566455)) ;
#4956=CARTESIAN_POINT('Control Point',(-2.32174665892,18.3986706941,-96.0463800429)) ;
#4957=CARTESIAN_POINT('Control Point',(-1.84338762054,18.1474592545,-95.702777133)) ;
#4958=CARTESIAN_POINT('Control Point',(-1.57575195876,18.0787446161,-95.5363863836)) ;
#4959=CARTESIAN_POINT('Control Point',(-1.29409378381,18.0706325455,-95.3843818662)) ;
#4960=CARTESIAN_POINT('Control Point',(-1.01289110713,18.1204698882,-95.2534722107)) ;
#4962=CARTESIAN_POINT('Control Point',(-2.64323746834,18.7104119403,-94.3945117464)) ;
#4963=CARTESIAN_POINT('Control Point',(-2.44005944346,18.595211939,-94.538973243)) ;
#4964=CARTESIAN_POINT('Control Point',(-2.23435615717,18.4897310335,-94.6737861431)) ;
#4965=CARTESIAN_POINT('Control Point',(-2.02673597649,18.3956456034,-94.7978722415)) ;
#4966=CARTESIAN_POINT('Control Point',(-1.75540370532,18.2909114506,-94.9439144628)) ;
#4967=CARTESIAN_POINT('Control Point',(-1.48687712089,18.2132324975,-95.0677307989)) ;
#4968=CARTESIAN_POINT('Control Point',(-1.42795678076,18.1975322123,-95.0938565151)) ;
#4969=CARTESIAN_POINT('Control Point',(-1.30730420783,18.1682709158,-95.1451811415)) ;
#4970=CARTESIAN_POINT('Control Point',(-1.18644104867,18.1449619759,-95.1922119314)) ;
#4971=CARTESIAN_POINT('Control Point',(-1.12813688113,18.1351842619,-95.2138571844)) ;
#4972=CARTESIAN_POINT('Control Point',(-1.07029633519,18.1270109335,-95.234274911)) ;
#4973=CARTESIAN_POINT('Control Point',(-1.01290658401,18.1204671453,-95.2534794158)) ;
#4974=CARTESIAN_POINT('Vertex',(-2.64323746834,18.7104119403,-94.3945117464)) ;
#4976=CARTESIAN_POINT('Vertex',(-1.01289525014,18.1204658527,-95.2534832092)) ;
#4980=CARTESIAN_POINT('Control Point',(-4.04544802681,19.7018248132,-93.1714251881)) ;
#4981=CARTESIAN_POINT('Control Point',(-3.81977112387,19.5127755133,-93.4065585573)) ;
#4982=CARTESIAN_POINT('Control Point',(-3.5909653327,19.3323143198,-93.6288366609)) ;
#4983=CARTESIAN_POINT('Control Point',(-3.36263745755,19.1640388819,-93.8345282028)) ;
#4984=CARTESIAN_POINT('Control Point',(-3.10463796423,18.9885943464,-94.0491834903)) ;
#4985=CARTESIAN_POINT('Control Point',(-2.84893073525,18.8314420765,-94.2437149878)) ;
#4986=CARTESIAN_POINT('Control Point',(-2.82312903435,18.8157579786,-94.2631576814)) ;
#4987=CARTESIAN_POINT('Control Point',(-2.78450491376,18.792539098,-94.2919878979)) ;
#4988=CARTESIAN_POINT('Control Point',(-2.74592559511,18.769739329,-94.32037125)) ;
#4989=CARTESIAN_POINT('Control Point',(-2.73307668612,18.7621893737,-94.3297787117)) ;
#4990=CARTESIAN_POINT('Control Point',(-2.71375934816,18.750905065,-94.3438522466)) ;
#4991=CARTESIAN_POINT('Control Point',(-2.69451513872,18.7397620913,-94.3577717696)) ;
#4992=CARTESIAN_POINT('Control Point',(-2.68809705036,18.7360569666,-94.3624026914)) ;
#4993=CARTESIAN_POINT('Control Point',(-2.67858312033,18.7305804099,-94.3692518411)) ;
#4994=CARTESIAN_POINT('Control Point',(-2.66897712955,18.7250757138,-94.3761407228)) ;
#4995=CARTESIAN_POINT('Control Point',(-2.66578331018,18.7232481229,-94.3784283486)) ;
#4996=CARTESIAN_POINT('Control Point',(-2.65914796521,18.7194575484,-94.3831738456)) ;
#4997=CARTESIAN_POINT('Control Point',(-2.65280400047,18.7158443454,-94.3877014354)) ;
#4998=CARTESIAN_POINT('Control Point',(-2.65095288107,18.7147902027,-94.3890252721)) ;
#4999=CARTESIAN_POINT('Control Point',(-2.64709589799,18.7125996331,-94.3917683664)) ;
#5000=CARTESIAN_POINT('Control Point',(-2.64323746834,18.7104119403,-94.3945117464)) ;
#5001=CARTESIAN_POINT('Vertex',(-4.04544802681,19.7018248132,-93.1714251881)) ;
#5005=CARTESIAN_POINT('Control Point',(-4.74789300795,20.3313763743,-92.3706029061)) ;
#5006=CARTESIAN_POINT('Control Point',(-4.61844435062,20.2080473752,-92.5313366577)) ;
#5007=CARTESIAN_POINT('Control Point',(-4.44731858752,20.0487820573,-92.7376625846)) ;
#5008=CARTESIAN_POINT('Control Point',(-4.25627026905,19.8784291259,-92.9517620364)) ;
#5009=CARTESIAN_POINT('Control Point',(-4.04544802681,19.7018248132,-93.1714251881)) ;
#5010=CARTESIAN_POINT('Vertex',(-4.74789300795,20.3313763743,-92.3706029061)) ;
#5014=CARTESIAN_POINT('Control Point',(-5.37596457771,20.9582287497,-91.5266852666)) ;
#5015=CARTESIAN_POINT('Control Point',(-5.28875035989,20.8675748371,-91.6534016582)) ;
#5016=CARTESIAN_POINT('Control Point',(-5.19645415976,20.7726915956,-91.7838815506)) ;
#5017=CARTESIAN_POINT('Control Point',(-5.10195946032,20.6769552641,-91.9136295978)) ;
#5018=CARTESIAN_POINT('Control Point',(-4.98655368458,20.5621074233,-92.0673055292)) ;
#5019=CARTESIAN_POINT('Control Point',(-4.8651495562,20.4441041216,-92.2229147981)) ;
#5020=CARTESIAN_POINT('Control Point',(-4.85072625071,20.4301232068,-92.2413200889)) ;
#5021=CARTESIAN_POINT('Control Point',(-4.82895457123,20.409078467,-92.2689783188)) ;
#5022=CARTESIAN_POINT('Control Point',(-4.80701076222,20.3879578039,-92.2966670537)) ;
#5023=CARTESIAN_POINT('Control Point',(-4.7996754413,20.3809077715,-92.3059017958)) ;
#5024=CARTESIAN_POINT('Control Point',(-4.788664159,20.3703399205,-92.3197329958)) ;
#5025=CARTESIAN_POINT('Control Point',(-4.7775821024,20.3597272003,-92.3336049858)) ;
#5026=CARTESIAN_POINT('Control Point',(-4.77388298592,20.3561872864,-92.3382300599)) ;
#5027=CARTESIAN_POINT('Control Point',(-4.76828732846,20.350836426,-92.3452181156)) ;
#5028=CARTESIAN_POINT('Control Point',(-4.76272321466,20.3455217066,-92.3521550467)) ;
#5029=CARTESIAN_POINT('Control Point',(-4.76086646541,20.3437488726,-92.3544685641)) ;
#5030=CARTESIAN_POINT('Control Point',(-4.75725036594,20.3402974278,-92.3589719717)) ;
#5031=CARTESIAN_POINT('Control Point',(-4.75348224998,20.3367033377,-92.3636588263)) ;
#5032=CARTESIAN_POINT('Control Point',(-4.75061312052,20.3339683527,-92.3672249522)) ;
#5033=CARTESIAN_POINT('Control Point',(-4.74925320454,20.3326722679,-92.3689139778)) ;
#5034=CARTESIAN_POINT('Control Point',(-4.74789300795,20.3313763743,-92.3706029061)) ;
#5035=CARTESIAN_POINT('Vertex',(-5.37596457771,20.9582287497,-91.5266852666)) ;
#5039=CARTESIAN_POINT('Control Point',(-5.93948951533,21.5598473424,-90.645225789)) ;
#5040=CARTESIAN_POINT('Control Point',(-5.85705054846,21.4698595112,-90.7838128054)) ;
#5041=CARTESIAN_POINT('Control Point',(-5.77206737755,21.3776624229,-90.922949286)) ;
#5042=CARTESIAN_POINT('Control Point',(-5.68189521798,21.2806290283,-91.0665243317)) ;
#5043=CARTESIAN_POINT('Control Point',(-5.57976805093,21.171828845,-91.2244381027)) ;
#5044=CARTESIAN_POINT('Control Point',(-5.47428590777,21.0609486559,-91.382031389)) ;
#5045=CARTESIAN_POINT('Control Point',(-5.46212396876,21.0481839714,-91.4001305052)) ;
#5046=CARTESIAN_POINT('Control Point',(-5.44382985468,21.0290133916,-91.427248701)) ;
#5047=CARTESIAN_POINT('Control Point',(-5.42541385988,21.00976093,-91.4543848803)) ;
#5048=CARTESIAN_POINT('Control Point',(-5.4192642067,21.0033370523,-91.4634284619)) ;
#5049=CARTESIAN_POINT('Control Point',(-5.40999052083,20.993657623,-91.4770384862)) ;
#5050=CARTESIAN_POINT('Control Point',(-5.40072448269,20.9839982894,-91.4905967887)) ;
#5051=CARTESIAN_POINT('Control Point',(-5.39763184129,20.9807757622,-91.4951174548)) ;
#5052=CARTESIAN_POINT('Control Point',(-5.39151967738,20.9744095748,-91.5040434555)) ;
#5053=CARTESIAN_POINT('Control Point',(-5.38528663639,20.9679224422,-91.5131271561)) ;
#5054=CARTESIAN_POINT('Control Point',(-5.38155217482,20.9640386697,-91.5185643973)) ;
#5055=CARTESIAN_POINT('Control Point',(-5.37875901792,20.9611334016,-91.522625133)) ;
#5056=CARTESIAN_POINT('Control Point',(-5.37596457771,20.9582287497,-91.5266852666)) ;
#5057=CARTESIAN_POINT('Vertex',(-5.93948951533,21.5598473424,-90.645225789)) ;
#5061=CARTESIAN_POINT('Control Point',(-6.44376573329,22.1208191741,-89.7407289413)) ;
#5062=CARTESIAN_POINT('Control Point',(-6.38711531194,22.0562330762,-89.848937773)) ;
#5063=CARTESIAN_POINT('Control Point',(-6.32968943097,21.991333641,-89.9566564956)) ;
#5064=CARTESIAN_POINT('Control Point',(-6.26186564482,21.9153171806,-90.0814420006)) ;
#5065=CARTESIAN_POINT('Control Point',(-6.16580539565,21.8084245943,-90.2548104429)) ;
#5066=CARTESIAN_POINT('Control Point',(-6.06822895303,21.700844093,-90.425626952)) ;
#5067=CARTESIAN_POINT('Control Point',(-6.01633426242,21.6438330769,-90.5152243675)) ;
#5068=CARTESIAN_POINT('Control Point',(-5.97775662556,21.6016185386,-90.580895475)) ;
#5069=CARTESIAN_POINT('Control Point',(-5.93948951533,21.5598473424,-90.645225789)) ;
#5070=CARTESIAN_POINT('Vertex',(-6.44376573329,22.1208191741,-89.7407289413)) ;
#5074=CARTESIAN_POINT('Control Point',(-7.407926754,22.8609631285,-87.479266764)) ;
#5075=CARTESIAN_POINT('Control Point',(-7.19026231641,22.6584099008,-88.0402376668)) ;
#5076=CARTESIAN_POINT('Control Point',(-6.95729174828,22.4666220187,-88.6065745477)) ;
#5077=CARTESIAN_POINT('Control Point',(-6.70587777752,22.2879187259,-89.1729496031)) ;
#5078=CARTESIAN_POINT('Control Point',(-6.44376573329,22.1208191741,-89.7407289413)) ;
#5079=CARTESIAN_POINT('Vertex',(-7.407926754,22.8609631285,-87.479266764)) ;
#5083=CARTESIAN_POINT('Control Point',(-7.5988427856,23.0461875788,-86.9768773669)) ;
#5084=CARTESIAN_POINT('Control Point',(-7.53668954863,22.9833388547,-87.1438865917)) ;
#5085=CARTESIAN_POINT('Control Point',(-7.47307768994,22.9215910037,-87.3113579418)) ;
#5086=CARTESIAN_POINT('Control Point',(-7.407926754,22.8609631285,-87.479266764)) ;
#5087=CARTESIAN_POINT('Vertex',(-7.5988427856,23.0461875788,-86.9768773669)) ;
#5091=CARTESIAN_POINT('Control Point',(-8.51635407146,24.2140581959,-84.1991395546)) ;
#5092=CARTESIAN_POINT('Control Point',(-8.42120563471,24.0600669881,-84.5295825661)) ;
#5093=CARTESIAN_POINT('Control Point',(-8.32141579979,23.9102836742,-84.8609331236)) ;
#5094=CARTESIAN_POINT('Control Point',(-8.21717447406,23.7646894812,-85.193168445)) ;
#5095=CARTESIAN_POINT('Control Point',(-8.07231395465,23.5760490509,-85.6373709077)) ;
#5096=CARTESIAN_POINT('Control Point',(-7.9197816556,23.3948947781,-86.0825547743)) ;
#5097=CARTESIAN_POINT('Control Point',(-7.88109818667,23.3499934181,-86.1941099037)) ;
#5098=CARTESIAN_POINT('Control Point',(-7.82233541874,23.2833279573,-86.361562501)) ;
#5099=CARTESIAN_POINT('Control Point',(-7.76246437492,23.2177044486,-86.5291663866)) ;
#5100=CARTESIAN_POINT('Control Point',(-7.74236518951,23.1959256273,-86.5851023905)) ;
#5101=CARTESIAN_POINT('Control Point',(-7.70188612065,23.1525674737,-86.6970930761)) ;
#5102=CARTESIAN_POINT('Control Point',(-7.66095893998,23.1097268442,-86.8089994093)) ;
#5103=CARTESIAN_POINT('Control Point',(-7.64073997432,23.0887934109,-86.863992316)) ;
#5104=CARTESIAN_POINT('Control Point',(-7.61922457778,23.0667974407,-86.9221103511)) ;
#5105=CARTESIAN_POINT('Control Point',(-7.5988427856,23.0461875788,-86.9768773669)) ;
#5106=CARTESIAN_POINT('Vertex',(-8.51635341083,24.2140399409,-84.1991308581)) ;
#5110=CARTESIAN_POINT('Control Point',(-10.2258537761,28.9754083494,-71.0812782114)) ;
#5111=CARTESIAN_POINT('Control Point',(-10.2204765212,28.3043122842,-72.9251586362)) ;
#5112=CARTESIAN_POINT('Control Point',(-10.1344904036,27.6080736885,-74.8398392245)) ;
#5113=CARTESIAN_POINT('Control Point',(-9.96334587848,26.9007454497,-76.786808441)) ;
#5114=CARTESIAN_POINT('Control Point',(-9.60380086628,25.9323024177,-79.4551916376)) ;
#5115=CARTESIAN_POINT('Control Point',(-9.04587878716,24.9687150963,-82.1144763311)) ;
#5116=CARTESIAN_POINT('Control Point',(-8.8847667226,24.7159639633,-82.8123285107)) ;
#5117=CARTESIAN_POINT('Control Point',(-8.70854432549,24.4642738645,-83.5075887269)) ;
#5118=CARTESIAN_POINT('Control Point',(-8.51635451036,24.2140587674,-84.1991379754)) ;
#5121=CARTESIAN_POINT('Control Point',(-10.2258537761,28.9754083494,-71.0812782114)) ;
#5122=CARTESIAN_POINT('Control Point',(-10.2235561166,28.6802041475,-70.9738294143)) ;
#5123=CARTESIAN_POINT('Control Point',(-10.1595891159,28.3854769158,-70.8663743624)) ;
#5124=CARTESIAN_POINT('Control Point',(-10.0339783798,28.1064269843,-70.7644454206)) ;
#5125=CARTESIAN_POINT('Control Point',(-9.67302995213,27.6097799396,-70.582633809)) ;
#5126=CARTESIAN_POINT('Control Point',(-9.1389301326,27.2784031246,-70.4604687344)) ;
#5127=CARTESIAN_POINT('Control Point',(-8.84004281071,27.1647429183,-70.4182294558)) ;
#5128=CARTESIAN_POINT('Control Point',(-8.52543710741,27.1092463129,-70.3971134766)) ;
#5129=CARTESIAN_POINT('Control Point',(-8.21128742437,27.1116998717,-70.3970902856)) ;
#5130=CARTESIAN_POINT('Vertex',(-8.21128710017,27.1116461258,-70.3972379536)) ;
#5134=CARTESIAN_POINT('Control Point',(-8.21128699353,27.1116461268,-70.3972379532)) ;
#5135=CARTESIAN_POINT('Control Point',(-8.20608443822,26.4629846116,-72.1794780895)) ;
#5136=CARTESIAN_POINT('Control Point',(-8.12296022688,25.7884616156,-74.0344361668)) ;
#5137=CARTESIAN_POINT('Control Point',(-7.95713176597,25.1037876326,-75.9190515348)) ;
#5138=CARTESIAN_POINT('Control Point',(-7.59389077941,24.1270797041,-78.610220694)) ;
#5139=CARTESIAN_POINT('Control Point',(-7.02566460376,23.1612578582,-81.2758648477)) ;
#5140=CARTESIAN_POINT('Control Point',(-6.83992542467,22.8787249525,-82.0560659172)) ;
#5141=CARTESIAN_POINT('Control Point',(-6.53197532568,22.4583241815,-83.2176576899)) ;
#5142=CARTESIAN_POINT('Control Point',(-6.17760200495,22.044761561,-84.3614550707)) ;
#5143=CARTESIAN_POINT('Control Point',(-6.05423274934,21.9078108228,-84.7403508338)) ;
#5144=CARTESIAN_POINT('Control Point',(-5.79644126694,21.6356391825,-85.4936261722)) ;
#5145=CARTESIAN_POINT('Control Point',(-5.51653315643,21.3679303797,-86.2351132733)) ;
#5146=CARTESIAN_POINT('Control Point',(-5.37040249187,21.2347536641,-86.6041270331)) ;
#5147=CARTESIAN_POINT('Control Point',(-4.97596704072,20.8930688528,-87.5513044165)) ;
#5148=CARTESIAN_POINT('Control Point',(-4.5357484275,20.5561369556,-88.4864026876)) ;
#5149=CARTESIAN_POINT('Control Point',(-4.2508903773,20.3473957435,-89.0659884205)) ;
#5150=CARTESIAN_POINT('Control Point',(-3.70684219834,19.9600730145,-90.1417504375)) ;
#5151=CARTESIAN_POINT('Control Point',(-3.14420633077,19.5720401982,-91.2198608188)) ;
#5152=CARTESIAN_POINT('Control Point',(-2.8818327496,19.3923838718,-91.7190581026)) ;
#5153=CARTESIAN_POINT('Control Point',(-2.48647904485,19.1226359459,-92.4686161401)) ;
#5154=CARTESIAN_POINT('Control Point',(-2.08954117607,18.8525290543,-93.219194273)) ;
#5155=CARTESIAN_POINT('Control Point',(-1.95711397022,18.7624555492,-93.4694934905)) ;
#5156=CARTESIAN_POINT('Control Point',(-1.72907791974,18.6073862231,-93.9004063268)) ;
#5157=CARTESIAN_POINT('Control Point',(-1.50088619321,18.4522413436,-94.3315300667)) ;
#5158=CARTESIAN_POINT('Control Point',(-1.40527394268,18.387237274,-94.5121664204)) ;
#5159=CARTESIAN_POINT('Control Point',(-1.27263949372,18.2970635556,-94.762745395)) ;
#5160=CARTESIAN_POINT('Control Point',(-1.1400027035,18.206888495,-95.0133281072)) ;
#5161=CARTESIAN_POINT('Control Point',(-1.10111477908,18.1804499855,-95.0867966852)) ;
#5162=CARTESIAN_POINT('Control Point',(-1.05903449933,18.1518411167,-95.1662963603)) ;
#5163=CARTESIAN_POINT('Control Point',(-1.01289110713,18.1204698882,-95.2534722107)) ;
#5180=CARTESIAN_POINT('Axis2P3D Location',(12.6286575588,60.605771756,-101.160050839)) ;
#5186=CARTESIAN_POINT('Control Point',(-11.5692002173,22.8285972116,-87.4792239404)) ;
#5187=CARTESIAN_POINT('Control Point',(-12.3059441966,23.5724514014,-85.4198125019)) ;
#5188=CARTESIAN_POINT('Control Point',(-12.8658588052,24.5418241148,-83.2790656577)) ;
#5189=CARTESIAN_POINT('Control Point',(-13.2788348068,25.7620624599,-81.1600480707)) ;
#5190=CARTESIAN_POINT('Vertex',(-11.5692040211,22.8290858906,-87.4794018107)) ;
#5192=CARTESIAN_POINT('Vertex',(-13.2788348068,25.7620624599,-81.1600480704)) ;
#5195=CARTESIAN_POINT('Line Origine',(12.8982704058,25.9658064244,-81.1600480705)) ;
#5199=CARTESIAN_POINT('Vertex',(-9.27264488643,25.7932421928,-81.1600508408)) ;
#5203=CARTESIAN_POINT('Control Point',(-8.51635341083,24.2140399409,-84.1991308581)) ;
#5204=CARTESIAN_POINT('Control Point',(-8.81190119973,24.6923250985,-83.1727012761)) ;
#5205=CARTESIAN_POINT('Control Point',(-9.0619665671,25.2200139322,-82.1557213197)) ;
#5206=CARTESIAN_POINT('Control Point',(-9.27264488643,25.7932421928,-81.1600508408)) ;
#5209=CARTESIAN_POINT('Control Point',(-5.46426182244,21.6199843235,-91.6122711218)) ;
#5210=CARTESIAN_POINT('Control Point',(-5.83066123231,21.7724091675,-90.9805692697)) ;
#5211=CARTESIAN_POINT('Control Point',(-6.15768089108,21.9432653159,-90.3442291271)) ;
#5212=CARTESIAN_POINT('Control Point',(-6.44383191685,22.1208056371,-89.7407555108)) ;
#5213=CARTESIAN_POINT('Vertex',(-5.46426211999,21.6200031749,-91.6122758433)) ;
#5217=CARTESIAN_POINT('Control Point',(-4.05691403105,21.1750708877,-93.7076587821)) ;
#5218=CARTESIAN_POINT('Control Point',(-4.26216683499,21.2228529059,-93.4472671883)) ;
#5219=CARTESIAN_POINT('Control Point',(-4.45720869734,21.273370449,-93.1846513162)) ;
#5220=CARTESIAN_POINT('Control Point',(-4.64178240109,21.3263245359,-92.9218174241)) ;
#5221=CARTESIAN_POINT('Control Point',(-4.87273240119,21.3989394903,-92.5770323976)) ;
#5222=CARTESIAN_POINT('Control Point',(-5.08781455674,21.4745003472,-92.237109908)) ;
#5223=CARTESIAN_POINT('Control Point',(-5.13829920489,21.4927076529,-92.1562244133)) ;
#5224=CARTESIAN_POINT('Control Point',(-5.2358403355,21.5287906602,-91.9978828338)) ;
#5225=CARTESIAN_POINT('Control Point',(-5.33005247221,21.565393256,-91.8410189693)) ;
#5226=CARTESIAN_POINT('Control Point',(-5.37625891981,21.5837799393,-91.7631793565)) ;
#5227=CARTESIAN_POINT('Control Point',(-5.4193131461,21.6012853442,-91.6897662305)) ;
#5228=CARTESIAN_POINT('Control Point',(-5.46426182244,21.6199843235,-91.6122711218)) ;
#5229=CARTESIAN_POINT('Vertex',(-4.05691403103,21.1750708877,-93.707658782)) ;
#5233=CARTESIAN_POINT('Control Point',(-3.63775233579,21.0856627007,-94.2141214946)) ;
#5234=CARTESIAN_POINT('Control Point',(-3.77176876889,21.1117682023,-94.0601589038)) ;
#5235=CARTESIAN_POINT('Control Point',(-3.913163006,21.1416105932,-93.8900038668)) ;
#5236=CARTESIAN_POINT('Control Point',(-4.05691403105,21.1750708877,-93.7076587821)) ;
#5237=CARTESIAN_POINT('Vertex',(-3.63773333399,21.0856685119,-94.2141059355)) ;
#5240=CARTESIAN_POINT('Line Origine',(12.935249988,21.2146551606,-94.2141214954)) ;
#5244=CARTESIAN_POINT('Vertex',(-8.19721850311,21.0501274472,-94.2143915094)) ;
#5248=CARTESIAN_POINT('Control Point',(-8.19721850309,21.0501274482,-94.2143915102)) ;
#5249=CARTESIAN_POINT('Control Point',(-9.24598842971,21.305534788,-92.7195963759)) ;
#5250=CARTESIAN_POINT('Control Point',(-10.1485932223,21.6678498012,-91.0654798631)) ;
#5251=CARTESIAN_POINT('Control Point',(-10.9177500536,22.1707796187,-89.300438507)) ;
#5252=CARTESIAN_POINT('Control Point',(-11.5691929542,22.8285898772,-87.479244246)) ;
#5269=CARTESIAN_POINT('Control Point',(-6.43558913148,21.0621627221,-89.355427815)) ;
#5270=CARTESIAN_POINT('Control Point',(-6.44719342595,22.5530870697,-89.8980963356)) ;
#5271=CARTESIAN_POINT('Control Point',(-5.86609006923,20.6391550091,-90.5297747856)) ;
#5272=CARTESIAN_POINT('Control Point',(-5.8776943637,22.1300793567,-91.0724433062)) ;
#5273=CARTESIAN_POINT('Control Point',(-5.0736305599,20.1324482487,-91.9388437673)) ;
#5274=CARTESIAN_POINT('Control Point',(-5.08523485437,21.6233725963,-92.4815122879)) ;
#5275=CARTESIAN_POINT('Control Point',(-4.04537853668,19.6929860125,-93.1682076637)) ;
#5276=CARTESIAN_POINT('Control Point',(-4.05698283115,21.1839103601,-93.7108761843)) ;
#5278=CARTESIAN_POINT('Control Point',(-4.04544733685,19.7018254849,-93.171425066)) ;
#5279=CARTESIAN_POINT('Control Point',(-4.05691403099,21.1750708877,-93.707658782)) ;
#5291=CARTESIAN_POINT('Axis2P3D Location',(-11.2181613217,27.9831740752,-66.7078455127)) ;
#5297=CARTESIAN_POINT('Control Point',(-11.2181613217,27.9831740752,-68.0078455134)) ;
#5298=CARTESIAN_POINT('Control Point',(-11.2168572132,27.815621693,-68.0078455141)) ;
#5299=CARTESIAN_POINT('Control Point',(-11.2155531132,27.6480704105,-67.9808498369)) ;
#5300=CARTESIAN_POINT('Control Point',(-11.2142935748,27.4862444236,-67.9268158606)) ;
#5301=CARTESIAN_POINT('Control Point',(-11.2119561027,27.1859250773,-67.7686344002)) ;
#5302=CARTESIAN_POINT('Control Point',(-11.2101235997,26.9504843752,-67.5241350783)) ;
#5303=CARTESIAN_POINT('Control Point',(-11.2093694053,26.8535851739,-67.3837111521)) ;
#5304=CARTESIAN_POINT('Control Point',(-11.2082405271,26.7085464515,-67.0768218483)) ;
#5305=CARTESIAN_POINT('Control Point',(-11.2079189512,26.6672302583,-66.739911663)) ;
#5306=CARTESIAN_POINT('Control Point',(-11.2079726957,26.6741353667,-66.5694381566)) ;
#5307=CARTESIAN_POINT('Control Point',(-11.2085053357,26.742569165,-66.2369699866)) ;
#5308=CARTESIAN_POINT('Control Point',(-11.2098237084,26.911954216,-65.942822788)) ;
#5309=CARTESIAN_POINT('Control Point',(-11.2106638285,27.0198931807,-65.8106964443)) ;
#5310=CARTESIAN_POINT('Control Point',(-11.2125199055,27.2583626877,-65.6001499653)) ;
#5311=CARTESIAN_POINT('Control Point',(-11.2147702815,27.5474918861,-65.469785163)) ;
#5312=CARTESIAN_POINT('Control Point',(-11.2158807117,27.6901603983,-65.4284855072)) ;
#5313=CARTESIAN_POINT('Control Point',(-11.2170210156,27.8366670992,-65.4078455113)) ;
#5314=CARTESIAN_POINT('Control Point',(-11.2181613217,27.9831740752,-65.407845512)) ;
#5315=CARTESIAN_POINT('Vertex',(-11.2181613208,27.9831740751,-68.0078455127)) ;
#5317=CARTESIAN_POINT('Vertex',(-11.2181613208,27.9831740751,-65.4078455127)) ;
#5321=CARTESIAN_POINT('Control Point',(-11.2181613217,27.9831740752,-65.407845512)) ;
#5322=CARTESIAN_POINT('Control Point',(-11.2194654302,28.1507264579,-65.4078455113)) ;
#5323=CARTESIAN_POINT('Control Point',(-11.2207695302,28.3182777407,-65.4348411885)) ;
#5324=CARTESIAN_POINT('Control Point',(-11.2220290686,28.4801037246,-65.4888751642)) ;
#5325=CARTESIAN_POINT('Control Point',(-11.2243665407,28.7804230734,-65.6470566262)) ;
#5326=CARTESIAN_POINT('Control Point',(-11.2261990437,29.0158637767,-65.8915559512)) ;
#5327=CARTESIAN_POINT('Control Point',(-11.2269532381,29.112762974,-66.0319798686)) ;
#5328=CARTESIAN_POINT('Control Point',(-11.2280821163,29.2578016984,-66.3388691742)) ;
#5329=CARTESIAN_POINT('Control Point',(-11.2284036922,29.2991178922,-66.6757793618)) ;
#5330=CARTESIAN_POINT('Control Point',(-11.2283499477,29.2922127835,-66.8462528693)) ;
#5331=CARTESIAN_POINT('Control Point',(-11.2278173077,29.2237789854,-67.1787210387)) ;
#5332=CARTESIAN_POINT('Control Point',(-11.226498935,29.0543939349,-67.4728682369)) ;
#5333=CARTESIAN_POINT('Control Point',(-11.2256588149,28.9464549692,-67.6049945814)) ;
#5334=CARTESIAN_POINT('Control Point',(-11.2238027379,28.7079854627,-67.8155410599)) ;
#5335=CARTESIAN_POINT('Control Point',(-11.2215523619,28.4188562651,-67.9459058621)) ;
#5336=CARTESIAN_POINT('Control Point',(-11.2204419317,28.2761877514,-67.9872055183)) ;
#5337=CARTESIAN_POINT('Control Point',(-11.2193016278,28.1296810509,-68.0078455141)) ;
#5338=CARTESIAN_POINT('Control Point',(-11.2181613217,27.9831740752,-68.0078455134)) ;
#5345=CARTESIAN_POINT('Axis2P3D Location',(-8.14617117285,18.7455260102,-86.7078455127)) ;
#5351=CARTESIAN_POINT('Control Point',(-8.14617117285,18.7455260102,-88.0078455134)) ;
#5352=CARTESIAN_POINT('Control Point',(-8.1448670643,18.5779736275,-88.0078455141)) ;
#5353=CARTESIAN_POINT('Control Point',(-8.14356296431,18.4104223447,-87.9808498368)) ;
#5354=CARTESIAN_POINT('Control Point',(-8.14230342598,18.2485963608,-87.9268158612)) ;
#5355=CARTESIAN_POINT('Control Point',(-8.13996595382,17.9482770119,-87.7686343991)) ;
#5356=CARTESIAN_POINT('Control Point',(-8.13813345087,17.7128363085,-87.5241350739)) ;
#5357=CARTESIAN_POINT('Control Point',(-8.13737925646,17.6159371114,-87.3837111571)) ;
#5358=CARTESIAN_POINT('Control Point',(-8.13625037821,17.470898387,-87.0768218514)) ;
#5359=CARTESIAN_POINT('Control Point',(-8.13592880235,17.4295821933,-86.7399116636)) ;
#5360=CARTESIAN_POINT('Control Point',(-8.1359825468,17.4364873019,-86.5694381561)) ;
#5361=CARTESIAN_POINT('Control Point',(-8.1365151868,17.5049211,-86.2369699868)) ;
#5362=CARTESIAN_POINT('Control Point',(-8.13783355953,17.6743061505,-85.9428227887)) ;
#5363=CARTESIAN_POINT('Control Point',(-8.13867367966,17.7822451163,-85.8106964438)) ;
#5364=CARTESIAN_POINT('Control Point',(-8.14052975665,18.0207146229,-85.6001499653)) ;
#5365=CARTESIAN_POINT('Control Point',(-8.14278013263,18.3098438206,-85.4697851632)) ;
#5366=CARTESIAN_POINT('Control Point',(-8.14389056284,18.4525123338,-85.4284855071)) ;
#5367=CARTESIAN_POINT('Control Point',(-8.14503086678,18.5990190344,-85.4078455113)) ;
#5368=CARTESIAN_POINT('Control Point',(-8.14617117285,18.7455260102,-85.407845512)) ;
#5369=CARTESIAN_POINT('Vertex',(-8.1461711729,18.7455260103,-88.0078455127)) ;
#5371=CARTESIAN_POINT('Vertex',(-8.1461711729,18.7455260102,-85.4078455127)) ;
#5375=CARTESIAN_POINT('Control Point',(-8.14617117285,18.7455260102,-85.407845512)) ;
#5376=CARTESIAN_POINT('Control Point',(-8.1474752814,18.9130783925,-85.4078455113)) ;
#5377=CARTESIAN_POINT('Control Point',(-8.14877938138,19.0806296749,-85.4348411884)) ;
#5378=CARTESIAN_POINT('Control Point',(-8.15003891974,19.2424556619,-85.4888751648)) ;
#5379=CARTESIAN_POINT('Control Point',(-8.15237639188,19.5427750081,-85.6470566252)) ;
#5380=CARTESIAN_POINT('Control Point',(-8.15420889481,19.7782157102,-85.8915559471)) ;
#5381=CARTESIAN_POINT('Control Point',(-8.15496308926,19.8751149114,-86.0319798734)) ;
#5382=CARTESIAN_POINT('Control Point',(-8.15609196749,20.0201536339,-86.3388691771)) ;
#5383=CARTESIAN_POINT('Control Point',(-8.15641354335,20.0614698271,-86.6757793624)) ;
#5384=CARTESIAN_POINT('Control Point',(-8.1563597989,20.0545647187,-86.8462528688)) ;
#5385=CARTESIAN_POINT('Control Point',(-8.1558271589,19.9861309204,-87.1787210388)) ;
#5386=CARTESIAN_POINT('Control Point',(-8.15450878616,19.8167458695,-87.4728682374)) ;
#5387=CARTESIAN_POINT('Control Point',(-8.15366866605,19.7088069047,-87.6049945811)) ;
#5388=CARTESIAN_POINT('Control Point',(-8.15181258905,19.4703373976,-87.8155410601)) ;
#5389=CARTESIAN_POINT('Control Point',(-8.14956221306,19.1812081992,-87.9459058624)) ;
#5390=CARTESIAN_POINT('Control Point',(-8.14845178286,19.0385396872,-87.9872055182)) ;
#5391=CARTESIAN_POINT('Control Point',(-8.14731147893,18.8920329863,-88.0078455141)) ;
#5392=CARTESIAN_POINT('Control Point',(-8.14617117285,18.7455260102,-88.0078455134)) ;
#5399=CARTESIAN_POINT('Axis2P3D Location',(7.85334419474,18.8700548557,-86.7078455127)) ;
#5405=CARTESIAN_POINT('Control Point',(7.85334419474,18.8700548557,-88.0078455134)) ;
#5406=CARTESIAN_POINT('Control Point',(7.85204002025,19.0376157104,-88.0078455134)) ;
#5407=CARTESIAN_POINT('Control Point',(7.85073585148,19.2051758309,-87.9808471087)) ;
#5408=CARTESIAN_POINT('Control Point',(7.84947666431,19.3669566969,-87.9268289092)) ;
#5409=CARTESIAN_POINT('Control Point',(7.84713905274,19.6672939561,-87.7686452493)) ;
#5410=CARTESIAN_POINT('Control Point',(7.84530644518,19.9027481019,-87.5241334457)) ;
#5411=CARTESIAN_POINT('Control Point',(7.84455244609,19.9996222034,-87.3837502615)) ;
#5412=CARTESIAN_POINT('Control Point',(7.8434234414,20.1446771729,-87.0768499754)) ;
#5413=CARTESIAN_POINT('Control Point',(7.84310181246,20.1860001867,-86.7399221776)) ;
#5414=CARTESIAN_POINT('Control Point',(7.8431555085,20.1791012982,-86.5694962384)) ;
#5415=CARTESIAN_POINT('Control Point',(7.84368807136,20.11067741,-86.2370088041)) ;
#5416=CARTESIAN_POINT('Control Point',(7.84500645974,19.9412903501,-85.9428416349)) ;
#5417=CARTESIAN_POINT('Control Point',(7.84584630785,19.8333863321,-85.8107484361)) ;
#5418=CARTESIAN_POINT('Control Point',(7.84770244799,19.5949087122,-85.6001733031)) ;
#5419=CARTESIAN_POINT('Control Point',(7.84995298468,19.3057588663,-85.4697897631)) ;
#5420=CARTESIAN_POINT('Control Point',(7.85106332102,19.1631024146,-85.4284901622)) ;
#5421=CARTESIAN_POINT('Control Point',(7.85220376006,19.0165783544,-85.407845512)) ;
#5422=CARTESIAN_POINT('Control Point',(7.85334419474,18.8700548557,-85.407845512)) ;
#5423=CARTESIAN_POINT('Vertex',(7.85334419384,18.8700548557,-88.0078455127)) ;
#5425=CARTESIAN_POINT('Vertex',(7.85334419384,18.8700548557,-85.4078455127)) ;
#5429=CARTESIAN_POINT('Control Point',(7.85334419474,18.8700548557,-85.407845512)) ;
#5430=CARTESIAN_POINT('Control Point',(7.85464801161,18.7025399485,-85.407590924)) ;
#5431=CARTESIAN_POINT('Control Point',(7.85594693659,18.5356535527,-85.4347257801)) ;
#5432=CARTESIAN_POINT('Control Point',(7.85718869377,18.3761120984,-85.4879651199)) ;
#5433=CARTESIAN_POINT('Control Point',(7.85952043667,18.0765288477,-85.645229141)) ;
#5434=CARTESIAN_POINT('Control Point',(7.8613573199,17.840525363,-85.8877104619)) ;
#5435=CARTESIAN_POINT('Control Point',(7.8621248956,17.7419069323,-86.0297415014)) ;
#5436=CARTESIAN_POINT('Control Point',(7.8632568794,17.5964692054,-86.3358553668)) ;
#5437=CARTESIAN_POINT('Control Point',(7.86358667067,17.5540974933,-86.6722325449)) ;
#5438=CARTESIAN_POINT('Control Point',(7.86353704749,17.5604730994,-86.8399447364)) ;
#5439=CARTESIAN_POINT('Control Point',(7.86301952069,17.6269651467,-87.1720817733)) ;
#5440=CARTESIAN_POINT('Control Point',(7.86171475372,17.794602124,-87.4662117984)) ;
#5441=CARTESIAN_POINT('Control Point',(7.86088576939,17.9011103587,-87.59840783)) ;
#5442=CARTESIAN_POINT('Control Point',(7.85903105554,18.1394047288,-87.8110889488)) ;
#5443=CARTESIAN_POINT('Control Point',(7.85678052929,18.4285532324,-87.9442937025)) ;
#5444=CARTESIAN_POINT('Control Point',(7.85566076404,18.5724211152,-87.9867372161)) ;
#5445=CARTESIAN_POINT('Control Point',(7.85450473604,18.7209480503,-88.0081896122)) ;
#5446=CARTESIAN_POINT('Control Point',(7.85334419474,18.8700548557,-88.0078455134)) ;
#5453=CARTESIAN_POINT('Axis2P3D Location',(10.7811723154,28.1544012377,-66.7078455127)) ;
#5459=CARTESIAN_POINT('Control Point',(10.7811723154,28.1544012377,-68.0078455134)) ;
#5460=CARTESIAN_POINT('Control Point',(10.7798682069,28.3219536198,-68.0078455141)) ;
#5461=CARTESIAN_POINT('Control Point',(10.7785641069,28.4895049022,-67.980849837)) ;
#5462=CARTESIAN_POINT('Control Point',(10.7773045685,28.6513308896,-67.9268158605)) ;
#5463=CARTESIAN_POINT('Control Point',(10.7749670964,28.9516502355,-67.7686344002)) ;
#5464=CARTESIAN_POINT('Control Point',(10.7731345934,29.1870909374,-67.5241350785)) ;
#5465=CARTESIAN_POINT('Control Point',(10.772380399,29.2839901391,-67.3837111518)) ;
#5466=CARTESIAN_POINT('Control Point',(10.7712515208,29.4290288613,-67.0768218484)) ;
#5467=CARTESIAN_POINT('Control Point',(10.7709299449,29.4703450544,-66.7399116634)) ;
#5468=CARTESIAN_POINT('Control Point',(10.7709836894,29.4634399462,-66.5694381562)) ;
#5469=CARTESIAN_POINT('Control Point',(10.7715163294,29.3950061479,-66.2369699866)) ;
#5470=CARTESIAN_POINT('Control Point',(10.7728347021,29.225621097,-65.9428227882)) ;
#5471=CARTESIAN_POINT('Control Point',(10.7736748222,29.1176821321,-65.810696444)) ;
#5472=CARTESIAN_POINT('Control Point',(10.7755308992,28.879212625,-65.6001499652)) ;
#5473=CARTESIAN_POINT('Control Point',(10.7777812752,28.5900834267,-65.4697851631)) ;
#5474=CARTESIAN_POINT('Control Point',(10.7788917054,28.4474149148,-65.4284855072)) ;
#5475=CARTESIAN_POINT('Control Point',(10.7800320093,28.3009082138,-65.4078455113)) ;
#5476=CARTESIAN_POINT('Control Point',(10.7811723154,28.1544012377,-65.407845512)) ;
#5477=CARTESIAN_POINT('Vertex',(10.7811723155,28.1544012377,-68.0078455127)) ;
#5479=CARTESIAN_POINT('Vertex',(10.7811723155,28.1544012377,-65.4078455127)) ;
#5483=CARTESIAN_POINT('Control Point',(10.7811723154,28.1544012377,-65.407845512)) ;
#5484=CARTESIAN_POINT('Control Point',(10.7824764239,27.9868488556,-65.4078455113)) ;
#5485=CARTESIAN_POINT('Control Point',(10.7837805239,27.8192975733,-65.4348411884)) ;
#5486=CARTESIAN_POINT('Control Point',(10.7850400623,27.6574715858,-65.4888751649)) ;
#5487=CARTESIAN_POINT('Control Point',(10.7873775344,27.3571522383,-65.647056626)) ;
#5488=CARTESIAN_POINT('Control Point',(10.7892100374,27.1217115358,-65.8915559494)) ;
#5489=CARTESIAN_POINT('Control Point',(10.7899642318,27.0248123377,-66.0319798724)) ;
#5490=CARTESIAN_POINT('Control Point',(10.79109311,26.8797736143,-66.3388691771)) ;
#5491=CARTESIAN_POINT('Control Point',(10.7914146859,26.8384574211,-66.6757793636)) ;
#5492=CARTESIAN_POINT('Control Point',(10.7913609414,26.8453625292,-66.8462528695)) ;
#5493=CARTESIAN_POINT('Control Point',(10.7908283014,26.913796328,-67.1787210412)) ;
#5494=CARTESIAN_POINT('Control Point',(10.7895099287,27.0831813808,-67.4728682411)) ;
#5495=CARTESIAN_POINT('Control Point',(10.7886698086,27.1911203416,-67.6049945784)) ;
#5496=CARTESIAN_POINT('Control Point',(10.7868137316,27.4295898509,-67.8155410599)) ;
#5497=CARTESIAN_POINT('Control Point',(10.7845633556,27.7187190525,-67.9459058631)) ;
#5498=CARTESIAN_POINT('Control Point',(10.7834529254,27.8613875585,-67.9872055179)) ;
#5499=CARTESIAN_POINT('Control Point',(10.7823126215,28.0078942605,-68.0078455141)) ;
#5500=CARTESIAN_POINT('Control Point',(10.7811723154,28.1544012377,-68.0078455134)) ;
#5507=CARTESIAN_POINT('Axis2P3D Location',(12.9257176625,22.4393720251,-87.2681966256)) ;
#5512=CARTESIAN_POINT('Line Origine',(-11.9782895129,28.4855270104,-76.460544159)) ;
#5516=CARTESIAN_POINT('Vertex',(-9.99943432421,28.5009290193,-76.4605441453)) ;
#5518=CARTESIAN_POINT('Vertex',(-13.9571447168,28.4701269507,-76.4605407965)) ;
#5522=CARTESIAN_POINT('Control Point',(-9.99943432421,28.5009290193,-76.4605441453)) ;
#5523=CARTESIAN_POINT('Control Point',(-9.90235592329,27.9487887256,-77.4181589005)) ;
#5524=CARTESIAN_POINT('Control Point',(-9.7817762404,27.4016345551,-78.3674545106)) ;
#5525=CARTESIAN_POINT('Control Point',(-9.63689406696,26.8592503146,-79.3088162232)) ;
#5526=CARTESIAN_POINT('Control Point',(-9.46741277759,26.3231802516,-80.2395734027)) ;
#5527=CARTESIAN_POINT('Control Point',(-9.27264488641,25.7932421931,-81.1600508401)) ;
#5530=CARTESIAN_POINT('Control Point',(-13.2788348068,25.7620624599,-81.1600480704)) ;
#5531=CARTESIAN_POINT('Control Point',(-13.4566741045,26.3004406015,-80.2251806314)) ;
#5532=CARTESIAN_POINT('Control Point',(-13.6127047935,26.8407320176,-79.287293398)) ;
#5533=CARTESIAN_POINT('Control Point',(-13.7477126769,27.3829265219,-78.34639342)) ;
#5534=CARTESIAN_POINT('Control Point',(-13.8622568905,27.9260468343,-77.4041658073)) ;
#5535=CARTESIAN_POINT('Control Point',(-13.9571447168,28.4701269507,-76.4605407965)) ;
#5544=CARTESIAN_POINT('Axis2P3D Location',(12.943733336,20.1247111554,-100.395688345)) ;
#5550=CARTESIAN_POINT('Control Point',(-3.63775233581,21.0856627004,-94.2141214953)) ;
#5551=CARTESIAN_POINT('Control Point',(-3.47685925259,21.0543233232,-94.3989523549)) ;
#5552=CARTESIAN_POINT('Control Point',(-3.31308443801,21.0240812621,-94.5776874131)) ;
#5553=CARTESIAN_POINT('Control Point',(-3.14470505325,20.9947531922,-94.7514423717)) ;
#5554=CARTESIAN_POINT('Control Point',(-2.92109300569,20.9581947845,-94.9686393351)) ;
#5555=CARTESIAN_POINT('Control Point',(-2.69221383741,20.9241321879,-95.171914769)) ;
#5556=CARTESIAN_POINT('Control Point',(-2.63646594423,20.916031941,-95.2203128662)) ;
#5557=CARTESIAN_POINT('Control Point',(-2.52371473027,20.9000560962,-95.3158904663)) ;
#5558=CARTESIAN_POINT('Control Point',(-2.41006301636,20.8847568996,-95.4076704672)) ;
#5559=CARTESIAN_POINT('Control Point',(-2.36141910948,20.8783654543,-95.4460641934)) ;
#5560=CARTESIAN_POINT('Control Point',(-2.30400839505,20.8710363164,-95.4901626435)) ;
#5561=CARTESIAN_POINT('Control Point',(-2.24527527907,20.8637508792,-95.5340716326)) ;
#5562=CARTESIAN_POINT('Vertex',(-2.2452297323,20.8637721313,-95.534014219)) ;
#5566=CARTESIAN_POINT('Control Point',(-2.24527527907,20.8637508792,-95.5340716326)) ;
#5567=CARTESIAN_POINT('Control Point',(-2.07946366496,20.8431830942,-95.6580327106)) ;
#5568=CARTESIAN_POINT('Control Point',(-1.91191264892,20.8241715147,-95.773245153)) ;
#5569=CARTESIAN_POINT('Control Point',(-1.74417474099,20.8069958887,-95.8780539499)) ;
#5570=CARTESIAN_POINT('Control Point',(-1.46530603986,20.7817766223,-96.0333844179)) ;
#5571=CARTESIAN_POINT('Control Point',(-1.18364426415,20.7621058037,-96.1573723134)) ;
#5572=CARTESIAN_POINT('Control Point',(-1.07456200092,20.7553925302,-96.2002589049)) ;
#5573=CARTESIAN_POINT('Control Point',(-0.96606969498,20.7496765943,-96.2374634447)) ;
#5574=CARTESIAN_POINT('Control Point',(-0.858296036421,20.7450338916,-96.2685498393)) ;
#5575=CARTESIAN_POINT('Vertex',(-0.857719772448,20.7449813097,-96.2687066458)) ;
#5579=CARTESIAN_POINT('Control Point',(-0.857721494179,20.7450089392,-96.2687167076)) ;
#5580=CARTESIAN_POINT('Control Point',(-0.711355801393,20.7386554077,-96.3112088488)) ;
#5581=CARTESIAN_POINT('Control Point',(-0.564237579285,20.7342767312,-96.3425345866)) ;
#5582=CARTESIAN_POINT('Control Point',(-0.416372053354,20.7320185473,-96.3618677636)) ;
#5583=CARTESIAN_POINT('Control Point',(-0.191143579031,20.7318469252,-96.3727826104)) ;
#5584=CARTESIAN_POINT('Control Point',(0.0362500985175,20.7363335374,-96.3573756699)) ;
#5585=CARTESIAN_POINT('Control Point',(0.11402189501,20.7383945982,-96.3491200057)) ;
#5586=CARTESIAN_POINT('Control Point',(0.357125596749,20.7463278031,-96.3148604975)) ;
#5587=CARTESIAN_POINT('Control Point',(0.600826231588,20.7589507222,-96.2540314522)) ;
#5588=CARTESIAN_POINT('Control Point',(0.763340208666,20.7699121588,-96.1990412875)) ;
#5589=CARTESIAN_POINT('Control Point',(0.970667937403,20.7865294249,-96.1139543652)) ;
#5590=CARTESIAN_POINT('Control Point',(1.17517852021,20.8062878999,-96.0109289531)) ;
#5591=CARTESIAN_POINT('Control Point',(1.22326765754,20.8111174819,-95.9856625113)) ;
#5592=CARTESIAN_POINT('Control Point',(1.27121125334,20.8161089985,-95.9594712962)) ;
#5593=CARTESIAN_POINT('Control Point',(1.31906184064,20.8212598455,-95.9323723951)) ;
#5594=CARTESIAN_POINT('Vertex',(1.31906184087,20.8212598459,-95.9323723959)) ;
#5598=CARTESIAN_POINT('Control Point',(1.31906184064,20.8212598455,-95.9323723951)) ;
#5599=CARTESIAN_POINT('Control Point',(1.74194858257,20.8668450052,-95.6925201109)) ;
#5600=CARTESIAN_POINT('Control Point',(2.15344133031,20.9232934306,-95.3905581213)) ;
#5601=CARTESIAN_POINT('Control Point',(2.55117759043,20.9888019848,-95.036607935)) ;
#5602=CARTESIAN_POINT('Control Point',(2.93411704743,21.0613196805,-94.6422550062)) ;
#5603=CARTESIAN_POINT('Control Point',(3.30352798132,21.1396875708,-94.214127833)) ;
#5604=CARTESIAN_POINT('Vertex',(3.30352798163,21.1396875976,-94.2141278381)) ;
#5607=CARTESIAN_POINT('Line Origine',(5.58610067849,21.1574545462,-94.2141218594)) ;
#5611=CARTESIAN_POINT('Vertex',(7.86867337544,21.1752215487,-94.2141157318)) ;
#5615=CARTESIAN_POINT('Control Point',(7.86867337544,21.1752215487,-94.2141157318)) ;
#5616=CARTESIAN_POINT('Control Point',(7.43651551708,21.0600863558,-94.8479846825)) ;
#5617=CARTESIAN_POINT('Control Point',(6.97540659229,20.9480581995,-95.4629553897)) ;
#5618=CARTESIAN_POINT('Control Point',(6.48391851672,20.840761133,-96.0497546336)) ;
#5619=CARTESIAN_POINT('Control Point',(5.73450590942,20.6948154263,-96.8443498097)) ;
#5620=CARTESIAN_POINT('Control Point',(4.90646023069,20.5631115842,-97.5547069497)) ;
#5621=CARTESIAN_POINT('Control Point',(4.65559220037,20.5257193651,-97.7556890529)) ;
#5622=CARTESIAN_POINT('Control Point',(4.1662420097,20.4577722633,-98.1194246825)) ;
#5623=CARTESIAN_POINT('Control Point',(3.65050686711,20.3960194902,-98.4468669638)) ;
#5624=CARTESIAN_POINT('Control Point',(3.40059855647,20.3683115648,-98.5929707336)) ;
#5625=CARTESIAN_POINT('Control Point',(2.80502093886,20.307780223,-98.9099619058)) ;
#5626=CARTESIAN_POINT('Control Point',(2.18033556114,20.2577730877,-99.1659843317)) ;
#5627=CARTESIAN_POINT('Control Point',(1.80887665514,20.2326539546,-99.2920415463)) ;
#5628=CARTESIAN_POINT('Control Point',(0.948242188336,20.1867165911,-99.5145690824)) ;
#5629=CARTESIAN_POINT('Control Point',(0.0582161486586,20.1663509684,-99.5907791218)) ;
#5630=CARTESIAN_POINT('Control Point',(-0.448740892774,20.1630080915,-99.5873599185)) ;
#5631=CARTESIAN_POINT('Control Point',(-1.34155278977,20.1716567884,-99.4989035913)) ;
#5632=CARTESIAN_POINT('Control Point',(-2.20346476852,20.2063942843,-99.2638587324)) ;
#5633=CARTESIAN_POINT('Control Point',(-2.57653083492,20.2266427977,-99.1325600911)) ;
#5634=CARTESIAN_POINT('Control Point',(-3.20560562014,20.2686029812,-98.8668319838)) ;
#5635=CARTESIAN_POINT('Control Point',(-3.80483174619,20.3214902742,-98.5404525519)) ;
#5636=CARTESIAN_POINT('Control Point',(-4.05734998204,20.3461150587,-98.3896565633)) ;
#5637=CARTESIAN_POINT('Control Point',(-4.88529525425,20.4342693155,-97.8531786619)) ;
#5638=CARTESIAN_POINT('Control Point',(-5.64453989815,20.5393033577,-97.224006078)) ;
#5639=CARTESIAN_POINT('Control Point',(-6.14594880319,20.619951675,-96.7445084633)) ;
#5640=CARTESIAN_POINT('Control Point',(-6.87519689483,20.7518839598,-95.9641170303)) ;
#5641=CARTESIAN_POINT('Control Point',(-7.53928788221,20.8937918847,-95.130028671)) ;
#5642=CARTESIAN_POINT('Control Point',(-7.76600328765,20.9450046415,-94.8295882992)) ;
#5643=CARTESIAN_POINT('Control Point',(-7.98510232754,20.9971392586,-94.524256142)) ;
#5644=CARTESIAN_POINT('Control Point',(-8.19721850311,21.0501274472,-94.2143915094)) ;
#5657=CARTESIAN_POINT('Control Point',(1.33916031279,18.2343779193,-94.9908176544)) ;
#5658=CARTESIAN_POINT('Control Point',(1.3189051143,20.8367738411,-95.9380409976)) ;
#5659=CARTESIAN_POINT('Control Point',(1.85739988849,18.3390177234,-94.714412775)) ;
#5660=CARTESIAN_POINT('Control Point',(1.83714469,20.9414136452,-95.6616361182)) ;
#5661=CARTESIAN_POINT('Control Point',(2.54784131641,18.5197747652,-94.2325661615)) ;
#5662=CARTESIAN_POINT('Control Point',(2.52758611792,21.122170687,-95.1797895047)) ;
#5663=CARTESIAN_POINT('Control Point',(3.37925284286,18.8610696452,-93.3126732928)) ;
#5664=CARTESIAN_POINT('Control Point',(3.35899764437,21.463465567,-94.259896636)) ;
#5666=CARTESIAN_POINT('Control Point',(3.36142100936,21.1521106678,-94.146569288)) ;
#5667=CARTESIAN_POINT('Control Point',(3.34210515873,21.147918278,-94.1692644981)) ;
#5668=CARTESIAN_POINT('Control Point',(3.32280401352,21.1437768784,-94.1917879359)) ;
#5669=CARTESIAN_POINT('Control Point',(3.30352798163,21.1396875976,-94.2141278381)) ;
#5670=CARTESIAN_POINT('Vertex',(3.36142100936,21.1521106678,-94.146569288)) ;
#5674=CARTESIAN_POINT('Control Point',(1.33916031279,18.2343779193,-94.9908176544)) ;
#5675=CARTESIAN_POINT('Control Point',(1.31902592065,20.8212525931,-95.9323915542)) ;
#5676=CARTESIAN_POINT('Vertex',(1.33916031203,18.2343779194,-94.9908176539)) ;
#5680=CARTESIAN_POINT('Control Point',(1.33916031279,18.2343779193,-94.9908176544)) ;
#5681=CARTESIAN_POINT('Control Point',(1.85739988849,18.3390177234,-94.714412775)) ;
#5682=CARTESIAN_POINT('Control Point',(2.54784131641,18.5197747652,-94.2325661615)) ;
#5683=CARTESIAN_POINT('Control Point',(3.37925284286,18.8610696452,-93.3126732928)) ;
#5684=CARTESIAN_POINT('Vertex',(3.37925121864,18.8610689786,-93.3126750893)) ;
#5688=CARTESIAN_POINT('Control Point',(3.37925284286,18.8610696452,-93.3126732928)) ;
#5689=CARTESIAN_POINT('Control Point',(3.3614210094,21.1521106678,-94.1465692879)) ;
#5700=CARTESIAN_POINT('Control Point',(-0.837728110932,18.1024586017,-95.3067019587)) ;
#5701=CARTESIAN_POINT('Control Point',(-0.858560342393,20.7789919476,-96.2809099349)) ;
#5702=CARTESIAN_POINT('Control Point',(-0.661974511982,18.0864129191,-95.3545440472)) ;
#5703=CARTESIAN_POINT('Control Point',(-0.682806743443,20.762946265,-96.3287520234)) ;
#5704=CARTESIAN_POINT('Control Point',(-0.480458891535,18.075186894,-95.3892678502)) ;
#5705=CARTESIAN_POINT('Control Point',(-0.501291122996,20.7517202399,-96.3634758264)) ;
#5706=CARTESIAN_POINT('Control Point',(-0.288680515333,18.0700908836,-95.4073695428)) ;
#5707=CARTESIAN_POINT('Control Point',(-0.309512746794,20.7466242295,-96.381577519)) ;
#5708=CARTESIAN_POINT('Control Point',(0.104159793171,18.0745498327,-95.4035194557)) ;
#5709=CARTESIAN_POINT('Control Point',(0.0833275617099,20.7510831786,-96.3777274319)) ;
#5710=CARTESIAN_POINT('Control Point',(0.566689612944,18.1106650798,-95.3141872627)) ;
#5711=CARTESIAN_POINT('Control Point',(0.545857381483,20.7871984257,-96.2883952389)) ;
#5712=CARTESIAN_POINT('Control Point',(0.803752829545,18.1378738376,-95.2445033827)) ;
#5713=CARTESIAN_POINT('Control Point',(0.782920598084,20.8144071835,-96.2187113589)) ;
#5714=CARTESIAN_POINT('Control Point',(1.06057418899,18.1781264652,-95.1394053538)) ;
#5715=CARTESIAN_POINT('Control Point',(1.03974195753,20.8546598111,-96.11361333)) ;
#5716=CARTESIAN_POINT('Control Point',(1.33919623301,18.2343851721,-94.990798496)) ;
#5717=CARTESIAN_POINT('Control Point',(1.31836400155,20.910918518,-95.9650064722)) ;
#5719=CARTESIAN_POINT('Control Point',(-0.837728110932,18.1024586017,-95.3067019587)) ;
#5720=CARTESIAN_POINT('Control Point',(-0.858296037095,20.7450338983,-96.2685498414)) ;
#5721=CARTESIAN_POINT('Vertex',(-0.837151845916,18.1024060128,-95.3068587638)) ;
#5725=CARTESIAN_POINT('Control Point',(-0.83715184573,18.1024060137,-95.3068587614)) ;
#5726=CARTESIAN_POINT('Control Point',(-0.661498379693,18.0863834897,-95.354635083)) ;
#5727=CARTESIAN_POINT('Control Point',(-0.480081604138,18.0751768787,-95.3893034341)) ;
#5728=CARTESIAN_POINT('Control Point',(-0.288409632892,18.070093962,-95.4073668779)) ;
#5729=CARTESIAN_POINT('Control Point',(0.104314452797,18.0745622293,-95.4034887047)) ;
#5730=CARTESIAN_POINT('Control Point',(0.56667830151,18.1106641966,-95.3141894474)) ;
#5731=CARTESIAN_POINT('Control Point',(0.803734492062,18.137871733,-95.2445087729)) ;
#5732=CARTESIAN_POINT('Control Point',(1.06054770125,18.1781223137,-95.1394161932)) ;
#5733=CARTESIAN_POINT('Control Point',(1.3391603128,18.2343779193,-94.9908176543)) ;
#5743=CARTESIAN_POINT('Control Point',(-4.03962550163,18.9538337863,-92.899170106)) ;
#5744=CARTESIAN_POINT('Control Point',(-4.06031683534,21.6122645329,-93.8667890753)) ;
#5745=CARTESIAN_POINT('Control Point',(-3.10326774824,18.5536460281,-94.0186664842)) ;
#5746=CARTESIAN_POINT('Control Point',(-3.12395908195,21.2120767747,-94.9862854535)) ;
#5747=CARTESIAN_POINT('Control Point',(-2.21206264875,18.2951488062,-94.7479175708)) ;
#5748=CARTESIAN_POINT('Control Point',(-2.23275398246,20.9535795528,-95.7155365401)) ;
#5749=CARTESIAN_POINT('Control Point',(-1.45094325878,18.1583955085,-95.139908384)) ;
#5750=CARTESIAN_POINT('Control Point',(-1.47163459249,20.8168262551,-96.1075273533)) ;
#5751=CARTESIAN_POINT('Control Point',(-0.837151846298,18.1024060148,-95.3068587638)) ;
#5752=CARTESIAN_POINT('Control Point',(-0.857843180005,20.7608367614,-96.2744777331)) ;
#5754=CARTESIAN_POINT('Control Point',(-1.01289618887,18.1204649399,-95.2534857025)) ;
#5755=CARTESIAN_POINT('Control Point',(-0.967895271377,18.1153318376,-95.2685506468)) ;
#5756=CARTESIAN_POINT('Control Point',(-0.923599521717,18.1106200375,-95.2824430289)) ;
#5757=CARTESIAN_POINT('Control Point',(-0.880016422503,18.1063160824,-95.2951996609)) ;
#5758=CARTESIAN_POINT('Control Point',(-0.837151846298,18.1024060148,-95.3068587638)) ;
#5772=CARTESIAN_POINT('Control Point',(3.37925121851,18.8610689784,-93.31267509)) ;
#5773=CARTESIAN_POINT('Control Point',(3.36131239405,21.1658562472,-94.1515744611)) ;
#5774=CARTESIAN_POINT('Control Point',(4.2518229724,19.2192600318,-92.3472419332)) ;
#5775=CARTESIAN_POINT('Control Point',(4.23388414794,21.5240473006,-93.1861413043)) ;
#5776=CARTESIAN_POINT('Control Point',(5.56278020115,19.8558188996,-90.6263969873)) ;
#5777=CARTESIAN_POINT('Control Point',(5.54484137669,22.1606061684,-91.4652963584)) ;
#5778=CARTESIAN_POINT('Control Point',(6.85918300587,21.0472342192,-87.3808314142)) ;
#5779=CARTESIAN_POINT('Control Point',(6.84124418141,23.352021488,-88.2197307853)) ;
#5781=CARTESIAN_POINT('Control Point',(4.99666646785,21.6467849291,-91.8372851871)) ;
#5782=CARTESIAN_POINT('Control Point',(5.62021695432,21.9029511027,-90.7887293112)) ;
#5783=CARTESIAN_POINT('Control Point',(6.25131173224,22.2571004815,-89.5075641049)) ;
#5784=CARTESIAN_POINT('Control Point',(6.84567964268,22.7821516671,-88.0123088506)) ;
#5785=CARTESIAN_POINT('Vertex',(4.99666646785,21.6467849291,-91.8372851871)) ;
#5787=CARTESIAN_POINT('Vertex',(6.84567964268,22.7821516671,-88.0123088506)) ;
#5791=CARTESIAN_POINT('Control Point',(4.12715604022,21.3448679432,-93.1684414298)) ;
#5792=CARTESIAN_POINT('Control Point',(4.26389712704,21.3846458161,-92.9785828824)) ;
#5793=CARTESIAN_POINT('Control Point',(4.40242825329,21.4276123816,-92.7790152214)) ;
#5794=CARTESIAN_POINT('Control Point',(4.54612672928,21.4753693771,-92.5637732683)) ;
#5795=CARTESIAN_POINT('Control Point',(4.70323770966,21.5314297665,-92.3189947904)) ;
#5796=CARTESIAN_POINT('Control Point',(4.86091897451,21.5924711317,-92.0622900378)) ;
#5797=CARTESIAN_POINT('Control Point',(4.87787325436,21.5990901257,-92.0345607235)) ;
#5798=CARTESIAN_POINT('Control Point',(4.90333674028,21.6091163391,-91.9927204925)) ;
#5799=CARTESIAN_POINT('Control Point',(4.92877893917,21.619262369,-91.9506237683)) ;
#5800=CARTESIAN_POINT('Control Point',(4.93726210837,21.6226597535,-91.9365548398)) ;
#5801=CARTESIAN_POINT('Control Point',(4.9541604842,21.6294555482,-91.9084654643)) ;
#5802=CARTESIAN_POINT('Control Point',(4.97115186818,21.6363474539,-91.8800910109)) ;
#5803=CARTESIAN_POINT('Control Point',(4.97976812416,21.6398584603,-91.8656615536)) ;
#5804=CARTESIAN_POINT('Control Point',(4.98742768059,21.6429894629,-91.8528210336)) ;
#5805=CARTESIAN_POINT('Control Point',(4.99666646785,21.6467849291,-91.8372851871)) ;
#5806=CARTESIAN_POINT('Vertex',(4.12715604022,21.3448679432,-93.1684414298)) ;
#5810=CARTESIAN_POINT('Control Point',(3.36142100934,21.1521106678,-94.146569288)) ;
#5811=CARTESIAN_POINT('Control Point',(3.47950283806,21.1777397537,-94.0078287756)) ;
#5812=CARTESIAN_POINT('Control Point',(3.60087217179,21.2054426775,-93.8610632853)) ;
#5813=CARTESIAN_POINT('Control Point',(3.72864434497,21.2363782187,-93.7012255307)) ;
#5814=CARTESIAN_POINT('Control Point',(3.86810622302,21.2723009283,-93.5204658917)) ;
#5815=CARTESIAN_POINT('Control Point',(4.00869367816,21.3111761645,-93.3308195683)) ;
#5816=CARTESIAN_POINT('Control Point',(4.02347211336,21.3152921973,-93.3108021876)) ;
#5817=CARTESIAN_POINT('Control Point',(4.04568189184,21.321523114,-93.2805944532)) ;
#5818=CARTESIAN_POINT('Control Point',(4.06788157994,21.3278191153,-93.2502130242)) ;
#5819=CARTESIAN_POINT('Control Point',(4.07528553241,21.3299265688,-93.240059304)) ;
#5820=CARTESIAN_POINT('Control Point',(4.09002427702,21.3341367202,-93.2198055052)) ;
#5821=CARTESIAN_POINT('Control Point',(4.10486212184,21.3384062066,-93.1993315012)) ;
#5822=CARTESIAN_POINT('Control Point',(4.1123647991,21.3405738746,-93.1889522086)) ;
#5823=CARTESIAN_POINT('Control Point',(4.1189747111,21.3424880011,-93.1798008193)) ;
#5824=CARTESIAN_POINT('Control Point',(4.12715604022,21.3448679432,-93.1684414298)) ;
#5827=CARTESIAN_POINT('Control Point',(3.37925121851,18.8610689784,-93.31267509)) ;
#5828=CARTESIAN_POINT('Control Point',(4.2518229724,19.2192600318,-92.3472419332)) ;
#5829=CARTESIAN_POINT('Control Point',(5.56278020115,19.8558188996,-90.6263969873)) ;
#5830=CARTESIAN_POINT('Control Point',(6.85918300587,21.0472342192,-87.3808314142)) ;
#5831=CARTESIAN_POINT('Vertex',(6.85918300587,21.0472342192,-87.3808314142)) ;
#5835=CARTESIAN_POINT('Control Point',(6.85918300587,21.0472342192,-87.3808314142)) ;
#5836=CARTESIAN_POINT('Control Point',(6.84567964269,22.7821516671,-88.0123088506)) ;
#5848=CARTESIAN_POINT('Control Point',(8.08953478171,24.2811383463,-84.3325085152)) ;
#5849=CARTESIAN_POINT('Control Point',(7.79514033025,23.7982909959,-85.3687849876)) ;
#5850=CARTESIAN_POINT('Control Point',(7.45226233344,23.3607686038,-86.4238898557)) ;
#5851=CARTESIAN_POINT('Control Point',(7.05253594611,22.9735282119,-87.4792441235)) ;
#5852=CARTESIAN_POINT('Vertex',(8.08953478702,24.2811374605,-84.3325081042)) ;
#5854=CARTESIAN_POINT('Vertex',(7.05253586284,22.973538961,-87.479248036)) ;
#5858=CARTESIAN_POINT('Control Point',(8.86171613204,25.9343934452,-81.1600399517)) ;
#5859=CARTESIAN_POINT('Control Point',(8.78532369452,25.7179680985,-81.5338582037)) ;
#5860=CARTESIAN_POINT('Control Point',(8.70427476944,25.5068199141,-81.9101186587)) ;
#5861=CARTESIAN_POINT('Control Point',(8.61843052214,25.3010177052,-82.2886439906)) ;
#5862=CARTESIAN_POINT('Control Point',(8.49740076028,25.0338604725,-82.7960439086)) ;
#5863=CARTESIAN_POINT('Control Point',(8.36742271765,24.7765927742,-83.3063762047)) ;
#5864=CARTESIAN_POINT('Control Point',(8.33434081065,24.7128536592,-83.4342200533)) ;
#5865=CARTESIAN_POINT('Control Point',(8.28387579696,24.6182031427,-83.6261848205)) ;
#5866=CARTESIAN_POINT('Control Point',(8.23210276158,24.5249421578,-83.8185335228)) ;
#5867=CARTESIAN_POINT('Control Point',(8.21470051082,24.4940121667,-83.8826860338)) ;
#5868=CARTESIAN_POINT('Control Point',(8.17957678111,24.4324199003,-84.0111609358)) ;
#5869=CARTESIAN_POINT('Control Point',(8.14390905419,24.3715215579,-84.139638765)) ;
#5870=CARTESIAN_POINT('Control Point',(8.12621265425,24.3417008148,-84.2028854822)) ;
#5871=CARTESIAN_POINT('Control Point',(8.10745091019,24.3105232587,-84.2694432559)) ;
#5872=CARTESIAN_POINT('Control Point',(8.08953478171,24.2811383463,-84.3325085152)) ;
#5873=CARTESIAN_POINT('Vertex',(8.86171613206,25.934393445,-81.1600399517)) ;
#5876=CARTESIAN_POINT('Line Origine',(12.898270417,25.9658048267,-81.1600508379)) ;
#5880=CARTESIAN_POINT('Vertex',(12.8762024549,25.9656310336,-81.1600543567)) ;
#5884=CARTESIAN_POINT('Control Point',(12.8762024548,25.9656310341,-81.160054356)) ;
#5885=CARTESIAN_POINT('Control Point',(12.4822809506,24.7391771971,-83.2789605555)) ;
#5886=CARTESIAN_POINT('Control Point',(11.9374802504,23.7611985525,-85.4196660472)) ;
#5887=CARTESIAN_POINT('Control Point',(11.212346545,23.0059141792,-87.4792195045)) ;
#5888=CARTESIAN_POINT('Vertex',(11.2123429566,23.0063751139,-87.4793872764)) ;
#5892=CARTESIAN_POINT('Control Point',(11.2123466151,23.0059051743,-87.479244246)) ;
#5893=CARTESIAN_POINT('Control Point',(10.5709744943,22.3378599362,-89.3009127818)) ;
#5894=CARTESIAN_POINT('Control Point',(9.81122793555,21.8239409049,-91.0628806701)) ;
#5895=CARTESIAN_POINT('Control Point',(8.91351223123,21.4469875689,-92.7190215697)) ;
#5896=CARTESIAN_POINT('Control Point',(7.86867337546,21.175221549,-94.214115731)) ;
#5899=CARTESIAN_POINT('Control Point',(6.84567964355,22.7821516672,-88.0123088506)) ;
#5900=CARTESIAN_POINT('Control Point',(6.91630400273,22.8445381869,-87.8346381951)) ;
#5901=CARTESIAN_POINT('Control Point',(6.98523684812,22.9083329319,-87.6569221373)) ;
#5902=CARTESIAN_POINT('Control Point',(7.05253590011,22.973528167,-87.479244246)) ;
#5918=CARTESIAN_POINT('Axis2P3D Location',(0.977676785529,11.3224619111,-55.496757744)) ;
#5924=CARTESIAN_POINT('Control Point',(-8.24217549322,31.0801990764,-58.1072807921)) ;
#5925=CARTESIAN_POINT('Control Point',(-8.24143671543,30.9852806194,-58.8282801137)) ;
#5926=CARTESIAN_POINT('Control Point',(-8.24039157216,30.8510002037,-59.5440954498)) ;
#5927=CARTESIAN_POINT('Control Point',(-8.23904627046,30.6781553158,-60.2504755995)) ;
#5928=CARTESIAN_POINT('Vertex',(-8.23904627047,30.6781553157,-60.2504755995)) ;
#5930=CARTESIAN_POINT('Vertex',(-8.24217549287,31.0801990764,-58.1072807915)) ;
#5933=CARTESIAN_POINT('Line Origine',(0.823347428814,31.1507585539,-58.1072815794)) ;
#5937=CARTESIAN_POINT('Vertex',(10.2592458142,31.2242036607,-58.1072604127)) ;
#5941=CARTESIAN_POINT('Control Point',(10.0179965378,30.8202596565,-60.2504571786)) ;
#5942=CARTESIAN_POINT('Control Point',(10.084354087,30.9938837898,-59.5430431122)) ;
#5943=CARTESIAN_POINT('Control Point',(10.1647681278,31.1286176394,-58.8277069364)) ;
#5944=CARTESIAN_POINT('Control Point',(10.2592458143,31.2242036609,-58.1072604127)) ;
#5945=CARTESIAN_POINT('Vertex',(10.0179966156,30.8202495688,-60.2504547101)) ;
#5949=CARTESIAN_POINT('Control Point',(9.86123254342,30.1860294595,-62.3371534638)) ;
#5950=CARTESIAN_POINT('Control Point',(9.89969643552,30.435361522,-61.6529616939)) ;
#5951=CARTESIAN_POINT('Control Point',(9.95176929461,30.6469754101,-60.9564835233)) ;
#5952=CARTESIAN_POINT('Control Point',(10.017994809,30.8202551354,-60.2504755995)) ;
#5954=CARTESIAN_POINT('Line Origine',(0.831403234974,30.1157454888,-62.3371595171)) ;
#5958=CARTESIAN_POINT('Vertex',(-8.23411968689,30.0451859075,-62.3371595172)) ;
#5962=CARTESIAN_POINT('Control Point',(-8.23904627046,30.6781553158,-60.2504755995)) ;
#5963=CARTESIAN_POINT('Control Point',(-8.23770097009,30.5053105851,-60.9568551065)) ;
#5964=CARTESIAN_POINT('Control Point',(-8.23605551819,30.2939022677,-61.6537961122)) ;
#5965=CARTESIAN_POINT('Control Point',(-8.23411968703,30.0451859076,-62.3371595172)) ;
#5976=CARTESIAN_POINT('Axis2P3D Location',(14.7810511618,28.1855334491,-66.7078455127)) ;
#5981=CARTESIAN_POINT('Line Origine',(14.7810511626,28.1855334491,-68.0078455127)) ;
#5985=CARTESIAN_POINT('Vertex',(14.7810511618,28.1855334491,-68.0078455134)) ;
#5988=CARTESIAN_POINT('Axis2P3D Location',(14.7810511618,28.1855334491,-66.7078455127)) ;
#5993=CARTESIAN_POINT('Axis2P3D Location',(14.7810511618,28.1855334491,-66.7078455127)) ;
#5997=CARTESIAN_POINT('Vertex',(14.7810511618,28.1855334491,-65.407845512)) ;
#6000=CARTESIAN_POINT('Line Origine',(14.7810511626,28.1855334491,-65.4078455127)) ;
#6013=CARTESIAN_POINT('Axis2P3D Location',(14.7810511618,28.1855334491,-66.7078455127)) ;
#6018=CARTESIAN_POINT('Axis2P3D Location',(14.7810511618,28.1855334491,-66.7078455127)) ;
#6031=CARTESIAN_POINT('Axis2P3D Location',(-15.145959154,18.6910446403,-86.7078455127)) ;
#6036=CARTESIAN_POINT('Line Origine',(-15.1459591538,18.6910446403,-85.4078455127)) ;
#6041=CARTESIAN_POINT('Line Origine',(-15.1459591538,18.6910446403,-88.0078455127)) ;
#6061=CARTESIAN_POINT('Control Point',(13.8939903994,25.1317546188,-80.6797253821)) ;
#6062=CARTESIAN_POINT('Control Point',(13.4340335824,23.6534861618,-83.2624790696)) ;
#6063=CARTESIAN_POINT('Control Point',(12.2381765353,21.5702891371,-88.0432946541)) ;
#6064=CARTESIAN_POINT('Control Point',(9.93723416155,20.4419008344,-92.8159293733)) ;
#6065=CARTESIAN_POINT('Control Point',(8.61773919316,20.1161697561,-94.72476326)) ;
#6066=CARTESIAN_POINT('Control Point',(13.8839601806,25.3934450105,-80.8306774784)) ;
#6067=CARTESIAN_POINT('Control Point',(13.4195826603,23.9239027726,-83.3923696931)) ;
#6068=CARTESIAN_POINT('Control Point',(12.2199884527,21.853404012,-88.1351853588)) ;
#6069=CARTESIAN_POINT('Control Point',(9.92340321996,20.7349484718,-92.8734721328)) ;
#6070=CARTESIAN_POINT('Control Point',(8.60701532777,20.4133909569,-94.7704470198)) ;
#6071=CARTESIAN_POINT('Control Point',(13.6073617701,25.8605510917,-81.0539500199)) ;
#6072=CARTESIAN_POINT('Control Point',(13.1431252314,24.4067005365,-83.5657296252)) ;
#6073=CARTESIAN_POINT('Control Point',(11.9474312879,22.3591446015,-88.2176495726)) ;
#6074=CARTESIAN_POINT('Control Point',(9.67175494829,21.2586260708,-92.8541789884)) ;
#6075=CARTESIAN_POINT('Control Point',(8.3739054953,20.9445167395,-94.7038961452)) ;
#6076=CARTESIAN_POINT('Control Point',(13.0689358628,26.0385735963,-81.0617489528)) ;
#6077=CARTESIAN_POINT('Control Point',(12.6140767813,24.5957465443,-83.5362525309)) ;
#6078=CARTESIAN_POINT('Control Point',(11.4353267423,22.5629503178,-88.1128677076)) ;
#6079=CARTESIAN_POINT('Control Point',(9.19306506644,21.4656780806,-92.6403260454)) ;
#6080=CARTESIAN_POINT('Control Point',(7.92552660455,21.1506454475,-94.4302927986)) ;
#6081=CARTESIAN_POINT('Control Point',(12.8408737467,26.0425187837,-81.0233349832)) ;
#6082=CARTESIAN_POINT('Control Point',(12.3899044623,24.6028080068,-83.4880664327)) ;
#6083=CARTESIAN_POINT('Control Point',(11.218297253,22.5738713505,-88.0421971398)) ;
#6084=CARTESIAN_POINT('Control Point',(8.99033776003,21.4745646917,-92.5319346447)) ;
#6085=CARTESIAN_POINT('Control Point',(7.73573311694,21.1572600688,-94.3000843859)) ;
#6087=CARTESIAN_POINT('Control Point',(13.8660965925,25.1072848916,-80.8426744108)) ;
#6088=CARTESIAN_POINT('Control Point',(13.8387868711,25.3521341546,-80.9794381321)) ;
#6089=CARTESIAN_POINT('Control Point',(13.5738069653,25.7752062786,-81.1762771302)) ;
#6090=CARTESIAN_POINT('Control Point',(13.0849815274,25.9504736114,-81.1891214802)) ;
#6091=CARTESIAN_POINT('Control Point',(12.8762024546,25.9656310341,-81.160054356)) ;
#6094=CARTESIAN_POINT('Control Point',(8.70205249499,20.1968664564,-94.6045885745)) ;
#6095=CARTESIAN_POINT('Control Point',(8.67709485009,20.4742653142,-94.6379592953)) ;
#6096=CARTESIAN_POINT('Control Point',(8.45277085537,20.9541772538,-94.5721905358)) ;
#6097=CARTESIAN_POINT('Control Point',(8.04339205858,21.1561948694,-94.3297791492)) ;
#6098=CARTESIAN_POINT('Control Point',(7.86867337504,21.1752215482,-94.2141157309)) ;
#6110=CARTESIAN_POINT('Control Point',(14.5204635564,27.8023866764,-75.9736236626)) ;
#6111=CARTESIAN_POINT('Control Point',(14.37296253,26.8738124558,-77.6094667591)) ;
#6112=CARTESIAN_POINT('Control Point',(14.1557223996,25.9473971791,-79.2415767119)) ;
#6113=CARTESIAN_POINT('Control Point',(13.8606266819,25.0264863727,-80.8652565023)) ;
#6114=CARTESIAN_POINT('Control Point',(14.5240618266,28.0715569884,-76.1295465504)) ;
#6115=CARTESIAN_POINT('Control Point',(14.3717230039,27.1405480308,-77.7638201345)) ;
#6116=CARTESIAN_POINT('Control Point',(14.1501564079,26.2118857148,-79.3938128429)) ;
#6117=CARTESIAN_POINT('Control Point',(13.8501250298,25.288466959,-81.0149764913)) ;
#6118=CARTESIAN_POINT('Control Point',(14.2522228608,28.5518779518,-76.3825674898)) ;
#6119=CARTESIAN_POINT('Control Point',(14.0980654763,27.6167302637,-78.0064563839)) ;
#6120=CARTESIAN_POINT('Control Point',(13.874522557,26.6837170206,-79.6257529634)) ;
#6121=CARTESIAN_POINT('Control Point',(13.5735781134,25.7560176865,-81.2351731627)) ;
#6122=CARTESIAN_POINT('Control Point',(13.6928022176,28.7191101919,-76.4285254155)) ;
#6123=CARTESIAN_POINT('Control Point',(13.5451448903,27.7877042305,-78.0391341102)) ;
#6124=CARTESIAN_POINT('Control Point',(13.3288452384,26.8585641277,-79.6451055241)) ;
#6125=CARTESIAN_POINT('Control Point',(13.0361643351,25.9347156709,-81.2406364115)) ;
#6126=CARTESIAN_POINT('Control Point',(13.4561617893,28.7138708157,-76.4040436325)) ;
#6127=CARTESIAN_POINT('Control Point',(13.3111372215,27.7856158685,-78.0099225404)) ;
#6128=CARTESIAN_POINT('Control Point',(13.0978239218,26.85954461,-79.611035335)) ;
#6129=CARTESIAN_POINT('Control Point',(12.8085226076,25.938999961,-81.2016197442)) ;
#6131=CARTESIAN_POINT('Control Point',(13.5122846149,28.6839274972,-76.460544173)) ;
#6132=CARTESIAN_POINT('Control Point',(13.3682524321,27.7746640991,-78.0334452285)) ;
#6133=CARTESIAN_POINT('Control Point',(13.1586352371,26.8675433169,-79.6017511489)) ;
#6134=CARTESIAN_POINT('Control Point',(12.8762024545,25.9656310341,-81.160054356)) ;
#6137=CARTESIAN_POINT('Control Point',(14.5144172899,27.8255920292,-76.056123523)) ;
#6138=CARTESIAN_POINT('Control Point',(14.4986656774,28.0770171414,-76.2000250811)) ;
#6139=CARTESIAN_POINT('Control Point',(14.2370714301,28.5109018553,-76.4268909082)) ;
#6140=CARTESIAN_POINT('Control Point',(13.7291655313,28.6765960167,-76.4761659979)) ;
#6141=CARTESIAN_POINT('Control Point',(13.5122846149,28.6839274972,-76.460544173)) ;
#6151=CARTESIAN_POINT('Axis2P3D Location',(-15.145959154,18.6910446403,-86.7078455127)) ;
#6156=CARTESIAN_POINT('Line Origine',(-15.1459591538,18.6910446403,-85.4078455127)) ;
#6161=CARTESIAN_POINT('Line Origine',(-15.1459591538,18.6910446403,-88.0078455127)) ;
#6181=CARTESIAN_POINT('Control Point',(-14.9409442407,27.5142002233,-76.0807403862)) ;
#6182=CARTESIAN_POINT('Control Point',(-15.1266648403,28.5601184711,-74.2396587934)) ;
#6183=CARTESIAN_POINT('Control Point',(-15.2305102932,29.4640537162,-72.307677633)) ;
#6184=CARTESIAN_POINT('Control Point',(-15.2335409673,30.2098975996,-70.3140695505)) ;
#6185=CARTESIAN_POINT('Control Point',(-14.9478011457,27.782403612,-76.236648226)) ;
#6186=CARTESIAN_POINT('Control Point',(-15.140592573,28.8401081021,-74.3834905774)) ;
#6187=CARTESIAN_POINT('Control Point',(-15.2498155105,29.7541470304,-72.4375365495)) ;
#6188=CARTESIAN_POINT('Control Point',(-15.2571763891,30.5084337451,-70.4277650256)) ;
#6189=CARTESIAN_POINT('Control Point',(-14.683560969,28.2648293041,-76.488985828)) ;
#6190=CARTESIAN_POINT('Control Point',(-14.8793917968,29.3433414262,-74.6226823286)) ;
#6191=CARTESIAN_POINT('Control Point',(-14.9921895915,30.2761646093,-72.6598654301)) ;
#6192=CARTESIAN_POINT('Control Point',(-15.0020355753,31.0453103416,-70.6316671623)) ;
#6193=CARTESIAN_POINT('Control Point',(-14.1287600963,28.4408408946,-76.5345156883)) ;
#6194=CARTESIAN_POINT('Control Point',(-14.3156314166,29.5194885545,-74.673034582)) ;
#6195=CARTESIAN_POINT('Control Point',(-14.4212753977,30.451738963,-72.7170453137)) ;
#6196=CARTESIAN_POINT('Control Point',(-14.426649124,31.2208861783,-70.6973773133)) ;
#6197=CARTESIAN_POINT('Control Point',(-13.8928165157,28.4399027815,-76.5100163682)) ;
#6198=CARTESIAN_POINT('Control Point',(-14.0760074154,29.5139625239,-74.6534175998)) ;
#6199=CARTESIAN_POINT('Control Point',(-14.1786792412,30.4421645194,-72.7038337197)) ;
#6200=CARTESIAN_POINT('Control Point',(-14.18222797,31.2080387678,-70.6920072889)) ;
#6202=CARTESIAN_POINT('Control Point',(-14.1794731903,30.0796235857,-73.3652209676)) ;
#6203=CARTESIAN_POINT('Control Point',(-14.218787713,30.4789147183,-72.5083461583)) ;
#6204=CARTESIAN_POINT('Control Point',(-14.2405527135,30.8482993691,-71.6367375198)) ;
#6205=CARTESIAN_POINT('Control Point',(-14.2431835838,31.1863772953,-70.7530003252)) ;
#6206=CARTESIAN_POINT('Vertex',(-14.1794731903,30.0796235857,-73.3652209676)) ;
#6208=CARTESIAN_POINT('Vertex',(-14.2431835838,31.1863772953,-70.7530003252)) ;
#6212=CARTESIAN_POINT('Control Point',(-13.957144717,28.4701269496,-76.4605407962)) ;
#6213=CARTESIAN_POINT('Control Point',(-14.0559041799,29.0502811762,-75.4543830568)) ;
#6214=CARTESIAN_POINT('Control Point',(-14.1309856966,29.5876534722,-74.4209848642)) ;
#6215=CARTESIAN_POINT('Control Point',(-14.1794253161,30.0796247318,-73.3652193051)) ;
#6218=CARTESIAN_POINT('Control Point',(-14.9458381703,27.5963841255,-76.0561737384)) ;
#6219=CARTESIAN_POINT('Control Point',(-14.9339718024,27.8479937799,-76.2000548683)) ;
#6220=CARTESIAN_POINT('Control Point',(-14.6791420282,28.2858499285,-76.4268912833)) ;
#6221=CARTESIAN_POINT('Control Point',(-14.1739009844,28.4594289774,-76.4761688609)) ;
#6222=CARTESIAN_POINT('Control Point',(-13.957144717,28.4701269496,-76.4605407962)) ;
#6225=CARTESIAN_POINT('Control Point',(-14.2431835838,31.1863772953,-70.7530003252)) ;
#6226=CARTESIAN_POINT('Control Point',(-14.3882828927,31.1852905013,-70.7528891165)) ;
#6227=CARTESIAN_POINT('Control Point',(-14.5331272949,31.158683731,-70.7430142367)) ;
#6228=CARTESIAN_POINT('Control Point',(-14.6724331294,31.1091988294,-70.7243713168)) ;
#6229=CARTESIAN_POINT('Control Point',(-14.8809258434,30.9889621445,-70.6787857665)) ;
#6230=CARTESIAN_POINT('Control Point',(-15.0385808302,30.8172951008,-70.6133765338)) ;
#6231=CARTESIAN_POINT('Control Point',(-15.0826982816,30.7525257978,-70.5886606997)) ;
#6232=CARTESIAN_POINT('Control Point',(-15.1551712784,30.6304770327,-70.542060151)) ;
#6233=CARTESIAN_POINT('Control Point',(-15.2032635162,30.4982721578,-70.4915031278)) ;
#6234=CARTESIAN_POINT('Control Point',(-15.2249377376,30.4242244909,-70.4631723334)) ;
#6235=CARTESIAN_POINT('Control Point',(-15.2365436502,30.3349109405,-70.4289603392)) ;
#6236=CARTESIAN_POINT('Control Point',(-15.2358905321,30.2454773504,-70.3946663913)) ;
#6247=CARTESIAN_POINT('Control Point',(-14.2485668127,24.8077054152,-80.8652542596)) ;
#6248=CARTESIAN_POINT('Control Point',(-14.5579593606,25.7239110995,-79.2415748444)) ;
#6249=CARTESIAN_POINT('Control Point',(-14.7895914346,26.6468324017,-77.6094653402)) ;
#6250=CARTESIAN_POINT('Control Point',(-14.9515265125,27.5729979006,-75.973622759)) ;
#6251=CARTESIAN_POINT('Control Point',(-14.2421454648,25.069818846,-81.0149751193)) ;
#6252=CARTESIAN_POINT('Control Point',(-14.5565121088,25.9884553469,-79.3938118401)) ;
#6253=CARTESIAN_POINT('Control Point',(-14.7925052812,26.913556242,-77.7638195871)) ;
#6254=CARTESIAN_POINT('Control Point',(-14.959315461,27.8420808767,-76.1295465122)) ;
#6255=CARTESIAN_POINT('Control Point',(-13.9728957166,25.5416026581,-81.2351608587)) ;
#6256=CARTESIAN_POINT('Control Point',(-14.288242006,26.4645050527,-79.625741028)) ;
#6257=CARTESIAN_POINT('Control Point',(-14.5262767067,27.3939234465,-78.0064447463)) ;
#6258=CARTESIAN_POINT('Control Point',(-14.6949697082,28.3265580482,-76.3825563574)) ;
#6259=CARTESIAN_POINT('Control Point',(-13.4383426829,25.728658774,-81.2406358247)) ;
#6260=CARTESIAN_POINT('Control Point',(-13.7453664585,26.6478393371,-79.6451053097)) ;
#6261=CARTESIAN_POINT('Control Point',(-13.9761007881,27.5734999427,-78.0391343499)) ;
#6262=CARTESIAN_POINT('Control Point',(-14.138236245,28.5024944016,-76.4285261603)) ;
#6263=CARTESIAN_POINT('Control Point',(-13.2107940039,25.7364846493,-81.201618455)) ;
#6264=CARTESIAN_POINT('Control Point',(-13.5143871834,26.6524144128,-79.6110344227)) ;
#6265=CARTESIAN_POINT('Control Point',(-13.7420875735,27.5750528549,-78.0099220729)) ;
#6266=CARTESIAN_POINT('Control Point',(-13.9015415524,28.5009376653,-76.4040436728)) ;
#6268=CARTESIAN_POINT('Control Point',(-14.2552936034,24.8884080456,-80.8426732223)) ;
#6269=CARTESIAN_POINT('Control Point',(-14.2317985608,25.1336527996,-80.9794370677)) ;
#6270=CARTESIAN_POINT('Control Point',(-13.9734227055,25.5608058139,-81.1762782266)) ;
#6271=CARTESIAN_POINT('Control Point',(-13.4873678193,25.7436645041,-81.1891221038)) ;
#6272=CARTESIAN_POINT('Control Point',(-13.278834807,25.7620624589,-81.1600480701)) ;
#6283=CARTESIAN_POINT('Control Point',(-8.92956410947,19.9795147661,-94.7252440892)) ;
#6284=CARTESIAN_POINT('Control Point',(-10.2541330126,20.2846653981,-92.8162699273)) ;
#6285=CARTESIAN_POINT('Control Point',(-12.5725508026,21.3771257823,-88.0435953701)) ;
#6286=CARTESIAN_POINT('Control Point',(-13.8006542796,23.4415093986,-83.2624780965)) ;
#6287=CARTESIAN_POINT('Control Point',(-14.2835641247,24.9124391079,-80.6797274609)) ;
#6288=CARTESIAN_POINT('Control Point',(-8.92346922863,20.2768685578,-94.7709252732)) ;
#6289=CARTESIAN_POINT('Control Point',(-10.2448659846,20.5778942356,-92.8738109565)) ;
#6290=CARTESIAN_POINT('Control Point',(-12.5587730279,21.6604876734,-88.1354697408)) ;
#6291=CARTESIAN_POINT('Control Point',(-13.7904149539,23.7121188747,-83.3923695098)) ;
#6292=CARTESIAN_POINT('Control Point',(-14.277609177,25.1742545703,-80.830680032)) ;
#6293=CARTESIAN_POINT('Control Point',(-8.69865307178,20.8115507994,-94.7043566359)) ;
#6294=CARTESIAN_POINT('Control Point',(-10.0013946792,21.1054171681,-92.8545043843)) ;
#6295=CARTESIAN_POINT('Control Point',(-12.2941073944,22.1704045923,-88.2179389924)) ;
#6296=CARTESIAN_POINT('Control Point',(-13.5214983698,24.1991529273,-83.5657231069)) ;
#6297=CARTESIAN_POINT('Control Point',(-14.0083072851,25.6456011233,-81.0539465252)) ;
#6298=CARTESIAN_POINT('Control Point',(-8.2535511575,21.0246426544,-94.4307447695)) ;
#6299=CARTESIAN_POINT('Control Point',(-9.52599489098,21.3199046113,-92.6406501431)) ;
#6300=CARTESIAN_POINT('Control Point',(-11.7852292768,22.3821637458,-88.1131625248)) ;
#6301=CARTESIAN_POINT('Control Point',(-12.9954648923,24.3964191707,-83.5362527546)) ;
#6302=CARTESIAN_POINT('Control Point',(-13.4727255654,25.8319911202,-81.0617522104)) ;
#6303=CARTESIAN_POINT('Control Point',(-8.0638863205,21.0342094112,-94.3005305822)) ;
#6304=CARTESIAN_POINT('Control Point',(-9.3234310733,21.3319448215,-92.532255773)) ;
#6305=CARTESIAN_POINT('Control Point',(-11.5683892519,22.3964625825,-88.0424909464)) ;
#6306=CARTESIAN_POINT('Control Point',(-12.7714291308,24.406968435,-83.4880663791)) ;
#6307=CARTESIAN_POINT('Control Point',(-13.2447518417,25.8394850505,-81.0233379573)) ;
#6309=CARTESIAN_POINT('Control Point',(-9.01525658133,20.0589106238,-94.6048808858)) ;
#6310=CARTESIAN_POINT('Control Point',(-8.99462210524,20.3366674756,-94.6382512214)) ;
#6311=CARTESIAN_POINT('Control Point',(-8.77779281242,20.8200087287,-94.5724714596)) ;
#6312=CARTESIAN_POINT('Control Point',(-8.37161711715,21.0283830862,-94.3300570663)) ;
#6313=CARTESIAN_POINT('Control Point',(-8.19721850284,21.0501274475,-94.2143915101)) ;
#6325=CARTESIAN_POINT('Control Point',(8.82271624528,20.1682453025,-94.4230916166)) ;
#6326=CARTESIAN_POINT('Control Point',(8.23139731439,20.0147648491,-95.3085315491)) ;
#6327=CARTESIAN_POINT('Control Point',(6.95641841377,19.7296337269,-96.9604312356)) ;
#6328=CARTESIAN_POINT('Control Point',(4.56272982723,19.3706136287,-99.0533606156)) ;
#6329=CARTESIAN_POINT('Control Point',(1.58083281303,19.1322649361,-100.449196491)) ;
#6330=CARTESIAN_POINT('Control Point',(-1.87311561893,19.1059709065,-100.44424384)) ;
#6331=CARTESIAN_POINT('Control Point',(-4.86463176198,19.2976783259,-99.049011174)) ;
#6332=CARTESIAN_POINT('Control Point',(-7.26125543498,19.618908925,-96.9597281016)) ;
#6333=CARTESIAN_POINT('Control Point',(-8.54181115176,19.8841505813,-95.3089904698)) ;
#6334=CARTESIAN_POINT('Control Point',(-9.13523968356,20.028369991,-94.4236972976)) ;
#6335=CARTESIAN_POINT('Control Point',(8.81213496823,20.4654520345,-94.4699297467)) ;
#6336=CARTESIAN_POINT('Control Point',(8.21907370325,20.3107328629,-95.3536894801)) ;
#6337=CARTESIAN_POINT('Control Point',(6.94222782479,20.0230165926,-97.0009686811)) ;
#6338=CARTESIAN_POINT('Control Point',(4.54581441033,19.6594212268,-99.0841839636)) ;
#6339=CARTESIAN_POINT('Control Point',(1.56998874653,19.4164376364,-100.466204989)) ;
#6340=CARTESIAN_POINT('Control Point',(-1.86672382052,19.390338155,-100.461368242)) ;
#6341=CARTESIAN_POINT('Control Point',(-4.85227060917,19.586745832,-99.0800737282)) ;
#6342=CARTESIAN_POINT('Control Point',(-7.25134317509,19.9125010465,-97.0004076717)) ;
#6343=CARTESIAN_POINT('Control Point',(-8.53411581588,20.1802722421,-95.3541371088)) ;
#6344=CARTESIAN_POINT('Control Point',(-9.12928255705,20.3257047855,-94.4705353849)) ;
#6345=CARTESIAN_POINT('Control Point',(8.57648212311,20.9964952411,-94.4089481466)) ;
#6346=CARTESIAN_POINT('Control Point',(7.99001882066,20.8397169269,-95.2805862523)) ;
#6347=CARTESIAN_POINT('Control Point',(6.72854295569,20.5474184817,-96.9009498957)) ;
#6348=CARTESIAN_POINT('Control Point',(4.37802498997,20.1761478987,-98.935083985)) ;
#6349=CARTESIAN_POINT('Control Point',(1.49421060588,19.9256284465,-100.262556112)) ;
#6350=CARTESIAN_POINT('Control Point',(-1.79961653042,19.9006885826,-100.258284893)) ;
#6351=CARTESIAN_POINT('Control Point',(-4.69245903601,20.1061166128,-98.9315381469)) ;
#6352=CARTESIAN_POINT('Control Point',(-7.0460804539,20.4402109204,-96.9007363532)) ;
#6353=CARTESIAN_POINT('Control Point',(-8.31331013137,20.7127531787,-95.2810025337)) ;
#6354=CARTESIAN_POINT('Control Point',(-8.90193042569,20.860350635,-94.4095482734)) ;
#6355=CARTESIAN_POINT('Control Point',(8.12286353914,21.2023081082,-94.1432667484)) ;
#6356=CARTESIAN_POINT('Control Point',(7.55262708289,21.0475252033,-94.9950838817)) ;
#6357=CARTESIAN_POINT('Control Point',(6.33034069077,20.7596635122,-96.5721586949)) ;
#6358=CARTESIAN_POINT('Control Point',(4.07701024441,20.3961998949,-98.5310329156)) ;
#6359=CARTESIAN_POINT('Control Point',(1.36664245481,20.1542195366,-99.7806119592)) ;
#6360=CARTESIAN_POINT('Control Point',(-1.67654397791,20.1311855737,-99.7770049938)) ;
#6361=CARTESIAN_POINT('Control Point',(-4.39484043753,20.3307495414,-98.5282532996)) ;
#6362=CARTESIAN_POINT('Control Point',(-6.65116954204,20.6585893327,-96.5723670627)) ;
#6363=CARTESIAN_POINT('Control Point',(-7.8792199922,20.927348292,-94.9954594913)) ;
#6364=CARTESIAN_POINT('Control Point',(-8.4515808724,21.073200301,-94.1438567568)) ;
#6365=CARTESIAN_POINT('Control Point',(7.93086087112,21.2087508455,-94.0161639554)) ;
#6366=CARTESIAN_POINT('Control Point',(7.36745221894,21.0556475062,-94.8596945859)) ;
#6367=CARTESIAN_POINT('Control Point',(6.16179428935,20.7714110239,-96.4186197766)) ;
#6368=CARTESIAN_POINT('Control Point',(3.94959366649,20.4144234472,-98.3459478673)) ;
#6369=CARTESIAN_POINT('Control Point',(1.31291771169,20.1794149337,-99.562814282)) ;
#6370=CARTESIAN_POINT('Control Point',(-1.62360195502,20.1571432386,-99.559478864)) ;
#6371=CARTESIAN_POINT('Control Point',(-4.26769958353,20.3508993224,-98.3434966901)) ;
#6372=CARTESIAN_POINT('Control Point',(-6.48277821913,20.6729262961,-96.4190075276)) ;
#6373=CARTESIAN_POINT('Control Point',(-7.69420148606,20.9383551229,-94.8600529627)) ;
#6374=CARTESIAN_POINT('Control Point',(-8.25970599516,21.0826317114,-94.016749757)) ;
#6385=CARTESIAN_POINT('Control Point',(-11.8775755988,14.9906506547,-89.0121859264)) ;
#6386=CARTESIAN_POINT('Control Point',(-11.2671006699,14.9954021574,-90.553975721)) ;
#6387=CARTESIAN_POINT('Control Point',(-9.88300003009,15.0061750121,-93.4655752093)) ;
#6388=CARTESIAN_POINT('Control Point',(-7.45847766971,15.0250457693,-96.7716702854)) ;
#6389=CARTESIAN_POINT('Control Point',(-4.96607571326,15.044444853,-98.8926720101)) ;
#6390=CARTESIAN_POINT('Control Point',(-2.71929265727,15.061932214,-100.07515019)) ;
#6391=CARTESIAN_POINT('Control Point',(-0.121567218106,15.0821510607,-100.556077465)) ;
#6392=CARTESIAN_POINT('Control Point',(3.357763129,15.1092316929,-99.9139967926)) ;
#6393=CARTESIAN_POINT('Control Point',(6.76243228424,15.1357312155,-97.3981372162)) ;
#6394=CARTESIAN_POINT('Control Point',(9.64005916252,15.158128616,-93.4773206977)) ;
#6395=CARTESIAN_POINT('Control Point',(11.0328015348,15.1689687318,-90.5531721004)) ;
#6396=CARTESIAN_POINT('Control Point',(11.6426575565,15.1737154173,-89.0122862209)) ;
#6397=CARTESIAN_POINT('Control Point',(-11.8941455589,14.6715846088,-89.0196743494)) ;
#6398=CARTESIAN_POINT('Control Point',(-11.283180046,14.6763399296,-90.5625898594)) ;
#6399=CARTESIAN_POINT('Control Point',(-9.89897548532,14.6871135933,-93.4755705432)) ;
#6400=CARTESIAN_POINT('Control Point',(-7.47259846345,14.7059987858,-96.785233884)) ;
#6401=CARTESIAN_POINT('Control Point',(-4.97616517596,14.7254292466,-98.9099486162)) ;
#6402=CARTESIAN_POINT('Control Point',(-2.72439931708,14.7429553901,-100.095390358)) ;
#6403=CARTESIAN_POINT('Control Point',(-0.119091718005,14.763233251,-100.577933704)) ;
#6404=CARTESIAN_POINT('Control Point',(3.37125744256,14.7903996458,-99.9335404475)) ;
#6405=CARTESIAN_POINT('Control Point',(6.78089315333,14.8169378245,-97.412453273)) ;
#6406=CARTESIAN_POINT('Control Point',(9.6610356705,14.839354805,-93.4874601489)) ;
#6407=CARTESIAN_POINT('Control Point',(11.0538430016,14.8501954264,-90.5617760703)) ;
#6408=CARTESIAN_POINT('Control Point',(11.6641922057,14.8549459503,-89.0197757585)) ;
#6409=CARTESIAN_POINT('Control Point',(-11.6487054833,14.1029939306,-88.9243635225)) ;
#6410=CARTESIAN_POINT('Control Point',(-11.0422962538,14.1077137886,-90.4558972741)) ;
#6411=CARTESIAN_POINT('Control Point',(-9.66838509496,14.1184073356,-93.3454248745)) ;
#6412=CARTESIAN_POINT('Control Point',(-7.27034992808,14.1370719354,-96.6127813247)) ;
#6413=CARTESIAN_POINT('Control Point',(-4.82224958087,14.1561262069,-98.6948487004)) ;
#6414=CARTESIAN_POINT('Control Point',(-2.62996441432,14.1731893951,-99.8472202103)) ;
#6415=CARTESIAN_POINT('Control Point',(-0.114488730214,14.1927680682,-100.311546567)) ;
#6416=CARTESIAN_POINT('Control Point',(3.25444242203,14.2189894317,-99.6918600138)) ;
#6417=CARTESIAN_POINT('Control Point',(6.59309301129,14.2449751127,-97.2332521562)) ;
#6418=CARTESIAN_POINT('Control Point',(9.43946233971,14.2671292267,-93.356350972)) ;
#6419=CARTESIAN_POINT('Control Point',(10.8218298862,14.2778885922,-90.4551497638)) ;
#6420=CARTESIAN_POINT('Control Point',(11.4276335054,14.2826037365,-88.9244575528)) ;
#6421=CARTESIAN_POINT('Control Point',(-11.1126616197,13.9239583523,-88.7128077035)) ;
#6422=CARTESIAN_POINT('Control Point',(-10.5160088134,13.9286022733,-90.2197010128)) ;
#6423=CARTESIAN_POINT('Control Point',(-9.16684225695,13.9391032259,-93.0559291657)) ;
#6424=CARTESIAN_POINT('Control Point',(-6.83271734292,13.9572703937,-96.2300369597)) ;
#6425=CARTESIAN_POINT('Control Point',(-4.49126928588,13.9754945597,-98.2184175333)) ;
#6426=CARTESIAN_POINT('Control Point',(-2.43017691874,13.9915366364,-99.2983681313)) ;
#6427=CARTESIAN_POINT('Control Point',(-0.112684983339,14.009574345,-99.7227566618)) ;
#6428=CARTESIAN_POINT('Control Point',(2.99072288129,14.033729064,-99.1569104835)) ;
#6429=CARTESIAN_POINT('Control Point',(6.17016851771,14.058475607,-96.8361265399)) ;
#6430=CARTESIAN_POINT('Control Point',(8.94120243314,14.0800433636,-93.0649007565)) ;
#6431=CARTESIAN_POINT('Control Point',(10.2983646434,14.0906065488,-90.2190872657)) ;
#6432=CARTESIAN_POINT('Control Point',(10.8944448425,14.095246013,-88.7128867946)) ;
#6433=CARTESIAN_POINT('Control Point',(-10.8862095385,13.9408895596,-88.6231466601)) ;
#6434=CARTESIAN_POINT('Control Point',(-10.293680036,13.9455013877,-90.1196172362)) ;
#6435=CARTESIAN_POINT('Control Point',(-8.95506253389,13.955920234,-92.9332156512)) ;
#6436=CARTESIAN_POINT('Control Point',(-6.64805655892,13.9738763273,-96.0678244792)) ;
#6437=CARTESIAN_POINT('Control Point',(-4.35178907334,13.9917488398,-98.0165307495)) ;
#6438=CARTESIAN_POINT('Control Point',(-2.34627133692,14.0073583631,-99.0658201634)) ;
#6439=CARTESIAN_POINT('Control Point',(-0.112642355939,14.0247433421,-99.473298566)) ;
#6440=CARTESIAN_POINT('Control Point',(2.87836193842,14.0480231917,-98.9302382782)) ;
#6441=CARTESIAN_POINT('Control Point',(5.99028014632,14.0722441492,-96.66783854)) ;
#6442=CARTESIAN_POINT('Control Point',(8.72937350017,14.0935633033,-92.9413648926)) ;
#6443=CARTESIAN_POINT('Control Point',(10.0757869596,14.1040428277,-90.1190597448)) ;
#6444=CARTESIAN_POINT('Control Point',(10.6677581441,14.1086503104,-88.6232194668)) ;
#6446=CARTESIAN_POINT('Control Point',(-10.8235297395,13.9395419521,-88.9385534232)) ;
#6447=CARTESIAN_POINT('Control Point',(-10.2564676197,13.9439555603,-90.3342594567)) ;
#6448=CARTESIAN_POINT('Control Point',(-8.94357037366,13.9541742184,-93.0486810297)) ;
#6449=CARTESIAN_POINT('Control Point',(-6.69297647607,13.9716912402,-96.1072693563)) ;
#6450=CARTESIAN_POINT('Control Point',(-4.38572210325,13.9896492668,-98.0656238013)) ;
#6451=CARTESIAN_POINT('Control Point',(-2.36668984097,14.0053639776,-99.1223696952)) ;
#6452=CARTESIAN_POINT('Control Point',(-0.112667132555,14.0229076869,-99.5339604339)) ;
#6453=CARTESIAN_POINT('Control Point',(2.9056727928,14.0464002976,-98.9853586727)) ;
#6454=CARTESIAN_POINT('Control Point',(6.03401038074,14.0707490518,-96.7087611938)) ;
#6455=CARTESIAN_POINT('Control Point',(8.71825156944,14.0916412757,-93.056603239)) ;
#6456=CARTESIAN_POINT('Control Point',(10.0381016516,14.1019140497,-90.3342588901)) ;
#6457=CARTESIAN_POINT('Control Point',(10.605165167,14.1063276688,-88.9385534239)) ;
#6460=CARTESIAN_POINT('Control Point',(-11.7577144179,14.9323012114,-89.314964416)) ;
#6461=CARTESIAN_POINT('Control Point',(-11.7553857337,14.6331109737,-89.3149644159)) ;
#6462=CARTESIAN_POINT('Control Point',(-11.5185669372,14.1171267223,-89.2203788704)) ;
#6463=CARTESIAN_POINT('Control Point',(-11.0314116753,13.937928933,-89.0230189823)) ;
#6464=CARTESIAN_POINT('Control Point',(-10.8235297395,13.9395419521,-88.9385534232)) ;
#6467=CARTESIAN_POINT('Control Point',(10.6051453409,14.1063275142,-88.9385453683)) ;
#6468=CARTESIAN_POINT('Control Point',(10.8961890888,14.1085927918,-89.0568011849)) ;
#6469=CARTESIAN_POINT('Control Point',(11.1912059291,14.2341054136,-89.1770609792)) ;
#6470=CARTESIAN_POINT('Control Point',(11.4077820044,14.4858427381,-89.265850102)) ;
#6471=CARTESIAN_POINT('Control Point',(11.5262284537,14.7993580079,-89.3149653339)) ;
#6472=CARTESIAN_POINT('Control Point',(11.5237833631,15.1135077396,-89.3149653456)) ;
#6482=CARTESIAN_POINT('Line Origine',(14.7810511626,28.1855334491,-68.0078455127)) ;
#6486=CARTESIAN_POINT('Vertex',(-15.218040168,27.9520418633,-68.0078455129)) ;
#6489=CARTESIAN_POINT('Line Origine',(14.7810511626,28.1855334491,-65.4078455127)) ;
#6493=CARTESIAN_POINT('Vertex',(-15.218040168,27.9520418634,-65.4078455133)) ;
#6497=CARTESIAN_POINT('Control Point',(-15.2180401671,27.9520418637,-68.0078455127)) ;
#6498=CARTESIAN_POINT('Control Point',(-15.2212188208,28.3604365387,-68.0078455127)) ;
#6499=CARTESIAN_POINT('Control Point',(-15.2243974745,28.7688312137,-67.8474644412)) ;
#6500=CARTESIAN_POINT('Control Point',(-15.2269098817,29.091626275,-67.5246596026)) ;
#6501=CARTESIAN_POINT('Control Point',(-15.2294063906,29.4123787026,-66.7078455127)) ;
#6502=CARTESIAN_POINT('Control Point',(-15.2269098821,29.091626275,-65.8910314228)) ;
#6503=CARTESIAN_POINT('Control Point',(-15.2243974751,28.7688312137,-65.5682265842)) ;
#6504=CARTESIAN_POINT('Control Point',(-15.2212188215,28.3604365387,-65.4078455127)) ;
#6505=CARTESIAN_POINT('Control Point',(-15.218040168,27.9520418637,-65.4078455127)) ;
#6514=CARTESIAN_POINT('Axis2P3D Location',(-15.2180401671,27.9520418637,-66.7078455127)) ;
#6527=CARTESIAN_POINT('Control Point',(-15.193686982,24.7045238416,-64.4728478868)) ;
#6528=CARTESIAN_POINT('Control Point',(-15.1785381565,24.8804409181,-63.9585510495)) ;
#6529=CARTESIAN_POINT('Control Point',(-15.3746923568,25.0431036473,-63.4782440478)) ;
#6530=CARTESIAN_POINT('Control Point',(-15.7516248409,25.1672173847,-63.1066168628)) ;
#6531=CARTESIAN_POINT('Control Point',(-15.1958280031,24.9813987536,-64.5665047056)) ;
#6532=CARTESIAN_POINT('Control Point',(-15.1803668219,25.0833825634,-64.0320064913)) ;
#6533=CARTESIAN_POINT('Control Point',(-15.3728739166,25.1774286288,-63.5322579778)) ;
#6534=CARTESIAN_POINT('Control Point',(-15.7438570698,25.2491394913,-63.1437660888)) ;
#6535=CARTESIAN_POINT('Control Point',(-15.1980560562,25.265616767,-64.600666427)) ;
#6536=CARTESIAN_POINT('Control Point',(-15.1817335054,25.2953970475,-64.052249444)) ;
#6537=CARTESIAN_POINT('Control Point',(-15.3772471786,25.3205743367,-63.5400683829)) ;
#6538=CARTESIAN_POINT('Control Point',(-15.7541063217,25.3372252851,-63.1439414383)) ;
#6539=CARTESIAN_POINT('Control Point',(-15.2003659481,25.5565964381,-64.5782148042)) ;
#6540=CARTESIAN_POINT('Control Point',(-15.1825971581,25.5101412258,-64.0214583421)) ;
#6541=CARTESIAN_POINT('Control Point',(-15.3876591921,25.4651848307,-63.5034562579)) ;
#6542=CARTESIAN_POINT('Control Point',(-15.7819523444,25.4290882786,-63.1090224678)) ;
#6544=CARTESIAN_POINT('Control Point',(-15.1954430533,25.0487556273,-64.4967626516)) ;
#6545=CARTESIAN_POINT('Control Point',(-15.1962851948,25.1569542919,-64.5145170703)) ;
#6546=CARTESIAN_POINT('Control Point',(-15.1971358619,25.2662483346,-64.5233215298)) ;
#6547=CARTESIAN_POINT('Control Point',(-15.1979944982,25.3765662795,-64.5233482604)) ;
#6548=CARTESIAN_POINT('Vertex',(-15.1954430534,25.0487556274,-64.4967626513)) ;
#6550=CARTESIAN_POINT('Vertex',(-15.1979945011,25.3765666381,-64.5218682785)) ;
#6554=CARTESIAN_POINT('Control Point',(-15.194234316,24.893456581,-64.4649272409)) ;
#6555=CARTESIAN_POINT('Control Point',(-15.1946352165,24.9449644252,-64.4776207092)) ;
#6556=CARTESIAN_POINT('Control Point',(-15.1950381496,24.996733434,-64.4882260596)) ;
#6557=CARTESIAN_POINT('Control Point',(-15.1954430536,25.0487556629,-64.4967624349)) ;
#6560=CARTESIAN_POINT('Control Point',(-15.7077981372,25.2089866678,-63.1683693771)) ;
#6561=CARTESIAN_POINT('Control Point',(-15.7077151655,25.2594592179,-63.1813526674)) ;
#6562=CARTESIAN_POINT('Control Point',(-15.712831961,25.3117530152,-63.1826013462)) ;
#6563=CARTESIAN_POINT('Control Point',(-15.7230816762,25.365355747,-63.1724402588)) ;
#6566=CARTESIAN_POINT('Control Point',(-15.1979950543,25.3765673611,-64.5218682799)) ;
#6567=CARTESIAN_POINT('Control Point',(-15.1981450643,25.3768202677,-64.3218251583)) ;
#6568=CARTESIAN_POINT('Control Point',(-15.2233082121,25.3766664062,-64.1235868646)) ;
#6569=CARTESIAN_POINT('Control Point',(-15.2761159927,25.3759994199,-63.9226110717)) ;
#6570=CARTESIAN_POINT('Control Point',(-15.3926856995,25.3741270304,-63.6321297414)) ;
#6571=CARTESIAN_POINT('Control Point',(-15.5400727986,25.3708218319,-63.3966720812)) ;
#6572=CARTESIAN_POINT('Control Point',(-15.6019173936,25.369254476,-63.3118280789)) ;
#6573=CARTESIAN_POINT('Control Point',(-15.6641632152,25.3674422249,-63.2368026323)) ;
#6574=CARTESIAN_POINT('Control Point',(-15.7230832595,25.3653640272,-63.1724386891)) ;
#6585=CARTESIAN_POINT('Control Point',(-15.2258094868,28.8321949369,-64.5831912301)) ;
#6586=CARTESIAN_POINT('Control Point',(-15.209145199,28.8326612893,-64.0335154128)) ;
#6587=CARTESIAN_POINT('Control Point',(-15.4085033116,28.8314235227,-63.5209924058)) ;
#6588=CARTESIAN_POINT('Control Point',(-15.7922159155,28.8286782434,-63.1270562121)) ;
#6589=CARTESIAN_POINT('Control Point',(-15.2259263336,28.8474346949,-64.5831777111)) ;
#6590=CARTESIAN_POINT('Control Point',(-15.2093159838,28.8504835334,-64.0340623477)) ;
#6591=CARTESIAN_POINT('Control Point',(-15.4082871318,28.8516873499,-63.5219891962)) ;
#6592=CARTESIAN_POINT('Control Point',(-15.7912964613,28.8508551947,-63.1281582821)) ;
#6593=CARTESIAN_POINT('Control Point',(-15.2320266102,29.6148195068,-64.5873268668)) ;
#6594=CARTESIAN_POINT('Control Point',(-15.2115557467,29.4376658345,-63.9970462196)) ;
#6595=CARTESIAN_POINT('Control Point',(-15.4386556263,29.2624937468,-63.4518286786)) ;
#6596=CARTESIAN_POINT('Control Point',(-15.8721298403,29.1210872943,-63.0506025922)) ;
#6597=CARTESIAN_POINT('Control Point',(-15.2396902692,30.5508428683,-64.1003109543)) ;
#6598=CARTESIAN_POINT('Control Point',(-15.2099722,30.1524090298,-63.4899650684)) ;
#6599=CARTESIAN_POINT('Control Point',(-15.5259301031,29.7700468021,-62.9612988949)) ;
#6600=CARTESIAN_POINT('Control Point',(-16.1086878862,29.4992326298,-62.6463243636)) ;
#6601=CARTESIAN_POINT('Control Point',(-15.2511711667,31.9106814768,-62.7228214445)) ;
#6602=CARTESIAN_POINT('Control Point',(-15.1988861225,31.1260532165,-62.145111424)) ;
#6603=CARTESIAN_POINT('Control Point',(-15.7488254219,30.4483302756,-61.7008591466)) ;
#6604=CARTESIAN_POINT('Control Point',(-16.66773191,30.1650460488,-61.5785505535)) ;
#6605=CARTESIAN_POINT('Control Point',(-15.2565031116,32.5139676692,-61.5730278508)) ;
#6606=CARTESIAN_POINT('Control Point',(-15.1866593138,31.4958175787,-61.0378523243)) ;
#6607=CARTESIAN_POINT('Control Point',(-15.9268884313,30.6979299131,-60.6712563043)) ;
#6608=CARTESIAN_POINT('Control Point',(-17.0638813289,30.5659376832,-60.6779975398)) ;
#6609=CARTESIAN_POINT('Control Point',(-15.2597920976,32.8714860067,-60.6139649875)) ;
#6610=CARTESIAN_POINT('Control Point',(-15.1742110529,31.6552999053,-60.1798439985)) ;
#6611=CARTESIAN_POINT('Control Point',(-16.087233719,30.7905971804,-59.8738929137)) ;
#6612=CARTESIAN_POINT('Control Point',(-17.37892443,30.8646922449,-59.9039172052)) ;
#6613=CARTESIAN_POINT('Control Point',(-15.2598038285,32.8893567114,-60.5556333493)) ;
#6614=CARTESIAN_POINT('Control Point',(-15.1782900233,31.720284114,-60.108136349)) ;
#6615=CARTESIAN_POINT('Control Point',(-16.0462130687,30.873341567,-59.7863704147)) ;
#6616=CARTESIAN_POINT('Control Point',(-17.3005203522,30.8981434367,-59.7991425931)) ;
#6618=CARTESIAN_POINT('Control Point',(-15.2251951069,28.8712973362,-64.5218682788)) ;
#6619=CARTESIAN_POINT('Control Point',(-15.2257749079,28.9457934124,-64.5214215795)) ;
#6620=CARTESIAN_POINT('Control Point',(-15.2263515035,29.0198634027,-64.5179831659)) ;
#6621=CARTESIAN_POINT('Control Point',(-15.2269212628,29.0930842935,-64.5116310967)) ;
#6622=CARTESIAN_POINT('Control Point',(-15.2287241713,29.3247286632,-64.4824526485)) ;
#6623=CARTESIAN_POINT('Control Point',(-15.230477339,29.549974006,-64.4258162235)) ;
#6624=CARTESIAN_POINT('Control Point',(-15.2315384581,29.6863074824,-64.3797045531)) ;
#6625=CARTESIAN_POINT('Control Point',(-15.2332453781,29.9056132823,-64.2913264115)) ;
#6626=CARTESIAN_POINT('Control Point',(-15.2349306963,30.1221436076,-64.1786041865)) ;
#6627=CARTESIAN_POINT('Control Point',(-15.235546915,30.2013156599,-64.133956915)) ;
#6628=CARTESIAN_POINT('Control Point',(-15.2367655695,30.3578888568,-64.0386329478)) ;
#6629=CARTESIAN_POINT('Control Point',(-15.2379383285,30.5085653636,-63.9336292608)) ;
#6630=CARTESIAN_POINT('Control Point',(-15.2385095354,30.5819554974,-63.8792033186)) ;
#6631=CARTESIAN_POINT('Control Point',(-15.2402941141,30.8112242491,-63.6985792393)) ;
#6632=CARTESIAN_POINT('Control Point',(-15.2420972349,31.0428767883,-63.4830577874)) ;
#6633=CARTESIAN_POINT('Control Point',(-15.2433768666,31.2073108902,-63.3115694516)) ;
#6634=CARTESIAN_POINT('Control Point',(-15.2457632503,31.5139145082,-62.9550728458)) ;
#6635=CARTESIAN_POINT('Control Point',(-15.2478457933,31.781480108,-62.5776746779)) ;
#6636=CARTESIAN_POINT('Control Point',(-15.2489181463,31.9192565603,-62.3612553196)) ;
#6637=CARTESIAN_POINT('Control Point',(-15.2500439878,32.0639053111,-62.1162566489)) ;
#6638=CARTESIAN_POINT('Control Point',(-15.2510509145,32.1932756454,-61.8749164827)) ;
#6639=CARTESIAN_POINT('Control Point',(-15.2513031694,32.2256854349,-61.8129808215)) ;
#6640=CARTESIAN_POINT('Control Point',(-15.2520671672,32.3238439555,-61.6206769063)) ;
#6641=CARTESIAN_POINT('Control Point',(-15.2527863218,32.4162406909,-61.4253353176)) ;
#6642=CARTESIAN_POINT('Control Point',(-15.2532532844,32.4762358252,-61.291902411)) ;
#6643=CARTESIAN_POINT('Control Point',(-15.2539541359,32.5662816155,-61.0815050161)) ;
#6644=CARTESIAN_POINT('Control Point',(-15.2546100954,32.6505602088,-60.8690797251)) ;
#6645=CARTESIAN_POINT('Control Point',(-15.2548419135,32.6803447616,-60.7919002808)) ;
#6646=CARTESIAN_POINT('Control Point',(-15.2550663483,32.7091801737,-60.7151770837)) ;
#6647=CARTESIAN_POINT('Control Point',(-15.2552868176,32.737506147,-60.637769397)) ;
#6648=CARTESIAN_POINT('Vertex',(-15.2251949987,28.8712973371,-64.5218682786)) ;
#6650=CARTESIAN_POINT('Vertex',(-15.2552868176,32.7375061472,-60.6377693968)) ;
#6654=CARTESIAN_POINT('Control Point',(-15.2251951069,28.8712973362,-64.5218682788)) ;
#6655=CARTESIAN_POINT('Control Point',(-15.2252575603,28.8712997593,-64.3321248095)) ;
#6656=CARTESIAN_POINT('Control Point',(-15.2478232575,28.8711196123,-64.1403949864)) ;
#6657=CARTESIAN_POINT('Control Point',(-15.2998230835,28.8707288367,-63.9325125095)) ;
#6658=CARTESIAN_POINT('Control Point',(-15.4103924228,28.8696793784,-63.6499848111)) ;
#6659=CARTESIAN_POINT('Control Point',(-15.5607959084,28.8683388964,-63.4060423773)) ;
#6660=CARTESIAN_POINT('Control Point',(-15.6215300976,28.8678479559,-63.3209348445)) ;
#6661=CARTESIAN_POINT('Control Point',(-15.6852895935,28.867428396,-63.2427927684)) ;
#6662=CARTESIAN_POINT('Control Point',(-15.7500246351,28.8672148429,-63.1720925689)) ;
#6665=CARTESIAN_POINT('Control Point',(-15.7500246351,28.8672148429,-63.1720925689)) ;
#6666=CARTESIAN_POINT('Control Point',(-15.7663255149,28.9201147645,-63.1544821201)) ;
#6667=CARTESIAN_POINT('Control Point',(-15.7850615347,28.9730719516,-63.1297441916)) ;
#6668=CARTESIAN_POINT('Control Point',(-15.806559369,29.025903554,-63.0980883567)) ;
#6669=CARTESIAN_POINT('Vertex',(-15.8063875534,29.0258727284,-63.0979212504)) ;
#6673=CARTESIAN_POINT('Control Point',(-16.4434182586,30.0198610333,-61.8545789004)) ;
#6674=CARTESIAN_POINT('Control Point',(-16.2801230357,29.8280251146,-62.2096892834)) ;
#6675=CARTESIAN_POINT('Control Point',(-16.1230085101,29.6233020884,-62.5315636031)) ;
#6676=CARTESIAN_POINT('Control Point',(-15.9899575669,29.4233503803,-62.789678896)) ;
#6677=CARTESIAN_POINT('Control Point',(-15.8803473869,29.2195965709,-62.9871934334)) ;
#6678=CARTESIAN_POINT('Control Point',(-15.806559369,29.025903554,-63.0980883567)) ;
#6679=CARTESIAN_POINT('Vertex',(-16.4433616389,30.0197598234,-61.8544981891)) ;
#6683=CARTESIAN_POINT('Control Point',(-16.8362406894,30.4502683335,-60.9541581299)) ;
#6684=CARTESIAN_POINT('Control Point',(-16.7721262412,30.3845646363,-61.1075027055)) ;
#6685=CARTESIAN_POINT('Control Point',(-16.708738572,30.3179641453,-61.2568963535)) ;
#6686=CARTESIAN_POINT('Control Point',(-16.6409081957,30.2447201261,-61.4140539417)) ;
#6687=CARTESIAN_POINT('Control Point',(-16.571668337,30.1678099405,-61.5714308393)) ;
#6688=CARTESIAN_POINT('Control Point',(-16.5035374124,30.0897156887,-61.7226246571)) ;
#6689=CARTESIAN_POINT('Control Point',(-16.4959829251,30.081026115,-61.7393430031)) ;
#6690=CARTESIAN_POINT('Control Point',(-16.4846619267,30.0679579427,-61.7643265068)) ;
#6691=CARTESIAN_POINT('Control Point',(-16.473385536,30.0548728019,-61.7891044589)) ;
#6692=CARTESIAN_POINT('Control Point',(-16.4696297116,30.0505068732,-61.7973451804)) ;
#6693=CARTESIAN_POINT('Control Point',(-16.462154285,30.0418022452,-61.8137231351)) ;
#6694=CARTESIAN_POINT('Control Point',(-16.4546547777,30.0330383295,-61.8301061299)) ;
#6695=CARTESIAN_POINT('Control Point',(-16.4514988678,30.0293443199,-61.8369927303)) ;
#6696=CARTESIAN_POINT('Control Point',(-16.4474568754,30.0246055185,-61.8457963118)) ;
#6697=CARTESIAN_POINT('Control Point',(-16.4434182586,30.0198610333,-61.8545789004)) ;
#6698=CARTESIAN_POINT('Vertex',(-16.8362417242,30.4502726465,-60.9541604106)) ;
#6702=CARTESIAN_POINT('Control Point',(-17.0379290467,30.6509597397,-60.4633960794)) ;
#6703=CARTESIAN_POINT('Control Point',(-16.9870824698,30.6018372125,-60.5889671724)) ;
#6704=CARTESIAN_POINT('Control Point',(-16.9361988986,30.5516937748,-60.7135157497)) ;
#6705=CARTESIAN_POINT('Control Point',(-16.8870110113,30.5022971343,-60.8327291279)) ;
#6706=CARTESIAN_POINT('Control Point',(-16.8362406894,30.4502683335,-60.9541581299)) ;
#6707=CARTESIAN_POINT('Vertex',(-17.0379505984,30.6511418342,-60.4634760404)) ;
#6711=CARTESIAN_POINT('Control Point',(-17.1393748428,30.7477707232,-60.2108611362)) ;
#6712=CARTESIAN_POINT('Control Point',(-17.1259809974,30.7352825873,-60.2441097469)) ;
#6713=CARTESIAN_POINT('Control Point',(-17.1116584384,30.721747024,-60.2799222556)) ;
#6714=CARTESIAN_POINT('Control Point',(-17.0944011267,30.7053021775,-60.3230952218)) ;
#6715=CARTESIAN_POINT('Control Point',(-17.0761898249,30.6878426036,-60.3685365122)) ;
#6716=CARTESIAN_POINT('Control Point',(-17.0575215147,30.6698636513,-60.414888513)) ;
#6717=CARTESIAN_POINT('Control Point',(-17.055097644,30.6675280012,-60.4209027577)) ;
#6718=CARTESIAN_POINT('Control Point',(-17.0502784772,30.6628818189,-60.4328524634)) ;
#6719=CARTESIAN_POINT('Control Point',(-17.0453445771,30.6581211795,-60.44506704)) ;
#6720=CARTESIAN_POINT('Control Point',(-17.0424936431,30.6553678755,-60.4521210136)) ;
#6721=CARTESIAN_POINT('Control Point',(-17.0402112301,30.6531645413,-60.457759982)) ;
#6722=CARTESIAN_POINT('Control Point',(-17.0379290467,30.6509597397,-60.4633960794)) ;
#6723=CARTESIAN_POINT('Vertex',(-17.1393843053,30.7479233386,-60.2109222702)) ;
#6727=CARTESIAN_POINT('Control Point',(-17.2395273589,30.8426185163,-59.9537336895)) ;
#6728=CARTESIAN_POINT('Control Point',(-17.2393082491,30.8422002671,-59.9548844355)) ;
#6729=CARTESIAN_POINT('Control Point',(-17.2371454127,30.8399777967,-59.9610217335)) ;
#6730=CARTESIAN_POINT('Control Point',(-17.2330559686,30.8360023309,-59.9720147034)) ;
#6731=CARTESIAN_POINT('Control Point',(-17.2213323842,30.8247330199,-60.0030190179)) ;
#6732=CARTESIAN_POINT('Control Point',(-17.2059383028,30.8101672705,-60.0428510478)) ;
#6733=CARTESIAN_POINT('Control Point',(-17.1960283868,30.8008157656,-60.0682997877)) ;
#6734=CARTESIAN_POINT('Control Point',(-17.182454944,30.7880577054,-60.1028589762)) ;
#6735=CARTESIAN_POINT('Control Point',(-17.168364056,30.7748562625,-60.1383949541)) ;
#6736=CARTESIAN_POINT('Control Point',(-17.1648087617,30.7715278104,-60.1473405927)) ;
#6737=CARTESIAN_POINT('Control Point',(-17.1594448282,30.7665093526,-60.1608072345)) ;
#6738=CARTESIAN_POINT('Control Point',(-17.1540151249,30.7614350863,-60.1743916118)) ;
#6739=CARTESIAN_POINT('Control Point',(-17.1521977079,30.7597373067,-60.1789332238)) ;
#6740=CARTESIAN_POINT('Control Point',(-17.1494541851,30.7571753344,-60.1857811295)) ;
#6741=CARTESIAN_POINT('Control Point',(-17.1467147956,30.7546181112,-60.1926082292)) ;
#6742=CARTESIAN_POINT('Control Point',(-17.1458038366,30.7537677754,-60.1948774761)) ;
#6743=CARTESIAN_POINT('Control Point',(-17.1439972206,30.7520816442,-60.1993754813)) ;
#6744=CARTESIAN_POINT('Control Point',(-17.1421326393,30.7503425747,-60.204011155)) ;
#6745=CARTESIAN_POINT('Control Point',(-17.1406950886,30.7490015677,-60.2075836227)) ;
#6746=CARTESIAN_POINT('Control Point',(-17.1400349599,30.7483862023,-60.2092224747)) ;
#6747=CARTESIAN_POINT('Control Point',(-17.1393748428,30.7477707232,-60.2108611362)) ;
#6748=CARTESIAN_POINT('Vertex',(-17.2395273456,30.842616783,-59.9537330591)) ;
#6752=CARTESIAN_POINT('Control Point',(-15.2552868176,32.737506147,-60.637769397)) ;
#6753=CARTESIAN_POINT('Control Point',(-15.2508856717,32.1718058789,-60.4315274796)) ;
#6754=CARTESIAN_POINT('Control Point',(-15.4695746833,31.564245595,-60.2108231425)) ;
#6755=CARTESIAN_POINT('Control Point',(-15.9945290059,31.062992917,-60.0298723676)) ;
#6756=CARTESIAN_POINT('Control Point',(-16.6374943329,30.8477169863,-59.9535443553)) ;
#6757=CARTESIAN_POINT('Control Point',(-17.2395273589,30.8426185163,-59.9537336895)) ;
#6771=CARTESIAN_POINT('Axis2P3D Location',(-14.2394218857,30.703064999,-69.1727035632)) ;
#6777=CARTESIAN_POINT('Control Point',(-14.2809832574,36.0549842027,-57.3917874184)) ;
#6778=CARTESIAN_POINT('Control Point',(-14.5427905877,36.0529696464,-57.3917958497)) ;
#6779=CARTESIAN_POINT('Control Point',(-14.8022072038,35.9496842384,-57.3549390495)) ;
#6780=CARTESIAN_POINT('Control Point',(-14.9859876045,35.7742903028,-57.2916234242)) ;
#6781=CARTESIAN_POINT('Vertex',(-14.2809832574,36.0549842069,-57.3917874198)) ;
#6783=CARTESIAN_POINT('Vertex',(-14.9856230871,35.7739106579,-57.2914842163)) ;
#6786=CARTESIAN_POINT('Line Origine',(-14.2466414094,31.6427298868,-69.5147237033)) ;
#6790=CARTESIAN_POINT('Vertex',(-14.2449604562,31.4146627809,-70.1413499073)) ;
#6794=CARTESIAN_POINT('Control Point',(-14.9498706494,31.1339696096,-70.0411859118)) ;
#6795=CARTESIAN_POINT('Control Point',(-14.7661122798,31.3093425195,-70.1044939469)) ;
#6796=CARTESIAN_POINT('Control Point',(-14.506736223,31.4126253045,-70.1413499074)) ;
#6797=CARTESIAN_POINT('Control Point',(-14.2449604565,31.4146627808,-70.1413499074)) ;
#6798=CARTESIAN_POINT('Vertex',(-14.9498706493,31.1339696095,-70.0411859117)) ;
#6802=CARTESIAN_POINT('Control Point',(-15.2376164908,30.4672155683,-69.7993297638)) ;
#6803=CARTESIAN_POINT('Control Point',(-15.2395313221,30.7132338156,-69.8888757951)) ;
#6804=CARTESIAN_POINT('Control Point',(-15.1336510495,30.9585756745,-69.9778702867)) ;
#6805=CARTESIAN_POINT('Control Point',(-14.9498706494,31.1339696096,-70.0411859118)) ;
#6806=CARTESIAN_POINT('Vertex',(-15.2376164908,30.4672155683,-69.7993297638)) ;
#6809=CARTESIAN_POINT('Line Origine',(-15.2393915973,30.695281947,-69.1727035623)) ;
#6814=CARTESIAN_POINT('Axis2P3D Location',(-14.2737637344,35.115319315,-57.0497672765)) ;
#6828=CARTESIAN_POINT('Axis2P3D Location',(-13.9524133633,-6.17190357854,-56.4605441741)) ;
#6833=CARTESIAN_POINT('Axis2P3D Location',(-13.9524133633,-6.17190357854,-56.4605441741)) ;
#6838=CARTESIAN_POINT('Axis2P3D Location',(-14.9523830749,-6.17968663139,-56.4605441741)) ;
#6851=CARTESIAN_POINT('Axis2P3D Location',(-8.20529208858,26.3414046633,-78.3611318786)) ;
#6856=CARTESIAN_POINT('Line Origine',(-8.19066473392,24.4620763455,-77.6770915911)) ;
#6861=CARTESIAN_POINT('Axis2P3D Location',(-8.24874704155,31.9245142254,-63.0211998041)) ;
#6873=CARTESIAN_POINT('Axis2P3D Location',(-8.08784613719,11.2519023299,-55.496757744)) ;
#6878=CARTESIAN_POINT('Axis2P3D Location',(-8.25760842867,33.063028751,-58.3683330969)) ;
#6891=CARTESIAN_POINT('Axis2P3D Location',(-8.2647474599,33.9802543092,-51.4011022646)) ;
#6896=CARTESIAN_POINT('Line Origine',(-8.24931452439,31.9974246451,-51.1400498804)) ;
#6900=CARTESIAN_POINT('Vertex',(-8.24331405308,31.2322248971,-56.9524977097)) ;
#6903=CARTESIAN_POINT('Axis2P3D Location',(-8.25879168672,33.2150542126,-57.213550095)) ;
#6916=CARTESIAN_POINT('Control Point',(-9.99943432423,28.5009290193,-76.4605441453)) ;
#6917=CARTESIAN_POINT('Control Point',(-10.101932946,29.0832977046,-75.4505007962)) ;
#6918=CARTESIAN_POINT('Control Point',(-10.1719192424,29.6217232985,-74.4143510345)) ;
#6919=CARTESIAN_POINT('Control Point',(-10.2090710098,30.1106392626,-73.3652793883)) ;
#6920=CARTESIAN_POINT('Vertex',(-10.2090711275,30.1106542679,-73.3652863856)) ;
#6923=CARTESIAN_POINT('Line Origine',(12.8542187288,31.6255835131,-70.1413499073)) ;
#6929=CARTESIAN_POINT('Control Point',(-10.209071027,30.1106414748,-73.3652746439)) ;
#6930=CARTESIAN_POINT('Control Point',(-10.2278861751,30.3582481045,-72.8339825559)) ;
#6931=CARTESIAN_POINT('Control Point',(-10.238395418,30.5947312883,-72.2961144074)) ;
#6932=CARTESIAN_POINT('Control Point',(-10.2402029967,30.8190216257,-71.7540378486)) ;
#6946=CARTESIAN_POINT('Control Point',(-10.2259698316,28.9924961977,-71.0343286737)) ;
#6947=CARTESIAN_POINT('Control Point',(-10.2404096257,30.8477266606,-71.7095977927)) ;
#6948=CARTESIAN_POINT('Control Point',(-10.2259514339,28.9891934371,-71.0434030524)) ;
#6949=CARTESIAN_POINT('Control Point',(-10.240391228,30.8444239,-71.7186721714)) ;
#6950=CARTESIAN_POINT('Control Point',(-10.2259310797,28.9858895653,-71.052480526)) ;
#6951=CARTESIAN_POINT('Control Point',(-10.2403708738,30.8411200282,-71.727749645)) ;
#6952=CARTESIAN_POINT('Control Point',(-10.225908767,28.9825845842,-71.061561089)) ;
#6953=CARTESIAN_POINT('Control Point',(-10.2403485611,30.8378150471,-71.736830208)) ;
#6954=CARTESIAN_POINT('Control Point',(-10.2194980071,28.109401669,-73.4606758542)) ;
#6955=CARTESIAN_POINT('Control Point',(-10.2339378012,29.9646321319,-74.1359449732)) ;
#6956=CARTESIAN_POINT('Control Point',(-10.0762377818,27.159112524,-76.0745581848)) ;
#6957=CARTESIAN_POINT('Control Point',(-10.0906775759,29.0143429869,-76.7498273038)) ;
#6958=CARTESIAN_POINT('Control Point',(-9.76602084041,26.1713139376,-78.7950638998)) ;
#6959=CARTESIAN_POINT('Control Point',(-9.7804606345,28.0265444005,-79.4703330188)) ;
#6960=CARTESIAN_POINT('Control Point',(-9.25662076419,25.1778238531,-81.5354656883)) ;
#6961=CARTESIAN_POINT('Control Point',(-9.27106055828,27.033054316,-82.2107348073)) ;
#6962=CARTESIAN_POINT('Control Point',(-8.51635355304,24.2140582458,-84.1991394286)) ;
#6963=CARTESIAN_POINT('Control Point',(-8.53079334713,26.0692887087,-84.8744085476)) ;
#6973=CARTESIAN_POINT('Axis2P3D Location',(-64.2697582644,32.7784095227,-57.2188303007)) ;
#6978=CARTESIAN_POINT('Axis2P3D Location',(-64.2543253289,30.7955798585,-56.9577779163)) ;
#6982=CARTESIAN_POINT('Vertex',(-8.91091653203,32.3444295943,-48.4652527514)) ;
#6986=CARTESIAN_POINT('Control Point',(-8.91091653206,32.3444295968,-48.4652527517)) ;
#6987=CARTESIAN_POINT('Control Point',(-9.1147231097,32.3386667277,-48.4970413931)) ;
#6988=CARTESIAN_POINT('Control Point',(-9.31612874482,32.3593579417,-48.5319276136)) ;
#6989=CARTESIAN_POINT('Control Point',(-9.52039744918,32.4080441987,-48.5709418937)) ;
#6990=CARTESIAN_POINT('Control Point',(-9.89897924273,32.5523617761,-48.650299734)) ;
#6991=CARTESIAN_POINT('Control Point',(-10.2168444672,32.7792072122,-48.7306269978)) ;
#6992=CARTESIAN_POINT('Control Point',(-10.3691433418,32.9221265158,-48.7735467334)) ;
#6993=CARTESIAN_POINT('Control Point',(-10.6517112413,33.2655169924,-48.8632512801)) ;
#6994=CARTESIAN_POINT('Control Point',(-10.8192366871,33.6516933555,-48.9399559192)) ;
#6995=CARTESIAN_POINT('Control Point',(-10.8734915721,33.856876951,-48.9751011439)) ;
#6996=CARTESIAN_POINT('Control Point',(-10.9002135868,34.0719444414,-49.0071202444)) ;
#6997=CARTESIAN_POINT('Control Point',(-10.9017851883,34.2714702701,-49.0332676221)) ;
#7006=CARTESIAN_POINT('Axis2P3D Location',(-59.5954804299,32.8590377905,-56.8827510326)) ;
#7011=CARTESIAN_POINT('Axis2P3D Location',(-59.5800474944,30.8762081263,-56.6216986482)) ;
#7015=CARTESIAN_POINT('Vertex',(-14.1932457919,34.3560600642,-32.8735835764)) ;
#7019=CARTESIAN_POINT('Control Point',(-14.193245792,34.3560600641,-32.8735835764)) ;
#7020=CARTESIAN_POINT('Control Point',(-14.7486806059,34.3134743408,-33.1642083834)) ;
#7021=CARTESIAN_POINT('Control Point',(-15.3065321176,34.5147666716,-33.4872176985)) ;
#7022=CARTESIAN_POINT('Control Point',(-15.7494902966,34.9735805546,-33.7818232276)) ;
#7023=CARTESIAN_POINT('Control Point',(-15.9718342214,35.5804107847,-33.9777114099)) ;
#7024=CARTESIAN_POINT('Control Point',(-15.976682617,36.2033350776,-34.0597234406)) ;
#7034=CARTESIAN_POINT('Control Point',(-17.0516167703,38.1678358377,-32.3973521803)) ;
#7035=CARTESIAN_POINT('Control Point',(-17.2607603079,38.1502186949,-32.0346267175)) ;
#7036=CARTESIAN_POINT('Control Point',(-17.3753164576,38.1405690488,-31.6169334738)) ;
#7037=CARTESIAN_POINT('Control Point',(-17.3756140378,38.1405438953,-31.1773705795)) ;
#7038=CARTESIAN_POINT('Control Point',(-17.1477388927,38.1597386455,-30.3417164237)) ;
#7039=CARTESIAN_POINT('Control Point',(-16.5411257259,38.210836192,-29.7252580907)) ;
#7040=CARTESIAN_POINT('Control Point',(-16.1618595431,38.2427833906,-29.5053689196)) ;
#7041=CARTESIAN_POINT('Control Point',(-15.7442311677,38.2779620255,-29.3956791459)) ;
#7042=CARTESIAN_POINT('Control Point',(-15.3266392757,38.313137609,-29.3956787868)) ;
#7043=CARTESIAN_POINT('Control Point',(-17.0317800655,37.9238654196,-32.396123311)) ;
#7044=CARTESIAN_POINT('Control Point',(-17.2347204221,37.8476237378,-32.0349827938)) ;
#7045=CARTESIAN_POINT('Control Point',(-17.3439355681,37.7792598143,-31.6194675322)) ;
#7046=CARTESIAN_POINT('Control Point',(-17.3405226935,37.7258045942,-31.182215175)) ;
#7047=CARTESIAN_POINT('Control Point',(-17.1092199682,37.6593011907,-30.3500959961)) ;
#7048=CARTESIAN_POINT('Control Point',(-16.5063408671,37.677717313,-29.7334466655)) ;
#7049=CARTESIAN_POINT('Control Point',(-16.1305563867,37.7093655091,-29.5121253117)) ;
#7050=CARTESIAN_POINT('Control Point',(-15.7172950449,37.7603563523,-29.3995835116)) ;
#7051=CARTESIAN_POINT('Control Point',(-15.3041730396,37.8247386757,-29.3956841402)) ;
#7052=CARTESIAN_POINT('Control Point',(-16.991221789,37.6806911857,-32.4307612084)) ;
#7053=CARTESIAN_POINT('Control Point',(-17.1814835849,37.5480004712,-32.0820213596)) ;
#7054=CARTESIAN_POINT('Control Point',(-17.2798678123,37.4230017054,-31.6801775165)) ;
#7055=CARTESIAN_POINT('Control Point',(-17.2690495676,37.3177569506,-31.2560540531)) ;
#7056=CARTESIAN_POINT('Control Point',(-17.0312325859,37.1673763476,-30.4445994893)) ;
#7057=CARTESIAN_POINT('Control Point',(-16.4365731034,37.1518089335,-29.83248685)) ;
#7058=CARTESIAN_POINT('Control Point',(-16.0681804747,37.1816625188,-29.6081130656)) ;
#7059=CARTESIAN_POINT('Control Point',(-15.6640447884,37.2463069298,-29.4870160464)) ;
#7060=CARTESIAN_POINT('Control Point',(-15.260147134,37.337402712,-29.4702740584)) ;
#7061=CARTESIAN_POINT('Control Point',(-16.9309249543,37.4469191394,-32.5010977166)) ;
#7062=CARTESIAN_POINT('Control Point',(-17.1032654262,37.2659653274,-32.1745419718)) ;
#7063=CARTESIAN_POINT('Control Point',(-17.1864609569,37.0924334125,-31.7967574695)) ;
#7064=CARTESIAN_POINT('Control Point',(-17.1653616758,36.9421871084,-31.3956042956)) ;
#7065=CARTESIAN_POINT('Control Point',(-16.9186935765,36.7165750086,-30.6207187731)) ;
#7066=CARTESIAN_POINT('Control Point',(-16.3358431626,36.6644905017,-30.0184137471)) ;
#7067=CARTESIAN_POINT('Control Point',(-15.9779156654,36.6881137947,-29.7901687833)) ;
#7068=CARTESIAN_POINT('Control Point',(-15.5866206652,36.7592818502,-29.6560625985)) ;
#7069=CARTESIAN_POINT('Control Point',(-15.1956488737,36.8683591901,-29.6190100097)) ;
#7070=CARTESIAN_POINT('Control Point',(-16.7456833989,36.9225494132,-32.7483385565)) ;
#7071=CARTESIAN_POINT('Control Point',(-16.8696108384,36.6484596553,-32.4880269)) ;
#7072=CARTESIAN_POINT('Control Point',(-16.9123621191,36.3810149581,-32.1819114859)) ;
#7073=CARTESIAN_POINT('Control Point',(-16.8642561551,36.1420861317,-31.84978952)) ;
#7074=CARTESIAN_POINT('Control Point',(-16.5947616865,35.7620763114,-31.1880741205)) ;
#7075=CARTESIAN_POINT('Control Point',(-16.0435905878,35.61904202,-30.6256830375)) ;
#7076=CARTESIAN_POINT('Control Point',(-15.7133701579,35.6174766688,-30.3930276385)) ;
#7077=CARTESIAN_POINT('Control Point',(-15.3559155697,35.6862100815,-30.2283539278)) ;
#7078=CARTESIAN_POINT('Control Point',(-14.9989466241,35.8149488667,-30.1387075476)) ;
#7079=CARTESIAN_POINT('Control Point',(-16.4857223984,36.5262667861,-33.1557399525)) ;
#7080=CARTESIAN_POINT('Control Point',(-16.5571536968,36.2113020465,-32.9789335443)) ;
#7081=CARTESIAN_POINT('Control Point',(-16.5573992136,35.9020335472,-32.7629788383)) ;
#7082=CARTESIAN_POINT('Control Point',(-16.4817065458,35.6201033392,-32.5193476356)) ;
#7083=CARTESIAN_POINT('Control Point',(-16.1897387079,35.1520652899,-32.010808439)) ;
#7084=CARTESIAN_POINT('Control Point',(-15.6721217663,34.9233558377,-31.5259307695)) ;
#7085=CARTESIAN_POINT('Control Point',(-15.3705149482,34.8810456411,-31.3059750163)) ;
#7086=CARTESIAN_POINT('Control Point',(-15.0477039648,34.9141096868,-31.1242963993)) ;
#7087=CARTESIAN_POINT('Control Point',(-14.7254368004,35.0156390574,-30.9901546685)) ;
#7088=CARTESIAN_POINT('Control Point',(-16.3178766342,36.3522858387,-33.4365731001)) ;
#7089=CARTESIAN_POINT('Control Point',(-16.3615761697,36.0289285697,-33.3074993088)) ;
#7090=CARTESIAN_POINT('Control Point',(-16.3399830007,35.7107185428,-33.1431212236)) ;
#7091=CARTESIAN_POINT('Control Point',(-16.2504589677,35.4177603881,-32.9509935411)) ;
#7092=CARTESIAN_POINT('Control Point',(-15.9475467892,34.9208335481,-32.5355166777)) ;
#7093=CARTESIAN_POINT('Control Point',(-15.4471370358,34.6495426473,-32.1085870986)) ;
#7094=CARTESIAN_POINT('Control Point',(-15.1599186883,34.5824469444,-31.9049880592)) ;
#7095=CARTESIAN_POINT('Control Point',(-14.8544151799,34.5885262406,-31.7244050961)) ;
#7096=CARTESIAN_POINT('Control Point',(-14.5494539542,34.6632478139,-31.5760357416)) ;
#7097=CARTESIAN_POINT('Control Point',(-16.1453718253,36.2436890135,-33.7432424768)) ;
#7098=CARTESIAN_POINT('Control Point',(-16.1643985323,35.9220240606,-33.6597449403)) ;
#7099=CARTESIAN_POINT('Control Point',(-16.1237430834,35.6049950797,-33.5445118704)) ;
#7100=CARTESIAN_POINT('Control Point',(-16.0223325158,35.3107595734,-33.4019953518)) ;
#7101=CARTESIAN_POINT('Control Point',(-15.7101924559,34.8028009314,-33.0788419458)) ;
#7102=CARTESIAN_POINT('Control Point',(-15.2247727592,34.5013373053,-32.7174217029)) ;
#7103=CARTESIAN_POINT('Control Point',(-14.9499361388,34.4137716569,-32.5366026736)) ;
#7104=CARTESIAN_POINT('Control Point',(-14.6592638378,34.3946706387,-32.3662838528)) ;
#7105=CARTESIAN_POINT('Control Point',(-14.3691098285,34.4414027294,-32.2149659914)) ;
#7106=CARTESIAN_POINT('Control Point',(-15.9766827101,36.2033352256,-34.0597241587)) ;
#7107=CARTESIAN_POINT('Control Point',(-15.9742584045,35.8918731694,-34.018718271)) ;
#7108=CARTESIAN_POINT('Control Point',(-15.917316636,35.5845860846,-33.9491861274)) ;
#7109=CARTESIAN_POINT('Control Point',(-15.8059002815,35.2975169442,-33.8531961787)) ;
#7110=CARTESIAN_POINT('Control Point',(-15.4861464955,34.7947769771,-33.6186597561)) ;
#7111=CARTESIAN_POINT('Control Point',(-15.0135401783,34.4767943643,-33.3262086447)) ;
#7112=CARTESIAN_POINT('Control Point',(-14.7491607755,34.3746161633,-33.1722621331)) ;
#7113=CARTESIAN_POINT('Control Point',(-14.470963143,34.3347675547,-33.0188977858)) ;
#7114=CARTESIAN_POINT('Control Point',(-14.1932457938,34.3560603044,-32.8735854085)) ;
#7116=CARTESIAN_POINT('Control Point',(-15.3266392757,38.313137609,-29.3956787868)) ;
#7117=CARTESIAN_POINT('Control Point',(-15.3041730396,37.8247386757,-29.3956841402)) ;
#7118=CARTESIAN_POINT('Control Point',(-15.260147134,37.337402712,-29.4702740584)) ;
#7119=CARTESIAN_POINT('Control Point',(-15.1956488737,36.8683591901,-29.6190100097)) ;
#7120=CARTESIAN_POINT('Control Point',(-14.9989466241,35.8149488667,-30.1387075476)) ;
#7121=CARTESIAN_POINT('Control Point',(-14.7254368004,35.0156390574,-30.9901546685)) ;
#7122=CARTESIAN_POINT('Control Point',(-14.5494539542,34.6632478139,-31.5760357416)) ;
#7123=CARTESIAN_POINT('Control Point',(-14.3691098285,34.4414027294,-32.2149659914)) ;
#7124=CARTESIAN_POINT('Control Point',(-14.1932457938,34.3560603044,-32.8735854085)) ;
#7133=CARTESIAN_POINT('Axis2P3D Location',(7.15977181929,43.7418382881,-27.3956883453)) ;
#7138=CARTESIAN_POINT('Line Origine',(7.13642266074,46.7417474229,-27.3956883457)) ;
#7142=CARTESIAN_POINT('Vertex',(7.13642266129,46.7417474219,-29.3956883453)) ;
#7145=CARTESIAN_POINT('Axis2P3D Location',(7.15977181929,43.7418382881,-29.3956883453)) ;
#7149=CARTESIAN_POINT('Vertex',(7.18312097822,40.7419291528,-29.3956883453)) ;
#7152=CARTESIAN_POINT('Line Origine',(7.18312097784,40.7419291533,-27.3956883457)) ;
#7164=CARTESIAN_POINT('Axis2P3D Location',(7.15977181929,43.7418382881,-29.3956883453)) ;
#7176=CARTESIAN_POINT('Axis2P3D Location',(-7.83977385451,43.6250924954,-27.3956883453)) ;
#7181=CARTESIAN_POINT('Line Origine',(-7.86312301306,46.6250016302,-27.3956883457)) ;
#7185=CARTESIAN_POINT('Vertex',(-7.86312301348,46.6250016296,-29.3956883453)) ;
#7188=CARTESIAN_POINT('Axis2P3D Location',(-7.83977385451,43.6250924954,-29.3956883453)) ;
#7192=CARTESIAN_POINT('Vertex',(-7.81642469655,40.6251833604,-29.3956883453)) ;
#7195=CARTESIAN_POINT('Line Origine',(-7.81642469596,40.6251833606,-27.3956883457)) ;
#7207=CARTESIAN_POINT('Axis2P3D Location',(-7.83977385451,43.6250924954,-29.3956883453)) ;
#7219=CARTESIAN_POINT('Axis2P3D Location',(-0.313101424285,38.4299927998,-33.3956883453)) ;
#7224=CARTESIAN_POINT('Axis2P3D Location',(15.2004179588,38.5507389983,-33.3956883453)) ;
#7228=CARTESIAN_POINT('Vertex',(15.2312838298,34.5850796699,-32.8735835764)) ;
#7230=CARTESIAN_POINT('Vertex',(15.2004179574,38.5507389975,-29.3956883453)) ;
#7233=CARTESIAN_POINT('Line Origine',(-0.282235553488,34.4643334715,-32.8735835764)) ;
#7238=CARTESIAN_POINT('Line Origine',(-0.313101423904,38.4299927998,-29.3956883453)) ;
#7251=CARTESIAN_POINT('Control Point',(-14.2809832574,36.0549842069,-57.3917874198)) ;
#7252=CARTESIAN_POINT('Control Point',(-14.2903629794,37.2598110836,-54.0814524696)) ;
#7253=CARTESIAN_POINT('Control Point',(-14.6013194358,38.4622419467,-50.7712514683)) ;
#7254=CARTESIAN_POINT('Control Point',(-15.2069458927,39.6506872426,-47.4931731801)) ;
#7255=CARTESIAN_POINT('Control Point',(-16.8249850877,41.7518857815,-41.6857527308)) ;
#7256=CARTESIAN_POINT('Control Point',(-19.3788136698,43.7286938171,-36.2000713314)) ;
#7257=CARTESIAN_POINT('Control Point',(-20.7062940062,44.5836182057,-33.8228704988)) ;
#7258=CARTESIAN_POINT('Control Point',(-22.200885292,45.3987304167,-31.5514759513)) ;
#7259=CARTESIAN_POINT('Control Point',(-23.8603389926,46.1704806952,-29.3956883474)) ;
#7260=CARTESIAN_POINT('Vertex',(-23.8603389923,46.1704806888,-29.3956883453)) ;
#7263=CARTESIAN_POINT('Line Origine',(-19.9352115064,46.2010310958,-29.3956883456)) ;
#7280=CARTESIAN_POINT('Axis2P3D Location',(15.1841423268,40.6418385169,-31.3956883453)) ;
#7285=CARTESIAN_POINT('Axis2P3D Location',(15.132288827,47.3039967017,-31.3956883453)) ;
#7289=CARTESIAN_POINT('Vertex',(15.1322888277,47.3039967006,-29.3956883453)) ;
#7292=CARTESIAN_POINT('Axis2P3D Location',(15.2004179578,38.5507389982,-31.3956883453)) ;
#7297=CARTESIAN_POINT('Line Origine',(15.1841423268,40.641838517,-29.3956883453)) ;
#7309=CARTESIAN_POINT('Axis2P3D Location',(15.2004179579,38.5507389982,-33.3956883453)) ;
#7314=CARTESIAN_POINT('Axis2P3D Location',(15.2158508934,36.567909334,-33.1346359609)) ;
#7327=CARTESIAN_POINT('Control Point',(8.86171613206,25.934393445,-81.1600399517)) ;
#7328=CARTESIAN_POINT('Control Point',(9.05037399164,26.4688855906,-80.2368436686)) ;
#7329=CARTESIAN_POINT('Control Point',(9.21348870994,27.0082701992,-79.3048293095)) ;
#7330=CARTESIAN_POINT('Control Point',(9.35160459152,27.5527782351,-78.3636041827)) ;
#7331=CARTESIAN_POINT('Control Point',(9.46492457446,28.1009767052,-77.4156529652)) ;
#7332=CARTESIAN_POINT('Control Point',(9.55412974649,28.6531171774,-76.4605491234)) ;
#7342=CARTESIAN_POINT('Control Point',(14.7614053281,30.4433564176,-70.3140710544)) ;
#7343=CARTESIAN_POINT('Control Point',(14.7699822498,29.6975557672,-72.307678904)) ;
#7344=CARTESIAN_POINT('Control Point',(14.6802174742,28.7921137068,-74.2396597654)) ;
#7345=CARTESIAN_POINT('Control Point',(14.5107976883,27.7434315307,-76.080741005)) ;
#7346=CARTESIAN_POINT('Control Point',(14.7803895824,30.7422227222,-70.4277659609)) ;
#7347=CARTESIAN_POINT('Control Point',(14.7847682135,29.9879128419,-72.4375372526)) ;
#7348=CARTESIAN_POINT('Control Point',(14.6897840602,29.0722849421,-74.3834907027)) ;
#7349=CARTESIAN_POINT('Control Point',(14.5134777408,28.0117078765,-76.2366479898)) ;
#7350=CARTESIAN_POINT('Control Point',(14.5169416472,31.2750845674,-70.6316760594)) ;
#7351=CARTESIAN_POINT('Control Point',(14.5190668152,30.5058788501,-72.65987402)) ;
#7352=CARTESIAN_POINT('Control Point',(14.4207979517,29.571408979,-74.6226938232)) ;
#7353=CARTESIAN_POINT('Control Point',(14.2417765387,28.4899795624,-76.4889968824)) ;
#7354=CARTESIAN_POINT('Control Point',(13.9388729161,31.4416615187,-70.6973774284)) ;
#7355=CARTESIAN_POINT('Control Point',(13.9454698132,30.6725238598,-72.7170452084)) ;
#7356=CARTESIAN_POINT('Control Point',(13.8543476924,29.7387423841,-74.6730339142)) ;
#7357=CARTESIAN_POINT('Control Point',(13.6842867913,28.6573168267,-76.534514679)) ;
#7358=CARTESIAN_POINT('Control Point',(13.6946828418,31.4250128427,-70.6920077849)) ;
#7359=CARTESIAN_POINT('Control Point',(13.7030535912,30.6591761818,-72.7038340007)) ;
#7360=CARTESIAN_POINT('Control Point',(13.6148400536,29.7294885601,-74.6534176103)) ;
#7361=CARTESIAN_POINT('Control Point',(13.4483877297,28.6527076661,-76.510016049)) ;
#7370=CARTESIAN_POINT('Axis2P3D Location',(-0.723045785892,30.0899265867,-62.374854251)) ;
#7375=CARTESIAN_POINT('Axis2P3D Location',(72.0454300294,29.4875375764,-65.5859180906)) ;
#7379=CARTESIAN_POINT('Vertex',(9.79395172705,29.5944699724,-63.9609618523)) ;
#7382=CARTESIAN_POINT('Axis2P3D Location',(72.0454300294,29.4875375764,-65.5859180906)) ;
#7388=CARTESIAN_POINT('Control Point',(9.78816550442,27.2520192602,-70.3964736277)) ;
#7389=CARTESIAN_POINT('Control Point',(9.78966846349,27.0565424489,-70.9335576247)) ;
#7390=CARTESIAN_POINT('Control Point',(9.78458834228,26.8612160586,-71.470087585)) ;
#7391=CARTESIAN_POINT('Control Point',(9.77291364161,26.6663617375,-72.0051795682)) ;
#7392=CARTESIAN_POINT('Control Point',(9.74839675802,26.4062340115,-72.7193287114)) ;
#7393=CARTESIAN_POINT('Control Point',(9.71209174655,26.1464958313,-73.4321555441)) ;
#7394=CARTESIAN_POINT('Control Point',(9.70229467207,26.0816836542,-73.6100106457)) ;
#7395=CARTESIAN_POINT('Control Point',(9.68125028447,25.9521965212,-73.9653128358)) ;
#7396=CARTESIAN_POINT('Control Point',(9.65724736072,25.8227861253,-74.3203409346)) ;
#7397=CARTESIAN_POINT('Control Point',(9.64449540839,25.7580614933,-74.4978923285)) ;
#7398=CARTESIAN_POINT('Control Point',(9.63098716537,25.6932859561,-74.6755674069)) ;
#7399=CARTESIAN_POINT('Control Point',(9.61671947234,25.6284231334,-74.8534660531)) ;
#7400=CARTESIAN_POINT('Vertex',(9.61669477435,25.6284236001,-74.8534642426)) ;
#7404=CARTESIAN_POINT('Control Point',(9.61671947234,25.6284231334,-74.8534660531)) ;
#7405=CARTESIAN_POINT('Control Point',(9.57404030061,25.4343979644,-75.3856170362)) ;
#7406=CARTESIAN_POINT('Control Point',(9.52479821762,25.2409603521,-75.9160134299)) ;
#7407=CARTESIAN_POINT('Control Point',(9.46892031702,25.0481016358,-76.4446774691)) ;
#7408=CARTESIAN_POINT('Control Point',(9.38561316276,24.7922775655,-77.1457456166)) ;
#7409=CARTESIAN_POINT('Control Point',(9.29037439409,24.5377158291,-77.8430904922)) ;
#7410=CARTESIAN_POINT('Control Point',(9.26593849655,24.4744603832,-78.016355606)) ;
#7411=CARTESIAN_POINT('Control Point',(9.22822521801,24.3798222705,-78.2755573565)) ;
#7412=CARTESIAN_POINT('Control Point',(9.18881620122,24.2853201084,-78.5343493358)) ;
#7413=CARTESIAN_POINT('Control Point',(9.17551862544,24.2538982458,-78.6203932269)) ;
#7414=CARTESIAN_POINT('Control Point',(9.15525910822,24.2067236042,-78.749567339)) ;
#7415=CARTESIAN_POINT('Control Point',(9.134615814,24.1596652336,-78.8784138021)) ;
#7416=CARTESIAN_POINT('Control Point',(9.12769234683,24.1439925036,-78.9213249199)) ;
#7417=CARTESIAN_POINT('Control Point',(9.11379677102,24.1127520528,-79.0068576137)) ;
#7418=CARTESIAN_POINT('Control Point',(9.09971047581,24.0815254213,-79.0923482621)) ;
#7419=CARTESIAN_POINT('Control Point',(9.09260205021,24.0658783521,-79.1351849245)) ;
#7420=CARTESIAN_POINT('Control Point',(9.08541255707,24.0501622063,-79.1782096339)) ;
#7421=CARTESIAN_POINT('Control Point',(9.07812898411,24.0343458637,-79.2215076116)) ;
#7422=CARTESIAN_POINT('Vertex',(9.07809289891,24.0343475663,-79.2215021625)) ;
#7426=CARTESIAN_POINT('Control Point',(9.07812898411,24.0343458637,-79.2215076116)) ;
#7427=CARTESIAN_POINT('Control Point',(8.99071747514,23.8445310051,-79.741134667)) ;
#7428=CARTESIAN_POINT('Control Point',(8.89659578882,23.6558460057,-80.2575140646)) ;
#7429=CARTESIAN_POINT('Control Point',(8.79562683743,23.4682771797,-80.7706804737)) ;
#7430=CARTESIAN_POINT('Control Point',(8.65231845423,23.2207956261,-81.4475453872)) ;
#7431=CARTESIAN_POINT('Control Point',(8.49661152703,22.9756609176,-82.1176974642)) ;
#7432=CARTESIAN_POINT('Control Point',(8.4572609028,22.9150601859,-82.2833500987)) ;
#7433=CARTESIAN_POINT('Control Point',(8.39718031551,22.8245289788,-82.5307902633)) ;
#7434=CARTESIAN_POINT('Control Point',(8.33538576368,22.7343537435,-82.777215782)) ;
#7435=CARTESIAN_POINT('Control Point',(8.31467272724,22.7044439732,-82.8589467889)) ;
#7436=CARTESIAN_POINT('Control Point',(8.28334387648,22.6596741461,-82.9812772236)) ;
#7437=CARTESIAN_POINT('Control Point',(8.25155505075,22.6149536957,-83.1034621651)) ;
#7438=CARTESIAN_POINT('Control Point',(8.2409116539,22.600057885,-83.1441592333)) ;
#7439=CARTESIAN_POINT('Control Point',(8.22482565563,22.5776628396,-83.205343272)) ;
#7440=CARTESIAN_POINT('Control Point',(8.2086793376,22.5553530191,-83.2662918744)) ;
#7441=CARTESIAN_POINT('Control Point',(8.20329069742,22.5479260777,-83.2865813807)) ;
#7442=CARTESIAN_POINT('Control Point',(8.19255379534,22.533164058,-83.3269088728)) ;
#7443=CARTESIAN_POINT('Control Point',(8.18176355714,22.5184058005,-83.3672248881)) ;
#7444=CARTESIAN_POINT('Control Point',(8.17632935868,22.5109929744,-83.3874746398)) ;
#7445=CARTESIAN_POINT('Control Point',(8.17083330436,22.503515185,-83.4079015489)) ;
#7446=CARTESIAN_POINT('Control Point',(8.16525779574,22.4959476549,-83.4285733117)) ;
#7447=CARTESIAN_POINT('Vertex',(8.1652546681,22.4959479045,-83.4285725592)) ;
#7451=CARTESIAN_POINT('Control Point',(8.16525779574,22.4959476549,-83.4285733117)) ;
#7452=CARTESIAN_POINT('Control Point',(7.94366523211,22.1951843538,-84.2501501789)) ;
#7453=CARTESIAN_POINT('Control Point',(7.70302049051,21.8995266863,-85.0572924509)) ;
#7454=CARTESIAN_POINT('Control Point',(7.44216087544,21.6089250426,-85.8501115621)) ;
#7455=CARTESIAN_POINT('Control Point',(7.16123733026,21.3248170324,-86.6246610599)) ;
#7456=CARTESIAN_POINT('Control Point',(6.85918300573,21.0472342193,-87.3808314137)) ;
#7476=CARTESIAN_POINT('Control Point',(6.85918300587,21.0472342192,-87.3808314142)) ;
#7477=CARTESIAN_POINT('Control Point',(6.83002727255,24.7931743787,-88.7442834284)) ;
#7478=CARTESIAN_POINT('Control Point',(8.7591463133,22.7933314839,-82.6242422751)) ;
#7479=CARTESIAN_POINT('Control Point',(8.72999057998,26.5392716434,-83.9876942893)) ;
#7480=CARTESIAN_POINT('Control Point',(9.80573163175,24.9964441366,-76.5938032762)) ;
#7481=CARTESIAN_POINT('Control Point',(9.77657589843,28.7423842961,-77.9572552904)) ;
#7482=CARTESIAN_POINT('Control Point',(9.78816330052,27.2523051208,-70.395688209)) ;
#7483=CARTESIAN_POINT('Control Point',(9.7590075672,30.9982452803,-71.7591402232)) ;
#7499=CARTESIAN_POINT('Axis2P3D Location',(15.2285226192,34.93984098,-45.5014174272)) ;
#7504=CARTESIAN_POINT('Line Origine',(15.2439555547,32.957011316,-45.2403650414)) ;
#7521=CARTESIAN_POINT('Axis2P3D Location',(2.38285160561,30.5270893257,-62.9365712113)) ;
#7526=CARTESIAN_POINT('Axis2P3D Location',(68.9182807326,30.6775568595,-65.7271432982)) ;
#7542=CARTESIAN_POINT('Axis2P3D Location',(72.045430494,29.4875375797,-65.5859180919)) ;
#7548=CARTESIAN_POINT('Control Point',(9.85782156249,30.6421935524,-62.5033371654)) ;
#7549=CARTESIAN_POINT('Control Point',(9.84925155393,31.7429949749,-62.9040494723)) ;
#7550=CARTESIAN_POINT('Control Point',(9.84068811725,32.8438398113,-63.304645316)) ;
#7551=CARTESIAN_POINT('Control Point',(9.83212467944,33.9446846373,-63.7052411833)) ;
#7563=CARTESIAN_POINT('Axis2P3D Location',(9.86138100208,30.1860280138,-62.3371606106)) ;
#7569=CARTESIAN_POINT('Control Point',(9.78914815479,33.9443501383,-63.7052411838)) ;
#7570=CARTESIAN_POINT('Control Point',(9.80069376765,33.283901604,-63.4648321505)) ;
#7571=CARTESIAN_POINT('Control Point',(9.81273416968,32.6234611709,-63.224424664)) ;
#7572=CARTESIAN_POINT('Control Point',(9.82526830415,31.9630287093,-62.9840186803)) ;
#7573=CARTESIAN_POINT('Control Point',(9.83829508675,31.3026057137,-62.7436147461)) ;
#7574=CARTESIAN_POINT('Control Point',(9.85181346045,30.6421920502,-62.5032128159)) ;
#7582=CARTESIAN_POINT('Axis2P3D Location',(68.8888619332,34.4572541497,-66.2247648962)) ;
#7600=CARTESIAN_POINT('Control Point',(-15.1951834509,25.2586478963,-63.2468331643)) ;
#7601=CARTESIAN_POINT('Control Point',(-15.1905676399,24.6656066613,-65.6871298181)) ;
#7602=CARTESIAN_POINT('Control Point',(-15.1852667118,23.9845413239,-68.1071290512)) ;
#7603=CARTESIAN_POINT('Control Point',(-15.1789495658,23.1729119203,-70.4847148222)) ;
#7604=CARTESIAN_POINT('Control Point',(-15.2132345637,24.9485933562,-63.1715221737)) ;
#7605=CARTESIAN_POINT('Control Point',(-15.2086330876,24.3573938814,-65.6042432607)) ;
#7606=CARTESIAN_POINT('Control Point',(-15.203351158,23.6787694538,-68.0152278824)) ;
#7607=CARTESIAN_POINT('Control Point',(-15.197063599,22.870941385,-70.3816755838)) ;
#7608=CARTESIAN_POINT('Control Point',(-14.949765066,24.396264938,-63.0368009084)) ;
#7609=CARTESIAN_POINT('Control Point',(-14.9451889907,23.808328983,-65.4560967009)) ;
#7610=CARTESIAN_POINT('Control Point',(-14.9399417447,23.1341607346,-67.8506573392)) ;
#7611=CARTESIAN_POINT('Control Point',(-14.9337066333,22.3330711443,-70.1973622868)) ;
#7612=CARTESIAN_POINT('Control Point',(-14.3734081495,24.2227365468,-62.9935426489)) ;
#7613=CARTESIAN_POINT('Control Point',(-14.3688403277,23.6358609942,-65.408476911)) ;
#7614=CARTESIAN_POINT('Control Point',(-14.363603938,22.9630875778,-67.7978835685)) ;
#7615=CARTESIAN_POINT('Control Point',(-14.3573858596,22.1641864084,-70.1381762482)) ;
#7616=CARTESIAN_POINT('Control Point',(-14.1298484466,24.2393799067,-62.9971256035)) ;
#7617=CARTESIAN_POINT('Control Point',(-14.1252798904,23.6524100167,-65.4124475256)) ;
#7618=CARTESIAN_POINT('Control Point',(-14.1200427475,22.9795398173,-67.8022187934)) ;
#7619=CARTESIAN_POINT('Control Point',(-14.1138231582,22.1804445162,-70.1430805616)) ;
#7621=CARTESIAN_POINT('Control Point',(-15.1942343155,24.8934565124,-64.4649272233)) ;
#7622=CARTESIAN_POINT('Control Point',(-15.1902470768,24.3811744921,-66.4623706439)) ;
#7623=CARTESIAN_POINT('Control Point',(-15.1857604496,23.8047308559,-68.4434009473)) ;
#7624=CARTESIAN_POINT('Control Point',(-15.1805914436,23.1406149273,-70.3956875332)) ;
#7627=CARTESIAN_POINT('Control Point',(-14.1733192945,22.2017085452,-70.0736298478)) ;
#7628=CARTESIAN_POINT('Control Point',(-14.2951186618,22.2007684268,-70.0736325631)) ;
#7629=CARTESIAN_POINT('Control Point',(-14.4169963814,22.2180553753,-70.0798358022)) ;
#7630=CARTESIAN_POINT('Control Point',(-14.5037651826,22.2484348932,-70.0903998146)) ;
#7631=CARTESIAN_POINT('Control Point',(-14.6453113902,22.3022637687,-70.1090856679)) ;
#7632=CARTESIAN_POINT('Control Point',(-14.7734970925,22.3802452982,-70.1359522205)) ;
#7633=CARTESIAN_POINT('Control Point',(-14.8494627182,22.4299195225,-70.1530511585)) ;
#7634=CARTESIAN_POINT('Control Point',(-14.978529067,22.561723516,-70.1982290204)) ;
#7635=CARTESIAN_POINT('Control Point',(-15.0722052012,22.7165772559,-70.2511541117)) ;
#7636=CARTESIAN_POINT('Control Point',(-15.0962759846,22.7667781551,-70.2682948355)) ;
#7637=CARTESIAN_POINT('Control Point',(-15.1361009634,22.8618482346,-70.3007405638)) ;
#7638=CARTESIAN_POINT('Control Point',(-15.1623834436,22.9610599301,-70.334559344)) ;
#7639=CARTESIAN_POINT('Control Point',(-15.1737335876,23.0151576766,-70.352992032)) ;
#7640=CARTESIAN_POINT('Control Point',(-15.1801025277,23.0778199359,-70.3743249745)) ;
#7641=CARTESIAN_POINT('Control Point',(-15.1805914436,23.1406149273,-70.3956875332)) ;
#7651=CARTESIAN_POINT('Control Point',(-15.1794770112,23.2634636562,-70.2141929791)) ;
#7652=CARTESIAN_POINT('Control Point',(-15.1803810653,22.6096401033,-72.1888572607)) ;
#7653=CARTESIAN_POINT('Control Point',(-14.9876889913,21.1594344035,-76.0190823189)) ;
#7654=CARTESIAN_POINT('Control Point',(-14.3185690977,18.8489566183,-80.5174281407)) ;
#7655=CARTESIAN_POINT('Control Point',(-13.5402227026,16.8879329245,-83.9354593227)) ;
#7656=CARTESIAN_POINT('Control Point',(-12.9222534716,15.7478668448,-86.0943032265)) ;
#7657=CARTESIAN_POINT('Control Point',(-12.2860161152,15.1019234992,-87.963979392)) ;
#7658=CARTESIAN_POINT('Control Point',(-11.902530748,14.9764661721,-88.9610739404)) ;
#7659=CARTESIAN_POINT('Control Point',(-11.687361263,14.994494633,-89.4833352092)) ;
#7660=CARTESIAN_POINT('Control Point',(-15.1883397204,23.1031859772,-70.1601982391)) ;
#7661=CARTESIAN_POINT('Control Point',(-15.1911576126,22.4498806343,-72.1301077716)) ;
#7662=CARTESIAN_POINT('Control Point',(-15.003027531,21.0010814158,-75.9497541326)) ;
#7663=CARTESIAN_POINT('Control Point',(-14.3437077372,18.6931170488,-80.4332384626)) ;
#7664=CARTESIAN_POINT('Control Point',(-13.5726336665,16.7292813209,-83.8510257535)) ;
#7665=CARTESIAN_POINT('Control Point',(-12.9557797043,15.5807633125,-86.0236779238)) ;
#7666=CARTESIAN_POINT('Control Point',(-12.3103179953,14.9268447529,-87.9283393079)) ;
#7667=CARTESIAN_POINT('Control Point',(-11.915529349,14.8036093577,-88.9546275817)) ;
#7668=CARTESIAN_POINT('Control Point',(-11.6933667657,14.8267953271,-89.4921522903)) ;
#7669=CARTESIAN_POINT('Control Point',(-15.121376331,22.7983265355,-70.0575592287)) ;
#7670=CARTESIAN_POINT('Control Point',(-15.1266763893,22.1459724472,-72.0156093923)) ;
#7671=CARTESIAN_POINT('Control Point',(-14.9447468681,20.6997891479,-75.8095773465)) ;
#7672=CARTESIAN_POINT('Control Point',(-14.2993019681,18.3964463063,-80.2563568021)) ;
#7673=CARTESIAN_POINT('Control Point',(-13.5392007873,16.4271002194,-83.6658941707)) ;
#7674=CARTESIAN_POINT('Control Point',(-12.9248665652,15.2623752661,-85.8597154538)) ;
#7675=CARTESIAN_POINT('Control Point',(-12.2681807804,14.5933720225,-87.8283342238)) ;
#7676=CARTESIAN_POINT('Control Point',(-11.859240345,14.4746098729,-88.9103635928)) ;
#7677=CARTESIAN_POINT('Control Point',(-11.628530629,14.5077880736,-89.4774985003)) ;
#7678=CARTESIAN_POINT('Control Point',(-14.7582480743,22.3726631102,-69.9144398416)) ;
#7679=CARTESIAN_POINT('Control Point',(-14.7637148462,21.7231016041,-71.847515216)) ;
#7680=CARTESIAN_POINT('Control Point',(-14.5833639608,20.2839894678,-75.5891448509)) ;
#7681=CARTESIAN_POINT('Control Point',(-13.9432974739,17.9941707328,-79.9632940456)) ;
#7682=CARTESIAN_POINT('Control Point',(-13.1897211635,16.0227181097,-83.340944472)) ;
#7683=CARTESIAN_POINT('Control Point',(-12.5802817149,14.8376537444,-85.5472224319)) ;
#7684=CARTESIAN_POINT('Control Point',(-11.9278001559,14.1414994865,-87.5894898032)) ;
#7685=CARTESIAN_POINT('Control Point',(-11.521265109,14.0192381227,-88.7458208994)) ;
#7686=CARTESIAN_POINT('Control Point',(-11.2922210254,14.0603376761,-89.3557870599)) ;
#7687=CARTESIAN_POINT('Control Point',(-14.3578939436,22.253546125,-69.87460772)) ;
#7688=CARTESIAN_POINT('Control Point',(-14.3606486906,21.6074265491,-71.7916597876)) ;
#7689=CARTESIAN_POINT('Control Point',(-14.1749958383,20.1767455382,-75.5015073065)) ;
#7690=CARTESIAN_POINT('Control Point',(-13.5253439159,17.9035227564,-79.8357064493)) ;
#7691=CARTESIAN_POINT('Control Point',(-12.7670171496,15.9414431178,-83.185696028)) ;
#7692=CARTESIAN_POINT('Control Point',(-12.161052226,14.7546604049,-85.3765185415)) ;
#7693=CARTESIAN_POINT('Control Point',(-11.5279527972,14.0400802843,-87.4171363073)) ;
#7694=CARTESIAN_POINT('Control Point',(-11.1416518472,13.8992687257,-88.5864712466)) ;
#7695=CARTESIAN_POINT('Control Point',(-10.9248333871,13.9316257835,-89.2092838904)) ;
#7696=CARTESIAN_POINT('Control Point',(-14.1142753789,22.2695977335,-69.8801857395)) ;
#7697=CARTESIAN_POINT('Control Point',(-14.1153915777,21.6259890941,-71.7905765494)) ;
#7698=CARTESIAN_POINT('Control Point',(-13.9266126596,20.2011264415,-75.48804001)) ;
#7699=CARTESIAN_POINT('Control Point',(-13.2712046886,17.9395497731,-79.8103404804)) ;
#7700=CARTESIAN_POINT('Control Point',(-12.5100488717,15.9869106,-83.1475109018)) ;
#7701=CARTESIAN_POINT('Control Point',(-11.9062150014,14.8048762253,-85.322335022)) ;
#7702=CARTESIAN_POINT('Control Point',(-11.284900087,14.0814275836,-87.3387561516)) ;
#7703=CARTESIAN_POINT('Control Point',(-10.9107968186,13.9239477696,-88.4960471807)) ;
#7704=CARTESIAN_POINT('Control Point',(-10.7013419499,13.9450529411,-89.1166065101)) ;
#7719=CARTESIAN_POINT('Axis2P3D Location',(12.9904316531,14.1248928859,-88.9385453673)) ;
#7730=CARTESIAN_POINT('Control Point',(11.4527995393,15.1745685395,-89.4825403937)) ;
#7731=CARTESIAN_POINT('Control Point',(11.6681129638,15.1599598283,-88.9605105415)) ;
#7732=CARTESIAN_POINT('Control Point',(12.0494647709,15.2915646473,-87.9637350848)) ;
#7733=CARTESIAN_POINT('Control Point',(12.6755814186,15.9485739273,-86.0934265545)) ;
#7734=CARTESIAN_POINT('Control Point',(13.2757601932,17.0930916714,-83.9364394529)) ;
#7735=CARTESIAN_POINT('Control Point',(14.0229799275,19.0681244854,-80.5196298871)) ;
#7736=CARTESIAN_POINT('Control Point',(14.6567566086,21.3896939741,-76.0183072187)) ;
#7737=CARTESIAN_POINT('Control Point',(14.8265427344,22.8431675201,-72.1889715038)) ;
#7738=CARTESIAN_POINT('Control Point',(14.8154750308,23.4969104477,-70.2141909873)) ;
#7739=CARTESIAN_POINT('Control Point',(11.4614228196,15.0069801314,-89.4913331842)) ;
#7740=CARTESIAN_POINT('Control Point',(11.6838051417,14.9873276614,-88.9540463616)) ;
#7741=CARTESIAN_POINT('Control Point',(12.0764810259,15.1169056871,-87.9280937406)) ;
#7742=CARTESIAN_POINT('Control Point',(12.7116577551,15.7820742786,-86.0228522866)) ;
#7743=CARTESIAN_POINT('Control Point',(13.3107443722,16.9347881601,-83.8518639069)) ;
#7744=CARTESIAN_POINT('Control Point',(14.0505491114,18.9126868919,-80.4354281808)) ;
#7745=CARTESIAN_POINT('Control Point',(14.6745858321,21.2315513619,-75.9489370935)) ;
#7746=CARTESIAN_POINT('Control Point',(14.8398010095,22.6836011835,-72.1302248089)) ;
#7747=CARTESIAN_POINT('Control Point',(14.8268288747,23.3367942495,-70.1601976061)) ;
#7748=CARTESIAN_POINT('Control Point',(11.4015752898,14.6869876246,-89.4766351331)) ;
#7749=CARTESIAN_POINT('Control Point',(11.6326550551,14.6574853632,-88.9097505536)) ;
#7750=CARTESIAN_POINT('Control Point',(12.0395352122,14.7828479611,-87.8280912818)) ;
#7751=CARTESIAN_POINT('Control Point',(12.6856529039,15.463356251,-85.8590048996)) ;
#7752=CARTESIAN_POINT('Control Point',(13.2821762004,16.6317801133,-83.6664391791)) ;
#7753=CARTESIAN_POINT('Control Point',(14.0107870785,18.6153375064,-80.2585194168)) ;
#7754=CARTESIAN_POINT('Control Point',(14.6210483877,20.9292895472,-75.80867487)) ;
#7755=CARTESIAN_POINT('Control Point',(14.780058925,22.3787292929,-72.0157288011)) ;
#7756=CARTESIAN_POINT('Control Point',(14.7646213033,23.0309288987,-70.057558219)) ;
#7757=CARTESIAN_POINT('Control Point',(11.0722555012,14.2343200117,-89.3548537378)) ;
#7758=CARTESIAN_POINT('Control Point',(11.3017940633,14.1968803186,-88.7451549135)) ;
#7759=CARTESIAN_POINT('Control Point',(11.7062149981,14.3257398962,-87.5892530414)) ;
#7760=CARTESIAN_POINT('Control Point',(12.3477044623,15.0334041704,-85.5466664145)) ;
#7761=CARTESIAN_POINT('Control Point',(12.9390339957,16.2216314523,-83.3408972629)) ;
#7762=CARTESIAN_POINT('Control Point',(13.6610789487,18.2075234841,-79.9653696935)) ;
#7763=CARTESIAN_POINT('Control Point',(14.2661697152,20.507789582,-75.5880585855)) ;
#7764=CARTESIAN_POINT('Control Point',(14.4237088608,21.9502398305,-71.8476299932)) ;
#7765=CARTESIAN_POINT('Control Point',(14.4081480904,22.5996405693,-69.9144300771)) ;
#7766=CARTESIAN_POINT('Control Point',(10.7068563768,14.0999318019,-89.2083140441)) ;
#7767=CARTESIAN_POINT('Control Point',(10.9240388486,14.0710429012,-88.5857785896)) ;
#7768=CARTESIAN_POINT('Control Point',(11.3079546589,14.2181252768,-87.4168997773)) ;
#7769=CARTESIAN_POINT('Control Point',(11.9298213986,14.94387031,-85.3760813388)) ;
#7770=CARTESIAN_POINT('Control Point',(12.5174100635,16.133993085,-83.185445034)) ;
#7771=CARTESIAN_POINT('Control Point',(13.2445183179,18.1104240927,-79.8377675639)) ;
#7772=CARTESIAN_POINT('Control Point',(13.8594166008,20.3942731469,-75.500386586)) ;
#7773=CARTESIAN_POINT('Control Point',(14.0224487012,21.8283169144,-71.7917784045)) ;
#7774=CARTESIAN_POINT('Control Point',(14.0096515997,22.4743199166,-69.8746022657)) ;
#7775=CARTESIAN_POINT('Control Point',(10.4831463057,14.1099172624,-89.1156289267)) ;
#7776=CARTESIAN_POINT('Control Point',(10.6927936129,14.092162515,-88.4953506128)) ;
#7777=CARTESIAN_POINT('Control Point',(11.0642637735,14.2556936828,-87.3385355816)) ;
#7778=CARTESIAN_POINT('Control Point',(11.6742482504,14.9900473517,-85.3218601706)) ;
#7779=CARTESIAN_POINT('Control Point',(12.2596459686,16.1757146595,-83.1471395872)) ;
#7780=CARTESIAN_POINT('Control Point',(12.9898150896,18.1425313824,-79.8123773484)) ;
#7781=CARTESIAN_POINT('Control Point',(13.6106311999,20.4148736115,-75.4868740811)) ;
#7782=CARTESIAN_POINT('Control Point',(13.7769051822,21.843079693,-71.7907039557)) ;
#7783=CARTESIAN_POINT('Control Point',(13.7657848699,22.4865994915,-69.8801874244)) ;
#7785=CARTESIAN_POINT('Control Point',(13.8258985232,22.4196347991,-70.0736290728)) ;
#7786=CARTESIAN_POINT('Control Point',(13.9442109654,22.4205556586,-70.0736290731)) ;
#7787=CARTESIAN_POINT('Control Point',(14.0623351667,22.4387412803,-70.079502582)) ;
#7788=CARTESIAN_POINT('Control Point',(14.1493057929,22.4693981647,-70.0897009637)) ;
#7789=CARTESIAN_POINT('Control Point',(14.2941406481,22.5265129904,-70.1087464222)) ;
#7790=CARTESIAN_POINT('Control Point',(14.4244983505,22.6085167652,-70.1362967772)) ;
#7791=CARTESIAN_POINT('Control Point',(14.4992339688,22.6599952773,-70.1536105257)) ;
#7792=CARTESIAN_POINT('Control Point',(14.6266990867,22.7918851403,-70.1981384695)) ;
#7793=CARTESIAN_POINT('Control Point',(14.7184401934,22.9469839275,-70.2506561023)) ;
#7794=CARTESIAN_POINT('Control Point',(14.7414556951,22.9978872595,-70.2679111408)) ;
#7795=CARTESIAN_POINT('Control Point',(14.7788384436,23.0920720205,-70.2998513578)) ;
#7796=CARTESIAN_POINT('Control Point',(14.802832958,23.1899872868,-70.3330960869)) ;
#7797=CARTESIAN_POINT('Control Point',(14.8135041891,23.2442837249,-70.3515380996)) ;
#7798=CARTESIAN_POINT('Control Point',(14.8189925685,23.3090742883,-70.3735636793)) ;
#7799=CARTESIAN_POINT('Control Point',(14.8185012702,23.3739262637,-70.3956260024)) ;
#7816=CARTESIAN_POINT('Control Point',(14.8163205307,23.4107911663,-70.4718051656)) ;
#7817=CARTESIAN_POINT('Control Point',(14.8120054303,23.9651969556,-68.8467004713)) ;
#7818=CARTESIAN_POINT('Control Point',(14.80816585,24.4585077541,-67.2012687213)) ;
#7819=CARTESIAN_POINT('Control Point',(14.804692909,24.904712605,-65.5435729563)) ;
#7820=CARTESIAN_POINT('Control Point',(14.8391354267,23.1091169949,-70.3688258499)) ;
#7821=CARTESIAN_POINT('Control Point',(14.8348405254,23.6609276186,-68.7513290433)) ;
#7822=CARTESIAN_POINT('Control Point',(14.8310160685,24.1522953538,-67.1124919673)) ;
#7823=CARTESIAN_POINT('Control Point',(14.8275554505,24.5969169205,-65.4606773285)) ;
#7824=CARTESIAN_POINT('Control Point',(14.5842057679,22.5671439754,-70.1846088071)) ;
#7825=CARTESIAN_POINT('Control Point',(14.5799466679,23.1143548331,-68.5805956875)) ;
#7826=CARTESIAN_POINT('Control Point',(14.57614979,23.6021791986,-66.9537737301)) ;
#7827=CARTESIAN_POINT('Control Point',(14.572711007,24.0439953918,-65.3123806783)) ;
#7828=CARTESIAN_POINT('Control Point',(14.0105561728,22.3893214184,-70.1254659398)) ;
#7829=CARTESIAN_POINT('Control Point',(14.0063087016,22.9350381955,-68.5258328784)) ;
#7830=CARTESIAN_POINT('Control Point',(14.0025204648,23.4217523673,-66.9027798011)) ;
#7831=CARTESIAN_POINT('Control Point',(13.999088777,23.8626569609,-65.2647728116)) ;
#7832=CARTESIAN_POINT('Control Point',(13.766771038,22.4017859472,-70.1303666792)) ;
#7833=CARTESIAN_POINT('Control Point',(13.7625225343,22.947635385,-68.530344541)) ;
#7834=CARTESIAN_POINT('Control Point',(13.7587336905,23.4344275411,-66.9070244421)) ;
#7835=CARTESIAN_POINT('Control Point',(13.7553013714,23.8754132623,-65.2687163177)) ;
#7837=CARTESIAN_POINT('Control Point',(14.8184984475,23.3742913631,-70.3951513224)) ;
#7838=CARTESIAN_POINT('Control Point',(14.814299258,23.9138048794,-68.8091127622)) ;
#7839=CARTESIAN_POINT('Control Point',(14.8105514045,24.3953305737,-67.2036043197)) ;
#7840=CARTESIAN_POINT('Control Point',(14.8071538818,24.8318456498,-65.5861822936)) ;
#7843=CARTESIAN_POINT('Control Point',(14.8071538818,24.8318456499,-65.5861822934)) ;
#7844=CARTESIAN_POINT('Control Point',(14.8094021224,24.5429908001,-65.5082204918)) ;
#7845=CARTESIAN_POINT('Control Point',(14.5620454078,24.0410902482,-65.3732855435)) ;
#7846=CARTESIAN_POINT('Control Point',(14.0390910392,23.860382889,-65.3256141652)) ;
#7847=CARTESIAN_POINT('Control Point',(13.8146983605,23.8586363762,-65.3256141652)) ;
#7856=CARTESIAN_POINT('Axis2P3D Location',(-17.2251145577,28.8531790833,-64.5215327177)) ;
#7861=CARTESIAN_POINT('Line Origine',(-15.2251751627,28.8687451892,-64.5218682794)) ;
#7874=CARTESIAN_POINT('Control Point',(-23.7484700558,28.4582946756,-44.4944743602)) ;
#7875=CARTESIAN_POINT('Control Point',(-23.1948222208,28.0901178558,-47.5731188888)) ;
#7876=CARTESIAN_POINT('Control Point',(-21.9024859671,27.4110079108,-52.5920868058)) ;
#7877=CARTESIAN_POINT('Control Point',(-18.8448801236,26.262414184,-59.2644259926)) ;
#7878=CARTESIAN_POINT('Control Point',(-16.3199207937,25.5495906184,-62.6841587937)) ;
#7879=CARTESIAN_POINT('Control Point',(-14.7246657796,25.2171774552,-64.1792272019)) ;
#7880=CARTESIAN_POINT('Control Point',(-23.7610590352,28.288213052,-44.4760332641)) ;
#7881=CARTESIAN_POINT('Control Point',(-23.2087653214,27.919360805,-47.5537239892)) ;
#7882=CARTESIAN_POINT('Control Point',(-21.9193879964,27.2388013227,-52.5708120285)) ;
#7883=CARTESIAN_POINT('Control Point',(-18.8687527767,26.0857670796,-59.2428065641)) ;
#7884=CARTESIAN_POINT('Control Point',(-16.3491235267,25.367963583,-62.6666321485)) ;
#7885=CARTESIAN_POINT('Control Point',(-14.7545085597,25.0318736827,-64.1671638234)) ;
#7886=CARTESIAN_POINT('Control Point',(-23.7002198238,27.9643635153,-44.4256906468)) ;
#7887=CARTESIAN_POINT('Control Point',(-23.1504040824,27.5941828159,-47.4970044492)) ;
#7888=CARTESIAN_POINT('Control Point',(-21.8665768186,26.910830896,-52.5022060808)) ;
#7889=CARTESIAN_POINT('Control Point',(-18.8313691847,25.7490696632,-59.1547642281)) ;
#7890=CARTESIAN_POINT('Control Point',(-16.326673026,25.0215274832,-62.5690837468)) ;
#7891=CARTESIAN_POINT('Control Point',(-14.7402437833,24.6781738377,-64.0681237398)) ;
#7892=CARTESIAN_POINT('Control Point',(-23.3433464012,27.5154068669,-44.3069546245)) ;
#7893=CARTESIAN_POINT('Control Point',(-22.7969402835,27.1445786824,-47.3551007953)) ;
#7894=CARTESIAN_POINT('Control Point',(-21.521164773,26.4597462555,-52.3171817367)) ;
#7895=CARTESIAN_POINT('Control Point',(-18.5153403404,25.2934249764,-58.8853149695)) ;
#7896=CARTESIAN_POINT('Control Point',(-16.0469771766,24.5603010848,-62.2337631567)) ;
#7897=CARTESIAN_POINT('Control Point',(-14.4938421916,24.2126448347,-63.6948860032)) ;
#7898=CARTESIAN_POINT('Control Point',(-22.9437339333,27.3956674653,-44.2206126871)) ;
#7899=CARTESIAN_POINT('Control Point',(-22.3988947198,27.0268345831,-47.2467959832)) ;
#7900=CARTESIAN_POINT('Control Point',(-21.1271180616,26.3466098964,-52.1683113035)) ;
#7901=CARTESIAN_POINT('Control Point',(-18.1416553142,25.1928968257,-58.6532715933)) ;
#7902=CARTESIAN_POINT('Control Point',(-15.7032253839,24.4732812829,-61.9306125174)) ;
#7903=CARTESIAN_POINT('Control Point',(-14.1841887624,24.1347587151,-63.346026447)) ;
#7904=CARTESIAN_POINT('Control Point',(-22.7007509967,27.4181042144,-44.1797051956)) ;
#7905=CARTESIAN_POINT('Control Point',(-22.156889579,27.0514515488,-47.1936633943)) ;
#7906=CARTESIAN_POINT('Control Point',(-20.8876471974,26.3755845953,-52.0928153902)) ;
#7907=CARTESIAN_POINT('Control Point',(-17.9147505724,25.2353381826,-58.5325167522)) ;
#7908=CARTESIAN_POINT('Control Point',(-15.4947262907,24.5294886511,-61.7711472255)) ;
#7909=CARTESIAN_POINT('Control Point',(-13.9965674181,24.2007399355,-63.1614572762)) ;
#7922=CARTESIAN_POINT('Axis2P3D Location',(31.9279069013,47.434721844,-5.8956883453)) ;
#7927=CARTESIAN_POINT('Line Origine',(20.1321373858,47.3429119657,-33.8021434784)) ;
#7932=CARTESIAN_POINT('Line Origine',(19.1321676742,47.3351289128,-29.3956883453)) ;
#7945=CARTESIAN_POINT('Axis2P3D Location',(13.7537147117,31.6938397945,-67.0492532035)) ;
#7950=CARTESIAN_POINT('Line Origine',(14.7536844233,31.7016228461,-67.049253203)) ;
#7964=CARTESIAN_POINT('Axis2P3D Location',(16.2445191554,32.8850174749,-41.7078455127)) ;
#7969=CARTESIAN_POINT('Line Origine',(16.2445191555,32.8850174749,-40.4078455127)) ;
#7974=CARTESIAN_POINT('Line Origine',(16.2445191555,32.8850174749,-43.0078455127)) ;
#7996=CARTESIAN_POINT('Axis2P3D Location',(14.7810511618,28.1855334491,-66.7078455127)) ;
#8019=CARTESIAN_POINT('Control Point',(14.8057779439,24.8311994476,-65.8104866265)) ;
#8020=CARTESIAN_POINT('Control Point',(14.7852812987,25.6807310817,-62.755763061)) ;
#8021=CARTESIAN_POINT('Control Point',(15.3971118838,27.2718501751,-55.5484046221)) ;
#8022=CARTESIAN_POINT('Control Point',(17.5917158569,28.3047279264,-48.5319498655)) ;
#8023=CARTESIAN_POINT('Control Point',(19.3262358155,28.7944950412,-44.7419936123)) ;
#8024=CARTESIAN_POINT('Control Point',(14.8282218414,24.5239018528,-65.7265848756)) ;
#8025=CARTESIAN_POINT('Control Point',(14.8135927555,25.3671580598,-62.6836698424)) ;
#8026=CARTESIAN_POINT('Control Point',(15.4335840112,26.9494439015,-55.4999042328)) ;
#8027=CARTESIAN_POINT('Control Point',(17.6297025529,27.9791259208,-48.4994593911)) ;
#8028=CARTESIAN_POINT('Control Point',(19.3639501752,28.4675259826,-44.7178573424)) ;
#8029=CARTESIAN_POINT('Control Point',(14.5731631209,23.971863304,-65.5777859603)) ;
#8030=CARTESIAN_POINT('Control Point',(14.561778067,24.8041632701,-62.537110436)) ;
#8031=CARTESIAN_POINT('Control Point',(15.1905372105,26.3705040096,-55.3507588598)) ;
#8032=CARTESIAN_POINT('Control Point',(17.3996125686,27.394357726,-48.3350299322)) ;
#8033=CARTESIAN_POINT('Control Point',(19.1433857989,27.880482963,-44.5424754775)) ;
#8034=CARTESIAN_POINT('Control Point',(14.0000042799,23.7903424881,-65.5319246736)) ;
#8035=CARTESIAN_POINT('Control Point',(13.9823121955,24.6258629047,-62.4640737011)) ;
#8036=CARTESIAN_POINT('Control Point',(14.6088424891,26.1980443415,-55.2045832616)) ;
#8037=CARTESIAN_POINT('Control Point',(16.8405814483,27.2245369734,-48.1097757728)) ;
#8038=CARTESIAN_POINT('Control Point',(18.6036927382,27.7117647967,-44.2740273201)) ;
#8039=CARTESIAN_POINT('Control Point',(13.7564050665,23.8027906218,-65.5368511632)) ;
#8040=CARTESIAN_POINT('Control Point',(13.7361429793,24.6426149019,-62.4547493662)) ;
#8041=CARTESIAN_POINT('Control Point',(14.3618619088,26.2213883133,-55.1591044117)) ;
#8042=CARTESIAN_POINT('Control Point',(16.6032461399,27.2504738906,-48.0278731289)) ;
#8043=CARTESIAN_POINT('Control Point',(18.3745489065,27.7388190579,-44.1725533521)) ;
#8054=CARTESIAN_POINT('Axis2P3D Location',(16.2445191554,32.8850174749,-41.7078455127)) ;
#8059=CARTESIAN_POINT('Line Origine',(16.2445191555,32.8850174749,-40.4078455127)) ;
#8064=CARTESIAN_POINT('Line Origine',(16.2445191555,32.8850174749,-43.0078455127)) ;
#8090=CARTESIAN_POINT('Control Point',(-15.5966864566,28.7482483494,-63.3336320721)) ;
#8091=CARTESIAN_POINT('Control Point',(-17.1278116755,29.2964166051,-61.7055613851)) ;
#8092=CARTESIAN_POINT('Control Point',(-18.9950052116,30.2687832443,-58.8808942945)) ;
#8093=CARTESIAN_POINT('Control Point',(-21.3676319183,32.0410850282,-53.8141217596)) ;
#8094=CARTESIAN_POINT('Control Point',(-23.1311674159,33.9942521034,-48.2898651832)) ;
#8095=CARTESIAN_POINT('Control Point',(-23.9713344424,35.6050737558,-43.7690497841)) ;
#8096=CARTESIAN_POINT('Control Point',(-24.2761173167,36.4307688738,-41.4571596412)) ;
#8097=CARTESIAN_POINT('Control Point',(-15.5633048914,29.0131031221,-63.3966674274)) ;
#8098=CARTESIAN_POINT('Control Point',(-17.0965658491,29.5653126882,-61.7796037665)) ;
#8099=CARTESIAN_POINT('Control Point',(-18.9704530036,30.5429376432,-58.9664998641)) ;
#8100=CARTESIAN_POINT('Control Point',(-21.355042373,32.3227062333,-53.9115769888)) ;
#8101=CARTESIAN_POINT('Control Point',(-23.1302318698,34.2822753377,-48.3944150912)) ;
#8102=CARTESIAN_POINT('Control Point',(-23.9784287358,35.8973967746,-43.8765539559)) ;
#8103=CARTESIAN_POINT('Control Point',(-24.2874786125,36.725301736,-41.565548891)) ;
#8104=CARTESIAN_POINT('Control Point',(-15.3468204105,29.4900744225,-63.3634339156)) ;
#8105=CARTESIAN_POINT('Control Point',(-16.8587419271,30.0497313739,-61.7772853966)) ;
#8106=CARTESIAN_POINT('Control Point',(-18.7189688396,31.0375176087,-59.002442891)) ;
#8107=CARTESIAN_POINT('Control Point',(-21.0917377395,32.8308949806,-53.9960322467)) ;
#8108=CARTESIAN_POINT('Control Point',(-22.8644416997,34.8023750164,-48.5175221551)) ;
#8109=CARTESIAN_POINT('Control Point',(-23.7141486303,36.4256596459,-44.0235303929)) ;
#8110=CARTESIAN_POINT('Control Point',(-24.0242208158,37.257436181,-41.72389134)) ;
#8111=CARTESIAN_POINT('Control Point',(-14.9786293747,29.7262384226,-63.1016647664)) ;
#8112=CARTESIAN_POINT('Control Point',(-16.4442134417,30.2799987009,-61.5505206996)) ;
#8113=CARTESIAN_POINT('Control Point',(-18.2609474459,31.259429468,-58.822573954)) ;
#8114=CARTESIAN_POINT('Control Point',(-20.5853059079,33.0413468226,-53.8800297086)) ;
#8115=CARTESIAN_POINT('Control Point',(-22.3265001405,35.0025865098,-48.4566855747)) ;
#8116=CARTESIAN_POINT('Control Point',(-23.1597324763,36.6187480177,-43.9999710778)) ;
#8117=CARTESIAN_POINT('Control Point',(-23.4628616166,37.4470993998,-41.71849714)) ;
#8118=CARTESIAN_POINT('Control Point',(-14.8212635516,29.7628000117,-62.9668177195)) ;
#8119=CARTESIAN_POINT('Control Point',(-16.2672371471,30.3109663432,-61.4295933866)) ;
#8120=CARTESIAN_POINT('Control Point',(-18.0656273833,31.2829899872,-58.7203440726)) ;
#8121=CARTESIAN_POINT('Control Point',(-20.3697105427,33.0546621095,-53.8031129311)) ;
#8122=CARTESIAN_POINT('Control Point',(-22.0977735312,35.0071174972,-48.4016466539)) ;
#8123=CARTESIAN_POINT('Control Point',(-22.924175331,36.6173889356,-43.9597306124)) ;
#8124=CARTESIAN_POINT('Control Point',(-23.2244589192,37.4428067156,-41.6854121521)) ;
#8126=CARTESIAN_POINT('Control Point',(-17.2395273451,30.8426166098,-59.9537329963)) ;
#8127=CARTESIAN_POINT('Control Point',(-17.6822398098,31.0871268882,-59.2725000529)) ;
#8128=CARTESIAN_POINT('Control Point',(-18.6610209403,31.6899828669,-57.595287106)) ;
#8129=CARTESIAN_POINT('Control Point',(-20.4299846387,33.0489316426,-53.8238916948)) ;
#8130=CARTESIAN_POINT('Control Point',(-22.1385272862,34.9775428947,-48.4887013283)) ;
#8131=CARTESIAN_POINT('Control Point',(-22.9622364688,36.5617863174,-44.1185464601)) ;
#8132=CARTESIAN_POINT('Control Point',(-23.2610793305,37.3604254045,-41.9179794507)) ;
#8147=CARTESIAN_POINT('Axis2P3D Location',(-17.2431081054,31.1649972154,-64.9155591585)) ;
#8152=CARTESIAN_POINT('Line Origine',(-15.2431686949,31.1805649479,-64.9155597501)) ;
#8158=CARTESIAN_POINT('Control Point',(-17.2395273467,30.8426170531,-59.9537331565)) ;
#8159=CARTESIAN_POINT('Control Point',(-17.2451206347,31.4955567604,-58.1597299835)) ;
#8160=CARTESIAN_POINT('Control Point',(-17.2507139248,32.1484967134,-56.3657268998)) ;
#8170=CARTESIAN_POINT('Control Point',(-24.2464324511,46.3797257329,-28.8070438153)) ;
#8171=CARTESIAN_POINT('Control Point',(-21.4646948442,45.1274977329,-32.3065502097)) ;
#8172=CARTESIAN_POINT('Control Point',(-16.1834782423,41.8631864604,-41.3872910244)) ;
#8173=CARTESIAN_POINT('Control Point',(-14.1913654905,38.0969181766,-51.7768713026)) ;
#8174=CARTESIAN_POINT('Control Point',(-14.2120352659,35.942870998,-57.6937152337)) ;
#8175=CARTESIAN_POINT('Control Point',(-24.4692847694,46.3378045692,-28.9690860723)) ;
#8176=CARTESIAN_POINT('Control Point',(-21.7079391456,45.0924708519,-32.451952805)) ;
#8177=CARTESIAN_POINT('Control Point',(-16.4693601065,41.8460994267,-41.4878497652)) ;
#8178=CARTESIAN_POINT('Control Point',(-14.5049184869,38.1026930896,-51.8194677077)) ;
#8179=CARTESIAN_POINT('Control Point',(-14.5347689096,35.9638254237,-57.700123375)) ;
#8180=CARTESIAN_POINT('Control Point',(-24.8678642485,46.0544225679,-29.184315101)) ;
#8181=CARTESIAN_POINT('Control Point',(-22.1428167377,44.8121712441,-32.6340621102)) ;
#8182=CARTESIAN_POINT('Control Point',(-16.9811403657,41.5751633269,-41.5810665658)) ;
#8183=CARTESIAN_POINT('Control Point',(-15.067360156,37.8457017088,-51.7980880086)) ;
#8184=CARTESIAN_POINT('Control Point',(-15.1128636013,35.7152169673,-57.6074773686)) ;
#8185=CARTESIAN_POINT('Control Point',(-25.054717523,45.5713928342,-29.1599307726)) ;
#8186=CARTESIAN_POINT('Control Point',(-22.3394707189,44.3220948587,-32.5847873902)) ;
#8187=CARTESIAN_POINT('Control Point',(-17.1893484504,41.0660089998,-41.4697234792)) ;
#8188=CARTESIAN_POINT('Control Point',(-15.2602834061,37.3113451667,-51.6264570314)) ;
#8189=CARTESIAN_POINT('Control Point',(-15.2909504136,35.1649490368,-57.4064984928)) ;
#8190=CARTESIAN_POINT('Control Point',(-25.079168163,45.3662145643,-29.105936035)) ;
#8191=CARTESIAN_POINT('Control Point',(-22.3614480181,44.1141434156,-32.5238172732)) ;
#8192=CARTESIAN_POINT('Control Point',(-17.2009403363,40.8504843924,-41.3930292237)) ;
#8193=CARTESIAN_POINT('Control Point',(-15.2521776427,37.0857487849,-51.5418446018)) ;
#8194=CARTESIAN_POINT('Control Point',(-15.2707403611,34.9330422767,-57.3221658991)) ;
#8196=CARTESIAN_POINT('Control Point',(-24.8534981409,45.3222200304,-29.3956884093)) ;
#8197=CARTESIAN_POINT('Control Point',(-24.854179048,45.4105226282,-29.3956966109)) ;
#8198=CARTESIAN_POINT('Control Point',(-24.8430568983,45.4978646372,-29.3958205198)) ;
#8199=CARTESIAN_POINT('Control Point',(-24.820075374,45.5825109237,-29.3959956505)) ;
#8200=CARTESIAN_POINT('Control Point',(-24.7740431478,45.6895537394,-29.3961944857)) ;
#8201=CARTESIAN_POINT('Control Point',(-24.7091846285,45.7857057142,-29.3961716752)) ;
#8202=CARTESIAN_POINT('Control Point',(-24.6917705245,45.8090704126,-29.3961493813)) ;
#8203=CARTESIAN_POINT('Control Point',(-24.6639340656,45.8429867253,-29.3960855247)) ;
#8204=CARTESIAN_POINT('Control Point',(-24.6336248746,45.8750114727,-29.3959901396)) ;
#8205=CARTESIAN_POINT('Control Point',(-24.6231650873,45.8855556089,-29.39595517)) ;
#8206=CARTESIAN_POINT('Control Point',(-24.6070260627,45.9010784919,-29.395906373)) ;
#8207=CARTESIAN_POINT('Control Point',(-24.5903814799,45.916035527,-29.3958512297)) ;
#8208=CARTESIAN_POINT('Control Point',(-24.5847684113,45.9209653536,-29.395832158)) ;
#8209=CARTESIAN_POINT('Control Point',(-24.5735712896,45.930591581,-29.3957911864)) ;
#8210=CARTESIAN_POINT('Control Point',(-24.561919451,45.9401494767,-29.3957708602)) ;
#8211=CARTESIAN_POINT('Control Point',(-24.5548625062,45.9458185575,-29.3957242725)) ;
#8212=CARTESIAN_POINT('Control Point',(-24.5495349014,45.9499550767,-29.3957485649)) ;
#8213=CARTESIAN_POINT('Control Point',(-24.5441817188,45.9540590641,-29.3957419644)) ;
#8214=CARTESIAN_POINT('Vertex',(-24.5441816774,45.9540590083,-29.3956883453)) ;
#8218=CARTESIAN_POINT('Control Point',(-24.5441817188,45.9540590641,-29.3957419644)) ;
#8219=CARTESIAN_POINT('Control Point',(-24.3691767067,46.0882256731,-29.3955261819)) ;
#8220=CARTESIAN_POINT('Control Point',(-24.124159335,46.1684684045,-29.3957116009)) ;
#8221=CARTESIAN_POINT('Control Point',(-23.8603389916,46.1704806749,-29.39568834)) ;
#8233=CARTESIAN_POINT('Axis2P3D Location',(-15.3603544603,46.2366384792,-70.3956883453)) ;
#8255=CARTESIAN_POINT('Axis2P3D Location',(7.32788576082,22.1424925224,-34.2040144574)) ;
#8260=CARTESIAN_POINT('Line Origine',(7.31465457098,23.8424410321,-34.2040144578)) ;
#8265=CARTESIAN_POINT('Line Origine',(7.34111695066,20.4425440127,-34.2040144578)) ;
#8291=CARTESIAN_POINT('Axis2P3D Location',(-7.83977385451,43.6250924954,-34.2040144574)) ;
#8296=CARTESIAN_POINT('Line Origine',(-7.85300504435,45.3250410051,-34.2040144578)) ;
#8301=CARTESIAN_POINT('Line Origine',(-7.82654266467,41.9251439857,-34.2040144578)) ;
#8327=CARTESIAN_POINT('Axis2P3D Location',(7.15977181929,43.7418382881,-34.2040144574)) ;
#8332=CARTESIAN_POINT('Line Origine',(7.14654062946,45.4417867978,-34.2040144578)) ;
#8337=CARTESIAN_POINT('Line Origine',(7.17300300912,42.0418897784,-34.2040144578)) ;
#8363=CARTESIAN_POINT('Axis2P3D Location',(24.1267227098,48.0541579093,-33.4878412479)) ;
#8410=CARTESIAN_POINT('Axis2P3D Location',(7.32788576082,22.1424925224,-27.3956883453)) ;
#8415=CARTESIAN_POINT('Line Origine',(7.30453660227,25.1424016572,-27.3956883457)) ;
#8420=CARTESIAN_POINT('Line Origine',(7.35123491937,19.1425833876,-27.3956883457)) ;
#8439=CARTESIAN_POINT('Axis2P3D Location',(-0.18859507173,26.0281716681,-32.3956883453)) ;
#8451=CARTESIAN_POINT('Axis2P3D Location',(23.3507503048,19.2671122332,-30.3369648701)) ;
#8463=CARTESIAN_POINT('Axis2P3D Location',(-23.6478261398,18.9013087493,-31.7287366641)) ;
#8476=CARTESIAN_POINT('Axis2P3D Location',(-7.67165991297,22.0257467296,-34.2040144574)) ;
#8481=CARTESIAN_POINT('Line Origine',(-7.68489110281,23.7256952393,-34.2040144578)) ;
#8486=CARTESIAN_POINT('Line Origine',(-7.65842872313,20.3257982199,-34.2040144578)) ;
#8505=CARTESIAN_POINT('Axis2P3D Location',(-7.67165991297,22.0257467296,-27.3956883453)) ;
#8510=CARTESIAN_POINT('Line Origine',(-7.64831075442,19.0258375948,-27.3956883457)) ;
#8515=CARTESIAN_POINT('Line Origine',(-7.69500907152,25.0256558644,-27.3956883457)) ;
#8=PRODUCT_RELATED_PRODUCT_CATEGORY('part',$,(#5)) ;
#15=UNCERTAINTY_MEASURE_WITH_UNIT(LENGTH_MEASURE(0.005),#12,'distance_accuracy_value','CONFUSED CURVE UNCERTAINTY') ;
#29=STYLED_ITEM(' ',(#28),#21) ;
#28=PRESENTATION_STYLE_ASSIGNMENT((#27)) ;
#27=SURFACE_STYLE_USAGE(.BOTH.,#26) ;
#26=SURFACE_SIDE_STYLE(' ',(#25)) ;
#25=SURFACE_STYLE_FILL_AREA(#24) ;
#24=FILL_AREA_STYLE(' ',(#23)) ;
#23=FILL_AREA_STYLE_COLOUR(' ',#22) ;
#116=VECTOR('Line Direction',#115,1.) ;
#125=VECTOR('Line Direction',#124,1.) ;
#151=VECTOR('Line Direction',#150,1.) ;
#177=VECTOR('Line Direction',#176,1.) ;
#248=VECTOR('Line Direction',#247,1.) ;
#255=VECTOR('Line Direction',#254,1.) ;
#262=VECTOR('Line Direction',#261,1.) ;
#269=VECTOR('Line Direction',#268,1.) ;
#276=VECTOR('Line Direction',#275,1.) ;
#283=VECTOR('Line Direction',#282,1.) ;
#290=VECTOR('Line Direction',#289,1.) ;
#297=VECTOR('Line Direction',#296,1.) ;
#367=VECTOR('Line Direction',#366,1.) ;
#594=VECTOR('Line Direction',#593,1.) ;
#632=VECTOR('Line Direction',#631,1.) ;
#641=VECTOR('Line Direction',#640,1.) ;
#646=VECTOR('Line Direction',#645,1.) ;
#653=VECTOR('Line Direction',#652,1.) ;
#660=VECTOR('Line Direction',#659,1.) ;
#695=VECTOR('Line Direction',#694,1.) ;
#762=VECTOR('Line Direction',#761,1.) ;
#779=VECTOR('Line Direction',#778,1.) ;
#824=VECTOR('Line Direction',#823,1.) ;
#831=VECTOR('Line Direction',#830,1.) ;
#838=VECTOR('Line Direction',#837,1.) ;
#845=VECTOR('Line Direction',#844,1.) ;
#852=VECTOR('Line Direction',#851,1.) ;
#859=VECTOR('Line Direction',#858,1.) ;
#925=VECTOR('Line Direction',#924,1.) ;
#932=VECTOR('Line Direction',#931,1.) ;
#951=VECTOR('Line Direction',#950,1.) ;
#958=VECTOR('Line Direction',#957,1.) ;
#975=VECTOR('Line Direction',#974,1.) ;
#982=VECTOR('Line Direction',#981,1.) ;
#1018=VECTOR('Line Direction',#1017,1.) ;
#1059=VECTOR('Line Direction',#1058,1.) ;
#1393=VECTOR('Line Direction',#1392,1.) ;
#1458=VECTOR('Line Direction',#1457,1.) ;
#1647=VECTOR('Line Direction',#1646,1.) ;
#1662=VECTOR('Line Direction',#1661,1.) ;
#1844=VECTOR('Line Direction',#1843,1.) ;
#1859=VECTOR('Line Direction',#1858,1.) ;
#1981=VECTOR('Line Direction',#1980,1.) ;
#1988=VECTOR('Line Direction',#1987,1.) ;
#1995=VECTOR('Line Direction',#1994,1.) ;
#2212=VECTOR('Line Direction',#2211,1.) ;
#2236=VECTOR('Line Direction',#2235,1.) ;
#2260=VECTOR('Line Direction',#2259,1.) ;
#2787=VECTOR('Line Direction',#2786,1.) ;
#2794=VECTOR('Line Direction',#2793,1.) ;
#2801=VECTOR('Line Direction',#2800,1.) ;
#2808=VECTOR('Line Direction',#2807,1.) ;
#2835=VECTOR('Line Direction',#2834,1.) ;
#2907=VECTOR('Line Direction',#2906,1.) ;
#2922=VECTOR('Line Direction',#2921,1.) ;
#3057=VECTOR('Line Direction',#3056,1.) ;
#3064=VECTOR('Line Direction',#3063,1.) ;
#3071=VECTOR('Line Direction',#3070,1.) ;
#3099=VECTOR('Line Direction',#3098,1.) ;
#3149=VECTOR('Line Direction',#3148,1.) ;
#3158=VECTOR('Line Direction',#3157,1.) ;
#3163=VECTOR('Line Direction',#3162,1.) ;
#3186=VECTOR('Line Direction',#3185,1.) ;
#3452=VECTOR('Line Direction',#3451,1.) ;
#3529=VECTOR('Line Direction',#3528,1.) ;
#3561=VECTOR('Line Direction',#3560,1.) ;
#3577=VECTOR('Line Direction',#3576,1.) ;
#3582=VECTOR('Line Direction',#3581,1.) ;
#3599=VECTOR('Line Direction',#3598,1.) ;
#5197=VECTOR('Line Direction',#5196,1.) ;
#5242=VECTOR('Line Direction',#5241,1.) ;
#5514=VECTOR('Line Direction',#5513,1.) ;
#5609=VECTOR('Line Direction',#5608,1.) ;
#5878=VECTOR('Line Direction',#5877,1.) ;
#5935=VECTOR('Line Direction',#5934,1.) ;
#5956=VECTOR('Line Direction',#5955,1.) ;
#5983=VECTOR('Line Direction',#5982,1.) ;
#6002=VECTOR('Line Direction',#6001,1.) ;
#6038=VECTOR('Line Direction',#6037,1.) ;
#6043=VECTOR('Line Direction',#6042,1.) ;
#6158=VECTOR('Line Direction',#6157,1.) ;
#6163=VECTOR('Line Direction',#6162,1.) ;
#6484=VECTOR('Line Direction',#6483,1.) ;
#6491=VECTOR('Line Direction',#6490,1.) ;
#6788=VECTOR('Line Direction',#6787,1.) ;
#6811=VECTOR('Line Direction',#6810,1.) ;
#6858=VECTOR('Line Direction',#6857,1.) ;
#6898=VECTOR('Line Direction',#6897,1.) ;
#6925=VECTOR('Line Direction',#6924,1.) ;
#7140=VECTOR('Line Direction',#7139,1.) ;
#7154=VECTOR('Line Direction',#7153,1.) ;
#7183=VECTOR('Line Direction',#7182,1.) ;
#7197=VECTOR('Line Direction',#7196,1.) ;
#7235=VECTOR('Line Direction',#7234,1.) ;
#7240=VECTOR('Line Direction',#7239,1.) ;
#7265=VECTOR('Line Direction',#7264,1.) ;
#7299=VECTOR('Line Direction',#7298,1.) ;
#7506=VECTOR('Line Direction',#7505,1.) ;
#7863=VECTOR('Line Direction',#7862,1.) ;
#7929=VECTOR('Line Direction',#7928,1.) ;
#7934=VECTOR('Line Direction',#7933,1.) ;
#7952=VECTOR('Line Direction',#7951,1.) ;
#7971=VECTOR('Line Direction',#7970,1.) ;
#7976=VECTOR('Line Direction',#7975,1.) ;
#8061=VECTOR('Line Direction',#8060,1.) ;
#8066=VECTOR('Line Direction',#8065,1.) ;
#8154=VECTOR('Line Direction',#8153,1.) ;
#8262=VECTOR('Line Direction',#8261,1.) ;
#8267=VECTOR('Line Direction',#8266,1.) ;
#8298=VECTOR('Line Direction',#8297,1.) ;
#8303=VECTOR('Line Direction',#8302,1.) ;
#8334=VECTOR('Line Direction',#8333,1.) ;
#8339=VECTOR('Line Direction',#8338,1.) ;
#8417=VECTOR('Line Direction',#8416,1.) ;
#8422=VECTOR('Line Direction',#8421,1.) ;
#8483=VECTOR('Line Direction',#8482,1.) ;
#8488=VECTOR('Line Direction',#8487,1.) ;
#8512=VECTOR('Line Direction',#8511,1.) ;
#8517=VECTOR('Line Direction',#8516,1.) ;
#32=DIRECTION('Axis2P3D Direction',(0.,0.,-1.)) ;
#33=DIRECTION('Axis2P3D XDirection',(0.,-1.,0.)) ;
#37=DIRECTION('Axis2P3D Direction',(0.,0.,-1.)) ;
#46=DIRECTION('Axis2P3D Direction',(0.,0.,-1.)) ;
#110=DIRECTION('Axis2P3D Direction',(0.,0.,1.)) ;
#111=DIRECTION('Axis2P3D XDirection',(1.,0.,0.)) ;
#115=DIRECTION('Vector Direction',(0.999969711585,0.0077830528725,0.)) ;
#124=DIRECTION('Vector Direction',(-0.00778305265202,0.999969711587,0.)) ;
#150=DIRECTION('Vector Direction',(0.999969711585,0.00778305284914,0.)) ;
#176=DIRECTION('Vector Direction',(0.00778305292024,-0.999969711585,0.)) ;
#189=DIRECTION('Axis2P3D Direction',(0.,0.,1.)) ;
#198=DIRECTION('Axis2P3D Direction',(0.,0.,1.)) ;
#207=DIRECTION('Axis2P3D Direction',(0.,0.,1.)) ;
#216=DIRECTION('Axis2P3D Direction',(0.,0.,1.)) ;
#226=DIRECTION('Axis2P3D Direction',(-0.999969711585,-0.00778305285,0.)) ;
#227=DIRECTION('Axis2P3D XDirection',(-0.00778305285,0.999969711585,0.)) ;
#247=DIRECTION('Vector Direction',(0.,0.,-1.)) ;
#254=DIRECTION('Vector Direction',(0.00696137409803,-0.894400100218,-0.4472135955)) ;
#261=DIRECTION('Vector Direction',(0.00778305285,-0.999969711585,0.)) ;
#268=DIRECTION('Vector Direction',(0.,0.,-1.)) ;
#275=DIRECTION('Vector Direction',(0.00778305285,-0.999969711585,0.)) ;
#282=DIRECTION('Vector Direction',(0.,0.,1.)) ;
#289=DIRECTION('Vector Direction',(0.00778305285,-0.999969711585,0.)) ;
#296=DIRECTION('Vector Direction',(-0.00778305285,0.999969711585,0.)) ;
#366=DIRECTION('Vector Direction',(0.0026619608521,-0.342009784185,-0.939692620747)) ;
#593=DIRECTION('Vector Direction',(0.000956708126837,-0.12291823891,-0.992416339674)) ;
#626=DIRECTION('Axis2P3D Direction',(0.00778305285,-0.999969711585,0.)) ;
#627=DIRECTION('Axis2P3D XDirection',(0.,0.,-1.)) ;
#631=DIRECTION('Vector Direction',(-0.999969711585,-0.00778305285,0.)) ;
#640=DIRECTION('Vector Direction',(0.,0.,1.)) ;
#645=DIRECTION('Vector Direction',(0.,0.,-1.)) ;
#652=DIRECTION('Vector Direction',(-0.999969711585,-0.00778305285,0.)) ;
#659=DIRECTION('Vector Direction',(0.,0.,1.)) ;
#673=DIRECTION('Axis2P3D Direction',(0.999969711585,0.00778305285,0.)) ;
#674=DIRECTION('Axis2P3D XDirection',(0.,0.,-1.)) ;
#694=DIRECTION('Vector Direction',(-0.000956708128797,0.122918239162,0.992416339643)) ;
#761=DIRECTION('Vector Direction',(0.00778305285,-0.999969711585,0.)) ;
#778=DIRECTION('Vector Direction',(0.00778305285003,-0.999969711585,0.)) ;
#823=DIRECTION('Vector Direction',(-0.00706513749964,0.907731663138,0.419491730036)) ;
#830=DIRECTION('Vector Direction',(0.,0.,-1.)) ;
#837=DIRECTION('Vector Direction',(-0.00778305285,0.999969711585,0.)) ;
#844=DIRECTION('Vector Direction',(0.,0.,-1.)) ;
#851=DIRECTION('Vector Direction',(0.00778305285,-0.999969711585,0.)) ;
#858=DIRECTION('Vector Direction',(0.,0.,1.)) ;
#883=DIRECTION('Axis2P3D Direction',(-0.00348068704902,0.447200050109,-0.894427191)) ;
#884=DIRECTION('Axis2P3D XDirection',(-0.999992428097,0.,0.00389149695875)) ;
#924=DIRECTION('Vector Direction',(-0.00696137442659,0.894400100216,0.4472135955)) ;
#931=DIRECTION('Vector Direction',(-0.999969711586,-0.00778305279089,2.95653871766E-11)) ;
#945=DIRECTION('Axis2P3D Direction',(0.,0.,-1.)) ;
#946=DIRECTION('Axis2P3D XDirection',(0.,-1.,0.)) ;
#950=DIRECTION('Vector Direction',(-0.00778305294561,0.999969711585,0.)) ;
#957=DIRECTION('Vector Direction',(-0.999969711586,-0.00778305282241,0.)) ;
#969=DIRECTION('Axis2P3D Direction',(-0.00778305285,0.999969711585,0.)) ;
#970=DIRECTION('Axis2P3D XDirection',(0.,0.,1.)) ;
#974=DIRECTION('Vector Direction',(0.,0.,1.)) ;
#981=DIRECTION('Vector Direction',(-0.999969711585,-0.00778305285,0.)) ;
#993=DIRECTION('Axis2P3D Direction',(0.,0.,-1.)) ;
#994=DIRECTION('Axis2P3D XDirection',(0.,-1.,0.)) ;
#1017=DIRECTION('Vector Direction',(0.0077830528216,-0.999969711586,0.)) ;
#1058=DIRECTION('Vector Direction',(0.999969711585,0.00778305284852,0.)) ;
#1074=DIRECTION('Axis2P3D Direction',(0.,0.,-1.)) ;
#1172=DIRECTION('Axis2P3D Direction',(0.,0.,-1.)) ;
#1181=DIRECTION('Axis2P3D Direction',(0.,0.,-1.)) ;
#1190=DIRECTION('Axis2P3D Direction',(0.,0.,-1.)) ;
#1370=DIRECTION('Axis2P3D Direction',(0.,0.,-1.)) ;
#1387=DIRECTION('Axis2P3D Direction',(0.,0.,1.)) ;
#1388=DIRECTION('Axis2P3D XDirection',(-0.00778305285001,0.999969711585,0.)) ;
#1392=DIRECTION('Vector Direction',(0.,0.,1.)) ;
#1399=DIRECTION('Axis2P3D Direction',(0.,0.,1.)) ;
#1411=DIRECTION('Axis2P3D Direction',(-0.00778305285,0.999969711585,0.)) ;
#1412=DIRECTION('Axis2P3D XDirection',(-0.999969711585,-0.00778305285,0.)) ;
#1457=DIRECTION('Vector Direction',(-0.00778305285,0.999969711585,0.)) ;
#1641=DIRECTION('Axis2P3D Direction',(-0.00778305285001,0.999969711585,-1.30321101133E-16)) ;
#1642=DIRECTION('Axis2P3D XDirection',(-0.991244218577,-0.0077151398198,-0.131815688578)) ;
#1646=DIRECTION('Vector Direction',(-0.00778305285001,0.999969711585,-1.30321353708E-16)) ;
#1661=DIRECTION('Vector Direction',(-0.00778305285001,0.999969711585,-1.30321353708E-16)) ;
#1838=DIRECTION('Axis2P3D Direction',(-0.00772402882063,0.992386280924,-0.122921962289)) ;
#1839=DIRECTION('Axis2P3D XDirection',(-0.998031592419,0.,0.0627131607744)) ;
#1843=DIRECTION('Vector Direction',(0.999969711585,0.0077830528499,-7.77101738968E-13)) ;
#1858=DIRECTION('Vector Direction',(-0.999969711585,-0.00778305284966,2.75496833316E-12)) ;
#1885=DIRECTION('Axis2P3D Direction',(-0.999969711585,-0.00778305285,0.)) ;
#1886=DIRECTION('Axis2P3D XDirection',(-0.00778305285,0.999969711585,0.)) ;
#1943=DIRECTION('Axis2P3D Direction',(-0.00778305285,0.999969711585,9.28077059648E-16)) ;
#1944=DIRECTION('Axis2P3D XDirection',(0.689978560276,0.00537030225794,-0.723809882644)) ;
#1980=DIRECTION('Vector Direction',(-0.00778305285,0.999969711585,9.28076815399E-16)) ;
#1987=DIRECTION('Vector Direction',(-0.00778305285,0.999969711585,9.28076815399E-16)) ;
#1994=DIRECTION('Vector Direction',(-0.00778305285,0.999969711585,9.28076815399E-16)) ;
#2184=DIRECTION('Axis2P3D Direction',(0.,0.,-1.)) ;
#2185=DIRECTION('Axis2P3D XDirection',(-0.00778305285001,0.999969711585,0.)) ;
#2211=DIRECTION('Vector Direction',(0.,0.,-1.)) ;
#2218=DIRECTION('Axis2P3D Direction',(0.,0.,-1.)) ;
#2230=DIRECTION('Axis2P3D Direction',(0.,0.,-1.)) ;
#2231=DIRECTION('Axis2P3D XDirection',(-0.00778305285001,0.999969711585,0.)) ;
#2235=DIRECTION('Vector Direction',(0.,0.,-1.)) ;
#2242=DIRECTION('Axis2P3D Direction',(0.,0.,-1.)) ;
#2254=DIRECTION('Axis2P3D Direction',(0.00778305285,-0.999969711585,0.)) ;
#2255=DIRECTION('Axis2P3D XDirection',(0.,0.,-1.)) ;
#2259=DIRECTION('Vector Direction',(-0.999969711585,-0.00778305285,0.)) ;
#2781=DIRECTION('Axis2P3D Direction',(0.00731367733033,-0.939664158986,0.342020143326)) ;
#2782=DIRECTION('Axis2P3D XDirection',(-0.999969711585,-0.00778305285,0.)) ;
#2786=DIRECTION('Vector Direction',(-0.999969711585,-0.00778305285,0.)) ;
#2793=DIRECTION('Vector Direction',(-0.00266196085127,0.342009784078,0.939692620786)) ;
#2800=DIRECTION('Vector Direction',(0.999969711585,0.00778305285,0.)) ;
#2807=DIRECTION('Vector Direction',(0.00266196085127,-0.342009784078,-0.939692620786)) ;
#2834=DIRECTION('Vector Direction',(-0.999969711585,-0.00778305285011,0.)) ;
#2901=DIRECTION('Axis2P3D Direction',(-0.0077164677536,0.991414832081,-0.130526192221)) ;
#2902=DIRECTION('Axis2P3D XDirection',(0.733873028579,-0.0830496358899,-0.674190726651)) ;
#2906=DIRECTION('Vector Direction',(-0.0077164677536,0.991414832081,-0.130526192221)) ;
#2921=DIRECTION('Vector Direction',(-0.0077164677536,0.991414832081,-0.130526192221)) ;
#2928=DIRECTION('Axis2P3D Direction',(-0.0077164677536,0.991414832081,-0.130526192221)) ;
#3044=DIRECTION('Axis2P3D Direction',(-0.999969711585,-0.00778305285,-6.23508543661E-12)) ;
#3045=DIRECTION('Axis2P3D XDirection',(-0.00778305285,0.999969711585,0.)) ;
#3049=DIRECTION('Axis2P3D Direction',(-0.999969711585,-0.00778305285,-6.23508543661E-12)) ;
#3056=DIRECTION('Vector Direction',(0.00731367732817,-0.939664158982,0.342020143339)) ;
#3063=DIRECTION('Vector Direction',(-0.0026619608562,0.342009783958,0.939692620829)) ;
#3070=DIRECTION('Vector Direction',(-0.0073136773286,0.939664159037,-0.342020143186)) ;
#3083=DIRECTION('Axis2P3D Direction',(-0.999969711585,-0.00778305285001,2.11159215113E-15)) ;
#3084=DIRECTION('Axis2P3D XDirection',(-0.00705384140486,0.906280336408,-0.422618261746)) ;
#3098=DIRECTION('Vector Direction',(-0.999969711585,-0.00778305285001,2.11159232322E-15)) ;
#3119=DIRECTION('Axis2P3D Direction',(-0.999969711585,-0.00778305285001,2.11159215113E-15)) ;
#3143=DIRECTION('Axis2P3D Direction',(-0.999969711585,-0.00778305285,-2.06337225951E-18)) ;
#3144=DIRECTION('Axis2P3D XDirection',(-0.00778305285,0.999969711585,0.)) ;
#3148=DIRECTION('Vector Direction',(0.,0.,-1.)) ;
#3157=DIRECTION('Vector Direction',(0.00706513755743,-0.907731670563,-0.419491713969)) ;
#3162=DIRECTION('Vector Direction',(-0.00101589225187,0.130522238726,0.991444861382)) ;
#3185=DIRECTION('Vector Direction',(-0.00778305285,0.999969711585,0.)) ;
#3199=DIRECTION('Axis2P3D Direction',(-0.999969711585,-0.00778305285,-2.5911711753E-14)) ;
#3200=DIRECTION('Axis2P3D XDirection',(-0.00778305285,0.999969711585,0.)) ;
#3204=DIRECTION('Axis2P3D Direction',(-0.00266196085133,0.342009784082,0.939692620784)) ;
#3211=DIRECTION('Axis2P3D Direction',(-0.00266196085133,0.342009784082,0.939692620784)) ;
#3218=DIRECTION('Axis2P3D Direction',(-0.999969711585,-0.00778305285,-2.5911711753E-14)) ;
#3247=DIRECTION('Axis2P3D Direction',(0.,0.,-1.)) ;
#3256=DIRECTION('Axis2P3D Direction',(0.,0.,-1.)) ;
#3446=DIRECTION('Axis2P3D Direction',(-0.00771646775352,0.991414832081,-0.130526192218)) ;
#3447=DIRECTION('Axis2P3D XDirection',(-0.986850383568,-0.0286250537775,-0.159081509764)) ;
#3451=DIRECTION('Vector Direction',(-0.00771646775352,0.991414832081,-0.130526192218)) ;
#3523=DIRECTION('Axis2P3D Direction',(-0.00771646776625,0.991414832081,-0.130526192221)) ;
#3524=DIRECTION('Axis2P3D XDirection',(-0.999969610473,-0.0077954630689,-9.42679993387E-05)) ;
#3528=DIRECTION('Vector Direction',(-0.00771646776625,0.991414832081,-0.130526192221)) ;
#3543=DIRECTION('Axis2P3D Direction',(-0.00771646776625,0.991414832081,-0.130526192221)) ;
#3555=DIRECTION('Axis2P3D Direction',(0.999969711585,0.00778305285,0.)) ;
#3556=DIRECTION('Axis2P3D XDirection',(0.,0.,-1.)) ;
#3560=DIRECTION('Vector Direction',(-0.00731148399681,0.939382358626,-0.342793416657)) ;
#3569=DIRECTION('Axis2P3D Direction',(0.999969711585,0.00778305285,0.)) ;
#3576=DIRECTION('Vector Direction',(-0.00266196085084,0.342009784023,0.939692620806)) ;
#3581=DIRECTION('Vector Direction',(0.00101589225981,-0.130522239746,-0.991444861248)) ;
#3598=DIRECTION('Vector Direction',(0.00266196085159,-0.342009784119,-0.939692620771)) ;
#3613=DIRECTION('Axis2P3D Direction',(0.,0.,-1.)) ;
#3622=DIRECTION('Axis2P3D Direction',(0.,0.,-1.)) ;
#3686=DIRECTION('Axis2P3D Direction',(0.,0.,-1.)) ;
#3695=DIRECTION('Axis2P3D Direction',(0.,0.,-1.)) ;
#4482=DIRECTION('Axis2P3D Direction',(0.999969711585,0.00778305285,-1.20781935746E-13)) ;
#4483=DIRECTION('Axis2P3D XDirection',(0.,-1.55185809571E-11,-1.)) ;
#4536=DIRECTION('Axis2P3D Direction',(-0.999969711585,-0.00778305285,-2.5911711753E-14)) ;
#4537=DIRECTION('Axis2P3D XDirection',(-0.00778305285,0.999969711585,0.)) ;
#4656=DIRECTION('Axis2P3D Direction',(-0.00778305285,0.999969711585,9.20704484875E-16)) ;
#4657=DIRECTION('Axis2P3D XDirection',(0.689978560276,0.00537030225794,-0.723809882644)) ;
#5181=DIRECTION('Axis2P3D Direction',(-0.999969711585,-0.00778305285001,1.15012166457E-15)) ;
#5182=DIRECTION('Axis2P3D XDirection',(0.00731367726944,-0.939664151162,0.342020164824)) ;
#5196=DIRECTION('Vector Direction',(-0.999969711585,-0.00778305285001,1.15012142032E-15)) ;
#5241=DIRECTION('Vector Direction',(-0.999969711585,-0.00778305285001,1.15012142032E-15)) ;
#5292=DIRECTION('Axis2P3D Direction',(0.999969711585,0.00778305285,-1.20781935746E-13)) ;
#5293=DIRECTION('Axis2P3D XDirection',(0.,-1.55185809571E-11,-1.)) ;
#5346=DIRECTION('Axis2P3D Direction',(0.999969711585,0.00778305285,-1.20781935746E-13)) ;
#5347=DIRECTION('Axis2P3D XDirection',(0.,-1.55185809571E-11,-1.)) ;
#5400=DIRECTION('Axis2P3D Direction',(-0.999969711585,-0.00778305285,-2.5911711753E-14)) ;
#5401=DIRECTION('Axis2P3D XDirection',(-0.00778305285,0.999969711585,0.)) ;
#5454=DIRECTION('Axis2P3D Direction',(-0.999969711585,-0.00778305285,-2.5911711753E-14)) ;
#5455=DIRECTION('Axis2P3D XDirection',(-0.00778305285,0.999969711585,0.)) ;
#5508=DIRECTION('Axis2P3D Direction',(0.00674032148709,-0.865999173248,0.5)) ;
#5509=DIRECTION('Axis2P3D XDirection',(-0.999969711585,-0.00778305284999,0.)) ;
#5513=DIRECTION('Vector Direction',(-0.999969711554,-0.00778305685017,-6.92871355598E-09)) ;
#5545=DIRECTION('Axis2P3D Direction',(0.00766481078878,-0.984777924747,0.173648177667)) ;
#5546=DIRECTION('Axis2P3D XDirection',(-0.999969711585,-0.00778305284999,0.)) ;
#5608=DIRECTION('Vector Direction',(-0.999969707898,-0.00778352617656,-2.68444980095E-06)) ;
#5877=DIRECTION('Vector Direction',(-0.999969711585,-0.00778305285001,1.15012142032E-15)) ;
#5919=DIRECTION('Axis2P3D Direction',(0.999969711585,0.00778305285,6.80662123886E-16)) ;
#5920=DIRECTION('Axis2P3D XDirection',(-0.00756000666393,0.971312649292,-0.237685892776)) ;
#5934=DIRECTION('Vector Direction',(0.999969711585,0.00778305285,6.80662282093E-16)) ;
#5955=DIRECTION('Vector Direction',(0.999969711585,0.00778305285,6.80662282093E-16)) ;
#5977=DIRECTION('Axis2P3D Direction',(0.999969711585,0.00778305285,-1.03857265336E-16)) ;
#5978=DIRECTION('Axis2P3D XDirection',(1.81858225894E-15,-2.46996195368E-13,-1.)) ;
#5982=DIRECTION('Vector Direction',(0.999969711585,0.00778305285,-1.03857189515E-16)) ;
#5989=DIRECTION('Axis2P3D Direction',(0.999969711585,0.00778305285,-1.03857265336E-16)) ;
#5994=DIRECTION('Axis2P3D Direction',(0.999969711585,0.00778305285,-1.03857265336E-16)) ;
#6001=DIRECTION('Vector Direction',(0.999969711585,0.00778305285,-1.03857189515E-16)) ;
#6014=DIRECTION('Axis2P3D Direction',(0.999969711585,0.00778305285,-1.03857265336E-16)) ;
#6019=DIRECTION('Axis2P3D Direction',(0.999969711585,0.00778305285,-1.03857265336E-16)) ;
#6032=DIRECTION('Axis2P3D Direction',(-0.999969711585,-0.00778305285,-0.)) ;
#6033=DIRECTION('Axis2P3D XDirection',(0.,0.,-1.)) ;
#6037=DIRECTION('Vector Direction',(-0.999969711585,-0.00778305285,0.)) ;
#6042=DIRECTION('Vector Direction',(-0.999969711585,-0.00778305285,0.)) ;
#6152=DIRECTION('Axis2P3D Direction',(-0.999969711585,-0.00778305285,-0.)) ;
#6153=DIRECTION('Axis2P3D XDirection',(0.,0.,-1.)) ;
#6157=DIRECTION('Vector Direction',(-0.999969711585,-0.00778305285,0.)) ;
#6162=DIRECTION('Vector Direction',(-0.999969711585,-0.00778305285,0.)) ;
#6483=DIRECTION('Vector Direction',(0.999969711585,0.00778305285,-1.03857189515E-16)) ;
#6490=DIRECTION('Vector Direction',(0.999969711585,0.00778305285,-1.03857189515E-16)) ;
#6515=DIRECTION('Axis2P3D Direction',(0.999969711585,0.00778305285,-1.03857265336E-16)) ;
#6772=DIRECTION('Axis2P3D Direction',(0.00266196085117,-0.342009784078,-0.939692620786)) ;
#6773=DIRECTION('Axis2P3D XDirection',(-0.712223870108,0.658970987729,-0.241856147701)) ;
#6787=DIRECTION('Vector Direction',(0.00266196085117,-0.342009784078,-0.939692620786)) ;
#6810=DIRECTION('Vector Direction',(0.00266196085117,-0.342009784078,-0.939692620786)) ;
#6815=DIRECTION('Axis2P3D Direction',(0.00266196085117,-0.342009784078,-0.939692620786)) ;
#6829=DIRECTION('Axis2P3D Direction',(0.999969711585,0.00778305285,-1.20789252665E-13)) ;
#6830=DIRECTION('Axis2P3D XDirection',(0.00778305285,-0.999969711585,0.)) ;
#6834=DIRECTION('Axis2P3D Direction',(0.999969711585,0.00778305285,-1.20789252665E-13)) ;
#6839=DIRECTION('Axis2P3D Direction',(0.999969711585,0.00778305285,-1.20789252665E-13)) ;
#6852=DIRECTION('Axis2P3D Direction',(0.00266196085127,-0.342009784078,-0.939692620786)) ;
#6853=DIRECTION('Axis2P3D XDirection',(0.00731367733033,-0.939664158986,0.342020143326)) ;
#6857=DIRECTION('Vector Direction',(0.00266196085127,-0.342009784078,-0.939692620786)) ;
#6862=DIRECTION('Axis2P3D Direction',(0.00266196085127,-0.342009784078,-0.939692620786)) ;
#6874=DIRECTION('Axis2P3D Direction',(0.999969711585,0.00778305285,-2.36266470117E-16)) ;
#6875=DIRECTION('Axis2P3D XDirection',(-0.00731367748519,0.939664178882,-0.342020088661)) ;
#6879=DIRECTION('Axis2P3D Direction',(0.00101589194248,-0.130522198975,-0.991444866616)) ;
#6892=DIRECTION('Axis2P3D Direction',(0.00101589225236,-0.130522238789,-0.991444861374)) ;
#6893=DIRECTION('Axis2P3D XDirection',(0.00771646775393,-0.991414832081,0.13052619222)) ;
#6897=DIRECTION('Vector Direction',(0.00101589225236,-0.130522238789,-0.991444861374)) ;
#6904=DIRECTION('Axis2P3D Direction',(0.00101589225236,-0.130522238789,-0.991444861374)) ;
#6924=DIRECTION('Vector Direction',(-0.999969711585,-0.00778305285001,2.11159232322E-15)) ;
#6974=DIRECTION('Axis2P3D Direction',(0.00771646775393,-0.991414832081,0.13052619222)) ;
#6975=DIRECTION('Axis2P3D XDirection',(0.999969610473,0.00779546305671,9.42680011498E-05)) ;
#6979=DIRECTION('Axis2P3D Direction',(0.00771646775393,-0.991414832081,0.13052619222)) ;
#7007=DIRECTION('Axis2P3D Direction',(0.00771646775392,-0.991414832081,0.13052619222)) ;
#7008=DIRECTION('Axis2P3D XDirection',(0.986886296407,0.0285966547942,0.158863681497)) ;
#7012=DIRECTION('Axis2P3D Direction',(0.00771646775392,-0.991414832081,0.13052619222)) ;
#7134=DIRECTION('Axis2P3D Direction',(0.,0.,-1.)) ;
#7135=DIRECTION('Axis2P3D XDirection',(-0.00778305285,0.999969711585,0.)) ;
#7139=DIRECTION('Vector Direction',(0.,0.,-1.)) ;
#7146=DIRECTION('Axis2P3D Direction',(0.,0.,-1.)) ;
#7153=DIRECTION('Vector Direction',(0.,0.,-1.)) ;
#7165=DIRECTION('Axis2P3D Direction',(0.,0.,-1.)) ;
#7177=DIRECTION('Axis2P3D Direction',(0.,0.,-1.)) ;
#7178=DIRECTION('Axis2P3D XDirection',(-0.00778305285015,0.999969711585,0.)) ;
#7182=DIRECTION('Vector Direction',(0.,0.,-1.)) ;
#7189=DIRECTION('Axis2P3D Direction',(0.,0.,-1.)) ;
#7196=DIRECTION('Vector Direction',(0.,0.,-1.)) ;
#7208=DIRECTION('Axis2P3D Direction',(0.,0.,-1.)) ;
#7220=DIRECTION('Axis2P3D Direction',(0.999969711585,0.00778305285,-0.)) ;
#7221=DIRECTION('Axis2P3D XDirection',(0.,0.,1.)) ;
#7225=DIRECTION('Axis2P3D Direction',(0.999969711585,0.00778305285,-0.)) ;
#7234=DIRECTION('Vector Direction',(0.999969711585,0.00778305285,0.)) ;
#7239=DIRECTION('Vector Direction',(0.999969711585,0.00778305285,0.)) ;
#7264=DIRECTION('Vector Direction',(-0.999969711585,-0.00778305285,0.)) ;
#7281=DIRECTION('Axis2P3D Direction',(0.00778305285,-0.999969711585,0.)) ;
#7282=DIRECTION('Axis2P3D XDirection',(0.999969711585,0.00778305285,0.)) ;
#7286=DIRECTION('Axis2P3D Direction',(0.00778305285,-0.999969711585,0.)) ;
#7293=DIRECTION('Axis2P3D Direction',(0.00778305285,-0.999969711585,0.)) ;
#7298=DIRECTION('Vector Direction',(0.00778305285,-0.999969711585,0.)) ;
#7310=DIRECTION('Axis2P3D Direction',(-0.999969711585,-0.00778305285001,2.63677968348E-16)) ;
#7311=DIRECTION('Axis2P3D XDirection',(0.00771646775394,-0.991414832081,0.13052619222)) ;
#7315=DIRECTION('Axis2P3D Direction',(0.00101589225236,-0.130522238789,-0.991444861374)) ;
#7371=DIRECTION('Axis2P3D Direction',(0.00731367733033,-0.939664158986,0.342020143326)) ;
#7372=DIRECTION('Axis2P3D XDirection',(-0.999969711585,-0.00778305285,0.)) ;
#7376=DIRECTION('Axis2P3D Direction',(0.00731367733033,-0.939664158986,0.342020143326)) ;
#7383=DIRECTION('Axis2P3D Direction',(0.00731367733033,-0.939664158986,0.342020143326)) ;
#7500=DIRECTION('Axis2P3D Direction',(0.00101589225236,-0.130522238789,-0.991444861374)) ;
#7501=DIRECTION('Axis2P3D XDirection',(0.999969711585,0.00778305285,0.)) ;
#7505=DIRECTION('Vector Direction',(0.00101589225236,-0.130522238789,-0.991444861374)) ;
#7522=DIRECTION('Axis2P3D Direction',(0.00771646775393,-0.991414832081,0.13052619222)) ;
#7523=DIRECTION('Axis2P3D XDirection',(-0.999969711585,-0.00778305285,0.)) ;
#7527=DIRECTION('Axis2P3D Direction',(0.00771646775393,-0.991414832081,0.13052619222)) ;
#7543=DIRECTION('Axis2P3D Direction',(-0.00731367732963,0.939664159,-0.342020143287)) ;
#7544=DIRECTION('Axis2P3D XDirection',(-0.999658014407,0.00171716119103,0.0260941677236)) ;
#7564=DIRECTION('Axis2P3D Direction',(0.00266196085127,-0.342009784078,-0.939692620786)) ;
#7565=DIRECTION('Axis2P3D XDirection',(0.,-0.939695950151,0.342010995831)) ;
#7583=DIRECTION('Axis2P3D Direction',(-0.00771646776072,0.991414832079,-0.130526192232)) ;
#7584=DIRECTION('Axis2P3D XDirection',(0.957565162733,-0.0302825824761,-0.286621569876)) ;
#7720=DIRECTION('Axis2P3D Direction',(-0.00778305285,0.999969711585,0.)) ;
#7721=DIRECTION('Axis2P3D XDirection',(0.,0.,1.)) ;
#7857=DIRECTION('Axis2P3D Direction',(0.00778305285,-0.999969711585,0.)) ;
#7858=DIRECTION('Axis2P3D XDirection',(0.,0.,-1.)) ;
#7862=DIRECTION('Vector Direction',(0.00778305285,-0.999969711585,0.)) ;
#7923=DIRECTION('Axis2P3D Direction',(0.00778305285,-0.999969711585,0.)) ;
#7924=DIRECTION('Axis2P3D XDirection',(0.,0.,-1.)) ;
#7928=DIRECTION('Vector Direction',(0.999969711585,0.00778305285,0.)) ;
#7933=DIRECTION('Vector Direction',(-0.999969711585,-0.00778305285,0.)) ;
#7946=DIRECTION('Axis2P3D Direction',(0.00266196085106,-0.342009784078,-0.939692620786)) ;
#7947=DIRECTION('Axis2P3D XDirection',(0.701913813203,0.66994634831,-0.24184476265)) ;
#7951=DIRECTION('Vector Direction',(0.00266196085106,-0.342009784078,-0.939692620786)) ;
#7965=DIRECTION('Axis2P3D Direction',(-0.999969711585,-0.00778305285,-7.5937965303E-16)) ;
#7966=DIRECTION('Axis2P3D XDirection',(-8.00658221459E-15,1.12625720651E-12,-1.)) ;
#7970=DIRECTION('Vector Direction',(-0.999969711585,-0.00778305285,-7.59379759074E-16)) ;
#7975=DIRECTION('Vector Direction',(-0.999969711585,-0.00778305285,-7.59379759074E-16)) ;
#7997=DIRECTION('Axis2P3D Direction',(-0.999969711585,-0.00778305285,-2.5911711753E-14)) ;
#7998=DIRECTION('Axis2P3D XDirection',(-0.00778305285,0.999969711585,0.)) ;
#8055=DIRECTION('Axis2P3D Direction',(-0.999969711585,-0.00778305285,-3.75514976646E-16)) ;
#8056=DIRECTION('Axis2P3D XDirection',(-1.06752213906E-14,1.41980444495E-12,-1.)) ;
#8060=DIRECTION('Vector Direction',(-0.999969711585,-0.00778305285,-3.75514730422E-16)) ;
#8065=DIRECTION('Vector Direction',(-0.999969711585,-0.00778305285,-3.75514730422E-16)) ;
#8148=DIRECTION('Axis2P3D Direction',(0.00266196085116,-0.342009784078,-0.939692620786)) ;
#8149=DIRECTION('Axis2P3D XDirection',(-0.00731367733033,0.939664158986,-0.342020143326)) ;
#8153=DIRECTION('Vector Direction',(0.00266196085116,-0.342009784078,-0.939692620786)) ;
#8234=DIRECTION('Axis2P3D Direction',(0.999969711585,0.00778305285,-1.20781935746E-13)) ;
#8235=DIRECTION('Axis2P3D XDirection',(0.,-1.55185809571E-11,-1.)) ;
#8256=DIRECTION('Axis2P3D Direction',(0.,0.,1.)) ;
#8257=DIRECTION('Axis2P3D XDirection',(0.00778305284704,-0.999969711585,0.)) ;
#8261=DIRECTION('Vector Direction',(0.,0.,1.)) ;
#8266=DIRECTION('Vector Direction',(0.,0.,1.)) ;
#8292=DIRECTION('Axis2P3D Direction',(0.,0.,1.)) ;
#8293=DIRECTION('Axis2P3D XDirection',(0.00778305284926,-0.999969711585,0.)) ;
#8297=DIRECTION('Vector Direction',(0.,0.,1.)) ;
#8302=DIRECTION('Vector Direction',(0.,0.,1.)) ;
#8328=DIRECTION('Axis2P3D Direction',(0.,0.,1.)) ;
#8329=DIRECTION('Axis2P3D XDirection',(0.00778305284383,-0.999969711586,0.)) ;
#8333=DIRECTION('Vector Direction',(0.,0.,1.)) ;
#8338=DIRECTION('Vector Direction',(0.,0.,1.)) ;
#8364=DIRECTION('Axis2P3D Direction',(0.00326492630424,-0.419479024199,0.907759157769)) ;
#8365=DIRECTION('Axis2P3D XDirection',(-0.999969711585,-0.00778305284998,0.)) ;
#8411=DIRECTION('Axis2P3D Direction',(0.,0.,-1.)) ;
#8412=DIRECTION('Axis2P3D XDirection',(-0.00778305285015,0.999969711585,0.)) ;
#8416=DIRECTION('Vector Direction',(0.,0.,-1.)) ;
#8421=DIRECTION('Vector Direction',(0.,0.,-1.)) ;
#8440=DIRECTION('Axis2P3D Direction',(-0.999969711585,-0.00778305285,0.)) ;
#8441=DIRECTION('Axis2P3D XDirection',(0.,0.,1.)) ;
#8452=DIRECTION('Axis2P3D Direction',(0.,0.,-1.)) ;
#8453=DIRECTION('Axis2P3D XDirection',(0.999969711585,0.00778305285001,0.)) ;
#8464=DIRECTION('Axis2P3D Direction',(0.,0.,1.)) ;
#8465=DIRECTION('Axis2P3D XDirection',(-0.999969711585,-0.00778305285001,0.)) ;
#8477=DIRECTION('Axis2P3D Direction',(0.,0.,1.)) ;
#8478=DIRECTION('Axis2P3D XDirection',(0.00778305284116,-0.999969711586,0.)) ;
#8482=DIRECTION('Vector Direction',(0.,0.,1.)) ;
#8487=DIRECTION('Vector Direction',(0.,0.,1.)) ;
#8506=DIRECTION('Axis2P3D Direction',(0.,0.,-1.)) ;
#8507=DIRECTION('Axis2P3D XDirection',(-0.00778305285,0.999969711585,0.)) ;
#8511=DIRECTION('Vector Direction',(0.,0.,-1.)) ;
#8516=DIRECTION('Vector Direction',(0.,0.,-1.)) ;
#8535=SHAPE_REPRESENTATION_RELATIONSHIP(' ',' ',#19,#8534) ;
#18=AXIS2_PLACEMENT_3D(' ',#17,$,$) ;
#34=AXIS2_PLACEMENT_3D('Plane Axis2P3D',#31,#32,#33) ;
#38=AXIS2_PLACEMENT_3D('Circle Axis2P3D',#36,#37,$) ;
#47=AXIS2_PLACEMENT_3D('Circle Axis2P3D',#45,#46,$) ;
#112=AXIS2_PLACEMENT_3D('Plane Axis2P3D',#109,#110,#111) ;
#190=AXIS2_PLACEMENT_3D('Circle Axis2P3D',#188,#189,$) ;
#199=AXIS2_PLACEMENT_3D('Circle Axis2P3D',#197,#198,$) ;
#208=AXIS2_PLACEMENT_3D('Circle Axis2P3D',#206,#207,$) ;
#217=AXIS2_PLACEMENT_3D('Circle Axis2P3D',#215,#216,$) ;
#228=AXIS2_PLACEMENT_3D('Plane Axis2P3D',#225,#226,#227) ;
#628=AXIS2_PLACEMENT_3D('Plane Axis2P3D',#625,#626,#627) ;
#675=AXIS2_PLACEMENT_3D('Plane Axis2P3D',#672,#673,#674) ;
#885=AXIS2_PLACEMENT_3D('Plane Axis2P3D',#882,#883,#884) ;
#947=AXIS2_PLACEMENT_3D('Plane Axis2P3D',#944,#945,#946) ;
#971=AXIS2_PLACEMENT_3D('Plane Axis2P3D',#968,#969,#970) ;
#995=AXIS2_PLACEMENT_3D('Plane Axis2P3D',#992,#993,#994) ;
#1075=AXIS2_PLACEMENT_3D('Circle Axis2P3D',#1073,#1074,$) ;
#1173=AXIS2_PLACEMENT_3D('Circle Axis2P3D',#1171,#1172,$) ;
#1182=AXIS2_PLACEMENT_3D('Circle Axis2P3D',#1180,#1181,$) ;
#1191=AXIS2_PLACEMENT_3D('Circle Axis2P3D',#1189,#1190,$) ;
#1371=AXIS2_PLACEMENT_3D('Circle Axis2P3D',#1369,#1370,$) ;
#1389=AXIS2_PLACEMENT_3D('Cylinder Axis2P3D',#1386,#1387,#1388) ;
#1400=AXIS2_PLACEMENT_3D('Circle Axis2P3D',#1398,#1399,$) ;
#1413=AXIS2_PLACEMENT_3D('Cylinder Axis2P3D',#1410,#1411,#1412) ;
#1643=AXIS2_PLACEMENT_3D('Cylinder Axis2P3D',#1640,#1641,#1642) ;
#1840=AXIS2_PLACEMENT_3D('Plane Axis2P3D',#1837,#1838,#1839) ;
#1887=AXIS2_PLACEMENT_3D('Plane Axis2P3D',#1884,#1885,#1886) ;
#1945=AXIS2_PLACEMENT_3D('Cylinder Axis2P3D',#1942,#1943,#1944) ;
#2186=AXIS2_PLACEMENT_3D('Cylinder Axis2P3D',#2183,#2184,#2185) ;
#2219=AXIS2_PLACEMENT_3D('Circle Axis2P3D',#2217,#2218,$) ;
#2232=AXIS2_PLACEMENT_3D('Cylinder Axis2P3D',#2229,#2230,#2231) ;
#2243=AXIS2_PLACEMENT_3D('Circle Axis2P3D',#2241,#2242,$) ;
#2256=AXIS2_PLACEMENT_3D('Plane Axis2P3D',#2253,#2254,#2255) ;
#2783=AXIS2_PLACEMENT_3D('Plane Axis2P3D',#2780,#2781,#2782) ;
#2903=AXIS2_PLACEMENT_3D('Cylinder Axis2P3D',#2900,#2901,#2902) ;
#2929=AXIS2_PLACEMENT_3D('Circle Axis2P3D',#2927,#2928,$) ;
#3046=AXIS2_PLACEMENT_3D('Plane Axis2P3D',#3043,#3044,#3045) ;
#3050=AXIS2_PLACEMENT_3D('Circle Axis2P3D',#3048,#3049,$) ;
#3085=AXIS2_PLACEMENT_3D('Cylinder Axis2P3D',#3082,#3083,#3084) ;
#3120=AXIS2_PLACEMENT_3D('Circle Axis2P3D',#3118,#3119,$) ;
#3145=AXIS2_PLACEMENT_3D('Plane Axis2P3D',#3142,#3143,#3144) ;
#3201=AXIS2_PLACEMENT_3D('Torus Axis2P3D',#3198,#3199,#3200) ;
#3205=AXIS2_PLACEMENT_3D('Circle Axis2P3D',#3203,#3204,$) ;
#3212=AXIS2_PLACEMENT_3D('Circle Axis2P3D',#3210,#3211,$) ;
#3219=AXIS2_PLACEMENT_3D('Circle Axis2P3D',#3217,#3218,$) ;
#3248=AXIS2_PLACEMENT_3D('Circle Axis2P3D',#3246,#3247,$) ;
#3257=AXIS2_PLACEMENT_3D('Circle Axis2P3D',#3255,#3256,$) ;
#3448=AXIS2_PLACEMENT_3D('Cylinder Axis2P3D',#3445,#3446,#3447) ;
#3525=AXIS2_PLACEMENT_3D('Cylinder Axis2P3D',#3522,#3523,#3524) ;
#3544=AXIS2_PLACEMENT_3D('Circle Axis2P3D',#3542,#3543,$) ;
#3557=AXIS2_PLACEMENT_3D('Plane Axis2P3D',#3554,#3555,#3556) ;
#3570=AXIS2_PLACEMENT_3D('Circle Axis2P3D',#3568,#3569,$) ;
#3614=AXIS2_PLACEMENT_3D('Circle Axis2P3D',#3612,#3613,$) ;
#3623=AXIS2_PLACEMENT_3D('Circle Axis2P3D',#3621,#3622,$) ;
#3687=AXIS2_PLACEMENT_3D('Circle Axis2P3D',#3685,#3686,$) ;
#3696=AXIS2_PLACEMENT_3D('Circle Axis2P3D',#3694,#3695,$) ;
#4484=AXIS2_PLACEMENT_3D('Plane Axis2P3D',#4481,#4482,#4483) ;
#4538=AXIS2_PLACEMENT_3D('Plane Axis2P3D',#4535,#4536,#4537) ;
#4658=AXIS2_PLACEMENT_3D('Cylinder Axis2P3D',#4655,#4656,#4657) ;
#5183=AXIS2_PLACEMENT_3D('Cylinder Axis2P3D',#5180,#5181,#5182) ;
#5294=AXIS2_PLACEMENT_3D('Plane Axis2P3D',#5291,#5292,#5293) ;
#5348=AXIS2_PLACEMENT_3D('Plane Axis2P3D',#5345,#5346,#5347) ;
#5402=AXIS2_PLACEMENT_3D('Plane Axis2P3D',#5399,#5400,#5401) ;
#5456=AXIS2_PLACEMENT_3D('Plane Axis2P3D',#5453,#5454,#5455) ;
#5510=AXIS2_PLACEMENT_3D('Plane Axis2P3D',#5507,#5508,#5509) ;
#5547=AXIS2_PLACEMENT_3D('Plane Axis2P3D',#5544,#5545,#5546) ;
#5921=AXIS2_PLACEMENT_3D('Cylinder Axis2P3D',#5918,#5919,#5920) ;
#5979=AXIS2_PLACEMENT_3D('Cylinder Axis2P3D',#5976,#5977,#5978) ;
#5990=AXIS2_PLACEMENT_3D('Circle Axis2P3D',#5988,#5989,$) ;
#5995=AXIS2_PLACEMENT_3D('Circle Axis2P3D',#5993,#5994,$) ;
#6015=AXIS2_PLACEMENT_3D('Circle Axis2P3D',#6013,#6014,$) ;
#6020=AXIS2_PLACEMENT_3D('Circle Axis2P3D',#6018,#6019,$) ;
#6034=AXIS2_PLACEMENT_3D('Cylinder Axis2P3D',#6031,#6032,#6033) ;
#6154=AXIS2_PLACEMENT_3D('Cylinder Axis2P3D',#6151,#6152,#6153) ;
#6516=AXIS2_PLACEMENT_3D('Circle Axis2P3D',#6514,#6515,$) ;
#6774=AXIS2_PLACEMENT_3D('Cylinder Axis2P3D',#6771,#6772,#6773) ;
#6816=AXIS2_PLACEMENT_3D('Circle Axis2P3D',#6814,#6815,$) ;
#6831=AXIS2_PLACEMENT_3D('Torus Axis2P3D',#6828,#6829,#6830) ;
#6835=AXIS2_PLACEMENT_3D('Circle Axis2P3D',#6833,#6834,$) ;
#6840=AXIS2_PLACEMENT_3D('Circle Axis2P3D',#6838,#6839,$) ;
#6854=AXIS2_PLACEMENT_3D('Cylinder Axis2P3D',#6851,#6852,#6853) ;
#6863=AXIS2_PLACEMENT_3D('Circle Axis2P3D',#6861,#6862,$) ;
#6876=AXIS2_PLACEMENT_3D('Torus Axis2P3D',#6873,#6874,#6875) ;
#6880=AXIS2_PLACEMENT_3D('Circle Axis2P3D',#6878,#6879,$) ;
#6894=AXIS2_PLACEMENT_3D('Cylinder Axis2P3D',#6891,#6892,#6893) ;
#6905=AXIS2_PLACEMENT_3D('Circle Axis2P3D',#6903,#6904,$) ;
#6976=AXIS2_PLACEMENT_3D('Torus Axis2P3D',#6973,#6974,#6975) ;
#6980=AXIS2_PLACEMENT_3D('Circle Axis2P3D',#6978,#6979,$) ;
#7009=AXIS2_PLACEMENT_3D('Torus Axis2P3D',#7006,#7007,#7008) ;
#7013=AXIS2_PLACEMENT_3D('Circle Axis2P3D',#7011,#7012,$) ;
#7136=AXIS2_PLACEMENT_3D('Cylinder Axis2P3D',#7133,#7134,#7135) ;
#7147=AXIS2_PLACEMENT_3D('Circle Axis2P3D',#7145,#7146,$) ;
#7166=AXIS2_PLACEMENT_3D('Circle Axis2P3D',#7164,#7165,$) ;
#7179=AXIS2_PLACEMENT_3D('Cylinder Axis2P3D',#7176,#7177,#7178) ;
#7190=AXIS2_PLACEMENT_3D('Circle Axis2P3D',#7188,#7189,$) ;
#7209=AXIS2_PLACEMENT_3D('Circle Axis2P3D',#7207,#7208,$) ;
#7222=AXIS2_PLACEMENT_3D('Cylinder Axis2P3D',#7219,#7220,#7221) ;
#7226=AXIS2_PLACEMENT_3D('Circle Axis2P3D',#7224,#7225,$) ;
#7283=AXIS2_PLACEMENT_3D('Cylinder Axis2P3D',#7280,#7281,#7282) ;
#7287=AXIS2_PLACEMENT_3D('Circle Axis2P3D',#7285,#7286,$) ;
#7294=AXIS2_PLACEMENT_3D('Circle Axis2P3D',#7292,#7293,$) ;
#7312=AXIS2_PLACEMENT_3D('Torus Axis2P3D',#7309,#7310,#7311) ;
#7316=AXIS2_PLACEMENT_3D('Circle Axis2P3D',#7314,#7315,$) ;
#7373=AXIS2_PLACEMENT_3D('Plane Axis2P3D',#7370,#7371,#7372) ;
#7377=AXIS2_PLACEMENT_3D('Circle Axis2P3D',#7375,#7376,$) ;
#7384=AXIS2_PLACEMENT_3D('Circle Axis2P3D',#7382,#7383,$) ;
#7502=AXIS2_PLACEMENT_3D('Cylinder Axis2P3D',#7499,#7500,#7501) ;
#7524=AXIS2_PLACEMENT_3D('Plane Axis2P3D',#7521,#7522,#7523) ;
#7528=AXIS2_PLACEMENT_3D('Circle Axis2P3D',#7526,#7527,$) ;
#7545=AXIS2_PLACEMENT_3D('Cylinder Axis2P3D',#7542,#7543,#7544) ;
#7566=AXIS2_PLACEMENT_3D('Plane Axis2P3D',#7563,#7564,#7565) ;
#7585=AXIS2_PLACEMENT_3D('Cylinder Axis2P3D',#7582,#7583,#7584) ;
#7722=AXIS2_PLACEMENT_3D('Plane Axis2P3D',#7719,#7720,#7721) ;
#7859=AXIS2_PLACEMENT_3D('Cylinder Axis2P3D',#7856,#7857,#7858) ;
#7925=AXIS2_PLACEMENT_3D('Plane Axis2P3D',#7922,#7923,#7924) ;
#7948=AXIS2_PLACEMENT_3D('Cylinder Axis2P3D',#7945,#7946,#7947) ;
#7967=AXIS2_PLACEMENT_3D('Cylinder Axis2P3D',#7964,#7965,#7966) ;
#7999=AXIS2_PLACEMENT_3D('Plane Axis2P3D',#7996,#7997,#7998) ;
#8057=AXIS2_PLACEMENT_3D('Cylinder Axis2P3D',#8054,#8055,#8056) ;
#8150=AXIS2_PLACEMENT_3D('Cylinder Axis2P3D',#8147,#8148,#8149) ;
#8236=AXIS2_PLACEMENT_3D('Plane Axis2P3D',#8233,#8234,#8235) ;
#8258=AXIS2_PLACEMENT_3D('Cylinder Axis2P3D',#8255,#8256,#8257) ;
#8294=AXIS2_PLACEMENT_3D('Cylinder Axis2P3D',#8291,#8292,#8293) ;
#8330=AXIS2_PLACEMENT_3D('Cylinder Axis2P3D',#8327,#8328,#8329) ;
#8366=AXIS2_PLACEMENT_3D('Plane Axis2P3D',#8363,#8364,#8365) ;
#8413=AXIS2_PLACEMENT_3D('Cylinder Axis2P3D',#8410,#8411,#8412) ;
#8442=AXIS2_PLACEMENT_3D('Cylinder Axis2P3D',#8439,#8440,#8441) ;
#8454=AXIS2_PLACEMENT_3D('Cylinder Axis2P3D',#8451,#8452,#8453) ;
#8466=AXIS2_PLACEMENT_3D('Cylinder Axis2P3D',#8463,#8464,#8465) ;
#8479=AXIS2_PLACEMENT_3D('Cylinder Axis2P3D',#8476,#8477,#8478) ;
#8508=AXIS2_PLACEMENT_3D('Cylinder Axis2P3D',#8505,#8506,#8507) ;
#117=LINE('Line',#114,#116) ;
#126=LINE('Line',#123,#125) ;
#152=LINE('Line',#149,#151) ;
#178=LINE('Line',#175,#177) ;
#249=LINE('Line',#246,#248) ;
#256=LINE('Line',#253,#255) ;
#263=LINE('Line',#260,#262) ;
#270=LINE('Line',#267,#269) ;
#277=LINE('Line',#274,#276) ;
#284=LINE('Line',#281,#283) ;
#291=LINE('Line',#288,#290) ;
#298=LINE('Line',#295,#297) ;
#368=LINE('Line',#365,#367) ;
#595=LINE('Line',#592,#594) ;
#633=LINE('Line',#630,#632) ;
#642=LINE('Line',#639,#641) ;
#647=LINE('Line',#644,#646) ;
#654=LINE('Line',#651,#653) ;
#661=LINE('Line',#658,#660) ;
#696=LINE('Line',#693,#695) ;
#763=LINE('Line',#760,#762) ;
#780=LINE('Line',#777,#779) ;
#825=LINE('Line',#822,#824) ;
#832=LINE('Line',#829,#831) ;
#839=LINE('Line',#836,#838) ;
#846=LINE('Line',#843,#845) ;
#853=LINE('Line',#850,#852) ;
#860=LINE('Line',#857,#859) ;
#926=LINE('Line',#923,#925) ;
#933=LINE('Line',#930,#932) ;
#952=LINE('Line',#949,#951) ;
#959=LINE('Line',#956,#958) ;
#976=LINE('Line',#973,#975) ;
#983=LINE('Line',#980,#982) ;
#1019=LINE('Line',#1016,#1018) ;
#1060=LINE('Line',#1057,#1059) ;
#1394=LINE('Line',#1391,#1393) ;
#1459=LINE('Line',#1456,#1458) ;
#1648=LINE('Line',#1645,#1647) ;
#1663=LINE('Line',#1660,#1662) ;
#1845=LINE('Line',#1842,#1844) ;
#1860=LINE('Line',#1857,#1859) ;
#1982=LINE('Line',#1979,#1981) ;
#1989=LINE('Line',#1986,#1988) ;
#1996=LINE('Line',#1993,#1995) ;
#2213=LINE('Line',#2210,#2212) ;
#2237=LINE('Line',#2234,#2236) ;
#2261=LINE('Line',#2258,#2260) ;
#2788=LINE('Line',#2785,#2787) ;
#2795=LINE('Line',#2792,#2794) ;
#2802=LINE('Line',#2799,#2801) ;
#2809=LINE('Line',#2806,#2808) ;
#2836=LINE('Line',#2833,#2835) ;
#2908=LINE('Line',#2905,#2907) ;
#2923=LINE('Line',#2920,#2922) ;
#3058=LINE('Line',#3055,#3057) ;
#3065=LINE('Line',#3062,#3064) ;
#3072=LINE('Line',#3069,#3071) ;
#3100=LINE('Line',#3097,#3099) ;
#3150=LINE('Line',#3147,#3149) ;
#3159=LINE('Line',#3156,#3158) ;
#3164=LINE('Line',#3161,#3163) ;
#3187=LINE('Line',#3184,#3186) ;
#3453=LINE('Line',#3450,#3452) ;
#3530=LINE('Line',#3527,#3529) ;
#3562=LINE('Line',#3559,#3561) ;
#3578=LINE('Line',#3575,#3577) ;
#3583=LINE('Line',#3580,#3582) ;
#3600=LINE('Line',#3597,#3599) ;
#5198=LINE('Line',#5195,#5197) ;
#5243=LINE('Line',#5240,#5242) ;
#5515=LINE('Line',#5512,#5514) ;
#5610=LINE('Line',#5607,#5609) ;
#5879=LINE('Line',#5876,#5878) ;
#5936=LINE('Line',#5933,#5935) ;
#5957=LINE('Line',#5954,#5956) ;
#5984=LINE('Line',#5981,#5983) ;
#6003=LINE('Line',#6000,#6002) ;
#6039=LINE('Line',#6036,#6038) ;
#6044=LINE('Line',#6041,#6043) ;
#6159=LINE('Line',#6156,#6158) ;
#6164=LINE('Line',#6161,#6163) ;
#6485=LINE('Line',#6482,#6484) ;
#6492=LINE('Line',#6489,#6491) ;
#6789=LINE('Line',#6786,#6788) ;
#6812=LINE('Line',#6809,#6811) ;
#6859=LINE('Line',#6856,#6858) ;
#6899=LINE('Line',#6896,#6898) ;
#6926=LINE('Line',#6923,#6925) ;
#7141=LINE('Line',#7138,#7140) ;
#7155=LINE('Line',#7152,#7154) ;
#7184=LINE('Line',#7181,#7183) ;
#7198=LINE('Line',#7195,#7197) ;
#7236=LINE('Line',#7233,#7235) ;
#7241=LINE('Line',#7238,#7240) ;
#7266=LINE('Line',#7263,#7265) ;
#7300=LINE('Line',#7297,#7299) ;
#7507=LINE('Line',#7504,#7506) ;
#7864=LINE('Line',#7861,#7863) ;
#7930=LINE('Line',#7927,#7929) ;
#7935=LINE('Line',#7932,#7934) ;
#7953=LINE('Line',#7950,#7952) ;
#7972=LINE('Line',#7969,#7971) ;
#7977=LINE('Line',#7974,#7976) ;
#8062=LINE('Line',#8059,#8061) ;
#8067=LINE('Line',#8064,#8066) ;
#8155=LINE('Line',#8152,#8154) ;
#8263=LINE('Line',#8260,#8262) ;
#8268=LINE('Line',#8265,#8267) ;
#8299=LINE('Line',#8296,#8298) ;
#8304=LINE('Line',#8301,#8303) ;
#8335=LINE('Line',#8332,#8334) ;
#8340=LINE('Line',#8337,#8339) ;
#8418=LINE('Line',#8415,#8417) ;
#8423=LINE('Line',#8420,#8422) ;
#8484=LINE('Line',#8481,#8483) ;
#8489=LINE('Line',#8486,#8488) ;
#8513=LINE('Line',#8510,#8512) ;
#8518=LINE('Line',#8515,#8517) ;
#39=CIRCLE('generated circle',#38,2.99999999982) ;
#48=CIRCLE('generated circle',#47,2.99999999982) ;
#191=CIRCLE('generated circle',#190,2.99999999982) ;
#200=CIRCLE('generated circle',#199,2.99999999982) ;
#209=CIRCLE('generated circle',#208,3.00000000076) ;
#218=CIRCLE('generated circle',#217,3.00000000076) ;
#1076=CIRCLE('generated circle',#1075,1.70000000046) ;
#1174=CIRCLE('generated circle',#1173,1.69999999953) ;
#1183=CIRCLE('generated circle',#1182,1.69999999953) ;
#1192=CIRCLE('generated circle',#1191,1.69999999953) ;
#1372=CIRCLE('generated circle',#1371,1.70000000046) ;
#1401=CIRCLE('generated circle',#1400,1.) ;
#2220=CIRCLE('generated circle',#2219,1.) ;
#2244=CIRCLE('generated circle',#2243,1.) ;
#2930=CIRCLE('generated circle',#2929,54.421028851) ;
#3051=CIRCLE('generated circle',#3050,40.0000058061) ;
#3121=CIRCLE('generated circle',#3120,40.) ;
#3206=CIRCLE('generated circle',#3205,1.) ;
#3213=CIRCLE('generated circle',#3212,1.) ;
#3220=CIRCLE('generated circle',#3219,38.9999999991) ;
#3249=CIRCLE('generated circle',#3248,2.99999999982) ;
#3258=CIRCLE('generated circle',#3257,2.99999999982) ;
#3545=CIRCLE('generated circle',#3544,54.0127134757) ;
#3571=CIRCLE('generated circle',#3570,39.9999981674) ;
#3615=CIRCLE('generated circle',#3614,2.99999999982) ;
#3624=CIRCLE('generated circle',#3623,2.99999999982) ;
#3688=CIRCLE('generated circle',#3687,2.99999999982) ;
#3697=CIRCLE('generated circle',#3696,2.99999999982) ;
#5991=CIRCLE('generated circle',#5990,1.3) ;
#5996=CIRCLE('generated circle',#5995,1.3) ;
#6016=CIRCLE('generated circle',#6015,1.3) ;
#6021=CIRCLE('generated circle',#6020,1.3) ;
#6517=CIRCLE('generated circle',#6516,1.3) ;
#6817=CIRCLE('generated circle',#6816,1.) ;
#6836=CIRCLE('generated circle',#6835,40.) ;
#6841=CIRCLE('generated circle',#6840,38.9999999993) ;
#6864=CIRCLE('generated circle',#6863,2.) ;
#6881=CIRCLE('generated circle',#6880,2.) ;
#6906=CIRCLE('generated circle',#6905,2.) ;
#6981=CIRCLE('generated circle',#6980,56.0127134757) ;
#7014=CIRCLE('generated circle',#7013,51.3424202432) ;
#7148=CIRCLE('generated circle',#7147,3.) ;
#7167=CIRCLE('generated circle',#7166,3.) ;
#7191=CIRCLE('generated circle',#7190,3.) ;
#7210=CIRCLE('generated circle',#7209,3.) ;
#7227=CIRCLE('generated circle',#7226,4.) ;
#7288=CIRCLE('generated circle',#7287,2.) ;
#7295=CIRCLE('generated circle',#7294,2.) ;
#7317=CIRCLE('generated circle',#7316,2.) ;
#7378=CIRCLE('generated circle',#7377,62.2727746944) ;
#7385=CIRCLE('generated circle',#7384,62.2727746944) ;
#7529=CIRCLE('generated circle',#7528,59.1544065596) ;
#35=PLANE('',#34) ;
#113=PLANE('',#112) ;
#229=PLANE('',#228) ;
#629=PLANE('',#628) ;
#676=PLANE('',#675) ;
#886=PLANE('',#885) ;
#948=PLANE('',#947) ;
#972=PLANE('',#971) ;
#996=PLANE('',#995) ;
#1841=PLANE('',#1840) ;
#1888=PLANE('',#1887) ;
#2257=PLANE('',#2256) ;
#2784=PLANE('',#2783) ;
#3047=PLANE('',#3046) ;
#3146=PLANE('',#3145) ;
#3558=PLANE('',#3557) ;
#4485=PLANE('',#4484) ;
#4539=PLANE('',#4538) ;
#5295=PLANE('',#5294) ;
#5349=PLANE('',#5348) ;
#5403=PLANE('',#5402) ;
#5457=PLANE('',#5456) ;
#5511=PLANE('',#5510) ;
#5548=PLANE('',#5547) ;
#7374=PLANE('',#7373) ;
#7525=PLANE('',#7524) ;
#7567=PLANE('',#7566) ;
#7723=PLANE('',#7722) ;
#7926=PLANE('',#7925) ;
#8000=PLANE('',#7999) ;
#8237=PLANE('',#8236) ;
#8367=PLANE('',#8366) ;
#1390=CYLINDRICAL_SURFACE('generated cylinder',#1389,1.) ;
#1414=CYLINDRICAL_SURFACE('generated cylinder',#1413,45.) ;
#1644=CYLINDRICAL_SURFACE('generated cylinder',#1643,20.) ;
#1946=CYLINDRICAL_SURFACE('generated cylinder',#1945,50.) ;
#2187=CYLINDRICAL_SURFACE('generated cylinder',#2186,1.) ;
#2233=CYLINDRICAL_SURFACE('generated cylinder',#2232,1.) ;
#2904=CYLINDRICAL_SURFACE('generated cylinder',#2903,54.421028851) ;
#3086=CYLINDRICAL_SURFACE('generated cylinder',#3085,40.) ;
#3449=CYLINDRICAL_SURFACE('generated cylinder',#3448,49.3424202432) ;
#3526=CYLINDRICAL_SURFACE('generated cylinder',#3525,54.0127134757) ;
#4659=CYLINDRICAL_SURFACE('generated cylinder',#4658,55.) ;
#5184=CYLINDRICAL_SURFACE('generated cylinder',#5183,40.) ;
#5922=CYLINDRICAL_SURFACE('generated cylinder',#5921,20.) ;
#5980=CYLINDRICAL_SURFACE('generated cylinder',#5979,1.3) ;
#6035=CYLINDRICAL_SURFACE('generated cylinder',#6034,1.3) ;
#6155=CYLINDRICAL_SURFACE('generated cylinder',#6154,1.3) ;
#6775=CYLINDRICAL_SURFACE('generated cylinder',#6774,1.) ;
#6855=CYLINDRICAL_SURFACE('generated cylinder',#6854,2.) ;
#6895=CYLINDRICAL_SURFACE('generated cylinder',#6894,2.) ;
#7137=CYLINDRICAL_SURFACE('generated cylinder',#7136,3.) ;
#7180=CYLINDRICAL_SURFACE('generated cylinder',#7179,3.) ;
#7223=CYLINDRICAL_SURFACE('generated cylinder',#7222,4.) ;
#7284=CYLINDRICAL_SURFACE('generated cylinder',#7283,2.) ;
#7503=CYLINDRICAL_SURFACE('generated cylinder',#7502,2.) ;
#7546=CYLINDRICAL_SURFACE('generated cylinder',#7545,62.2727751582) ;
#7586=CYLINDRICAL_SURFACE('generated cylinder',#7585,59.1544062301) ;
#7860=CYLINDRICAL_SURFACE('generated cylinder',#7859,2.) ;
#7949=CYLINDRICAL_SURFACE('generated cylinder',#7948,1.) ;
#7968=CYLINDRICAL_SURFACE('generated cylinder',#7967,1.3) ;
#8058=CYLINDRICAL_SURFACE('generated cylinder',#8057,1.3) ;
#8151=CYLINDRICAL_SURFACE('generated cylinder',#8150,2.) ;
#8259=CYLINDRICAL_SURFACE('generated cylinder',#8258,1.7) ;
#8295=CYLINDRICAL_SURFACE('generated cylinder',#8294,1.7) ;
#8331=CYLINDRICAL_SURFACE('generated cylinder',#8330,1.7) ;
#8414=CYLINDRICAL_SURFACE('generated cylinder',#8413,3.) ;
#8443=CYLINDRICAL_SURFACE('generated cylinder',#8442,3.) ;
#8455=CYLINDRICAL_SURFACE('generated cylinder',#8454,1.) ;
#8467=CYLINDRICAL_SURFACE('generated cylinder',#8466,1.) ;
#8480=CYLINDRICAL_SURFACE('generated cylinder',#8479,1.7) ;
#8509=CYLINDRICAL_SURFACE('generated cylinder',#8508,3.) ;
#3202=TOROIDAL_SURFACE('homeo Torus',#3201,39.,1.) ;
#6832=TOROIDAL_SURFACE('homeo Torus',#6831,39.,1.) ;
#6877=TOROIDAL_SURFACE('homeo Torus',#6876,22.,2.) ;
#6977=TOROIDAL_SURFACE('homeo Torus',#6976,56.0127134757,2.) ;
#7010=TOROIDAL_SURFACE('homeo Torus',#7009,51.3424202432,2.) ;
#7313=TOROIDAL_SURFACE('homeo Torus',#7312,2.,2.) ;
#107=FACE_BOUND('',#104,.T.) ;
#205=FACE_BOUND('',#202,.T.) ;
#223=FACE_BOUND('',#220,.T.) ;
#1170=FACE_BOUND('',#1160,.T.) ;
#1188=FACE_BOUND('',#1185,.T.) ;
#1286=FACE_BOUND('',#1276,.T.) ;
#1384=FACE_BOUND('',#1374,.T.) ;
#2112=FACE_BOUND('',#2106,.T.) ;
#3317=FACE_BOUND('',#3314,.T.) ;
#3683=FACE_BOUND('',#3680,.T.) ;
#3756=FACE_BOUND('',#3753,.T.) ;
#4112=FACE_BOUND('',#4109,.T.) ;
#4479=FACE_BOUND('',#4476,.T.) ;
#8253=FACE_BOUND('',#8250,.T.) ;
#8404=FACE_BOUND('',#8401,.T.) ;
#8408=FACE_BOUND('',#8405,.T.) ;
#44=EDGE_CURVE('',#41,#43,#39,.T.) ;
#49=EDGE_CURVE('',#43,#41,#48,.T.) ;
#80=EDGE_CURVE('',#77,#79,#54,.T.) ;
#103=EDGE_CURVE('',#79,#77,#81,.T.) ;
#122=EDGE_CURVE('',#119,#121,#117,.T.) ;
#129=EDGE_CURVE('',#128,#121,#126,.T.) ;
#148=EDGE_CURVE('',#128,#147,#130,.T.) ;
#155=EDGE_CURVE('',#154,#147,#152,.T.) ;
#174=EDGE_CURVE('',#154,#173,#156,.T.) ;
#179=EDGE_CURVE('',#119,#173,#178,.T.) ;
#196=EDGE_CURVE('',#193,#195,#191,.T.) ;
#201=EDGE_CURVE('',#195,#193,#200,.T.) ;
#214=EDGE_CURVE('',#211,#213,#209,.T.) ;
#219=EDGE_CURVE('',#213,#211,#218,.T.) ;
#245=EDGE_CURVE('',#244,#119,#230,.T.) ;
#252=EDGE_CURVE('',#251,#173,#249,.T.) ;
#259=EDGE_CURVE('',#258,#251,#256,.T.) ;
#266=EDGE_CURVE('',#265,#258,#263,.T.) ;
#273=EDGE_CURVE('',#272,#265,#270,.T.) ;
#280=EDGE_CURVE('',#279,#272,#277,.T.) ;
#287=EDGE_CURVE('',#286,#279,#284,.T.) ;
#294=EDGE_CURVE('',#286,#293,#291,.T.) ;
#301=EDGE_CURVE('',#300,#293,#298,.T.) ;
#314=EDGE_CURVE('',#313,#300,#302,.T.) ;
#339=EDGE_CURVE('',#338,#313,#315,.T.) ;
#364=EDGE_CURVE('',#363,#338,#340,.T.) ;
#371=EDGE_CURVE('',#363,#370,#368,.T.) ;
#381=EDGE_CURVE('',#380,#370,#372,.T.) ;
#400=EDGE_CURVE('',#399,#380,#382,.T.) ;
#425=EDGE_CURVE('',#424,#399,#401,.T.) ;
#453=EDGE_CURVE('',#452,#424,#426,.T.) ;
#463=EDGE_CURVE('',#462,#452,#454,.T.) ;
#479=EDGE_CURVE('',#478,#462,#464,.T.) ;
#504=EDGE_CURVE('',#503,#478,#480,.T.) ;
#532=EDGE_CURVE('',#531,#503,#505,.T.) ;
#560=EDGE_CURVE('',#559,#531,#533,.T.) ;
#591=EDGE_CURVE('',#590,#559,#561,.T.) ;
#596=EDGE_CURVE('',#244,#590,#595,.T.) ;
#638=EDGE_CURVE('',#635,#637,#633,.T.) ;
#643=EDGE_CURVE('',#154,#637,#642,.T.) ;
#650=EDGE_CURVE('',#649,#147,#647,.T.) ;
#657=EDGE_CURVE('',#649,#656,#654,.T.) ;
#662=EDGE_CURVE('',#635,#656,#661,.T.) ;
#692=EDGE_CURVE('',#121,#691,#677,.T.) ;
#699=EDGE_CURVE('',#698,#691,#696,.T.) ;
#712=EDGE_CURVE('',#711,#698,#700,.T.) ;
#737=EDGE_CURVE('',#736,#711,#713,.T.) ;
#759=EDGE_CURVE('',#758,#736,#738,.T.) ;
#766=EDGE_CURVE('',#765,#758,#763,.T.) ;
#776=EDGE_CURVE('',#775,#765,#767,.T.) ;
#783=EDGE_CURVE('',#782,#775,#780,.T.) ;
#796=EDGE_CURVE('',#795,#782,#784,.T.) ;
#821=EDGE_CURVE('',#820,#795,#797,.T.) ;
#828=EDGE_CURVE('',#820,#827,#825,.T.) ;
#835=EDGE_CURVE('',#834,#827,#832,.T.) ;
#842=EDGE_CURVE('',#834,#841,#839,.T.) ;
#849=EDGE_CURVE('',#848,#841,#846,.T.) ;
#856=EDGE_CURVE('',#848,#855,#853,.T.) ;
#861=EDGE_CURVE('',#128,#855,#860,.T.) ;
#914=EDGE_CURVE('',#251,#913,#887,.T.) ;
#922=EDGE_CURVE('',#913,#637,#915,.T.) ;
#929=EDGE_CURVE('',#635,#928,#926,.T.) ;
#934=EDGE_CURVE('',#928,#258,#933,.T.) ;
#955=EDGE_CURVE('',#928,#954,#952,.T.) ;
#960=EDGE_CURVE('',#954,#265,#959,.T.) ;
#979=EDGE_CURVE('',#954,#978,#976,.T.) ;
#984=EDGE_CURVE('',#978,#272,#983,.T.) ;
#1015=EDGE_CURVE('',#1014,#279,#997,.T.) ;
#1020=EDGE_CURVE('',#978,#656,#1019,.T.) ;
#1037=EDGE_CURVE('',#649,#855,#1021,.T.) ;
#1056=EDGE_CURVE('',#848,#1055,#1038,.T.) ;
#1061=EDGE_CURVE('',#1014,#1055,#1060,.T.) ;
#1081=EDGE_CURVE('',#1078,#1080,#1076,.T.) ;
#1091=EDGE_CURVE('',#1080,#1090,#1082,.T.) ;
#1101=EDGE_CURVE('',#1090,#1100,#1092,.T.) ;
#1111=EDGE_CURVE('',#1100,#1110,#1102,.T.) ;
#1121=EDGE_CURVE('',#1110,#1120,#1112,.T.) ;
#1131=EDGE_CURVE('',#1120,#1130,#1122,.T.) ;
#1141=EDGE_CURVE('',#1130,#1140,#1132,.T.) ;
#1151=EDGE_CURVE('',#1140,#1150,#1142,.T.) ;
#1159=EDGE_CURVE('',#1150,#1078,#1152,.T.) ;
#1179=EDGE_CURVE('',#1176,#1178,#1174,.T.) ;
#1184=EDGE_CURVE('',#1178,#1176,#1183,.T.) ;
#1197=EDGE_CURVE('',#1194,#1196,#1192,.T.) ;
#1207=EDGE_CURVE('',#1196,#1206,#1198,.T.) ;
#1217=EDGE_CURVE('',#1206,#1216,#1208,.T.) ;
#1227=EDGE_CURVE('',#1216,#1226,#1218,.T.) ;
#1237=EDGE_CURVE('',#1226,#1236,#1228,.T.) ;
#1247=EDGE_CURVE('',#1236,#1246,#1238,.T.) ;
#1257=EDGE_CURVE('',#1246,#1256,#1248,.T.) ;
#1267=EDGE_CURVE('',#1256,#1266,#1258,.T.) ;
#1275=EDGE_CURVE('',#1266,#1194,#1268,.T.) ;
#1298=EDGE_CURVE('',#1295,#1297,#1287,.T.) ;
#1308=EDGE_CURVE('',#1297,#1307,#1299,.T.) ;
#1318=EDGE_CURVE('',#1307,#1317,#1309,.T.) ;
#1328=EDGE_CURVE('',#1317,#1327,#1319,.T.) ;
#1338=EDGE_CURVE('',#1327,#1337,#1329,.T.) ;
#1348=EDGE_CURVE('',#1337,#1347,#1339,.T.) ;
#1358=EDGE_CURVE('',#1347,#1357,#1349,.T.) ;
#1368=EDGE_CURVE('',#1357,#1367,#1359,.T.) ;
#1373=EDGE_CURVE('',#1367,#1295,#1372,.T.) ;
#1397=EDGE_CURVE('',#1014,#1396,#1394,.F.) ;
#1402=EDGE_CURVE('',#286,#1396,#1401,.F.) ;
#1445=EDGE_CURVE('',#293,#1444,#1415,.T.) ;
#1455=EDGE_CURVE('',#1444,#1454,#1446,.T.) ;
#1462=EDGE_CURVE('',#1454,#1461,#1459,.F.) ;
#1487=EDGE_CURVE('',#1461,#1486,#1463,.T.) ;
#1495=EDGE_CURVE('',#1486,#300,#1488,.T.) ;
#1565=EDGE_CURVE('',#1461,#1564,#1555,.T.) ;
#1574=EDGE_CURVE('',#363,#1564,#1566,.F.) ;
#1613=EDGE_CURVE('',#1612,#370,#1606,.F.) ;
#1622=EDGE_CURVE('',#1612,#1621,#1614,.T.) ;
#1629=EDGE_CURVE('',#452,#1621,#1623,.T.) ;
#1653=EDGE_CURVE('',#1650,#1652,#1648,.T.) ;
#1659=EDGE_CURVE('',#1650,#462,#1654,.T.) ;
#1666=EDGE_CURVE('',#1665,#1621,#1663,.T.) ;
#1682=EDGE_CURVE('',#1665,#1681,#1667,.T.) ;
#1692=EDGE_CURVE('',#1681,#1691,#1683,.T.) ;
#1700=EDGE_CURVE('',#1691,#1699,#1693,.T.) ;
#1719=EDGE_CURVE('',#1699,#1718,#1701,.T.) ;
#1735=EDGE_CURVE('',#1718,#1734,#1720,.T.) ;
#1741=EDGE_CURVE('',#1734,#1652,#1736,.T.) ;
#1785=EDGE_CURVE('',#1784,#1650,#1777,.F.) ;
#1793=EDGE_CURVE('',#1792,#1784,#1786,.T.) ;
#1809=EDGE_CURVE('',#1808,#1792,#1794,.T.) ;
#1823=EDGE_CURVE('',#590,#1808,#1810,.T.) ;
#1846=EDGE_CURVE('',#244,#691,#1845,.T.) ;
#1856=EDGE_CURVE('',#1784,#1855,#1847,.T.) ;
#1863=EDGE_CURVE('',#1862,#1855,#1860,.T.) ;
#1871=EDGE_CURVE('',#1862,#698,#1864,.T.) ;
#1926=EDGE_CURVE('',#1862,#1925,#1918,.F.) ;
#1932=EDGE_CURVE('',#758,#1925,#1927,.T.) ;
#1968=EDGE_CURVE('',#1925,#1967,#1947,.T.) ;
#1978=EDGE_CURVE('',#1967,#1977,#1969,.T.) ;
#1985=EDGE_CURVE('',#1977,#1984,#1982,.T.) ;
#1992=EDGE_CURVE('',#1984,#1991,#1989,.T.) ;
#1999=EDGE_CURVE('',#1991,#1998,#1996,.T.) ;
#2027=EDGE_CURVE('',#1998,#2026,#2000,.T.) ;
#2038=EDGE_CURVE('',#2026,#782,#2028,.T.) ;
#2061=EDGE_CURVE('',#2058,#2060,#2052,.T.) ;
#2071=EDGE_CURVE('',#2060,#2070,#2062,.T.) ;
#2087=EDGE_CURVE('',#2070,#2086,#2072,.T.) ;
#2097=EDGE_CURVE('',#2086,#2096,#2088,.T.) ;
#2105=EDGE_CURVE('',#2096,#2058,#2098,.T.) ;
#2150=EDGE_CURVE('',#2147,#2149,#2140,.T.) ;
#2156=EDGE_CURVE('',#820,#2147,#2151,.T.) ;
#2164=EDGE_CURVE('',#1998,#2163,#2157,.T.) ;
#2171=EDGE_CURVE('',#2163,#2149,#2165,.T.) ;
#2209=EDGE_CURVE('',#2208,#827,#2188,.T.) ;
#2216=EDGE_CURVE('',#2208,#2215,#2213,.F.) ;
#2221=EDGE_CURVE('',#2215,#834,#2220,.T.) ;
#2240=EDGE_CURVE('',#2239,#1055,#2237,.F.) ;
#2245=EDGE_CURVE('',#2239,#841,#2244,.T.) ;
#2262=EDGE_CURVE('',#2239,#1396,#2261,.T.) ;
#2302=EDGE_CURVE('',#2299,#2301,#2295,.T.) ;
#2310=EDGE_CURVE('',#2301,#2309,#2303,.T.) ;
#2335=EDGE_CURVE('',#2309,#2334,#2311,.T.) ;
#2345=EDGE_CURVE('',#2334,#2344,#2336,.T.) ;
#2351=EDGE_CURVE('',#2344,#1650,#2346,.T.) ;
#2361=EDGE_CURVE('',#1652,#2360,#2352,.T.) ;
#2369=EDGE_CURVE('',#2360,#1665,#2362,.T.) ;
#2394=EDGE_CURVE('',#1621,#2393,#2370,.T.) ;
#2401=EDGE_CURVE('',#2393,#2299,#2395,.T.) ;
#2453=EDGE_CURVE('',#1855,#2344,#2437,.T.) ;
#2528=EDGE_CURVE('',#1855,#2527,#2510,.T.) ;
#2553=EDGE_CURVE('',#2527,#2552,#2529,.T.) ;
#2561=EDGE_CURVE('',#2552,#2560,#2554,.T.) ;
#2574=EDGE_CURVE('',#2560,#2573,#2562,.T.) ;
#2593=EDGE_CURVE('',#2573,#2592,#2575,.T.) ;
#2624=EDGE_CURVE('',#2592,#2623,#2594,.T.) ;
#2640=EDGE_CURVE('',#2623,#2639,#2625,.T.) ;
#2646=EDGE_CURVE('',#2639,#2645,#2641,.F.) ;
#2677=EDGE_CURVE('',#2645,#2676,#2647,.T.) ;
#2696=EDGE_CURVE('',#2676,#2695,#2678,.T.) ;
#2705=EDGE_CURVE('',#2695,#2704,#2697,.T.) ;
#2718=EDGE_CURVE('',#2704,#2717,#2706,.F.) ;
#2734=EDGE_CURVE('',#2717,#2733,#2719,.T.) ;
#2753=EDGE_CURVE('',#2733,#2752,#2735,.T.) ;
#2760=EDGE_CURVE('',#2752,#1862,#2754,.T.) ;
#2791=EDGE_CURVE('',#2147,#2790,#2788,.T.) ;
#2798=EDGE_CURVE('',#2797,#2149,#2795,.T.) ;
#2805=EDGE_CURVE('',#2804,#2797,#2802,.T.) ;
#2812=EDGE_CURVE('',#2811,#2804,#2809,.T.) ;
#2822=EDGE_CURVE('',#2811,#2821,#2813,.T.) ;
#2832=EDGE_CURVE('',#2821,#2831,#2823,.T.) ;
#2839=EDGE_CURVE('',#2831,#2838,#2836,.T.) ;
#2867=EDGE_CURVE('',#2838,#2866,#2840,.T.) ;
#2877=EDGE_CURVE('',#2866,#2876,#2868,.T.) ;
#2885=EDGE_CURVE('',#2790,#2876,#2878,.T.) ;
#2913=EDGE_CURVE('',#2910,#2912,#2908,.F.) ;
#2919=EDGE_CURVE('',#2910,#2790,#2914,.T.) ;
#2926=EDGE_CURVE('',#2876,#2925,#2923,.F.) ;
#2933=EDGE_CURVE('',#2925,#2932,#2930,.T.) ;
#2952=EDGE_CURVE('',#2932,#2951,#2934,.T.) ;
#2971=EDGE_CURVE('',#2951,#2970,#2953,.T.) ;
#2987=EDGE_CURVE('',#2970,#2986,#2972,.T.) ;
#3006=EDGE_CURVE('',#2986,#3005,#2988,.T.) ;
#3022=EDGE_CURVE('',#3005,#3021,#3007,.T.) ;
#3028=EDGE_CURVE('',#3021,#2912,#3023,.T.) ;
#3054=EDGE_CURVE('',#2804,#3053,#3051,.T.) ;
#3061=EDGE_CURVE('',#3053,#3060,#3058,.T.) ;
#3068=EDGE_CURVE('',#3060,#3067,#3065,.T.) ;
#3073=EDGE_CURVE('',#3067,#2811,#3072,.T.) ;
#3096=EDGE_CURVE('',#3093,#3095,#3087,.T.) ;
#3103=EDGE_CURVE('',#3095,#3102,#3100,.T.) ;
#3111=EDGE_CURVE('',#3110,#3102,#3104,.T.) ;
#3117=EDGE_CURVE('',#3053,#3110,#3112,.T.) ;
#3124=EDGE_CURVE('',#3123,#2797,#3121,.F.) ;
#3130=EDGE_CURVE('',#3123,#3093,#3125,.T.) ;
#3155=EDGE_CURVE('',#3152,#3154,#3150,.T.) ;
#3160=EDGE_CURVE('',#3154,#2910,#3159,.T.) ;
#3167=EDGE_CURVE('',#2912,#3166,#3164,.T.) ;
#3183=EDGE_CURVE('',#3166,#3182,#3168,.T.) ;
#3188=EDGE_CURVE('',#3182,#3152,#3187,.T.) ;
#3209=EDGE_CURVE('',#2797,#3208,#3206,.F.) ;
#3216=EDGE_CURVE('',#3208,#3215,#3213,.F.) ;
#3223=EDGE_CURVE('',#3222,#3215,#3220,.F.) ;
#3237=EDGE_CURVE('',#3123,#3222,#3224,.T.) ;
#3254=EDGE_CURVE('',#3251,#3253,#3249,.T.) ;
#3259=EDGE_CURVE('',#3253,#3251,#3258,.T.) ;
#3290=EDGE_CURVE('',#3287,#3289,#3264,.T.) ;
#3313=EDGE_CURVE('',#3289,#3287,#3291,.T.) ;
#3406=EDGE_CURVE('',#3403,#3405,#3374,.T.) ;
#3416=EDGE_CURVE('',#3403,#3415,#3407,.T.) ;
#3429=EDGE_CURVE('',#3415,#3428,#3417,.F.) ;
#3437=EDGE_CURVE('',#3405,#3428,#3430,.T.) ;
#3458=EDGE_CURVE('',#3455,#3457,#3453,.F.) ;
#3483=EDGE_CURVE('',#3455,#3482,#3459,.T.) ;
#3489=EDGE_CURVE('',#3482,#3405,#3484,.T.) ;
#3505=EDGE_CURVE('',#3428,#3504,#3490,.T.) ;
#3512=EDGE_CURVE('',#3504,#3457,#3506,.T.) ;
#3535=EDGE_CURVE('',#3532,#3534,#3530,.F.) ;
#3541=EDGE_CURVE('',#3455,#3532,#3536,.T.) ;
#3546=EDGE_CURVE('',#3457,#3534,#3545,.T.) ;
#3567=EDGE_CURVE('',#3564,#3566,#3562,.T.) ;
#3574=EDGE_CURVE('',#3566,#3573,#3571,.T.) ;
#3579=EDGE_CURVE('',#3573,#3532,#3578,.T.) ;
#3586=EDGE_CURVE('',#3534,#3585,#3583,.T.) ;
#3596=EDGE_CURVE('',#3585,#3595,#3587,.T.) ;
#3601=EDGE_CURVE('',#3595,#3564,#3600,.T.) ;
#3620=EDGE_CURVE('',#3617,#3619,#3615,.T.) ;
#3625=EDGE_CURVE('',#3619,#3617,#3624,.T.) ;
#3656=EDGE_CURVE('',#3653,#3655,#3630,.T.) ;
#3679=EDGE_CURVE('',#3655,#3653,#3657,.T.) ;
#3693=EDGE_CURVE('',#3690,#3692,#3688,.T.) ;
#3698=EDGE_CURVE('',#3692,#3690,#3697,.T.) ;
#3729=EDGE_CURVE('',#3726,#3728,#3703,.T.) ;
#3752=EDGE_CURVE('',#3728,#3726,#3730,.T.) ;
#3833=EDGE_CURVE('',#3830,#3832,#3807,.T.) ;
#3858=EDGE_CURVE('',#3832,#3857,#3834,.T.) ;
#3874=EDGE_CURVE('',#3857,#3873,#3859,.T.) ;
#3899=EDGE_CURVE('',#3873,#3898,#3875,.T.) ;
#3918=EDGE_CURVE('',#3898,#3917,#3900,.T.) ;
#3926=EDGE_CURVE('',#3917,#3925,#3919,.T.) ;
#3932=EDGE_CURVE('',#3925,#3931,#3927,.F.) ;
#3940=EDGE_CURVE('',#3931,#3939,#3933,.T.) ;
#3965=EDGE_CURVE('',#3939,#3964,#3941,.T.) ;
#3974=EDGE_CURVE('',#3964,#3973,#3966,.T.) ;
#3983=EDGE_CURVE('',#3973,#3982,#3975,.T.) ;
#3992=EDGE_CURVE('',#3982,#3991,#3984,.T.) ;
#4011=EDGE_CURVE('',#3991,#4010,#3993,.T.) ;
#4020=EDGE_CURVE('',#4010,#4019,#4012,.T.) ;
#4026=EDGE_CURVE('',#4025,#4019,#4021,.F.) ;
#4046=EDGE_CURVE('',#4025,#3830,#4027,.T.) ;
#4088=EDGE_CURVE('',#4085,#4087,#4065,.T.) ;
#4108=EDGE_CURVE('',#4087,#4085,#4089,.T.) ;
#4186=EDGE_CURVE('',#4183,#4185,#4163,.T.) ;
#4195=EDGE_CURVE('',#4185,#4194,#4187,.T.) ;
#4220=EDGE_CURVE('',#4194,#4219,#4196,.T.) ;
#4229=EDGE_CURVE('',#4219,#4228,#4221,.T.) ;
#4235=EDGE_CURVE('',#4228,#3222,#4230,.T.) ;
#4241=EDGE_CURVE('',#3222,#4240,#4236,.T.) ;
#4263=EDGE_CURVE('',#4240,#4262,#4242,.T.) ;
#4288=EDGE_CURVE('',#4262,#4287,#4264,.T.) ;
#4304=EDGE_CURVE('',#4287,#4303,#4289,.T.) ;
#4329=EDGE_CURVE('',#4303,#4328,#4305,.T.) ;
#4357=EDGE_CURVE('',#4328,#4356,#4330,.T.) ;
#4365=EDGE_CURVE('',#4356,#4364,#4358,.T.) ;
#4385=EDGE_CURVE('',#4364,#4025,#4366,.T.) ;
#4414=EDGE_CURVE('',#4019,#4183,#4386,.T.) ;
#4455=EDGE_CURVE('',#4452,#4454,#4432,.T.) ;
#4475=EDGE_CURVE('',#4454,#4452,#4456,.T.) ;
#4509=EDGE_CURVE('',#4506,#4508,#4486,.T.) ;
#4529=EDGE_CURVE('',#4508,#4506,#4510,.T.) ;
#4563=EDGE_CURVE('',#4560,#4562,#4540,.T.) ;
#4583=EDGE_CURVE('',#4562,#4560,#4564,.T.) ;
#4632=EDGE_CURVE('',#2560,#4631,#4614,.T.) ;
#4640=EDGE_CURVE('',#4639,#4631,#4633,.F.) ;
#4648=EDGE_CURVE('',#4639,#2560,#4641,.T.) ;
#4669=EDGE_CURVE('',#4666,#4668,#4660,.T.) ;
#4677=EDGE_CURVE('',#4666,#4676,#4670,.T.) ;
#4683=EDGE_CURVE('',#4668,#4676,#4678,.T.) ;
#4978=EDGE_CURVE('',#4975,#4977,#4961,.T.) ;
#5003=EDGE_CURVE('',#5002,#4975,#4979,.T.) ;
#5012=EDGE_CURVE('',#5011,#5002,#5004,.T.) ;
#5037=EDGE_CURVE('',#5036,#5011,#5013,.T.) ;
#5059=EDGE_CURVE('',#5058,#5036,#5038,.T.) ;
#5072=EDGE_CURVE('',#5071,#5058,#5060,.T.) ;
#5081=EDGE_CURVE('',#5080,#5071,#5073,.T.) ;
#5089=EDGE_CURVE('',#5088,#5080,#5082,.T.) ;
#5108=EDGE_CURVE('',#5107,#5088,#5090,.T.) ;
#5119=EDGE_CURVE('',#3564,#5107,#5109,.T.) ;
#5132=EDGE_CURVE('',#5131,#3564,#5120,.F.) ;
#5164=EDGE_CURVE('',#5131,#4977,#5133,.T.) ;
#5194=EDGE_CURVE('',#5191,#5193,#5185,.T.) ;
#5201=EDGE_CURVE('',#5193,#5200,#5198,.F.) ;
#5207=EDGE_CURVE('',#5107,#5200,#5202,.T.) ;
#5215=EDGE_CURVE('',#5214,#5071,#5208,.T.) ;
#5231=EDGE_CURVE('',#5230,#5214,#5216,.T.) ;
#5239=EDGE_CURVE('',#5238,#5230,#5232,.T.) ;
#5246=EDGE_CURVE('',#5238,#5245,#5243,.T.) ;
#5253=EDGE_CURVE('',#5245,#5191,#5247,.T.) ;
#5280=EDGE_CURVE('',#5230,#5002,#5277,.F.) ;
#5319=EDGE_CURVE('',#5316,#5318,#5296,.T.) ;
#5339=EDGE_CURVE('',#5318,#5316,#5320,.T.) ;
#5373=EDGE_CURVE('',#5370,#5372,#5350,.T.) ;
#5393=EDGE_CURVE('',#5372,#5370,#5374,.T.) ;
#5427=EDGE_CURVE('',#5424,#5426,#5404,.T.) ;
#5447=EDGE_CURVE('',#5426,#5424,#5428,.T.) ;
#5481=EDGE_CURVE('',#5478,#5480,#5458,.T.) ;
#5501=EDGE_CURVE('',#5480,#5478,#5482,.T.) ;
#5520=EDGE_CURVE('',#5517,#5519,#5515,.T.) ;
#5528=EDGE_CURVE('',#5517,#5200,#5521,.T.) ;
#5536=EDGE_CURVE('',#5193,#5519,#5529,.T.) ;
#5564=EDGE_CURVE('',#5238,#5563,#5549,.T.) ;
#5577=EDGE_CURVE('',#5563,#5576,#5565,.T.) ;
#5596=EDGE_CURVE('',#5576,#5595,#5578,.T.) ;
#5606=EDGE_CURVE('',#5595,#5605,#5597,.T.) ;
#5613=EDGE_CURVE('',#5612,#5605,#5610,.T.) ;
#5645=EDGE_CURVE('',#5612,#5245,#5614,.T.) ;
#5672=EDGE_CURVE('',#5671,#5605,#5665,.T.) ;
#5678=EDGE_CURVE('',#5595,#5677,#5673,.F.) ;
#5686=EDGE_CURVE('',#5685,#5677,#5679,.F.) ;
#5690=EDGE_CURVE('',#5671,#5685,#5687,.F.) ;
#5723=EDGE_CURVE('',#5576,#5722,#5718,.F.) ;
#5734=EDGE_CURVE('',#5677,#5722,#5724,.F.) ;
#5759=EDGE_CURVE('',#5722,#4977,#5753,.F.) ;
#5789=EDGE_CURVE('',#5786,#5788,#5780,.T.) ;
#5808=EDGE_CURVE('',#5807,#5786,#5790,.T.) ;
#5825=EDGE_CURVE('',#5671,#5807,#5809,.T.) ;
#5833=EDGE_CURVE('',#5832,#5685,#5826,.F.) ;
#5837=EDGE_CURVE('',#5788,#5832,#5834,.F.) ;
#5856=EDGE_CURVE('',#5853,#5855,#5847,.T.) ;
#5875=EDGE_CURVE('',#5874,#5853,#5857,.T.) ;
#5882=EDGE_CURVE('',#5874,#5881,#5879,.F.) ;
#5890=EDGE_CURVE('',#5881,#5889,#5883,.T.) ;
#5897=EDGE_CURVE('',#5889,#5612,#5891,.T.) ;
#5903=EDGE_CURVE('',#5788,#5855,#5898,.T.) ;
#5932=EDGE_CURVE('',#5929,#5931,#5923,.F.) ;
#5939=EDGE_CURVE('',#5931,#5938,#5936,.T.) ;
#5947=EDGE_CURVE('',#5946,#5938,#5940,.T.) ;
#5953=EDGE_CURVE('',#4668,#5946,#5948,.T.) ;
#5960=EDGE_CURVE('',#4668,#5959,#5957,.F.) ;
#5966=EDGE_CURVE('',#5959,#5929,#5961,.F.) ;
#5987=EDGE_CURVE('',#5478,#5986,#5984,.T.) ;
#5992=EDGE_CURVE('',#1991,#5986,#5991,.F.) ;
#5999=EDGE_CURVE('',#5998,#1991,#5996,.F.) ;
#6004=EDGE_CURVE('',#5480,#5998,#6003,.T.) ;
#6017=EDGE_CURVE('',#1984,#5998,#6016,.F.) ;
#6022=EDGE_CURVE('',#5986,#1984,#6021,.F.) ;
#6040=EDGE_CURVE('',#4454,#5426,#6039,.T.) ;
#6045=EDGE_CURVE('',#4452,#5424,#6044,.T.) ;
#6092=EDGE_CURVE('',#5881,#4194,#6086,.F.) ;
#6099=EDGE_CURVE('',#5612,#4183,#6093,.F.) ;
#6135=EDGE_CURVE('',#3095,#5881,#6130,.T.) ;
#6142=EDGE_CURVE('',#3095,#4228,#6136,.F.) ;
#6160=EDGE_CURVE('',#5372,#4087,#6159,.T.) ;
#6165=EDGE_CURVE('',#5370,#4085,#6164,.T.) ;
#6210=EDGE_CURVE('',#6207,#6209,#6201,.T.) ;
#6216=EDGE_CURVE('',#5519,#6207,#6211,.T.) ;
#6223=EDGE_CURVE('',#5519,#3939,#6217,.F.) ;
#6237=EDGE_CURVE('',#6209,#3931,#6224,.T.) ;
#6273=EDGE_CURVE('',#5193,#3973,#6267,.F.) ;
#6314=EDGE_CURVE('',#5245,#3991,#6308,.F.) ;
#6458=EDGE_CURVE('',#2639,#2645,#6445,.T.) ;
#6465=EDGE_CURVE('',#2639,#3830,#6459,.F.) ;
#6473=EDGE_CURVE('',#2645,#4364,#6466,.T.) ;
#6488=EDGE_CURVE('',#6487,#5316,#6485,.T.) ;
#6495=EDGE_CURVE('',#6494,#5318,#6492,.T.) ;
#6506=EDGE_CURVE('',#6487,#6494,#6496,.T.) ;
#6518=EDGE_CURVE('',#6494,#6487,#6517,.T.) ;
#6552=EDGE_CURVE('',#6549,#6551,#6543,.T.) ;
#6558=EDGE_CURVE('',#4639,#6549,#6553,.T.) ;
#6564=EDGE_CURVE('',#2301,#4631,#6559,.F.) ;
#6575=EDGE_CURVE('',#6551,#2301,#6565,.T.) ;
#6652=EDGE_CURVE('',#6649,#6651,#6617,.T.) ;
#6663=EDGE_CURVE('',#6649,#2299,#6653,.T.) ;
#6671=EDGE_CURVE('',#2299,#6670,#6664,.T.) ;
#6681=EDGE_CURVE('',#6680,#6670,#6672,.T.) ;
#6700=EDGE_CURVE('',#6699,#6680,#6682,.T.) ;
#6709=EDGE_CURVE('',#6708,#6699,#6701,.T.) ;
#6725=EDGE_CURVE('',#6724,#6708,#6710,.T.) ;
#6750=EDGE_CURVE('',#6749,#6724,#6726,.T.) ;
#6758=EDGE_CURVE('',#6651,#6749,#6751,.T.) ;
#6785=EDGE_CURVE('',#6782,#6784,#6776,.T.) ;
#6792=EDGE_CURVE('',#6782,#6791,#6789,.T.) ;
#6800=EDGE_CURVE('',#6799,#6791,#6793,.T.) ;
#6808=EDGE_CURVE('',#6807,#6799,#6801,.T.) ;
#6813=EDGE_CURVE('',#1454,#6807,#6812,.T.) ;
#6818=EDGE_CURVE('',#6784,#1454,#6817,.F.) ;
#6837=EDGE_CURVE('',#6791,#6209,#6836,.F.) ;
#6842=EDGE_CURVE('',#6807,#3931,#6841,.F.) ;
#6860=EDGE_CURVE('',#5959,#5131,#6859,.T.) ;
#6865=EDGE_CURVE('',#5959,#3595,#6864,.T.) ;
#6882=EDGE_CURVE('',#5931,#3585,#6881,.T.) ;
#6902=EDGE_CURVE('',#6901,#5931,#6899,.T.) ;
#6907=EDGE_CURVE('',#6901,#3534,#6906,.T.) ;
#6922=EDGE_CURVE('',#5517,#6921,#6915,.T.) ;
#6927=EDGE_CURVE('',#6791,#3573,#6926,.F.) ;
#6933=EDGE_CURVE('',#6921,#3566,#6928,.T.) ;
#6984=EDGE_CURVE('',#6983,#6901,#6981,.F.) ;
#6998=EDGE_CURVE('',#6983,#3457,#6985,.T.) ;
#7017=EDGE_CURVE('',#7016,#6983,#7014,.F.) ;
#7025=EDGE_CURVE('',#7016,#3504,#7018,.T.) ;
#7125=EDGE_CURVE('',#3415,#7016,#7115,.T.) ;
#7144=EDGE_CURVE('',#3617,#7143,#7141,.T.) ;
#7151=EDGE_CURVE('',#7150,#7143,#7148,.F.) ;
#7156=EDGE_CURVE('',#3619,#7150,#7155,.T.) ;
#7168=EDGE_CURVE('',#7143,#7150,#7167,.F.) ;
#7187=EDGE_CURVE('',#3690,#7186,#7184,.T.) ;
#7194=EDGE_CURVE('',#7193,#7186,#7191,.F.) ;
#7199=EDGE_CURVE('',#3692,#7193,#7198,.T.) ;
#7211=EDGE_CURVE('',#7186,#7193,#7210,.F.) ;
#7232=EDGE_CURVE('',#7229,#7231,#7227,.F.) ;
#7237=EDGE_CURVE('',#7229,#7016,#7236,.F.) ;
#7242=EDGE_CURVE('',#7231,#3415,#7241,.F.) ;
#7262=EDGE_CURVE('',#6782,#7261,#7250,.T.) ;
#7267=EDGE_CURVE('',#3403,#7261,#7266,.T.) ;
#7291=EDGE_CURVE('',#3152,#7290,#7288,.T.) ;
#7296=EDGE_CURVE('',#7231,#3182,#7295,.F.) ;
#7301=EDGE_CURVE('',#7231,#7290,#7300,.F.) ;
#7318=EDGE_CURVE('',#7229,#3166,#7317,.F.) ;
#7333=EDGE_CURVE('',#5874,#3102,#7326,.T.) ;
#7381=EDGE_CURVE('',#4668,#7380,#7378,.T.) ;
#7386=EDGE_CURVE('',#7380,#3067,#7385,.T.) ;
#7402=EDGE_CURVE('',#3060,#7401,#7387,.T.) ;
#7424=EDGE_CURVE('',#7401,#7423,#7403,.T.) ;
#7449=EDGE_CURVE('',#7423,#7448,#7425,.T.) ;
#7457=EDGE_CURVE('',#7448,#5832,#7450,.T.) ;
#7508=EDGE_CURVE('',#2932,#7229,#7507,.F.) ;
#7530=EDGE_CURVE('',#2925,#5938,#7529,.T.) ;
#7552=EDGE_CURVE('',#4676,#2831,#7547,.T.) ;
#7575=EDGE_CURVE('',#2838,#4676,#7568,.T.) ;
#7625=EDGE_CURVE('',#3925,#4639,#7620,.F.) ;
#7642=EDGE_CURVE('',#2573,#3925,#7626,.T.) ;
#7800=EDGE_CURVE('',#2704,#4240,#7784,.T.) ;
#7841=EDGE_CURVE('',#1977,#4240,#7836,.F.) ;
#7848=EDGE_CURVE('',#2717,#1977,#7842,.F.) ;
#7865=EDGE_CURVE('',#6649,#6551,#7864,.T.) ;
#7931=EDGE_CURVE('',#3154,#2208,#7930,.T.) ;
#7936=EDGE_CURVE('',#2215,#7290,#7935,.T.) ;
#7954=EDGE_CURVE('',#3215,#1998,#7953,.F.) ;
#7973=EDGE_CURVE('',#2058,#4562,#7972,.T.) ;
#7978=EDGE_CURVE('',#2086,#4560,#7977,.T.) ;
#8063=EDGE_CURVE('',#4508,#1699,#8062,.T.) ;
#8068=EDGE_CURVE('',#4506,#2360,#8067,.T.) ;
#8133=EDGE_CURVE('',#6749,#1612,#8125,.T.) ;
#8156=EDGE_CURVE('',#6651,#1461,#8155,.F.) ;
#8161=EDGE_CURVE('',#6749,#1564,#8157,.T.) ;
#8216=EDGE_CURVE('',#293,#8215,#8195,.T.) ;
#8222=EDGE_CURVE('',#8215,#7261,#8217,.T.) ;
#8264=EDGE_CURVE('',#3289,#1367,#8263,.T.) ;
#8269=EDGE_CURVE('',#3287,#1295,#8268,.T.) ;
#8300=EDGE_CURVE('',#3728,#1196,#8299,.T.) ;
#8305=EDGE_CURVE('',#3726,#1194,#8304,.T.) ;
#8336=EDGE_CURVE('',#3655,#1080,#8335,.T.) ;
#8341=EDGE_CURVE('',#3653,#1078,#8340,.T.) ;
#8419=EDGE_CURVE('',#3251,#213,#8418,.T.) ;
#8424=EDGE_CURVE('',#3253,#211,#8423,.T.) ;
#8485=EDGE_CURVE('',#79,#1178,#8484,.T.) ;
#8490=EDGE_CURVE('',#77,#1176,#8489,.T.) ;
#8514=EDGE_CURVE('',#43,#195,#8513,.T.) ;
#8519=EDGE_CURVE('',#41,#193,#8518,.T.) ;
#30=CLOSED_SHELL('Closed Shell',(#108,#224,#624,#671,#881,#943,#967,#991,#1385,#1409,#1504,#1584,#1639,#1755,#1836,#1883,#1896,#1941,#2113,#2182,#2228,#2252,#2269,#2415,#2460,#2779,#2899,#3042,#3081,#3141,#3197,#3245,#3318,#3444,#3521,#3553,#3611,#3684,#3757,#4113,#4480,#4534,#4588,#4654,#4689,#5179,#5267,#5290,#5344,#5398,#5452,#5506,#5543,#5655,#5698,#5741,#5770,#5846,#5917,#5975,#6012,#6030,#6052,#6059,#6108,#6150,#6172,#6179,#6245,#6281,#6323,#6383,#6481,#6513,#6525,#6583,#6770,#6827,#6850,#6872,#6890,#6914,#6944,#6972,#7005,#7032,#7132,#7163,#7175,#7206,#7218,#7249,#7279,#7308,#7325,#7340,#7369,#7474,#7498,#7520,#7541,#7562,#7581,#7598,#7649,#7718,#7728,#7814,#7855,#7872,#7921,#7944,#7963,#7987,#7995,#8006,#8017,#8053,#8078,#8088,#8146,#8168,#8232,#8254,#8283,#8290,#8312,#8326,#8348,#8362,#8377,#8385,#8409,#8431,#8438,#8450,#8462,#8475,#8497,#8504,#8526,#8533)) ;
#51=ORIENTED_EDGE('',*,*,#44,.T.) ;
#52=ORIENTED_EDGE('',*,*,#49,.T.) ;
#105=ORIENTED_EDGE('',*,*,#80,.T.) ;
#106=ORIENTED_EDGE('',*,*,#103,.T.) ;
#181=ORIENTED_EDGE('',*,*,#122,.T.) ;
#182=ORIENTED_EDGE('',*,*,#129,.F.) ;
#183=ORIENTED_EDGE('',*,*,#148,.T.) ;
#184=ORIENTED_EDGE('',*,*,#155,.F.) ;
#185=ORIENTED_EDGE('',*,*,#174,.T.) ;
#186=ORIENTED_EDGE('',*,*,#179,.F.) ;
#203=ORIENTED_EDGE('',*,*,#196,.T.) ;
#204=ORIENTED_EDGE('',*,*,#201,.T.) ;
#221=ORIENTED_EDGE('',*,*,#214,.T.) ;
#222=ORIENTED_EDGE('',*,*,#219,.T.) ;
#598=ORIENTED_EDGE('',*,*,#245,.T.) ;
#599=ORIENTED_EDGE('',*,*,#179,.T.) ;
#600=ORIENTED_EDGE('',*,*,#252,.F.) ;
#601=ORIENTED_EDGE('',*,*,#259,.F.) ;
#602=ORIENTED_EDGE('',*,*,#266,.F.) ;
#603=ORIENTED_EDGE('',*,*,#273,.F.) ;
#604=ORIENTED_EDGE('',*,*,#280,.F.) ;
#605=ORIENTED_EDGE('',*,*,#287,.F.) ;
#606=ORIENTED_EDGE('',*,*,#294,.T.) ;
#607=ORIENTED_EDGE('',*,*,#301,.F.) ;
#608=ORIENTED_EDGE('',*,*,#314,.F.) ;
#609=ORIENTED_EDGE('',*,*,#339,.F.) ;
#610=ORIENTED_EDGE('',*,*,#364,.F.) ;
#611=ORIENTED_EDGE('',*,*,#371,.T.) ;
#612=ORIENTED_EDGE('',*,*,#381,.F.) ;
#613=ORIENTED_EDGE('',*,*,#400,.F.) ;
#614=ORIENTED_EDGE('',*,*,#425,.F.) ;
#615=ORIENTED_EDGE('',*,*,#453,.F.) ;
#616=ORIENTED_EDGE('',*,*,#463,.F.) ;
#617=ORIENTED_EDGE('',*,*,#479,.F.) ;
#618=ORIENTED_EDGE('',*,*,#504,.F.) ;
#619=ORIENTED_EDGE('',*,*,#532,.F.) ;
#620=ORIENTED_EDGE('',*,*,#560,.F.) ;
#621=ORIENTED_EDGE('',*,*,#591,.F.) ;
#622=ORIENTED_EDGE('',*,*,#596,.F.) ;
#664=ORIENTED_EDGE('',*,*,#638,.T.) ;
#665=ORIENTED_EDGE('',*,*,#643,.F.) ;
#666=ORIENTED_EDGE('',*,*,#155,.T.) ;
#667=ORIENTED_EDGE('',*,*,#650,.F.) ;
#668=ORIENTED_EDGE('',*,*,#657,.T.) ;
#669=ORIENTED_EDGE('',*,*,#662,.F.) ;
#863=ORIENTED_EDGE('',*,*,#692,.T.) ;
#864=ORIENTED_EDGE('',*,*,#699,.F.) ;
#865=ORIENTED_EDGE('',*,*,#712,.F.) ;
#866=ORIENTED_EDGE('',*,*,#737,.F.) ;
#867=ORIENTED_EDGE('',*,*,#759,.F.) ;
#868=ORIENTED_EDGE('',*,*,#766,.F.) ;
#869=ORIENTED_EDGE('',*,*,#776,.F.) ;
#870=ORIENTED_EDGE('',*,*,#783,.F.) ;
#871=ORIENTED_EDGE('',*,*,#796,.F.) ;
#872=ORIENTED_EDGE('',*,*,#821,.F.) ;
#873=ORIENTED_EDGE('',*,*,#828,.T.) ;
#874=ORIENTED_EDGE('',*,*,#835,.F.) ;
#875=ORIENTED_EDGE('',*,*,#842,.T.) ;
#876=ORIENTED_EDGE('',*,*,#849,.F.) ;
#877=ORIENTED_EDGE('',*,*,#856,.T.) ;
#878=ORIENTED_EDGE('',*,*,#861,.F.) ;
#879=ORIENTED_EDGE('',*,*,#129,.T.) ;
#936=ORIENTED_EDGE('',*,*,#914,.T.) ;
#937=ORIENTED_EDGE('',*,*,#922,.T.) ;
#938=ORIENTED_EDGE('',*,*,#638,.F.) ;
#939=ORIENTED_EDGE('',*,*,#929,.T.) ;
#940=ORIENTED_EDGE('',*,*,#934,.T.) ;
#941=ORIENTED_EDGE('',*,*,#259,.T.) ;
#962=ORIENTED_EDGE('',*,*,#934,.F.) ;
#963=ORIENTED_EDGE('',*,*,#955,.T.) ;
#964=ORIENTED_EDGE('',*,*,#960,.T.) ;
#965=ORIENTED_EDGE('',*,*,#266,.T.) ;
#986=ORIENTED_EDGE('',*,*,#960,.F.) ;
#987=ORIENTED_EDGE('',*,*,#979,.T.) ;
#988=ORIENTED_EDGE('',*,*,#984,.T.) ;
#989=ORIENTED_EDGE('',*,*,#273,.T.) ;
#1063=ORIENTED_EDGE('',*,*,#1015,.T.) ;
#1064=ORIENTED_EDGE('',*,*,#280,.T.) ;
#1065=ORIENTED_EDGE('',*,*,#984,.F.) ;
#1066=ORIENTED_EDGE('',*,*,#1020,.T.) ;
#1067=ORIENTED_EDGE('',*,*,#657,.F.) ;
#1068=ORIENTED_EDGE('',*,*,#1037,.T.) ;
#1069=ORIENTED_EDGE('',*,*,#856,.F.) ;
#1070=ORIENTED_EDGE('',*,*,#1056,.T.) ;
#1071=ORIENTED_EDGE('',*,*,#1061,.F.) ;
#1161=ORIENTED_EDGE('',*,*,#1081,.T.) ;
#1162=ORIENTED_EDGE('',*,*,#1091,.T.) ;
#1163=ORIENTED_EDGE('',*,*,#1101,.T.) ;
#1164=ORIENTED_EDGE('',*,*,#1111,.T.) ;
#1165=ORIENTED_EDGE('',*,*,#1121,.T.) ;
#1166=ORIENTED_EDGE('',*,*,#1131,.T.) ;
#1167=ORIENTED_EDGE('',*,*,#1141,.T.) ;
#1168=ORIENTED_EDGE('',*,*,#1151,.T.) ;
#1169=ORIENTED_EDGE('',*,*,#1159,.T.) ;
#1186=ORIENTED_EDGE('',*,*,#1179,.T.) ;
#1187=ORIENTED_EDGE('',*,*,#1184,.T.) ;
#1277=ORIENTED_EDGE('',*,*,#1197,.T.) ;
#1278=ORIENTED_EDGE('',*,*,#1207,.T.) ;
#1279=ORIENTED_EDGE('',*,*,#1217,.T.) ;
#1280=ORIENTED_EDGE('',*,*,#1227,.T.) ;
#1281=ORIENTED_EDGE('',*,*,#1237,.T.) ;
#1282=ORIENTED_EDGE('',*,*,#1247,.T.) ;
#1283=ORIENTED_EDGE('',*,*,#1257,.T.) ;
#1284=ORIENTED_EDGE('',*,*,#1267,.T.) ;
#1285=ORIENTED_EDGE('',*,*,#1275,.T.) ;
#1375=ORIENTED_EDGE('',*,*,#1298,.T.) ;
#1376=ORIENTED_EDGE('',*,*,#1308,.T.) ;
#1377=ORIENTED_EDGE('',*,*,#1318,.T.) ;
#1378=ORIENTED_EDGE('',*,*,#1328,.T.) ;
#1379=ORIENTED_EDGE('',*,*,#1338,.T.) ;
#1380=ORIENTED_EDGE('',*,*,#1348,.T.) ;
#1381=ORIENTED_EDGE('',*,*,#1358,.T.) ;
#1382=ORIENTED_EDGE('',*,*,#1368,.T.) ;
#1383=ORIENTED_EDGE('',*,*,#1373,.T.) ;
#1404=ORIENTED_EDGE('',*,*,#287,.T.) ;
#1405=ORIENTED_EDGE('',*,*,#1015,.F.) ;
#1406=ORIENTED_EDGE('',*,*,#1397,.T.) ;
#1407=ORIENTED_EDGE('',*,*,#1402,.F.) ;
#1497=ORIENTED_EDGE('',*,*,#1445,.T.) ;
#1498=ORIENTED_EDGE('',*,*,#1455,.T.) ;
#1499=ORIENTED_EDGE('',*,*,#1462,.T.) ;
#1500=ORIENTED_EDGE('',*,*,#1487,.T.) ;
#1501=ORIENTED_EDGE('',*,*,#1495,.T.) ;
#1502=ORIENTED_EDGE('',*,*,#301,.T.) ;
#1576=ORIENTED_EDGE('',*,*,#1495,.F.) ;
#1577=ORIENTED_EDGE('',*,*,#1487,.F.) ;
#1578=ORIENTED_EDGE('',*,*,#1565,.T.) ;
#1579=ORIENTED_EDGE('',*,*,#1574,.F.) ;
#1580=ORIENTED_EDGE('',*,*,#364,.T.) ;
#1581=ORIENTED_EDGE('',*,*,#339,.T.) ;
#1582=ORIENTED_EDGE('',*,*,#314,.T.) ;
#1631=ORIENTED_EDGE('',*,*,#453,.T.) ;
#1632=ORIENTED_EDGE('',*,*,#425,.T.) ;
#1633=ORIENTED_EDGE('',*,*,#400,.T.) ;
#1634=ORIENTED_EDGE('',*,*,#381,.T.) ;
#1635=ORIENTED_EDGE('',*,*,#1613,.F.) ;
#1636=ORIENTED_EDGE('',*,*,#1622,.T.) ;
#1637=ORIENTED_EDGE('',*,*,#1629,.F.) ;
#1743=ORIENTED_EDGE('',*,*,#1653,.F.) ;
#1744=ORIENTED_EDGE('',*,*,#1659,.T.) ;
#1745=ORIENTED_EDGE('',*,*,#463,.T.) ;
#1746=ORIENTED_EDGE('',*,*,#1629,.T.) ;
#1747=ORIENTED_EDGE('',*,*,#1666,.F.) ;
#1748=ORIENTED_EDGE('',*,*,#1682,.T.) ;
#1749=ORIENTED_EDGE('',*,*,#1692,.T.) ;
#1750=ORIENTED_EDGE('',*,*,#1700,.T.) ;
#1751=ORIENTED_EDGE('',*,*,#1719,.T.) ;
#1752=ORIENTED_EDGE('',*,*,#1735,.T.) ;
#1753=ORIENTED_EDGE('',*,*,#1741,.T.) ;
#1825=ORIENTED_EDGE('',*,*,#1785,.F.) ;
#1826=ORIENTED_EDGE('',*,*,#1793,.F.) ;
#1827=ORIENTED_EDGE('',*,*,#1809,.F.) ;
#1828=ORIENTED_EDGE('',*,*,#1823,.F.) ;
#1829=ORIENTED_EDGE('',*,*,#591,.T.) ;
#1830=ORIENTED_EDGE('',*,*,#560,.T.) ;
#1831=ORIENTED_EDGE('',*,*,#532,.T.) ;
#1832=ORIENTED_EDGE('',*,*,#504,.T.) ;
#1833=ORIENTED_EDGE('',*,*,#479,.T.) ;
#1834=ORIENTED_EDGE('',*,*,#1659,.F.) ;
#1873=ORIENTED_EDGE('',*,*,#1846,.F.) ;
#1874=ORIENTED_EDGE('',*,*,#596,.T.) ;
#1875=ORIENTED_EDGE('',*,*,#1823,.T.) ;
#1876=ORIENTED_EDGE('',*,*,#1809,.T.) ;
#1877=ORIENTED_EDGE('',*,*,#1793,.T.) ;
#1878=ORIENTED_EDGE('',*,*,#1856,.T.) ;
#1879=ORIENTED_EDGE('',*,*,#1863,.F.) ;
#1880=ORIENTED_EDGE('',*,*,#1871,.T.) ;
#1881=ORIENTED_EDGE('',*,*,#699,.T.) ;
#1890=ORIENTED_EDGE('',*,*,#979,.F.) ;
#1891=ORIENTED_EDGE('',*,*,#955,.F.) ;
#1892=ORIENTED_EDGE('',*,*,#929,.F.) ;
#1893=ORIENTED_EDGE('',*,*,#662,.T.) ;
#1894=ORIENTED_EDGE('',*,*,#1020,.F.) ;
#1934=ORIENTED_EDGE('',*,*,#1871,.F.) ;
#1935=ORIENTED_EDGE('',*,*,#1926,.T.) ;
#1936=ORIENTED_EDGE('',*,*,#1932,.F.) ;
#1937=ORIENTED_EDGE('',*,*,#759,.T.) ;
#1938=ORIENTED_EDGE('',*,*,#737,.T.) ;
#1939=ORIENTED_EDGE('',*,*,#712,.T.) ;
#2040=ORIENTED_EDGE('',*,*,#1932,.T.) ;
#2041=ORIENTED_EDGE('',*,*,#1968,.T.) ;
#2042=ORIENTED_EDGE('',*,*,#1978,.T.) ;
#2043=ORIENTED_EDGE('',*,*,#1985,.T.) ;
#2044=ORIENTED_EDGE('',*,*,#1992,.T.) ;
#2045=ORIENTED_EDGE('',*,*,#1999,.T.) ;
#2046=ORIENTED_EDGE('',*,*,#2027,.T.) ;
#2047=ORIENTED_EDGE('',*,*,#2038,.T.) ;
#2048=ORIENTED_EDGE('',*,*,#783,.T.) ;
#2049=ORIENTED_EDGE('',*,*,#776,.T.) ;
#2050=ORIENTED_EDGE('',*,*,#766,.T.) ;
#2107=ORIENTED_EDGE('',*,*,#2061,.T.) ;
#2108=ORIENTED_EDGE('',*,*,#2071,.T.) ;
#2109=ORIENTED_EDGE('',*,*,#2087,.T.) ;
#2110=ORIENTED_EDGE('',*,*,#2097,.T.) ;
#2111=ORIENTED_EDGE('',*,*,#2105,.T.) ;
#2173=ORIENTED_EDGE('',*,*,#2150,.F.) ;
#2174=ORIENTED_EDGE('',*,*,#2156,.F.) ;
#2175=ORIENTED_EDGE('',*,*,#821,.T.) ;
#2176=ORIENTED_EDGE('',*,*,#796,.T.) ;
#2177=ORIENTED_EDGE('',*,*,#2038,.F.) ;
#2178=ORIENTED_EDGE('',*,*,#2027,.F.) ;
#2179=ORIENTED_EDGE('',*,*,#2164,.T.) ;
#2180=ORIENTED_EDGE('',*,*,#2171,.T.) ;
#2223=ORIENTED_EDGE('',*,*,#835,.T.) ;
#2224=ORIENTED_EDGE('',*,*,#2209,.F.) ;
#2225=ORIENTED_EDGE('',*,*,#2216,.T.) ;
#2226=ORIENTED_EDGE('',*,*,#2221,.T.) ;
#2247=ORIENTED_EDGE('',*,*,#2240,.T.) ;
#2248=ORIENTED_EDGE('',*,*,#1056,.F.) ;
#2249=ORIENTED_EDGE('',*,*,#849,.T.) ;
#2250=ORIENTED_EDGE('',*,*,#2245,.F.) ;
#2264=ORIENTED_EDGE('',*,*,#1397,.F.) ;
#2265=ORIENTED_EDGE('',*,*,#1061,.T.) ;
#2266=ORIENTED_EDGE('',*,*,#2240,.F.) ;
#2267=ORIENTED_EDGE('',*,*,#2262,.T.) ;
#2403=ORIENTED_EDGE('',*,*,#2302,.T.) ;
#2404=ORIENTED_EDGE('',*,*,#2310,.T.) ;
#2405=ORIENTED_EDGE('',*,*,#2335,.T.) ;
#2406=ORIENTED_EDGE('',*,*,#2345,.T.) ;
#2407=ORIENTED_EDGE('',*,*,#2351,.T.) ;
#2408=ORIENTED_EDGE('',*,*,#1653,.T.) ;
#2409=ORIENTED_EDGE('',*,*,#2361,.T.) ;
#2410=ORIENTED_EDGE('',*,*,#2369,.T.) ;
#2411=ORIENTED_EDGE('',*,*,#1666,.T.) ;
#2412=ORIENTED_EDGE('',*,*,#2394,.T.) ;
#2413=ORIENTED_EDGE('',*,*,#2401,.T.) ;
#2455=ORIENTED_EDGE('',*,*,#1856,.F.) ;
#2456=ORIENTED_EDGE('',*,*,#1785,.T.) ;
#2457=ORIENTED_EDGE('',*,*,#2351,.F.) ;
#2458=ORIENTED_EDGE('',*,*,#2453,.F.) ;
#2762=ORIENTED_EDGE('',*,*,#1863,.T.) ;
#2763=ORIENTED_EDGE('',*,*,#2528,.T.) ;
#2764=ORIENTED_EDGE('',*,*,#2553,.T.) ;
#2765=ORIENTED_EDGE('',*,*,#2561,.T.) ;
#2766=ORIENTED_EDGE('',*,*,#2574,.T.) ;
#2767=ORIENTED_EDGE('',*,*,#2593,.T.) ;
#2768=ORIENTED_EDGE('',*,*,#2624,.T.) ;
#2769=ORIENTED_EDGE('',*,*,#2640,.T.) ;
#2770=ORIENTED_EDGE('',*,*,#2646,.T.) ;
#2771=ORIENTED_EDGE('',*,*,#2677,.T.) ;
#2772=ORIENTED_EDGE('',*,*,#2696,.T.) ;
#2773=ORIENTED_EDGE('',*,*,#2705,.T.) ;
#2774=ORIENTED_EDGE('',*,*,#2718,.T.) ;
#2775=ORIENTED_EDGE('',*,*,#2734,.T.) ;
#2776=ORIENTED_EDGE('',*,*,#2753,.T.) ;
#2777=ORIENTED_EDGE('',*,*,#2760,.T.) ;
#2887=ORIENTED_EDGE('',*,*,#2791,.F.) ;
#2888=ORIENTED_EDGE('',*,*,#2150,.T.) ;
#2889=ORIENTED_EDGE('',*,*,#2798,.F.) ;
#2890=ORIENTED_EDGE('',*,*,#2805,.F.) ;
#2891=ORIENTED_EDGE('',*,*,#2812,.F.) ;
#2892=ORIENTED_EDGE('',*,*,#2822,.T.) ;
#2893=ORIENTED_EDGE('',*,*,#2832,.T.) ;
#2894=ORIENTED_EDGE('',*,*,#2839,.T.) ;
#2895=ORIENTED_EDGE('',*,*,#2867,.T.) ;
#2896=ORIENTED_EDGE('',*,*,#2877,.T.) ;
#2897=ORIENTED_EDGE('',*,*,#2885,.F.) ;
#3030=ORIENTED_EDGE('',*,*,#2913,.F.) ;
#3031=ORIENTED_EDGE('',*,*,#2919,.T.) ;
#3032=ORIENTED_EDGE('',*,*,#2885,.T.) ;
#3033=ORIENTED_EDGE('',*,*,#2926,.T.) ;
#3034=ORIENTED_EDGE('',*,*,#2933,.T.) ;
#3035=ORIENTED_EDGE('',*,*,#2952,.T.) ;
#3036=ORIENTED_EDGE('',*,*,#2971,.T.) ;
#3037=ORIENTED_EDGE('',*,*,#2987,.T.) ;
#3038=ORIENTED_EDGE('',*,*,#3006,.T.) ;
#3039=ORIENTED_EDGE('',*,*,#3022,.T.) ;
#3040=ORIENTED_EDGE('',*,*,#3028,.T.) ;
#3075=ORIENTED_EDGE('',*,*,#2812,.T.) ;
#3076=ORIENTED_EDGE('',*,*,#3054,.T.) ;
#3077=ORIENTED_EDGE('',*,*,#3061,.T.) ;
#3078=ORIENTED_EDGE('',*,*,#3068,.T.) ;
#3079=ORIENTED_EDGE('',*,*,#3073,.T.) ;
#3132=ORIENTED_EDGE('',*,*,#3096,.T.) ;
#3133=ORIENTED_EDGE('',*,*,#3103,.T.) ;
#3134=ORIENTED_EDGE('',*,*,#3111,.F.) ;
#3135=ORIENTED_EDGE('',*,*,#3117,.F.) ;
#3136=ORIENTED_EDGE('',*,*,#3054,.F.) ;
#3137=ORIENTED_EDGE('',*,*,#2805,.T.) ;
#3138=ORIENTED_EDGE('',*,*,#3124,.F.) ;
#3139=ORIENTED_EDGE('',*,*,#3130,.T.) ;
#3190=ORIENTED_EDGE('',*,*,#3155,.T.) ;
#3191=ORIENTED_EDGE('',*,*,#3160,.T.) ;
#3192=ORIENTED_EDGE('',*,*,#2913,.T.) ;
#3193=ORIENTED_EDGE('',*,*,#3167,.T.) ;
#3194=ORIENTED_EDGE('',*,*,#3183,.T.) ;
#3195=ORIENTED_EDGE('',*,*,#3188,.T.) ;
#3239=ORIENTED_EDGE('',*,*,#3124,.T.) ;
#3240=ORIENTED_EDGE('',*,*,#3209,.T.) ;
#3241=ORIENTED_EDGE('',*,*,#3216,.T.) ;
#3242=ORIENTED_EDGE('',*,*,#3223,.F.) ;
#3243=ORIENTED_EDGE('',*,*,#3237,.F.) ;
#3261=ORIENTED_EDGE('',*,*,#3254,.T.) ;
#3262=ORIENTED_EDGE('',*,*,#3259,.T.) ;
#3315=ORIENTED_EDGE('',*,*,#3290,.T.) ;
#3316=ORIENTED_EDGE('',*,*,#3313,.T.) ;
#3439=ORIENTED_EDGE('',*,*,#3406,.F.) ;
#3440=ORIENTED_EDGE('',*,*,#3416,.T.) ;
#3441=ORIENTED_EDGE('',*,*,#3429,.T.) ;
#3442=ORIENTED_EDGE('',*,*,#3437,.F.) ;
#3514=ORIENTED_EDGE('',*,*,#3458,.F.) ;
#3515=ORIENTED_EDGE('',*,*,#3483,.T.) ;
#3516=ORIENTED_EDGE('',*,*,#3489,.T.) ;
#3517=ORIENTED_EDGE('',*,*,#3437,.T.) ;
#3518=ORIENTED_EDGE('',*,*,#3505,.T.) ;
#3519=ORIENTED_EDGE('',*,*,#3512,.T.) ;
#3548=ORIENTED_EDGE('',*,*,#3535,.F.) ;
#3549=ORIENTED_EDGE('',*,*,#3541,.F.) ;
#3550=ORIENTED_EDGE('',*,*,#3458,.T.) ;
#3551=ORIENTED_EDGE('',*,*,#3546,.T.) ;
#3603=ORIENTED_EDGE('',*,*,#3567,.T.) ;
#3604=ORIENTED_EDGE('',*,*,#3574,.T.) ;
#3605=ORIENTED_EDGE('',*,*,#3579,.T.) ;
#3606=ORIENTED_EDGE('',*,*,#3535,.T.) ;
#3607=ORIENTED_EDGE('',*,*,#3586,.T.) ;
#3608=ORIENTED_EDGE('',*,*,#3596,.T.) ;
#3609=ORIENTED_EDGE('',*,*,#3601,.T.) ;
#3627=ORIENTED_EDGE('',*,*,#3620,.T.) ;
#3628=ORIENTED_EDGE('',*,*,#3625,.T.) ;
#3681=ORIENTED_EDGE('',*,*,#3656,.T.) ;
#3682=ORIENTED_EDGE('',*,*,#3679,.T.) ;
#3700=ORIENTED_EDGE('',*,*,#3693,.T.) ;
#3701=ORIENTED_EDGE('',*,*,#3698,.T.) ;
#3754=ORIENTED_EDGE('',*,*,#3729,.T.) ;
#3755=ORIENTED_EDGE('',*,*,#3752,.T.) ;
#4048=ORIENTED_EDGE('',*,*,#3833,.T.) ;
#4049=ORIENTED_EDGE('',*,*,#3858,.T.) ;
#4050=ORIENTED_EDGE('',*,*,#3874,.T.) ;
#4051=ORIENTED_EDGE('',*,*,#3899,.T.) ;
#4052=ORIENTED_EDGE('',*,*,#3918,.T.) ;
#4053=ORIENTED_EDGE('',*,*,#3926,.T.) ;
#4054=ORIENTED_EDGE('',*,*,#3932,.T.) ;
#4055=ORIENTED_EDGE('',*,*,#3940,.T.) ;
#4056=ORIENTED_EDGE('',*,*,#3965,.T.) ;
#4057=ORIENTED_EDGE('',*,*,#3974,.T.) ;
#4058=ORIENTED_EDGE('',*,*,#3983,.T.) ;
#4059=ORIENTED_EDGE('',*,*,#3992,.T.) ;
#4060=ORIENTED_EDGE('',*,*,#4011,.T.) ;
#4061=ORIENTED_EDGE('',*,*,#4020,.T.) ;
#4062=ORIENTED_EDGE('',*,*,#4026,.F.) ;
#4063=ORIENTED_EDGE('',*,*,#4046,.T.) ;
#4110=ORIENTED_EDGE('',*,*,#4088,.T.) ;
#4111=ORIENTED_EDGE('',*,*,#4108,.T.) ;
#4416=ORIENTED_EDGE('',*,*,#4186,.T.) ;
#4417=ORIENTED_EDGE('',*,*,#4195,.T.) ;
#4418=ORIENTED_EDGE('',*,*,#4220,.T.) ;
#4419=ORIENTED_EDGE('',*,*,#4229,.T.) ;
#4420=ORIENTED_EDGE('',*,*,#4235,.T.) ;
#4421=ORIENTED_EDGE('',*,*,#4241,.T.) ;
#4422=ORIENTED_EDGE('',*,*,#4263,.T.) ;
#4423=ORIENTED_EDGE('',*,*,#4288,.T.) ;
#4424=ORIENTED_EDGE('',*,*,#4304,.T.) ;
#4425=ORIENTED_EDGE('',*,*,#4329,.T.) ;
#4426=ORIENTED_EDGE('',*,*,#4357,.T.) ;
#4427=ORIENTED_EDGE('',*,*,#4365,.T.) ;
#4428=ORIENTED_EDGE('',*,*,#4385,.T.) ;
#4429=ORIENTED_EDGE('',*,*,#4026,.T.) ;
#4430=ORIENTED_EDGE('',*,*,#4414,.T.) ;
#4477=ORIENTED_EDGE('',*,*,#4455,.T.) ;
#4478=ORIENTED_EDGE('',*,*,#4475,.T.) ;
#4531=ORIENTED_EDGE('',*,*,#4509,.T.) ;
#4532=ORIENTED_EDGE('',*,*,#4529,.T.) ;
#4585=ORIENTED_EDGE('',*,*,#4563,.T.) ;
#4586=ORIENTED_EDGE('',*,*,#4583,.T.) ;
#4650=ORIENTED_EDGE('',*,*,#4632,.T.) ;
#4651=ORIENTED_EDGE('',*,*,#4640,.F.) ;
#4652=ORIENTED_EDGE('',*,*,#4648,.T.) ;
#4685=ORIENTED_EDGE('',*,*,#4669,.F.) ;
#4686=ORIENTED_EDGE('',*,*,#4677,.T.) ;
#4687=ORIENTED_EDGE('',*,*,#4683,.F.) ;
#5166=ORIENTED_EDGE('',*,*,#4978,.F.) ;
#5167=ORIENTED_EDGE('',*,*,#5003,.F.) ;
#5168=ORIENTED_EDGE('',*,*,#5012,.F.) ;
#5169=ORIENTED_EDGE('',*,*,#5037,.F.) ;
#5170=ORIENTED_EDGE('',*,*,#5059,.F.) ;
#5171=ORIENTED_EDGE('',*,*,#5072,.F.) ;
#5172=ORIENTED_EDGE('',*,*,#5081,.F.) ;
#5173=ORIENTED_EDGE('',*,*,#5089,.F.) ;
#5174=ORIENTED_EDGE('',*,*,#5108,.F.) ;
#5175=ORIENTED_EDGE('',*,*,#5119,.F.) ;
#5176=ORIENTED_EDGE('',*,*,#5132,.F.) ;
#5177=ORIENTED_EDGE('',*,*,#5164,.T.) ;
#5255=ORIENTED_EDGE('',*,*,#5194,.T.) ;
#5256=ORIENTED_EDGE('',*,*,#5201,.T.) ;
#5257=ORIENTED_EDGE('',*,*,#5207,.F.) ;
#5258=ORIENTED_EDGE('',*,*,#5108,.T.) ;
#5259=ORIENTED_EDGE('',*,*,#5089,.T.) ;
#5260=ORIENTED_EDGE('',*,*,#5081,.T.) ;
#5261=ORIENTED_EDGE('',*,*,#5215,.F.) ;
#5262=ORIENTED_EDGE('',*,*,#5231,.F.) ;
#5263=ORIENTED_EDGE('',*,*,#5239,.F.) ;
#5264=ORIENTED_EDGE('',*,*,#5246,.T.) ;
#5265=ORIENTED_EDGE('',*,*,#5253,.T.) ;
#5282=ORIENTED_EDGE('',*,*,#5280,.F.) ;
#5283=ORIENTED_EDGE('',*,*,#5231,.T.) ;
#5284=ORIENTED_EDGE('',*,*,#5215,.T.) ;
#5285=ORIENTED_EDGE('',*,*,#5072,.T.) ;
#5286=ORIENTED_EDGE('',*,*,#5059,.T.) ;
#5287=ORIENTED_EDGE('',*,*,#5037,.T.) ;
#5288=ORIENTED_EDGE('',*,*,#5012,.T.) ;
#5341=ORIENTED_EDGE('',*,*,#5319,.T.) ;
#5342=ORIENTED_EDGE('',*,*,#5339,.T.) ;
#5395=ORIENTED_EDGE('',*,*,#5373,.T.) ;
#5396=ORIENTED_EDGE('',*,*,#5393,.T.) ;
#5449=ORIENTED_EDGE('',*,*,#5427,.T.) ;
#5450=ORIENTED_EDGE('',*,*,#5447,.T.) ;
#5503=ORIENTED_EDGE('',*,*,#5481,.T.) ;
#5504=ORIENTED_EDGE('',*,*,#5501,.T.) ;
#5538=ORIENTED_EDGE('',*,*,#5520,.F.) ;
#5539=ORIENTED_EDGE('',*,*,#5528,.T.) ;
#5540=ORIENTED_EDGE('',*,*,#5201,.F.) ;
#5541=ORIENTED_EDGE('',*,*,#5536,.T.) ;
#5647=ORIENTED_EDGE('',*,*,#5246,.F.) ;
#5648=ORIENTED_EDGE('',*,*,#5564,.T.) ;
#5649=ORIENTED_EDGE('',*,*,#5577,.T.) ;
#5650=ORIENTED_EDGE('',*,*,#5596,.T.) ;
#5651=ORIENTED_EDGE('',*,*,#5606,.T.) ;
#5652=ORIENTED_EDGE('',*,*,#5613,.F.) ;
#5653=ORIENTED_EDGE('',*,*,#5645,.T.) ;
#5692=ORIENTED_EDGE('',*,*,#5672,.T.) ;
#5693=ORIENTED_EDGE('',*,*,#5606,.F.) ;
#5694=ORIENTED_EDGE('',*,*,#5678,.T.) ;
#5695=ORIENTED_EDGE('',*,*,#5686,.F.) ;
#5696=ORIENTED_EDGE('',*,*,#5690,.F.) ;
#5736=ORIENTED_EDGE('',*,*,#5596,.F.) ;
#5737=ORIENTED_EDGE('',*,*,#5723,.T.) ;
#5738=ORIENTED_EDGE('',*,*,#5734,.F.) ;
#5739=ORIENTED_EDGE('',*,*,#5678,.F.) ;
#5761=ORIENTED_EDGE('',*,*,#5759,.F.) ;
#5762=ORIENTED_EDGE('',*,*,#5723,.F.) ;
#5763=ORIENTED_EDGE('',*,*,#5577,.F.) ;
#5764=ORIENTED_EDGE('',*,*,#5564,.F.) ;
#5765=ORIENTED_EDGE('',*,*,#5239,.T.) ;
#5766=ORIENTED_EDGE('',*,*,#5280,.T.) ;
#5767=ORIENTED_EDGE('',*,*,#5003,.T.) ;
#5768=ORIENTED_EDGE('',*,*,#4978,.T.) ;
#5839=ORIENTED_EDGE('',*,*,#5789,.F.) ;
#5840=ORIENTED_EDGE('',*,*,#5808,.F.) ;
#5841=ORIENTED_EDGE('',*,*,#5825,.F.) ;
#5842=ORIENTED_EDGE('',*,*,#5690,.T.) ;
#5843=ORIENTED_EDGE('',*,*,#5833,.F.) ;
#5844=ORIENTED_EDGE('',*,*,#5837,.F.) ;
#5905=ORIENTED_EDGE('',*,*,#5856,.F.) ;
#5906=ORIENTED_EDGE('',*,*,#5875,.F.) ;
#5907=ORIENTED_EDGE('',*,*,#5882,.T.) ;
#5908=ORIENTED_EDGE('',*,*,#5890,.T.) ;
#5909=ORIENTED_EDGE('',*,*,#5897,.T.) ;
#5910=ORIENTED_EDGE('',*,*,#5613,.T.) ;
#5911=ORIENTED_EDGE('',*,*,#5672,.F.) ;
#5912=ORIENTED_EDGE('',*,*,#5825,.T.) ;
#5913=ORIENTED_EDGE('',*,*,#5808,.T.) ;
#5914=ORIENTED_EDGE('',*,*,#5789,.T.) ;
#5915=ORIENTED_EDGE('',*,*,#5903,.T.) ;
#5968=ORIENTED_EDGE('',*,*,#5932,.T.) ;
#5969=ORIENTED_EDGE('',*,*,#5939,.T.) ;
#5970=ORIENTED_EDGE('',*,*,#5947,.F.) ;
#5971=ORIENTED_EDGE('',*,*,#5953,.F.) ;
#5972=ORIENTED_EDGE('',*,*,#5960,.T.) ;
#5973=ORIENTED_EDGE('',*,*,#5966,.T.) ;
#6006=ORIENTED_EDGE('',*,*,#5987,.T.) ;
#6007=ORIENTED_EDGE('',*,*,#5992,.F.) ;
#6008=ORIENTED_EDGE('',*,*,#5999,.F.) ;
#6009=ORIENTED_EDGE('',*,*,#6004,.F.) ;
#6010=ORIENTED_EDGE('',*,*,#5481,.F.) ;
#6024=ORIENTED_EDGE('',*,*,#6004,.T.) ;
#6025=ORIENTED_EDGE('',*,*,#6017,.F.) ;
#6026=ORIENTED_EDGE('',*,*,#6022,.F.) ;
#6027=ORIENTED_EDGE('',*,*,#5987,.F.) ;
#6028=ORIENTED_EDGE('',*,*,#5501,.F.) ;
#6047=ORIENTED_EDGE('',*,*,#6040,.F.) ;
#6048=ORIENTED_EDGE('',*,*,#4455,.F.) ;
#6049=ORIENTED_EDGE('',*,*,#6045,.T.) ;
#6050=ORIENTED_EDGE('',*,*,#5447,.F.) ;
#6054=ORIENTED_EDGE('',*,*,#6040,.T.) ;
#6055=ORIENTED_EDGE('',*,*,#5427,.F.) ;
#6056=ORIENTED_EDGE('',*,*,#6045,.F.) ;
#6057=ORIENTED_EDGE('',*,*,#4475,.F.) ;
#6101=ORIENTED_EDGE('',*,*,#5897,.F.) ;
#6102=ORIENTED_EDGE('',*,*,#5890,.F.) ;
#6103=ORIENTED_EDGE('',*,*,#6092,.T.) ;
#6104=ORIENTED_EDGE('',*,*,#4195,.F.) ;
#6105=ORIENTED_EDGE('',*,*,#4186,.F.) ;
#6106=ORIENTED_EDGE('',*,*,#6099,.F.) ;
#6144=ORIENTED_EDGE('',*,*,#6135,.F.) ;
#6145=ORIENTED_EDGE('',*,*,#6142,.T.) ;
#6146=ORIENTED_EDGE('',*,*,#4229,.F.) ;
#6147=ORIENTED_EDGE('',*,*,#4220,.F.) ;
#6148=ORIENTED_EDGE('',*,*,#6092,.F.) ;
#6167=ORIENTED_EDGE('',*,*,#6160,.T.) ;
#6168=ORIENTED_EDGE('',*,*,#4088,.F.) ;
#6169=ORIENTED_EDGE('',*,*,#6165,.F.) ;
#6170=ORIENTED_EDGE('',*,*,#5393,.F.) ;
#6174=ORIENTED_EDGE('',*,*,#6165,.T.) ;
#6175=ORIENTED_EDGE('',*,*,#4108,.F.) ;
#6176=ORIENTED_EDGE('',*,*,#6160,.F.) ;
#6177=ORIENTED_EDGE('',*,*,#5373,.F.) ;
#6239=ORIENTED_EDGE('',*,*,#6210,.F.) ;
#6240=ORIENTED_EDGE('',*,*,#6216,.F.) ;
#6241=ORIENTED_EDGE('',*,*,#6223,.T.) ;
#6242=ORIENTED_EDGE('',*,*,#3940,.F.) ;
#6243=ORIENTED_EDGE('',*,*,#6237,.F.) ;
#6275=ORIENTED_EDGE('',*,*,#5536,.F.) ;
#6276=ORIENTED_EDGE('',*,*,#6273,.T.) ;
#6277=ORIENTED_EDGE('',*,*,#3974,.F.) ;
#6278=ORIENTED_EDGE('',*,*,#3965,.F.) ;
#6279=ORIENTED_EDGE('',*,*,#6223,.F.) ;
#6316=ORIENTED_EDGE('',*,*,#5194,.F.) ;
#6317=ORIENTED_EDGE('',*,*,#5253,.F.) ;
#6318=ORIENTED_EDGE('',*,*,#6314,.T.) ;
#6319=ORIENTED_EDGE('',*,*,#3992,.F.) ;
#6320=ORIENTED_EDGE('',*,*,#3983,.F.) ;
#6321=ORIENTED_EDGE('',*,*,#6273,.F.) ;
#6376=ORIENTED_EDGE('',*,*,#5645,.F.) ;
#6377=ORIENTED_EDGE('',*,*,#6099,.T.) ;
#6378=ORIENTED_EDGE('',*,*,#4414,.F.) ;
#6379=ORIENTED_EDGE('',*,*,#4020,.F.) ;
#6380=ORIENTED_EDGE('',*,*,#4011,.F.) ;
#6381=ORIENTED_EDGE('',*,*,#6314,.F.) ;
#6475=ORIENTED_EDGE('',*,*,#6458,.F.) ;
#6476=ORIENTED_EDGE('',*,*,#6465,.T.) ;
#6477=ORIENTED_EDGE('',*,*,#4046,.F.) ;
#6478=ORIENTED_EDGE('',*,*,#4385,.F.) ;
#6479=ORIENTED_EDGE('',*,*,#6473,.F.) ;
#6508=ORIENTED_EDGE('',*,*,#6488,.T.) ;
#6509=ORIENTED_EDGE('',*,*,#5339,.F.) ;
#6510=ORIENTED_EDGE('',*,*,#6495,.F.) ;
#6511=ORIENTED_EDGE('',*,*,#6506,.F.) ;
#6520=ORIENTED_EDGE('',*,*,#6495,.T.) ;
#6521=ORIENTED_EDGE('',*,*,#5319,.F.) ;
#6522=ORIENTED_EDGE('',*,*,#6488,.F.) ;
#6523=ORIENTED_EDGE('',*,*,#6518,.F.) ;
#6577=ORIENTED_EDGE('',*,*,#6552,.F.) ;
#6578=ORIENTED_EDGE('',*,*,#6558,.F.) ;
#6579=ORIENTED_EDGE('',*,*,#4640,.T.) ;
#6580=ORIENTED_EDGE('',*,*,#6564,.F.) ;
#6581=ORIENTED_EDGE('',*,*,#6575,.F.) ;
#6760=ORIENTED_EDGE('',*,*,#6652,.F.) ;
#6761=ORIENTED_EDGE('',*,*,#6663,.T.) ;
#6762=ORIENTED_EDGE('',*,*,#6671,.T.) ;
#6763=ORIENTED_EDGE('',*,*,#6681,.F.) ;
#6764=ORIENTED_EDGE('',*,*,#6700,.F.) ;
#6765=ORIENTED_EDGE('',*,*,#6709,.F.) ;
#6766=ORIENTED_EDGE('',*,*,#6725,.F.) ;
#6767=ORIENTED_EDGE('',*,*,#6750,.F.) ;
#6768=ORIENTED_EDGE('',*,*,#6758,.F.) ;
#6820=ORIENTED_EDGE('',*,*,#6785,.F.) ;
#6821=ORIENTED_EDGE('',*,*,#6792,.T.) ;
#6822=ORIENTED_EDGE('',*,*,#6800,.F.) ;
#6823=ORIENTED_EDGE('',*,*,#6808,.F.) ;
#6824=ORIENTED_EDGE('',*,*,#6813,.F.) ;
#6825=ORIENTED_EDGE('',*,*,#6818,.F.) ;
#6844=ORIENTED_EDGE('',*,*,#6808,.T.) ;
#6845=ORIENTED_EDGE('',*,*,#6800,.T.) ;
#6846=ORIENTED_EDGE('',*,*,#6837,.T.) ;
#6847=ORIENTED_EDGE('',*,*,#6237,.T.) ;
#6848=ORIENTED_EDGE('',*,*,#6842,.F.) ;
#6867=ORIENTED_EDGE('',*,*,#6860,.T.) ;
#6868=ORIENTED_EDGE('',*,*,#5132,.T.) ;
#6869=ORIENTED_EDGE('',*,*,#3601,.F.) ;
#6870=ORIENTED_EDGE('',*,*,#6865,.F.) ;
#6884=ORIENTED_EDGE('',*,*,#5932,.F.) ;
#6885=ORIENTED_EDGE('',*,*,#5966,.F.) ;
#6886=ORIENTED_EDGE('',*,*,#6865,.T.) ;
#6887=ORIENTED_EDGE('',*,*,#3596,.F.) ;
#6888=ORIENTED_EDGE('',*,*,#6882,.F.) ;
#6909=ORIENTED_EDGE('',*,*,#6902,.T.) ;
#6910=ORIENTED_EDGE('',*,*,#6882,.T.) ;
#6911=ORIENTED_EDGE('',*,*,#3586,.F.) ;
#6912=ORIENTED_EDGE('',*,*,#6907,.F.) ;
#6935=ORIENTED_EDGE('',*,*,#6922,.F.) ;
#6936=ORIENTED_EDGE('',*,*,#5520,.T.) ;
#6937=ORIENTED_EDGE('',*,*,#6216,.T.) ;
#6938=ORIENTED_EDGE('',*,*,#6210,.T.) ;
#6939=ORIENTED_EDGE('',*,*,#6837,.F.) ;
#6940=ORIENTED_EDGE('',*,*,#6927,.T.) ;
#6941=ORIENTED_EDGE('',*,*,#3574,.F.) ;
#6942=ORIENTED_EDGE('',*,*,#6933,.F.) ;
#6965=ORIENTED_EDGE('',*,*,#5207,.T.) ;
#6966=ORIENTED_EDGE('',*,*,#5528,.F.) ;
#6967=ORIENTED_EDGE('',*,*,#6922,.T.) ;
#6968=ORIENTED_EDGE('',*,*,#6933,.T.) ;
#6969=ORIENTED_EDGE('',*,*,#3567,.F.) ;
#6970=ORIENTED_EDGE('',*,*,#5119,.T.) ;
#7000=ORIENTED_EDGE('',*,*,#6984,.T.) ;
#7001=ORIENTED_EDGE('',*,*,#6907,.T.) ;
#7002=ORIENTED_EDGE('',*,*,#3546,.F.) ;
#7003=ORIENTED_EDGE('',*,*,#6998,.F.) ;
#7027=ORIENTED_EDGE('',*,*,#7017,.T.) ;
#7028=ORIENTED_EDGE('',*,*,#6998,.T.) ;
#7029=ORIENTED_EDGE('',*,*,#3512,.F.) ;
#7030=ORIENTED_EDGE('',*,*,#7025,.F.) ;
#7127=ORIENTED_EDGE('',*,*,#7125,.T.) ;
#7128=ORIENTED_EDGE('',*,*,#7025,.T.) ;
#7129=ORIENTED_EDGE('',*,*,#3505,.F.) ;
#7130=ORIENTED_EDGE('',*,*,#3429,.F.) ;
#7158=ORIENTED_EDGE('',*,*,#7144,.T.) ;
#7159=ORIENTED_EDGE('',*,*,#7151,.F.) ;
#7160=ORIENTED_EDGE('',*,*,#7156,.F.) ;
#7161=ORIENTED_EDGE('',*,*,#3620,.F.) ;
#7170=ORIENTED_EDGE('',*,*,#7156,.T.) ;
#7171=ORIENTED_EDGE('',*,*,#7168,.F.) ;
#7172=ORIENTED_EDGE('',*,*,#7144,.F.) ;
#7173=ORIENTED_EDGE('',*,*,#3625,.F.) ;
#7201=ORIENTED_EDGE('',*,*,#7187,.T.) ;
#7202=ORIENTED_EDGE('',*,*,#7194,.F.) ;
#7203=ORIENTED_EDGE('',*,*,#7199,.F.) ;
#7204=ORIENTED_EDGE('',*,*,#3693,.F.) ;
#7213=ORIENTED_EDGE('',*,*,#7199,.T.) ;
#7214=ORIENTED_EDGE('',*,*,#7211,.F.) ;
#7215=ORIENTED_EDGE('',*,*,#7187,.F.) ;
#7216=ORIENTED_EDGE('',*,*,#3698,.F.) ;
#7244=ORIENTED_EDGE('',*,*,#7232,.F.) ;
#7245=ORIENTED_EDGE('',*,*,#7237,.T.) ;
#7246=ORIENTED_EDGE('',*,*,#7125,.F.) ;
#7247=ORIENTED_EDGE('',*,*,#7242,.F.) ;
#7269=ORIENTED_EDGE('',*,*,#3489,.F.) ;
#7270=ORIENTED_EDGE('',*,*,#3483,.F.) ;
#7271=ORIENTED_EDGE('',*,*,#3541,.T.) ;
#7272=ORIENTED_EDGE('',*,*,#3579,.F.) ;
#7273=ORIENTED_EDGE('',*,*,#6927,.F.) ;
#7274=ORIENTED_EDGE('',*,*,#6792,.F.) ;
#7275=ORIENTED_EDGE('',*,*,#7262,.T.) ;
#7276=ORIENTED_EDGE('',*,*,#7267,.F.) ;
#7277=ORIENTED_EDGE('',*,*,#3406,.T.) ;
#7303=ORIENTED_EDGE('',*,*,#7291,.F.) ;
#7304=ORIENTED_EDGE('',*,*,#3188,.F.) ;
#7305=ORIENTED_EDGE('',*,*,#7296,.F.) ;
#7306=ORIENTED_EDGE('',*,*,#7301,.T.) ;
#7320=ORIENTED_EDGE('',*,*,#7232,.T.) ;
#7321=ORIENTED_EDGE('',*,*,#7296,.T.) ;
#7322=ORIENTED_EDGE('',*,*,#3183,.F.) ;
#7323=ORIENTED_EDGE('',*,*,#7318,.F.) ;
#7335=ORIENTED_EDGE('',*,*,#5882,.F.) ;
#7336=ORIENTED_EDGE('',*,*,#7333,.T.) ;
#7337=ORIENTED_EDGE('',*,*,#3103,.F.) ;
#7338=ORIENTED_EDGE('',*,*,#6135,.T.) ;
#7363=ORIENTED_EDGE('',*,*,#3096,.F.) ;
#7364=ORIENTED_EDGE('',*,*,#3130,.F.) ;
#7365=ORIENTED_EDGE('',*,*,#3237,.T.) ;
#7366=ORIENTED_EDGE('',*,*,#4235,.F.) ;
#7367=ORIENTED_EDGE('',*,*,#6142,.F.) ;
#7459=ORIENTED_EDGE('',*,*,#5164,.F.) ;
#7460=ORIENTED_EDGE('',*,*,#6860,.F.) ;
#7461=ORIENTED_EDGE('',*,*,#5960,.F.) ;
#7462=ORIENTED_EDGE('',*,*,#7381,.T.) ;
#7463=ORIENTED_EDGE('',*,*,#7386,.T.) ;
#7464=ORIENTED_EDGE('',*,*,#3068,.F.) ;
#7465=ORIENTED_EDGE('',*,*,#7402,.T.) ;
#7466=ORIENTED_EDGE('',*,*,#7424,.T.) ;
#7467=ORIENTED_EDGE('',*,*,#7449,.T.) ;
#7468=ORIENTED_EDGE('',*,*,#7457,.T.) ;
#7469=ORIENTED_EDGE('',*,*,#5833,.T.) ;
#7470=ORIENTED_EDGE('',*,*,#5686,.T.) ;
#7471=ORIENTED_EDGE('',*,*,#5734,.T.) ;
#7472=ORIENTED_EDGE('',*,*,#5759,.T.) ;
#7485=ORIENTED_EDGE('',*,*,#7457,.F.) ;
#7486=ORIENTED_EDGE('',*,*,#7449,.F.) ;
#7487=ORIENTED_EDGE('',*,*,#7424,.F.) ;
#7488=ORIENTED_EDGE('',*,*,#7402,.F.) ;
#7489=ORIENTED_EDGE('',*,*,#3061,.F.) ;
#7490=ORIENTED_EDGE('',*,*,#3117,.T.) ;
#7491=ORIENTED_EDGE('',*,*,#3111,.T.) ;
#7492=ORIENTED_EDGE('',*,*,#7333,.F.) ;
#7493=ORIENTED_EDGE('',*,*,#5875,.T.) ;
#7494=ORIENTED_EDGE('',*,*,#5856,.T.) ;
#7495=ORIENTED_EDGE('',*,*,#5903,.F.) ;
#7496=ORIENTED_EDGE('',*,*,#5837,.T.) ;
#7510=ORIENTED_EDGE('',*,*,#3028,.F.) ;
#7511=ORIENTED_EDGE('',*,*,#3022,.F.) ;
#7512=ORIENTED_EDGE('',*,*,#3006,.F.) ;
#7513=ORIENTED_EDGE('',*,*,#2987,.F.) ;
#7514=ORIENTED_EDGE('',*,*,#2971,.F.) ;
#7515=ORIENTED_EDGE('',*,*,#2952,.F.) ;
#7516=ORIENTED_EDGE('',*,*,#7508,.T.) ;
#7517=ORIENTED_EDGE('',*,*,#7318,.T.) ;
#7518=ORIENTED_EDGE('',*,*,#3167,.F.) ;
#7532=ORIENTED_EDGE('',*,*,#7508,.F.) ;
#7533=ORIENTED_EDGE('',*,*,#2933,.F.) ;
#7534=ORIENTED_EDGE('',*,*,#7530,.T.) ;
#7535=ORIENTED_EDGE('',*,*,#5939,.F.) ;
#7536=ORIENTED_EDGE('',*,*,#6902,.F.) ;
#7537=ORIENTED_EDGE('',*,*,#6984,.F.) ;
#7538=ORIENTED_EDGE('',*,*,#7017,.F.) ;
#7539=ORIENTED_EDGE('',*,*,#7237,.F.) ;
#7554=ORIENTED_EDGE('',*,*,#7381,.F.) ;
#7555=ORIENTED_EDGE('',*,*,#4683,.T.) ;
#7556=ORIENTED_EDGE('',*,*,#7552,.T.) ;
#7557=ORIENTED_EDGE('',*,*,#2832,.F.) ;
#7558=ORIENTED_EDGE('',*,*,#2822,.F.) ;
#7559=ORIENTED_EDGE('',*,*,#3073,.F.) ;
#7560=ORIENTED_EDGE('',*,*,#7386,.F.) ;
#7577=ORIENTED_EDGE('',*,*,#7575,.F.) ;
#7578=ORIENTED_EDGE('',*,*,#2839,.F.) ;
#7579=ORIENTED_EDGE('',*,*,#7552,.F.) ;
#7588=ORIENTED_EDGE('',*,*,#7575,.T.) ;
#7589=ORIENTED_EDGE('',*,*,#4677,.F.) ;
#7590=ORIENTED_EDGE('',*,*,#4669,.T.) ;
#7591=ORIENTED_EDGE('',*,*,#5953,.T.) ;
#7592=ORIENTED_EDGE('',*,*,#5947,.T.) ;
#7593=ORIENTED_EDGE('',*,*,#7530,.F.) ;
#7594=ORIENTED_EDGE('',*,*,#2926,.F.) ;
#7595=ORIENTED_EDGE('',*,*,#2877,.F.) ;
#7596=ORIENTED_EDGE('',*,*,#2867,.F.) ;
#7644=ORIENTED_EDGE('',*,*,#4648,.F.) ;
#7645=ORIENTED_EDGE('',*,*,#7625,.F.) ;
#7646=ORIENTED_EDGE('',*,*,#7642,.F.) ;
#7647=ORIENTED_EDGE('',*,*,#2574,.F.) ;
#7706=ORIENTED_EDGE('',*,*,#2640,.F.) ;
#7707=ORIENTED_EDGE('',*,*,#2624,.F.) ;
#7708=ORIENTED_EDGE('',*,*,#2593,.F.) ;
#7709=ORIENTED_EDGE('',*,*,#7642,.T.) ;
#7710=ORIENTED_EDGE('',*,*,#3926,.F.) ;
#7711=ORIENTED_EDGE('',*,*,#3918,.F.) ;
#7712=ORIENTED_EDGE('',*,*,#3899,.F.) ;
#7713=ORIENTED_EDGE('',*,*,#3874,.F.) ;
#7714=ORIENTED_EDGE('',*,*,#3858,.F.) ;
#7715=ORIENTED_EDGE('',*,*,#3833,.F.) ;
#7716=ORIENTED_EDGE('',*,*,#6465,.F.) ;
#7725=ORIENTED_EDGE('',*,*,#2646,.F.) ;
#7726=ORIENTED_EDGE('',*,*,#6458,.T.) ;
#7802=ORIENTED_EDGE('',*,*,#2705,.F.) ;
#7803=ORIENTED_EDGE('',*,*,#2696,.F.) ;
#7804=ORIENTED_EDGE('',*,*,#2677,.F.) ;
#7805=ORIENTED_EDGE('',*,*,#6473,.T.) ;
#7806=ORIENTED_EDGE('',*,*,#4365,.F.) ;
#7807=ORIENTED_EDGE('',*,*,#4357,.F.) ;
#7808=ORIENTED_EDGE('',*,*,#4329,.F.) ;
#7809=ORIENTED_EDGE('',*,*,#4304,.F.) ;
#7810=ORIENTED_EDGE('',*,*,#4288,.F.) ;
#7811=ORIENTED_EDGE('',*,*,#4263,.F.) ;
#7812=ORIENTED_EDGE('',*,*,#7800,.F.) ;
#7850=ORIENTED_EDGE('',*,*,#2718,.F.) ;
#7851=ORIENTED_EDGE('',*,*,#7800,.T.) ;
#7852=ORIENTED_EDGE('',*,*,#7841,.F.) ;
#7853=ORIENTED_EDGE('',*,*,#7848,.F.) ;
#7867=ORIENTED_EDGE('',*,*,#7865,.T.) ;
#7868=ORIENTED_EDGE('',*,*,#6575,.T.) ;
#7869=ORIENTED_EDGE('',*,*,#2302,.F.) ;
#7870=ORIENTED_EDGE('',*,*,#6663,.F.) ;
#7911=ORIENTED_EDGE('',*,*,#4632,.F.) ;
#7912=ORIENTED_EDGE('',*,*,#2561,.F.) ;
#7913=ORIENTED_EDGE('',*,*,#2553,.F.) ;
#7914=ORIENTED_EDGE('',*,*,#2528,.F.) ;
#7915=ORIENTED_EDGE('',*,*,#2453,.T.) ;
#7916=ORIENTED_EDGE('',*,*,#2345,.F.) ;
#7917=ORIENTED_EDGE('',*,*,#2335,.F.) ;
#7918=ORIENTED_EDGE('',*,*,#2310,.F.) ;
#7919=ORIENTED_EDGE('',*,*,#6564,.T.) ;
#7938=ORIENTED_EDGE('',*,*,#2216,.F.) ;
#7939=ORIENTED_EDGE('',*,*,#7931,.F.) ;
#7940=ORIENTED_EDGE('',*,*,#3155,.F.) ;
#7941=ORIENTED_EDGE('',*,*,#7291,.T.) ;
#7942=ORIENTED_EDGE('',*,*,#7936,.F.) ;
#7956=ORIENTED_EDGE('',*,*,#2164,.F.) ;
#7957=ORIENTED_EDGE('',*,*,#7954,.F.) ;
#7958=ORIENTED_EDGE('',*,*,#3216,.F.) ;
#7959=ORIENTED_EDGE('',*,*,#3209,.F.) ;
#7960=ORIENTED_EDGE('',*,*,#2798,.T.) ;
#7961=ORIENTED_EDGE('',*,*,#2171,.F.) ;
#7980=ORIENTED_EDGE('',*,*,#7973,.T.) ;
#7981=ORIENTED_EDGE('',*,*,#4563,.F.) ;
#7982=ORIENTED_EDGE('',*,*,#7978,.F.) ;
#7983=ORIENTED_EDGE('',*,*,#2087,.F.) ;
#7984=ORIENTED_EDGE('',*,*,#2071,.F.) ;
#7985=ORIENTED_EDGE('',*,*,#2061,.F.) ;
#7989=ORIENTED_EDGE('',*,*,#7973,.F.) ;
#7990=ORIENTED_EDGE('',*,*,#2105,.F.) ;
#7991=ORIENTED_EDGE('',*,*,#2097,.F.) ;
#7992=ORIENTED_EDGE('',*,*,#7978,.T.) ;
#7993=ORIENTED_EDGE('',*,*,#4583,.F.) ;
#8002=ORIENTED_EDGE('',*,*,#6017,.T.) ;
#8003=ORIENTED_EDGE('',*,*,#5999,.T.) ;
#8004=ORIENTED_EDGE('',*,*,#1992,.F.) ;
#8008=ORIENTED_EDGE('',*,*,#7954,.T.) ;
#8009=ORIENTED_EDGE('',*,*,#1999,.F.) ;
#8010=ORIENTED_EDGE('',*,*,#5992,.T.) ;
#8011=ORIENTED_EDGE('',*,*,#6022,.T.) ;
#8012=ORIENTED_EDGE('',*,*,#1985,.F.) ;
#8013=ORIENTED_EDGE('',*,*,#7841,.T.) ;
#8014=ORIENTED_EDGE('',*,*,#4241,.F.) ;
#8015=ORIENTED_EDGE('',*,*,#3223,.T.) ;
#8045=ORIENTED_EDGE('',*,*,#1978,.F.) ;
#8046=ORIENTED_EDGE('',*,*,#1968,.F.) ;
#8047=ORIENTED_EDGE('',*,*,#1926,.F.) ;
#8048=ORIENTED_EDGE('',*,*,#2760,.F.) ;
#8049=ORIENTED_EDGE('',*,*,#2753,.F.) ;
#8050=ORIENTED_EDGE('',*,*,#2734,.F.) ;
#8051=ORIENTED_EDGE('',*,*,#7848,.T.) ;
#8070=ORIENTED_EDGE('',*,*,#8063,.T.) ;
#8071=ORIENTED_EDGE('',*,*,#1700,.F.) ;
#8072=ORIENTED_EDGE('',*,*,#1692,.F.) ;
#8073=ORIENTED_EDGE('',*,*,#1682,.F.) ;
#8074=ORIENTED_EDGE('',*,*,#2369,.F.) ;
#8075=ORIENTED_EDGE('',*,*,#8068,.F.) ;
#8076=ORIENTED_EDGE('',*,*,#4529,.F.) ;
#8080=ORIENTED_EDGE('',*,*,#8068,.T.) ;
#8081=ORIENTED_EDGE('',*,*,#2361,.F.) ;
#8082=ORIENTED_EDGE('',*,*,#1741,.F.) ;
#8083=ORIENTED_EDGE('',*,*,#1735,.F.) ;
#8084=ORIENTED_EDGE('',*,*,#1719,.F.) ;
#8085=ORIENTED_EDGE('',*,*,#8063,.F.) ;
#8086=ORIENTED_EDGE('',*,*,#4509,.F.) ;
#8135=ORIENTED_EDGE('',*,*,#6750,.T.) ;
#8136=ORIENTED_EDGE('',*,*,#6725,.T.) ;
#8137=ORIENTED_EDGE('',*,*,#6709,.T.) ;
#8138=ORIENTED_EDGE('',*,*,#6700,.T.) ;
#8139=ORIENTED_EDGE('',*,*,#6681,.T.) ;
#8140=ORIENTED_EDGE('',*,*,#6671,.F.) ;
#8141=ORIENTED_EDGE('',*,*,#2401,.F.) ;
#8142=ORIENTED_EDGE('',*,*,#2394,.F.) ;
#8143=ORIENTED_EDGE('',*,*,#1622,.F.) ;
#8144=ORIENTED_EDGE('',*,*,#8133,.F.) ;
#8163=ORIENTED_EDGE('',*,*,#8156,.F.) ;
#8164=ORIENTED_EDGE('',*,*,#6758,.T.) ;
#8165=ORIENTED_EDGE('',*,*,#8161,.T.) ;
#8166=ORIENTED_EDGE('',*,*,#1565,.F.) ;
#8224=ORIENTED_EDGE('',*,*,#7262,.F.) ;
#8225=ORIENTED_EDGE('',*,*,#6785,.T.) ;
#8226=ORIENTED_EDGE('',*,*,#6818,.T.) ;
#8227=ORIENTED_EDGE('',*,*,#1455,.F.) ;
#8228=ORIENTED_EDGE('',*,*,#1445,.F.) ;
#8229=ORIENTED_EDGE('',*,*,#8216,.T.) ;
#8230=ORIENTED_EDGE('',*,*,#8222,.T.) ;
#8239=ORIENTED_EDGE('',*,*,#6558,.T.) ;
#8240=ORIENTED_EDGE('',*,*,#6552,.T.) ;
#8241=ORIENTED_EDGE('',*,*,#7865,.F.) ;
#8242=ORIENTED_EDGE('',*,*,#6652,.T.) ;
#8243=ORIENTED_EDGE('',*,*,#8156,.T.) ;
#8244=ORIENTED_EDGE('',*,*,#1462,.F.) ;
#8245=ORIENTED_EDGE('',*,*,#6813,.T.) ;
#8246=ORIENTED_EDGE('',*,*,#6842,.T.) ;
#8247=ORIENTED_EDGE('',*,*,#3932,.F.) ;
#8248=ORIENTED_EDGE('',*,*,#7625,.T.) ;
#8251=ORIENTED_EDGE('',*,*,#6506,.T.) ;
#8252=ORIENTED_EDGE('',*,*,#6518,.T.) ;
#8271=ORIENTED_EDGE('',*,*,#8264,.T.) ;
#8272=ORIENTED_EDGE('',*,*,#1368,.F.) ;
#8273=ORIENTED_EDGE('',*,*,#1358,.F.) ;
#8274=ORIENTED_EDGE('',*,*,#1348,.F.) ;
#8275=ORIENTED_EDGE('',*,*,#1338,.F.) ;
#8276=ORIENTED_EDGE('',*,*,#1328,.F.) ;
#8277=ORIENTED_EDGE('',*,*,#1318,.F.) ;
#8278=ORIENTED_EDGE('',*,*,#1308,.F.) ;
#8279=ORIENTED_EDGE('',*,*,#1298,.F.) ;
#8280=ORIENTED_EDGE('',*,*,#8269,.F.) ;
#8281=ORIENTED_EDGE('',*,*,#3313,.F.) ;
#8285=ORIENTED_EDGE('',*,*,#8269,.T.) ;
#8286=ORIENTED_EDGE('',*,*,#1373,.F.) ;
#8287=ORIENTED_EDGE('',*,*,#8264,.F.) ;
#8288=ORIENTED_EDGE('',*,*,#3290,.F.) ;
#8307=ORIENTED_EDGE('',*,*,#8300,.T.) ;
#8308=ORIENTED_EDGE('',*,*,#1197,.F.) ;
#8309=ORIENTED_EDGE('',*,*,#8305,.F.) ;
#8310=ORIENTED_EDGE('',*,*,#3752,.F.) ;
#8314=ORIENTED_EDGE('',*,*,#8305,.T.) ;
#8315=ORIENTED_EDGE('',*,*,#1275,.F.) ;
#8316=ORIENTED_EDGE('',*,*,#1267,.F.) ;
#8317=ORIENTED_EDGE('',*,*,#1257,.F.) ;
#8318=ORIENTED_EDGE('',*,*,#1247,.F.) ;
#8319=ORIENTED_EDGE('',*,*,#1237,.F.) ;
#8320=ORIENTED_EDGE('',*,*,#1227,.F.) ;
#8321=ORIENTED_EDGE('',*,*,#1217,.F.) ;
#8322=ORIENTED_EDGE('',*,*,#1207,.F.) ;
#8323=ORIENTED_EDGE('',*,*,#8300,.F.) ;
#8324=ORIENTED_EDGE('',*,*,#3729,.F.) ;
#8343=ORIENTED_EDGE('',*,*,#8336,.T.) ;
#8344=ORIENTED_EDGE('',*,*,#1081,.F.) ;
#8345=ORIENTED_EDGE('',*,*,#8341,.F.) ;
#8346=ORIENTED_EDGE('',*,*,#3679,.F.) ;
#8350=ORIENTED_EDGE('',*,*,#8341,.T.) ;
#8351=ORIENTED_EDGE('',*,*,#1159,.F.) ;
#8352=ORIENTED_EDGE('',*,*,#1151,.F.) ;
#8353=ORIENTED_EDGE('',*,*,#1141,.F.) ;
#8354=ORIENTED_EDGE('',*,*,#1131,.F.) ;
#8355=ORIENTED_EDGE('',*,*,#1121,.F.) ;
#8356=ORIENTED_EDGE('',*,*,#1111,.F.) ;
#8357=ORIENTED_EDGE('',*,*,#1101,.F.) ;
#8358=ORIENTED_EDGE('',*,*,#1091,.F.) ;
#8359=ORIENTED_EDGE('',*,*,#8336,.F.) ;
#8360=ORIENTED_EDGE('',*,*,#3656,.F.) ;
#8369=ORIENTED_EDGE('',*,*,#2791,.T.) ;
#8370=ORIENTED_EDGE('',*,*,#2919,.F.) ;
#8371=ORIENTED_EDGE('',*,*,#3160,.F.) ;
#8372=ORIENTED_EDGE('',*,*,#7931,.T.) ;
#8373=ORIENTED_EDGE('',*,*,#2209,.T.) ;
#8374=ORIENTED_EDGE('',*,*,#828,.F.) ;
#8375=ORIENTED_EDGE('',*,*,#2156,.T.) ;
#8379=ORIENTED_EDGE('',*,*,#1574,.T.) ;
#8380=ORIENTED_EDGE('',*,*,#8161,.F.) ;
#8381=ORIENTED_EDGE('',*,*,#8133,.T.) ;
#8382=ORIENTED_EDGE('',*,*,#1613,.T.) ;
#8383=ORIENTED_EDGE('',*,*,#371,.F.) ;
#8387=ORIENTED_EDGE('',*,*,#7301,.F.) ;
#8388=ORIENTED_EDGE('',*,*,#7242,.T.) ;
#8389=ORIENTED_EDGE('',*,*,#3416,.F.) ;
#8390=ORIENTED_EDGE('',*,*,#7267,.T.) ;
#8391=ORIENTED_EDGE('',*,*,#8222,.F.) ;
#8392=ORIENTED_EDGE('',*,*,#8216,.F.) ;
#8393=ORIENTED_EDGE('',*,*,#294,.F.) ;
#8394=ORIENTED_EDGE('',*,*,#1402,.T.) ;
#8395=ORIENTED_EDGE('',*,*,#2262,.F.) ;
#8396=ORIENTED_EDGE('',*,*,#2245,.T.) ;
#8397=ORIENTED_EDGE('',*,*,#842,.F.) ;
#8398=ORIENTED_EDGE('',*,*,#2221,.F.) ;
#8399=ORIENTED_EDGE('',*,*,#7936,.T.) ;
#8402=ORIENTED_EDGE('',*,*,#7194,.T.) ;
#8403=ORIENTED_EDGE('',*,*,#7211,.T.) ;
#8406=ORIENTED_EDGE('',*,*,#7151,.T.) ;
#8407=ORIENTED_EDGE('',*,*,#7168,.T.) ;
#8426=ORIENTED_EDGE('',*,*,#8419,.T.) ;
#8427=ORIENTED_EDGE('',*,*,#214,.F.) ;
#8428=ORIENTED_EDGE('',*,*,#8424,.F.) ;
#8429=ORIENTED_EDGE('',*,*,#3254,.F.) ;
#8433=ORIENTED_EDGE('',*,*,#8424,.T.) ;
#8434=ORIENTED_EDGE('',*,*,#219,.F.) ;
#8435=ORIENTED_EDGE('',*,*,#8419,.F.) ;
#8436=ORIENTED_EDGE('',*,*,#3259,.F.) ;
#8445=ORIENTED_EDGE('',*,*,#122,.F.) ;
#8446=ORIENTED_EDGE('',*,*,#245,.F.) ;
#8447=ORIENTED_EDGE('',*,*,#1846,.T.) ;
#8448=ORIENTED_EDGE('',*,*,#692,.F.) ;
#8457=ORIENTED_EDGE('',*,*,#861,.T.) ;
#8458=ORIENTED_EDGE('',*,*,#1037,.F.) ;
#8459=ORIENTED_EDGE('',*,*,#650,.T.) ;
#8460=ORIENTED_EDGE('',*,*,#148,.F.) ;
#8469=ORIENTED_EDGE('',*,*,#252,.T.) ;
#8470=ORIENTED_EDGE('',*,*,#174,.F.) ;
#8471=ORIENTED_EDGE('',*,*,#643,.T.) ;
#8472=ORIENTED_EDGE('',*,*,#922,.F.) ;
#8473=ORIENTED_EDGE('',*,*,#914,.F.) ;
#8492=ORIENTED_EDGE('',*,*,#8485,.T.) ;
#8493=ORIENTED_EDGE('',*,*,#1179,.F.) ;
#8494=ORIENTED_EDGE('',*,*,#8490,.F.) ;
#8495=ORIENTED_EDGE('',*,*,#103,.F.) ;
#8499=ORIENTED_EDGE('',*,*,#8490,.T.) ;
#8500=ORIENTED_EDGE('',*,*,#1184,.F.) ;
#8501=ORIENTED_EDGE('',*,*,#8485,.F.) ;
#8502=ORIENTED_EDGE('',*,*,#80,.F.) ;
#8521=ORIENTED_EDGE('',*,*,#8514,.T.) ;
#8522=ORIENTED_EDGE('',*,*,#196,.F.) ;
#8523=ORIENTED_EDGE('',*,*,#8519,.F.) ;
#8524=ORIENTED_EDGE('',*,*,#49,.F.) ;
#8528=ORIENTED_EDGE('',*,*,#8519,.T.) ;
#8529=ORIENTED_EDGE('',*,*,#201,.F.) ;
#8530=ORIENTED_EDGE('',*,*,#8514,.F.) ;
#8531=ORIENTED_EDGE('',*,*,#44,.F.) ;
#50=EDGE_LOOP('',(#51,#52)) ;
#104=EDGE_LOOP('',(#105,#106)) ;
#180=EDGE_LOOP('',(#181,#182,#183,#184,#185,#186)) ;
#202=EDGE_LOOP('',(#203,#204)) ;
#220=EDGE_LOOP('',(#221,#222)) ;
#597=EDGE_LOOP('',(#598,#599,#600,#601,#602,#603,#604,#605,#606,#607,#608,#609,#610,#611,#612,#613,#614,#615,#616,#617,#618,#619,#620,#621,#622)) ;
#663=EDGE_LOOP('',(#664,#665,#666,#667,#668,#669)) ;
#862=EDGE_LOOP('',(#863,#864,#865,#866,#867,#868,#869,#870,#871,#872,#873,#874,#875,#876,#877,#878,#879)) ;
#935=EDGE_LOOP('',(#936,#937,#938,#939,#940,#941)) ;
#961=EDGE_LOOP('',(#962,#963,#964,#965)) ;
#985=EDGE_LOOP('',(#986,#987,#988,#989)) ;
#1062=EDGE_LOOP('',(#1063,#1064,#1065,#1066,#1067,#1068,#1069,#1070,#1071)) ;
#1160=EDGE_LOOP('',(#1161,#1162,#1163,#1164,#1165,#1166,#1167,#1168,#1169)) ;
#1185=EDGE_LOOP('',(#1186,#1187)) ;
#1276=EDGE_LOOP('',(#1277,#1278,#1279,#1280,#1281,#1282,#1283,#1284,#1285)) ;
#1374=EDGE_LOOP('',(#1375,#1376,#1377,#1378,#1379,#1380,#1381,#1382,#1383)) ;
#1403=EDGE_LOOP('',(#1404,#1405,#1406,#1407)) ;
#1496=EDGE_LOOP('',(#1497,#1498,#1499,#1500,#1501,#1502)) ;
#1575=EDGE_LOOP('',(#1576,#1577,#1578,#1579,#1580,#1581,#1582)) ;
#1630=EDGE_LOOP('',(#1631,#1632,#1633,#1634,#1635,#1636,#1637)) ;
#1742=EDGE_LOOP('',(#1743,#1744,#1745,#1746,#1747,#1748,#1749,#1750,#1751,#1752,#1753)) ;
#1824=EDGE_LOOP('',(#1825,#1826,#1827,#1828,#1829,#1830,#1831,#1832,#1833,#1834)) ;
#1872=EDGE_LOOP('',(#1873,#1874,#1875,#1876,#1877,#1878,#1879,#1880,#1881)) ;
#1889=EDGE_LOOP('',(#1890,#1891,#1892,#1893,#1894)) ;
#1933=EDGE_LOOP('',(#1934,#1935,#1936,#1937,#1938,#1939)) ;
#2039=EDGE_LOOP('',(#2040,#2041,#2042,#2043,#2044,#2045,#2046,#2047,#2048,#2049,#2050)) ;
#2106=EDGE_LOOP('',(#2107,#2108,#2109,#2110,#2111)) ;
#2172=EDGE_LOOP('',(#2173,#2174,#2175,#2176,#2177,#2178,#2179,#2180)) ;
#2222=EDGE_LOOP('',(#2223,#2224,#2225,#2226)) ;
#2246=EDGE_LOOP('',(#2247,#2248,#2249,#2250)) ;
#2263=EDGE_LOOP('',(#2264,#2265,#2266,#2267)) ;
#2402=EDGE_LOOP('',(#2403,#2404,#2405,#2406,#2407,#2408,#2409,#2410,#2411,#2412,#2413)) ;
#2454=EDGE_LOOP('',(#2455,#2456,#2457,#2458)) ;
#2761=EDGE_LOOP('',(#2762,#2763,#2764,#2765,#2766,#2767,#2768,#2769,#2770,#2771,#2772,#2773,#2774,#2775,#2776,#2777)) ;
#2886=EDGE_LOOP('',(#2887,#2888,#2889,#2890,#2891,#2892,#2893,#2894,#2895,#2896,#2897)) ;
#3029=EDGE_LOOP('',(#3030,#3031,#3032,#3033,#3034,#3035,#3036,#3037,#3038,#3039,#3040)) ;
#3074=EDGE_LOOP('',(#3075,#3076,#3077,#3078,#3079)) ;
#3131=EDGE_LOOP('',(#3132,#3133,#3134,#3135,#3136,#3137,#3138,#3139)) ;
#3189=EDGE_LOOP('',(#3190,#3191,#3192,#3193,#3194,#3195)) ;
#3238=EDGE_LOOP('',(#3239,#3240,#3241,#3242,#3243)) ;
#3260=EDGE_LOOP('',(#3261,#3262)) ;
#3314=EDGE_LOOP('',(#3315,#3316)) ;
#3438=EDGE_LOOP('',(#3439,#3440,#3441,#3442)) ;
#3513=EDGE_LOOP('',(#3514,#3515,#3516,#3517,#3518,#3519)) ;
#3547=EDGE_LOOP('',(#3548,#3549,#3550,#3551)) ;
#3602=EDGE_LOOP('',(#3603,#3604,#3605,#3606,#3607,#3608,#3609)) ;
#3626=EDGE_LOOP('',(#3627,#3628)) ;
#3680=EDGE_LOOP('',(#3681,#3682)) ;
#3699=EDGE_LOOP('',(#3700,#3701)) ;
#3753=EDGE_LOOP('',(#3754,#3755)) ;
#4047=EDGE_LOOP('',(#4048,#4049,#4050,#4051,#4052,#4053,#4054,#4055,#4056,#4057,#4058,#4059,#4060,#4061,#4062,#4063)) ;
#4109=EDGE_LOOP('',(#4110,#4111)) ;
#4415=EDGE_LOOP('',(#4416,#4417,#4418,#4419,#4420,#4421,#4422,#4423,#4424,#4425,#4426,#4427,#4428,#4429,#4430)) ;
#4476=EDGE_LOOP('',(#4477,#4478)) ;
#4530=EDGE_LOOP('',(#4531,#4532)) ;
#4584=EDGE_LOOP('',(#4585,#4586)) ;
#4649=EDGE_LOOP('',(#4650,#4651,#4652)) ;
#4684=EDGE_LOOP('',(#4685,#4686,#4687)) ;
#5165=EDGE_LOOP('',(#5166,#5167,#5168,#5169,#5170,#5171,#5172,#5173,#5174,#5175,#5176,#5177)) ;
#5254=EDGE_LOOP('',(#5255,#5256,#5257,#5258,#5259,#5260,#5261,#5262,#5263,#5264,#5265)) ;
#5281=EDGE_LOOP('',(#5282,#5283,#5284,#5285,#5286,#5287,#5288)) ;
#5340=EDGE_LOOP('',(#5341,#5342)) ;
#5394=EDGE_LOOP('',(#5395,#5396)) ;
#5448=EDGE_LOOP('',(#5449,#5450)) ;
#5502=EDGE_LOOP('',(#5503,#5504)) ;
#5537=EDGE_LOOP('',(#5538,#5539,#5540,#5541)) ;
#5646=EDGE_LOOP('',(#5647,#5648,#5649,#5650,#5651,#5652,#5653)) ;
#5691=EDGE_LOOP('',(#5692,#5693,#5694,#5695,#5696)) ;
#5735=EDGE_LOOP('',(#5736,#5737,#5738,#5739)) ;
#5760=EDGE_LOOP('',(#5761,#5762,#5763,#5764,#5765,#5766,#5767,#5768)) ;
#5838=EDGE_LOOP('',(#5839,#5840,#5841,#5842,#5843,#5844)) ;
#5904=EDGE_LOOP('',(#5905,#5906,#5907,#5908,#5909,#5910,#5911,#5912,#5913,#5914,#5915)) ;
#5967=EDGE_LOOP('',(#5968,#5969,#5970,#5971,#5972,#5973)) ;
#6005=EDGE_LOOP('',(#6006,#6007,#6008,#6009,#6010)) ;
#6023=EDGE_LOOP('',(#6024,#6025,#6026,#6027,#6028)) ;
#6046=EDGE_LOOP('',(#6047,#6048,#6049,#6050)) ;
#6053=EDGE_LOOP('',(#6054,#6055,#6056,#6057)) ;
#6100=EDGE_LOOP('',(#6101,#6102,#6103,#6104,#6105,#6106)) ;
#6143=EDGE_LOOP('',(#6144,#6145,#6146,#6147,#6148)) ;
#6166=EDGE_LOOP('',(#6167,#6168,#6169,#6170)) ;
#6173=EDGE_LOOP('',(#6174,#6175,#6176,#6177)) ;
#6238=EDGE_LOOP('',(#6239,#6240,#6241,#6242,#6243)) ;
#6274=EDGE_LOOP('',(#6275,#6276,#6277,#6278,#6279)) ;
#6315=EDGE_LOOP('',(#6316,#6317,#6318,#6319,#6320,#6321)) ;
#6375=EDGE_LOOP('',(#6376,#6377,#6378,#6379,#6380,#6381)) ;
#6474=EDGE_LOOP('',(#6475,#6476,#6477,#6478,#6479)) ;
#6507=EDGE_LOOP('',(#6508,#6509,#6510,#6511)) ;
#6519=EDGE_LOOP('',(#6520,#6521,#6522,#6523)) ;
#6576=EDGE_LOOP('',(#6577,#6578,#6579,#6580,#6581)) ;
#6759=EDGE_LOOP('',(#6760,#6761,#6762,#6763,#6764,#6765,#6766,#6767,#6768)) ;
#6819=EDGE_LOOP('',(#6820,#6821,#6822,#6823,#6824,#6825)) ;
#6843=EDGE_LOOP('',(#6844,#6845,#6846,#6847,#6848)) ;
#6866=EDGE_LOOP('',(#6867,#6868,#6869,#6870)) ;
#6883=EDGE_LOOP('',(#6884,#6885,#6886,#6887,#6888)) ;
#6908=EDGE_LOOP('',(#6909,#6910,#6911,#6912)) ;
#6934=EDGE_LOOP('',(#6935,#6936,#6937,#6938,#6939,#6940,#6941,#6942)) ;
#6964=EDGE_LOOP('',(#6965,#6966,#6967,#6968,#6969,#6970)) ;
#6999=EDGE_LOOP('',(#7000,#7001,#7002,#7003)) ;
#7026=EDGE_LOOP('',(#7027,#7028,#7029,#7030)) ;
#7126=EDGE_LOOP('',(#7127,#7128,#7129,#7130)) ;
#7157=EDGE_LOOP('',(#7158,#7159,#7160,#7161)) ;
#7169=EDGE_LOOP('',(#7170,#7171,#7172,#7173)) ;
#7200=EDGE_LOOP('',(#7201,#7202,#7203,#7204)) ;
#7212=EDGE_LOOP('',(#7213,#7214,#7215,#7216)) ;
#7243=EDGE_LOOP('',(#7244,#7245,#7246,#7247)) ;
#7268=EDGE_LOOP('',(#7269,#7270,#7271,#7272,#7273,#7274,#7275,#7276,#7277)) ;
#7302=EDGE_LOOP('',(#7303,#7304,#7305,#7306)) ;
#7319=EDGE_LOOP('',(#7320,#7321,#7322,#7323)) ;
#7334=EDGE_LOOP('',(#7335,#7336,#7337,#7338)) ;
#7362=EDGE_LOOP('',(#7363,#7364,#7365,#7366,#7367)) ;
#7458=EDGE_LOOP('',(#7459,#7460,#7461,#7462,#7463,#7464,#7465,#7466,#7467,#7468,#7469,#7470,#7471,#7472)) ;
#7484=EDGE_LOOP('',(#7485,#7486,#7487,#7488,#7489,#7490,#7491,#7492,#7493,#7494,#7495,#7496)) ;
#7509=EDGE_LOOP('',(#7510,#7511,#7512,#7513,#7514,#7515,#7516,#7517,#7518)) ;
#7531=EDGE_LOOP('',(#7532,#7533,#7534,#7535,#7536,#7537,#7538,#7539)) ;
#7553=EDGE_LOOP('',(#7554,#7555,#7556,#7557,#7558,#7559,#7560)) ;
#7576=EDGE_LOOP('',(#7577,#7578,#7579)) ;
#7587=EDGE_LOOP('',(#7588,#7589,#7590,#7591,#7592,#7593,#7594,#7595,#7596)) ;
#7643=EDGE_LOOP('',(#7644,#7645,#7646,#7647)) ;
#7705=EDGE_LOOP('',(#7706,#7707,#7708,#7709,#7710,#7711,#7712,#7713,#7714,#7715,#7716)) ;
#7724=EDGE_LOOP('',(#7725,#7726)) ;
#7801=EDGE_LOOP('',(#7802,#7803,#7804,#7805,#7806,#7807,#7808,#7809,#7810,#7811,#7812)) ;
#7849=EDGE_LOOP('',(#7850,#7851,#7852,#7853)) ;
#7866=EDGE_LOOP('',(#7867,#7868,#7869,#7870)) ;
#7910=EDGE_LOOP('',(#7911,#7912,#7913,#7914,#7915,#7916,#7917,#7918,#7919)) ;
#7937=EDGE_LOOP('',(#7938,#7939,#7940,#7941,#7942)) ;
#7955=EDGE_LOOP('',(#7956,#7957,#7958,#7959,#7960,#7961)) ;
#7979=EDGE_LOOP('',(#7980,#7981,#7982,#7983,#7984,#7985)) ;
#7988=EDGE_LOOP('',(#7989,#7990,#7991,#7992,#7993)) ;
#8001=EDGE_LOOP('',(#8002,#8003,#8004)) ;
#8007=EDGE_LOOP('',(#8008,#8009,#8010,#8011,#8012,#8013,#8014,#8015)) ;
#8044=EDGE_LOOP('',(#8045,#8046,#8047,#8048,#8049,#8050,#8051)) ;
#8069=EDGE_LOOP('',(#8070,#8071,#8072,#8073,#8074,#8075,#8076)) ;
#8079=EDGE_LOOP('',(#8080,#8081,#8082,#8083,#8084,#8085,#8086)) ;
#8134=EDGE_LOOP('',(#8135,#8136,#8137,#8138,#8139,#8140,#8141,#8142,#8143,#8144)) ;
#8162=EDGE_LOOP('',(#8163,#8164,#8165,#8166)) ;
#8223=EDGE_LOOP('',(#8224,#8225,#8226,#8227,#8228,#8229,#8230)) ;
#8238=EDGE_LOOP('',(#8239,#8240,#8241,#8242,#8243,#8244,#8245,#8246,#8247,#8248)) ;
#8250=EDGE_LOOP('',(#8251,#8252)) ;
#8270=EDGE_LOOP('',(#8271,#8272,#8273,#8274,#8275,#8276,#8277,#8278,#8279,#8280,#8281)) ;
#8284=EDGE_LOOP('',(#8285,#8286,#8287,#8288)) ;
#8306=EDGE_LOOP('',(#8307,#8308,#8309,#8310)) ;
#8313=EDGE_LOOP('',(#8314,#8315,#8316,#8317,#8318,#8319,#8320,#8321,#8322,#8323,#8324)) ;
#8342=EDGE_LOOP('',(#8343,#8344,#8345,#8346)) ;
#8349=EDGE_LOOP('',(#8350,#8351,#8352,#8353,#8354,#8355,#8356,#8357,#8358,#8359,#8360)) ;
#8368=EDGE_LOOP('',(#8369,#8370,#8371,#8372,#8373,#8374,#8375)) ;
#8378=EDGE_LOOP('',(#8379,#8380,#8381,#8382,#8383)) ;
#8386=EDGE_LOOP('',(#8387,#8388,#8389,#8390,#8391,#8392,#8393,#8394,#8395,#8396,#8397,#8398,#8399)) ;
#8401=EDGE_LOOP('',(#8402,#8403)) ;
#8405=EDGE_LOOP('',(#8406,#8407)) ;
#8425=EDGE_LOOP('',(#8426,#8427,#8428,#8429)) ;
#8432=EDGE_LOOP('',(#8433,#8434,#8435,#8436)) ;
#8444=EDGE_LOOP('',(#8445,#8446,#8447,#8448)) ;
#8456=EDGE_LOOP('',(#8457,#8458,#8459,#8460)) ;
#8468=EDGE_LOOP('',(#8469,#8470,#8471,#8472,#8473)) ;
#8491=EDGE_LOOP('',(#8492,#8493,#8494,#8495)) ;
#8498=EDGE_LOOP('',(#8499,#8500,#8501,#8502)) ;
#8520=EDGE_LOOP('',(#8521,#8522,#8523,#8524)) ;
#8527=EDGE_LOOP('',(#8528,#8529,#8530,#8531)) ;
#21=MANIFOLD_SOLID_BREP('MANIFOLD_SOLID_BREP #5287',#30) ;
#41=VERTEX_POINT('',#40) ;
#43=VERTEX_POINT('',#42) ;
#77=VERTEX_POINT('',#76) ;
#79=VERTEX_POINT('',#78) ;
#119=VERTEX_POINT('',#118) ;
#121=VERTEX_POINT('',#120) ;
#128=VERTEX_POINT('',#127) ;
#147=VERTEX_POINT('',#146) ;
#154=VERTEX_POINT('',#153) ;
#173=VERTEX_POINT('',#172) ;
#193=VERTEX_POINT('',#192) ;
#195=VERTEX_POINT('',#194) ;
#211=VERTEX_POINT('',#210) ;
#213=VERTEX_POINT('',#212) ;
#244=VERTEX_POINT('',#243) ;
#251=VERTEX_POINT('',#250) ;
#258=VERTEX_POINT('',#257) ;
#265=VERTEX_POINT('',#264) ;
#272=VERTEX_POINT('',#271) ;
#279=VERTEX_POINT('',#278) ;
#286=VERTEX_POINT('',#285) ;
#293=VERTEX_POINT('',#292) ;
#300=VERTEX_POINT('',#299) ;
#313=VERTEX_POINT('',#312) ;
#338=VERTEX_POINT('',#337) ;
#363=VERTEX_POINT('',#362) ;
#370=VERTEX_POINT('',#369) ;
#380=VERTEX_POINT('',#379) ;
#399=VERTEX_POINT('',#398) ;
#424=VERTEX_POINT('',#423) ;
#452=VERTEX_POINT('',#451) ;
#462=VERTEX_POINT('',#461) ;
#478=VERTEX_POINT('',#477) ;
#503=VERTEX_POINT('',#502) ;
#531=VERTEX_POINT('',#530) ;
#559=VERTEX_POINT('',#558) ;
#590=VERTEX_POINT('',#589) ;
#635=VERTEX_POINT('',#634) ;
#637=VERTEX_POINT('',#636) ;
#649=VERTEX_POINT('',#648) ;
#656=VERTEX_POINT('',#655) ;
#691=VERTEX_POINT('',#690) ;
#698=VERTEX_POINT('',#697) ;
#711=VERTEX_POINT('',#710) ;
#736=VERTEX_POINT('',#735) ;
#758=VERTEX_POINT('',#757) ;
#765=VERTEX_POINT('',#764) ;
#775=VERTEX_POINT('',#774) ;
#782=VERTEX_POINT('',#781) ;
#795=VERTEX_POINT('',#794) ;
#820=VERTEX_POINT('',#819) ;
#827=VERTEX_POINT('',#826) ;
#834=VERTEX_POINT('',#833) ;
#841=VERTEX_POINT('',#840) ;
#848=VERTEX_POINT('',#847) ;
#855=VERTEX_POINT('',#854) ;
#913=VERTEX_POINT('',#912) ;
#928=VERTEX_POINT('',#927) ;
#954=VERTEX_POINT('',#953) ;
#978=VERTEX_POINT('',#977) ;
#1014=VERTEX_POINT('',#1013) ;
#1055=VERTEX_POINT('',#1054) ;
#1078=VERTEX_POINT('',#1077) ;
#1080=VERTEX_POINT('',#1079) ;
#1090=VERTEX_POINT('',#1089) ;
#1100=VERTEX_POINT('',#1099) ;
#1110=VERTEX_POINT('',#1109) ;
#1120=VERTEX_POINT('',#1119) ;
#1130=VERTEX_POINT('',#1129) ;
#1140=VERTEX_POINT('',#1139) ;
#1150=VERTEX_POINT('',#1149) ;
#1176=VERTEX_POINT('',#1175) ;
#1178=VERTEX_POINT('',#1177) ;
#1194=VERTEX_POINT('',#1193) ;
#1196=VERTEX_POINT('',#1195) ;
#1206=VERTEX_POINT('',#1205) ;
#1216=VERTEX_POINT('',#1215) ;
#1226=VERTEX_POINT('',#1225) ;
#1236=VERTEX_POINT('',#1235) ;
#1246=VERTEX_POINT('',#1245) ;
#1256=VERTEX_POINT('',#1255) ;
#1266=VERTEX_POINT('',#1265) ;
#1295=VERTEX_POINT('',#1294) ;
#1297=VERTEX_POINT('',#1296) ;
#1307=VERTEX_POINT('',#1306) ;
#1317=VERTEX_POINT('',#1316) ;
#1327=VERTEX_POINT('',#1326) ;
#1337=VERTEX_POINT('',#1336) ;
#1347=VERTEX_POINT('',#1346) ;
#1357=VERTEX_POINT('',#1356) ;
#1367=VERTEX_POINT('',#1366) ;
#1396=VERTEX_POINT('',#1395) ;
#1444=VERTEX_POINT('',#1443) ;
#1454=VERTEX_POINT('',#1453) ;
#1461=VERTEX_POINT('',#1460) ;
#1486=VERTEX_POINT('',#1485) ;
#1564=VERTEX_POINT('',#1563) ;
#1612=VERTEX_POINT('',#1611) ;
#1621=VERTEX_POINT('',#1620) ;
#1650=VERTEX_POINT('',#1649) ;
#1652=VERTEX_POINT('',#1651) ;
#1665=VERTEX_POINT('',#1664) ;
#1681=VERTEX_POINT('',#1680) ;
#1691=VERTEX_POINT('',#1690) ;
#1699=VERTEX_POINT('',#1698) ;
#1718=VERTEX_POINT('',#1717) ;
#1734=VERTEX_POINT('',#1733) ;
#1784=VERTEX_POINT('',#1783) ;
#1792=VERTEX_POINT('',#1791) ;
#1808=VERTEX_POINT('',#1807) ;
#1855=VERTEX_POINT('',#1854) ;
#1862=VERTEX_POINT('',#1861) ;
#1925=VERTEX_POINT('',#1924) ;
#1967=VERTEX_POINT('',#1966) ;
#1977=VERTEX_POINT('',#1976) ;
#1984=VERTEX_POINT('',#1983) ;
#1991=VERTEX_POINT('',#1990) ;
#1998=VERTEX_POINT('',#1997) ;
#2026=VERTEX_POINT('',#2025) ;
#2058=VERTEX_POINT('',#2057) ;
#2060=VERTEX_POINT('',#2059) ;
#2070=VERTEX_POINT('',#2069) ;
#2086=VERTEX_POINT('',#2085) ;
#2096=VERTEX_POINT('',#2095) ;
#2147=VERTEX_POINT('',#2146) ;
#2149=VERTEX_POINT('',#2148) ;
#2163=VERTEX_POINT('',#2162) ;
#2208=VERTEX_POINT('',#2207) ;
#2215=VERTEX_POINT('',#2214) ;
#2239=VERTEX_POINT('',#2238) ;
#2299=VERTEX_POINT('',#2298) ;
#2301=VERTEX_POINT('',#2300) ;
#2309=VERTEX_POINT('',#2308) ;
#2334=VERTEX_POINT('',#2333) ;
#2344=VERTEX_POINT('',#2343) ;
#2360=VERTEX_POINT('',#2359) ;
#2393=VERTEX_POINT('',#2392) ;
#2527=VERTEX_POINT('',#2526) ;
#2552=VERTEX_POINT('',#2551) ;
#2560=VERTEX_POINT('',#2559) ;
#2573=VERTEX_POINT('',#2572) ;
#2592=VERTEX_POINT('',#2591) ;
#2623=VERTEX_POINT('',#2622) ;
#2639=VERTEX_POINT('',#2638) ;
#2645=VERTEX_POINT('',#2644) ;
#2676=VERTEX_POINT('',#2675) ;
#2695=VERTEX_POINT('',#2694) ;
#2704=VERTEX_POINT('',#2703) ;
#2717=VERTEX_POINT('',#2716) ;
#2733=VERTEX_POINT('',#2732) ;
#2752=VERTEX_POINT('',#2751) ;
#2790=VERTEX_POINT('',#2789) ;
#2797=VERTEX_POINT('',#2796) ;
#2804=VERTEX_POINT('',#2803) ;
#2811=VERTEX_POINT('',#2810) ;
#2821=VERTEX_POINT('',#2820) ;
#2831=VERTEX_POINT('',#2830) ;
#2838=VERTEX_POINT('',#2837) ;
#2866=VERTEX_POINT('',#2865) ;
#2876=VERTEX_POINT('',#2875) ;
#2910=VERTEX_POINT('',#2909) ;
#2912=VERTEX_POINT('',#2911) ;
#2925=VERTEX_POINT('',#2924) ;
#2932=VERTEX_POINT('',#2931) ;
#2951=VERTEX_POINT('',#2950) ;
#2970=VERTEX_POINT('',#2969) ;
#2986=VERTEX_POINT('',#2985) ;
#3005=VERTEX_POINT('',#3004) ;
#3021=VERTEX_POINT('',#3020) ;
#3053=VERTEX_POINT('',#3052) ;
#3060=VERTEX_POINT('',#3059) ;
#3067=VERTEX_POINT('',#3066) ;
#3093=VERTEX_POINT('',#3092) ;
#3095=VERTEX_POINT('',#3094) ;
#3102=VERTEX_POINT('',#3101) ;
#3110=VERTEX_POINT('',#3109) ;
#3123=VERTEX_POINT('',#3122) ;
#3152=VERTEX_POINT('',#3151) ;
#3154=VERTEX_POINT('',#3153) ;
#3166=VERTEX_POINT('',#3165) ;
#3182=VERTEX_POINT('',#3181) ;
#3208=VERTEX_POINT('',#3207) ;
#3215=VERTEX_POINT('',#3214) ;
#3222=VERTEX_POINT('',#3221) ;
#3251=VERTEX_POINT('',#3250) ;
#3253=VERTEX_POINT('',#3252) ;
#3287=VERTEX_POINT('',#3286) ;
#3289=VERTEX_POINT('',#3288) ;
#3403=VERTEX_POINT('',#3402) ;
#3405=VERTEX_POINT('',#3404) ;
#3415=VERTEX_POINT('',#3414) ;
#3428=VERTEX_POINT('',#3427) ;
#3455=VERTEX_POINT('',#3454) ;
#3457=VERTEX_POINT('',#3456) ;
#3482=VERTEX_POINT('',#3481) ;
#3504=VERTEX_POINT('',#3503) ;
#3532=VERTEX_POINT('',#3531) ;
#3534=VERTEX_POINT('',#3533) ;
#3564=VERTEX_POINT('',#3563) ;
#3566=VERTEX_POINT('',#3565) ;
#3573=VERTEX_POINT('',#3572) ;
#3585=VERTEX_POINT('',#3584) ;
#3595=VERTEX_POINT('',#3594) ;
#3617=VERTEX_POINT('',#3616) ;
#3619=VERTEX_POINT('',#3618) ;
#3653=VERTEX_POINT('',#3652) ;
#3655=VERTEX_POINT('',#3654) ;
#3690=VERTEX_POINT('',#3689) ;
#3692=VERTEX_POINT('',#3691) ;
#3726=VERTEX_POINT('',#3725) ;
#3728=VERTEX_POINT('',#3727) ;
#3830=VERTEX_POINT('',#3829) ;
#3832=VERTEX_POINT('',#3831) ;
#3857=VERTEX_POINT('',#3856) ;
#3873=VERTEX_POINT('',#3872) ;
#3898=VERTEX_POINT('',#3897) ;
#3917=VERTEX_POINT('',#3916) ;
#3925=VERTEX_POINT('',#3924) ;
#3931=VERTEX_POINT('',#3930) ;
#3939=VERTEX_POINT('',#3938) ;
#3964=VERTEX_POINT('',#3963) ;
#3973=VERTEX_POINT('',#3972) ;
#3982=VERTEX_POINT('',#3981) ;
#3991=VERTEX_POINT('',#3990) ;
#4010=VERTEX_POINT('',#4009) ;
#4019=VERTEX_POINT('',#4018) ;
#4025=VERTEX_POINT('',#4024) ;
#4085=VERTEX_POINT('',#4084) ;
#4087=VERTEX_POINT('',#4086) ;
#4183=VERTEX_POINT('',#4182) ;
#4185=VERTEX_POINT('',#4184) ;
#4194=VERTEX_POINT('',#4193) ;
#4219=VERTEX_POINT('',#4218) ;
#4228=VERTEX_POINT('',#4227) ;
#4240=VERTEX_POINT('',#4239) ;
#4262=VERTEX_POINT('',#4261) ;
#4287=VERTEX_POINT('',#4286) ;
#4303=VERTEX_POINT('',#4302) ;
#4328=VERTEX_POINT('',#4327) ;
#4356=VERTEX_POINT('',#4355) ;
#4364=VERTEX_POINT('',#4363) ;
#4452=VERTEX_POINT('',#4451) ;
#4454=VERTEX_POINT('',#4453) ;
#4506=VERTEX_POINT('',#4505) ;
#4508=VERTEX_POINT('',#4507) ;
#4560=VERTEX_POINT('',#4559) ;
#4562=VERTEX_POINT('',#4561) ;
#4631=VERTEX_POINT('',#4630) ;
#4639=VERTEX_POINT('',#4638) ;
#4666=VERTEX_POINT('',#4665) ;
#4668=VERTEX_POINT('',#4667) ;
#4676=VERTEX_POINT('',#4675) ;
#4975=VERTEX_POINT('',#4974) ;
#4977=VERTEX_POINT('',#4976) ;
#5002=VERTEX_POINT('',#5001) ;
#5011=VERTEX_POINT('',#5010) ;
#5036=VERTEX_POINT('',#5035) ;
#5058=VERTEX_POINT('',#5057) ;
#5071=VERTEX_POINT('',#5070) ;
#5080=VERTEX_POINT('',#5079) ;
#5088=VERTEX_POINT('',#5087) ;
#5107=VERTEX_POINT('',#5106) ;
#5131=VERTEX_POINT('',#5130) ;
#5191=VERTEX_POINT('',#5190) ;
#5193=VERTEX_POINT('',#5192) ;
#5200=VERTEX_POINT('',#5199) ;
#5214=VERTEX_POINT('',#5213) ;
#5230=VERTEX_POINT('',#5229) ;
#5238=VERTEX_POINT('',#5237) ;
#5245=VERTEX_POINT('',#5244) ;
#5316=VERTEX_POINT('',#5315) ;
#5318=VERTEX_POINT('',#5317) ;
#5370=VERTEX_POINT('',#5369) ;
#5372=VERTEX_POINT('',#5371) ;
#5424=VERTEX_POINT('',#5423) ;
#5426=VERTEX_POINT('',#5425) ;
#5478=VERTEX_POINT('',#5477) ;
#5480=VERTEX_POINT('',#5479) ;
#5517=VERTEX_POINT('',#5516) ;
#5519=VERTEX_POINT('',#5518) ;
#5563=VERTEX_POINT('',#5562) ;
#5576=VERTEX_POINT('',#5575) ;
#5595=VERTEX_POINT('',#5594) ;
#5605=VERTEX_POINT('',#5604) ;
#5612=VERTEX_POINT('',#5611) ;
#5671=VERTEX_POINT('',#5670) ;
#5677=VERTEX_POINT('',#5676) ;
#5685=VERTEX_POINT('',#5684) ;
#5722=VERTEX_POINT('',#5721) ;
#5786=VERTEX_POINT('',#5785) ;
#5788=VERTEX_POINT('',#5787) ;
#5807=VERTEX_POINT('',#5806) ;
#5832=VERTEX_POINT('',#5831) ;
#5853=VERTEX_POINT('',#5852) ;
#5855=VERTEX_POINT('',#5854) ;
#5874=VERTEX_POINT('',#5873) ;
#5881=VERTEX_POINT('',#5880) ;
#5889=VERTEX_POINT('',#5888) ;
#5929=VERTEX_POINT('',#5928) ;
#5931=VERTEX_POINT('',#5930) ;
#5938=VERTEX_POINT('',#5937) ;
#5946=VERTEX_POINT('',#5945) ;
#5959=VERTEX_POINT('',#5958) ;
#5986=VERTEX_POINT('',#5985) ;
#5998=VERTEX_POINT('',#5997) ;
#6207=VERTEX_POINT('',#6206) ;
#6209=VERTEX_POINT('',#6208) ;
#6487=VERTEX_POINT('',#6486) ;
#6494=VERTEX_POINT('',#6493) ;
#6549=VERTEX_POINT('',#6548) ;
#6551=VERTEX_POINT('',#6550) ;
#6649=VERTEX_POINT('',#6648) ;
#6651=VERTEX_POINT('',#6650) ;
#6670=VERTEX_POINT('',#6669) ;
#6680=VERTEX_POINT('',#6679) ;
#6699=VERTEX_POINT('',#6698) ;
#6708=VERTEX_POINT('',#6707) ;
#6724=VERTEX_POINT('',#6723) ;
#6749=VERTEX_POINT('',#6748) ;
#6782=VERTEX_POINT('',#6781) ;
#6784=VERTEX_POINT('',#6783) ;
#6791=VERTEX_POINT('',#6790) ;
#6799=VERTEX_POINT('',#6798) ;
#6807=VERTEX_POINT('',#6806) ;
#6901=VERTEX_POINT('',#6900) ;
#6921=VERTEX_POINT('',#6920) ;
#6983=VERTEX_POINT('',#6982) ;
#7016=VERTEX_POINT('',#7015) ;
#7143=VERTEX_POINT('',#7142) ;
#7150=VERTEX_POINT('',#7149) ;
#7186=VERTEX_POINT('',#7185) ;
#7193=VERTEX_POINT('',#7192) ;
#7229=VERTEX_POINT('',#7228) ;
#7231=VERTEX_POINT('',#7230) ;
#7261=VERTEX_POINT('',#7260) ;
#7290=VERTEX_POINT('',#7289) ;
#7380=VERTEX_POINT('',#7379) ;
#7401=VERTEX_POINT('',#7400) ;
#7423=VERTEX_POINT('',#7422) ;
#7448=VERTEX_POINT('',#7447) ;
#8215=VERTEX_POINT('',#8214) ;
#8534=ADVANCED_BREP_SHAPE_REPRESENTATION('NONE',(#21),#16) ;
#108=ADVANCED_FACE('MANIFOLD_SOLID_BREP #5287',(#53,#107),#35,.T.) ;
#224=ADVANCED_FACE('MANIFOLD_SOLID_BREP #5287',(#187,#205,#223),#113,.F.) ;
#624=ADVANCED_FACE('MANIFOLD_SOLID_BREP #5287',(#623),#229,.T.) ;
#671=ADVANCED_FACE('MANIFOLD_SOLID_BREP #5287',(#670),#629,.T.) ;
#881=ADVANCED_FACE('MANIFOLD_SOLID_BREP #5287',(#880),#676,.T.) ;
#943=ADVANCED_FACE('MANIFOLD_SOLID_BREP #5287',(#942),#886,.F.) ;
#967=ADVANCED_FACE('MANIFOLD_SOLID_BREP #5287',(#966),#948,.F.) ;
#991=ADVANCED_FACE('MANIFOLD_SOLID_BREP #5287',(#990),#972,.F.) ;
#1385=ADVANCED_FACE('MANIFOLD_SOLID_BREP #5287',(#1072,#1170,#1188,#1286,#1384),#996,.F.) ;
#1409=ADVANCED_FACE('MANIFOLD_SOLID_BREP #5287',(#1408),#1390,.T.) ;
#1504=ADVANCED_FACE('MANIFOLD_SOLID_BREP #5287',(#1503),#1414,.F.) ;
#1584=ADVANCED_FACE('MANIFOLD_SOLID_BREP #5287',(#1583),#1505,.F.) ;
#1639=ADVANCED_FACE('MANIFOLD_SOLID_BREP #5287',(#1638),#1585,.F.) ;
#1755=ADVANCED_FACE('MANIFOLD_SOLID_BREP #5287',(#1754),#1644,.F.) ;
#1836=ADVANCED_FACE('MANIFOLD_SOLID_BREP #5287',(#1835),#1756,.F.) ;
#1883=ADVANCED_FACE('MANIFOLD_SOLID_BREP #5287',(#1882),#1841,.F.) ;
#1896=ADVANCED_FACE('MANIFOLD_SOLID_BREP #5287',(#1895),#1888,.T.) ;
#1941=ADVANCED_FACE('MANIFOLD_SOLID_BREP #5287',(#1940),#1897,.F.) ;
#2113=ADVANCED_FACE('MANIFOLD_SOLID_BREP #5287',(#2051,#2112),#1946,.F.) ;
#2182=ADVANCED_FACE('MANIFOLD_SOLID_BREP #5287',(#2181),#2114,.F.) ;
#2228=ADVANCED_FACE('MANIFOLD_SOLID_BREP #5287',(#2227),#2187,.T.) ;
#2252=ADVANCED_FACE('MANIFOLD_SOLID_BREP #5287',(#2251),#2233,.T.) ;
#2269=ADVANCED_FACE('MANIFOLD_SOLID_BREP #5287',(#2268),#2257,.F.) ;
#2415=ADVANCED_FACE('MANIFOLD_SOLID_BREP #5287',(#2414),#2270,.F.) ;
#2460=ADVANCED_FACE('MANIFOLD_SOLID_BREP #5287',(#2459),#2416,.F.) ;
#2779=ADVANCED_FACE('MANIFOLD_SOLID_BREP #5287',(#2778),#2461,.F.) ;
#2899=ADVANCED_FACE('MANIFOLD_SOLID_BREP #5287',(#2898),#2784,.F.) ;
#3042=ADVANCED_FACE('MANIFOLD_SOLID_BREP #5287',(#3041),#2904,.T.) ;
#3081=ADVANCED_FACE('MANIFOLD_SOLID_BREP #5287',(#3080),#3047,.T.) ;
#3141=ADVANCED_FACE('MANIFOLD_SOLID_BREP #5287',(#3140),#3086,.T.) ;
#3197=ADVANCED_FACE('MANIFOLD_SOLID_BREP #5287',(#3196),#3146,.T.) ;
#3245=ADVANCED_FACE('MANIFOLD_SOLID_BREP #5287',(#3244),#3202,.T.) ;
#3318=ADVANCED_FACE('MANIFOLD_SOLID_BREP #5287',(#3263,#3317),#35,.T.) ;
#3444=ADVANCED_FACE('MANIFOLD_SOLID_BREP #5287',(#3443),#3319,.F.) ;
#3521=ADVANCED_FACE('MANIFOLD_SOLID_BREP #5287',(#3520),#3449,.T.) ;
#3553=ADVANCED_FACE('MANIFOLD_SOLID_BREP #5287',(#3552),#3526,.T.) ;
#3611=ADVANCED_FACE('MANIFOLD_SOLID_BREP #5287',(#3610),#3558,.T.) ;
#3684=ADVANCED_FACE('MANIFOLD_SOLID_BREP #5287',(#3629,#3683),#35,.T.) ;
#3757=ADVANCED_FACE('MANIFOLD_SOLID_BREP #5287',(#3702,#3756),#35,.T.) ;
#4113=ADVANCED_FACE('MANIFOLD_SOLID_BREP #5287',(#4064,#4112),#3758,.F.) ;
#4480=ADVANCED_FACE('MANIFOLD_SOLID_BREP #5287',(#4431,#4479),#4114,.F.) ;
#4534=ADVANCED_FACE('MANIFOLD_SOLID_BREP #5287',(#4533),#4485,.F.) ;
#4588=ADVANCED_FACE('MANIFOLD_SOLID_BREP #5287',(#4587),#4539,.F.) ;
#4654=ADVANCED_FACE('MANIFOLD_SOLID_BREP #5287',(#4653),#4589,.F.) ;
#4689=ADVANCED_FACE('MANIFOLD_SOLID_BREP #5287',(#4688),#4659,.T.) ;
#5179=ADVANCED_FACE('MANIFOLD_SOLID_BREP #5287',(#5178),#4690,.F.) ;
#5267=ADVANCED_FACE('MANIFOLD_SOLID_BREP #5287',(#5266),#5184,.F.) ;
#5290=ADVANCED_FACE('MANIFOLD_SOLID_BREP #5287',(#5289),#5268,.T.) ;
#5344=ADVANCED_FACE('MANIFOLD_SOLID_BREP #5287',(#5343),#5295,.F.) ;
#5398=ADVANCED_FACE('MANIFOLD_SOLID_BREP #5287',(#5397),#5349,.F.) ;
#5452=ADVANCED_FACE('MANIFOLD_SOLID_BREP #5287',(#5451),#5403,.F.) ;
#5506=ADVANCED_FACE('MANIFOLD_SOLID_BREP #5287',(#5505),#5457,.F.) ;
#5543=ADVANCED_FACE('MANIFOLD_SOLID_BREP #5287',(#5542),#5511,.F.) ;
#5655=ADVANCED_FACE('MANIFOLD_SOLID_BREP #5287',(#5654),#5548,.F.) ;
#5698=ADVANCED_FACE('MANIFOLD_SOLID_BREP #5287',(#5697),#5656,.T.) ;
#5741=ADVANCED_FACE('MANIFOLD_SOLID_BREP #5287',(#5740),#5699,.T.) ;
#5770=ADVANCED_FACE('MANIFOLD_SOLID_BREP #5287',(#5769),#5742,.T.) ;
#5846=ADVANCED_FACE('MANIFOLD_SOLID_BREP #5287',(#5845),#5771,.T.) ;
#5917=ADVANCED_FACE('MANIFOLD_SOLID_BREP #5287',(#5916),#5184,.F.) ;
#5975=ADVANCED_FACE('MANIFOLD_SOLID_BREP #5287',(#5974),#5922,.T.) ;
#6012=ADVANCED_FACE('MANIFOLD_SOLID_BREP #5287',(#6011),#5980,.F.) ;
#6030=ADVANCED_FACE('MANIFOLD_SOLID_BREP #5287',(#6029),#5980,.F.) ;
#6052=ADVANCED_FACE('MANIFOLD_SOLID_BREP #5287',(#6051),#6035,.F.) ;
#6059=ADVANCED_FACE('MANIFOLD_SOLID_BREP #5287',(#6058),#6035,.F.) ;
#6108=ADVANCED_FACE('MANIFOLD_SOLID_BREP #5287',(#6107),#6060,.F.) ;
#6150=ADVANCED_FACE('MANIFOLD_SOLID_BREP #5287',(#6149),#6109,.F.) ;
#6172=ADVANCED_FACE('MANIFOLD_SOLID_BREP #5287',(#6171),#6155,.F.) ;
#6179=ADVANCED_FACE('MANIFOLD_SOLID_BREP #5287',(#6178),#6155,.F.) ;
#6245=ADVANCED_FACE('MANIFOLD_SOLID_BREP #5287',(#6244),#6180,.F.) ;
#6281=ADVANCED_FACE('MANIFOLD_SOLID_BREP #5287',(#6280),#6246,.F.) ;
#6323=ADVANCED_FACE('MANIFOLD_SOLID_BREP #5287',(#6322),#6282,.F.) ;
#6383=ADVANCED_FACE('MANIFOLD_SOLID_BREP #5287',(#6382),#6324,.F.) ;
#6481=ADVANCED_FACE('MANIFOLD_SOLID_BREP #5287',(#6480),#6384,.F.) ;
#6513=ADVANCED_FACE('MANIFOLD_SOLID_BREP #5287',(#6512),#5980,.F.) ;
#6525=ADVANCED_FACE('MANIFOLD_SOLID_BREP #5287',(#6524),#5980,.F.) ;
#6583=ADVANCED_FACE('MANIFOLD_SOLID_BREP #5287',(#6582),#6526,.F.) ;
#6770=ADVANCED_FACE('MANIFOLD_SOLID_BREP #5287',(#6769),#6584,.F.) ;
#6827=ADVANCED_FACE('MANIFOLD_SOLID_BREP #5287',(#6826),#6775,.T.) ;
#6850=ADVANCED_FACE('MANIFOLD_SOLID_BREP #5287',(#6849),#6832,.T.) ;
#6872=ADVANCED_FACE('MANIFOLD_SOLID_BREP #5287',(#6871),#6855,.F.) ;
#6890=ADVANCED_FACE('MANIFOLD_SOLID_BREP #5287',(#6889),#6877,.F.) ;
#6914=ADVANCED_FACE('MANIFOLD_SOLID_BREP #5287',(#6913),#6895,.F.) ;
#6944=ADVANCED_FACE('MANIFOLD_SOLID_BREP #5287',(#6943),#3086,.T.) ;
#6972=ADVANCED_FACE('MANIFOLD_SOLID_BREP #5287',(#6971),#6945,.T.) ;
#7005=ADVANCED_FACE('MANIFOLD_SOLID_BREP #5287',(#7004),#6977,.F.) ;
#7032=ADVANCED_FACE('MANIFOLD_SOLID_BREP #5287',(#7031),#7010,.F.) ;
#7132=ADVANCED_FACE('MANIFOLD_SOLID_BREP #5287',(#7131),#7033,.F.) ;
#7163=ADVANCED_FACE('MANIFOLD_SOLID_BREP #5287',(#7162),#7137,.F.) ;
#7175=ADVANCED_FACE('MANIFOLD_SOLID_BREP #5287',(#7174),#7137,.F.) ;
#7206=ADVANCED_FACE('MANIFOLD_SOLID_BREP #5287',(#7205),#7180,.F.) ;
#7218=ADVANCED_FACE('MANIFOLD_SOLID_BREP #5287',(#7217),#7180,.F.) ;
#7249=ADVANCED_FACE('MANIFOLD_SOLID_BREP #5287',(#7248),#7223,.F.) ;
#7279=ADVANCED_FACE('MANIFOLD_SOLID_BREP #5287',(#7278),#2784,.F.) ;
#7308=ADVANCED_FACE('MANIFOLD_SOLID_BREP #5287',(#7307),#7284,.F.) ;
#7325=ADVANCED_FACE('MANIFOLD_SOLID_BREP #5287',(#7324),#7313,.F.) ;
#7340=ADVANCED_FACE('MANIFOLD_SOLID_BREP #5287',(#7339),#5511,.F.) ;
#7369=ADVANCED_FACE('MANIFOLD_SOLID_BREP #5287',(#7368),#7341,.F.) ;
#7474=ADVANCED_FACE('MANIFOLD_SOLID_BREP #5287',(#7473),#7374,.F.) ;
#7498=ADVANCED_FACE('MANIFOLD_SOLID_BREP #5287',(#7497),#7475,.T.) ;
#7520=ADVANCED_FACE('MANIFOLD_SOLID_BREP #5287',(#7519),#7503,.F.) ;
#7541=ADVANCED_FACE('MANIFOLD_SOLID_BREP #5287',(#7540),#7525,.F.) ;
#7562=ADVANCED_FACE('MANIFOLD_SOLID_BREP #5287',(#7561),#7546,.T.) ;
#7581=ADVANCED_FACE('MANIFOLD_SOLID_BREP #5287',(#7580),#7567,.T.) ;
#7598=ADVANCED_FACE('MANIFOLD_SOLID_BREP #5287',(#7597),#7586,.T.) ;
#7649=ADVANCED_FACE('MANIFOLD_SOLID_BREP #5287',(#7648),#7599,.F.) ;
#7718=ADVANCED_FACE('MANIFOLD_SOLID_BREP #5287',(#7717),#7650,.F.) ;
#7728=ADVANCED_FACE('MANIFOLD_SOLID_BREP #5287',(#7727),#7723,.F.) ;
#7814=ADVANCED_FACE('MANIFOLD_SOLID_BREP #5287',(#7813),#7729,.F.) ;
#7855=ADVANCED_FACE('MANIFOLD_SOLID_BREP #5287',(#7854),#7815,.F.) ;
#7872=ADVANCED_FACE('MANIFOLD_SOLID_BREP #5287',(#7871),#7860,.F.) ;
#7921=ADVANCED_FACE('MANIFOLD_SOLID_BREP #5287',(#7920),#7873,.F.) ;
#7944=ADVANCED_FACE('MANIFOLD_SOLID_BREP #5287',(#7943),#7926,.F.) ;
#7963=ADVANCED_FACE('MANIFOLD_SOLID_BREP #5287',(#7962),#7949,.T.) ;
#7987=ADVANCED_FACE('MANIFOLD_SOLID_BREP #5287',(#7986),#7968,.F.) ;
#7995=ADVANCED_FACE('MANIFOLD_SOLID_BREP #5287',(#7994),#7968,.F.) ;
#8006=ADVANCED_FACE('MANIFOLD_SOLID_BREP #5287',(#8005),#8000,.T.) ;
#8017=ADVANCED_FACE('MANIFOLD_SOLID_BREP #5287',(#8016),#8000,.F.) ;
#8053=ADVANCED_FACE('MANIFOLD_SOLID_BREP #5287',(#8052),#8018,.F.) ;
#8078=ADVANCED_FACE('MANIFOLD_SOLID_BREP #5287',(#8077),#8058,.F.) ;
#8088=ADVANCED_FACE('MANIFOLD_SOLID_BREP #5287',(#8087),#8058,.F.) ;
#8146=ADVANCED_FACE('MANIFOLD_SOLID_BREP #5287',(#8145),#8089,.F.) ;
#8168=ADVANCED_FACE('MANIFOLD_SOLID_BREP #5287',(#8167),#8151,.F.) ;
#8232=ADVANCED_FACE('MANIFOLD_SOLID_BREP #5287',(#8231),#8169,.F.) ;
#8254=ADVANCED_FACE('MANIFOLD_SOLID_BREP #5287',(#8249,#8253),#8237,.F.) ;
#8283=ADVANCED_FACE('MANIFOLD_SOLID_BREP #5287',(#8282),#8259,.F.) ;
#8290=ADVANCED_FACE('MANIFOLD_SOLID_BREP #5287',(#8289),#8259,.F.) ;
#8312=ADVANCED_FACE('MANIFOLD_SOLID_BREP #5287',(#8311),#8295,.F.) ;
#8326=ADVANCED_FACE('MANIFOLD_SOLID_BREP #5287',(#8325),#8295,.F.) ;
#8348=ADVANCED_FACE('MANIFOLD_SOLID_BREP #5287',(#8347),#8331,.F.) ;
#8362=ADVANCED_FACE('MANIFOLD_SOLID_BREP #5287',(#8361),#8331,.F.) ;
#8377=ADVANCED_FACE('MANIFOLD_SOLID_BREP #5287',(#8376),#8367,.F.) ;
#8385=ADVANCED_FACE('MANIFOLD_SOLID_BREP #5287',(#8384),#7374,.F.) ;
#8409=ADVANCED_FACE('MANIFOLD_SOLID_BREP #5287',(#8400,#8404,#8408),#113,.F.) ;
#8431=ADVANCED_FACE('MANIFOLD_SOLID_BREP #5287',(#8430),#8414,.F.) ;
#8438=ADVANCED_FACE('MANIFOLD_SOLID_BREP #5287',(#8437),#8414,.F.) ;
#8450=ADVANCED_FACE('MANIFOLD_SOLID_BREP #5287',(#8449),#8443,.F.) ;
#8462=ADVANCED_FACE('MANIFOLD_SOLID_BREP #5287',(#8461),#8455,.T.) ;
#8475=ADVANCED_FACE('MANIFOLD_SOLID_BREP #5287',(#8474),#8467,.T.) ;
#8497=ADVANCED_FACE('MANIFOLD_SOLID_BREP #5287',(#8496),#8480,.F.) ;
#8504=ADVANCED_FACE('MANIFOLD_SOLID_BREP #5287',(#8503),#8480,.F.) ;
#8526=ADVANCED_FACE('MANIFOLD_SOLID_BREP #5287',(#8525),#8509,.F.) ;
#8533=ADVANCED_FACE('MANIFOLD_SOLID_BREP #5287',(#8532),#8509,.F.) ;
#4=APPLICATION_PROTOCOL_DEFINITION('international standard','ap242_managed_model_based_3d_engineering',2014,#1) ;
#54=B_SPLINE_CURVE_WITH_KNOTS('',5,(#55,#56,#57,#58,#59,#60,#61,#62,#63,#64,#65,#66,#67,#68,#69,#70,#71,#72,#73,#74,#75),.UNSPECIFIED.,.F.,.U.,(6,3,3,3,3,3,6),(0.,1.35496642491,2.70993285967,4.06489930387,5.41986573484,6.77483215517,7.55277764792),.UNSPECIFIED.) ;
#81=B_SPLINE_CURVE_WITH_KNOTS('',5,(#82,#83,#84,#85,#86,#87,#88,#89,#90,#91,#92,#93,#94,#95,#96,#97,#98,#99,#100,#101,#102),.UNSPECIFIED.,.F.,.U.,(6,3,3,3,3,3,6),(0.,1.35496642722,2.70993287527,4.06489931526,5.41986574436,6.7748321657,7.55277766398),.UNSPECIFIED.) ;
#130=B_SPLINE_CURVE_WITH_KNOTS('',5,(#131,#132,#133,#134,#135,#136,#137,#138,#139,#140,#141,#142,#143,#144,#145),.UNSPECIFIED.,.F.,.U.,(6,3,3,3,6),(0.,0.692813051187,1.38562608926,2.07843909083,2.22138915225),.UNSPECIFIED.) ;
#156=B_SPLINE_CURVE_WITH_KNOTS('',5,(#157,#158,#159,#160,#161,#162,#163,#164,#165,#166,#167,#168,#169,#170,#171),.UNSPECIFIED.,.F.,.U.,(6,3,3,3,6),(0.,0.692813020584,1.38562603949,2.07843905561,2.22138911731),.UNSPECIFIED.) ;
#230=B_SPLINE_CURVE_WITH_KNOTS('',5,(#231,#232,#233,#234,#235,#236,#237,#238,#239,#240,#241,#242),.UNSPECIFIED.,.F.,.U.,(6,3,3,6),(0.,2.39995624538,4.79991248445,7.18703028499),.UNSPECIFIED.) ;
#302=B_SPLINE_CURVE_WITH_KNOTS('',5,(#303,#304,#305,#306,#307,#308,#309,#310,#311),.UNSPECIFIED.,.F.,.U.,(6,3,6),(0.,2.14622848829,2.63145719792),.UNSPECIFIED.) ;
#315=B_SPLINE_CURVE_WITH_KNOTS('',5,(#316,#317,#318,#319,#320,#321,#322,#323,#324,#325,#326,#327,#328,#329,#330,#331,#332,#333,#334,#335,#336),.UNSPECIFIED.,.F.,.U.,(6,3,3,3,3,3,6),(0.,0.933460765576,1.22130084574,1.35948196065,1.42857491056,1.46312246133,1.49767001209),.UNSPECIFIED.) ;
#340=B_SPLINE_CURVE_WITH_KNOTS('',5,(#341,#342,#343,#344,#345,#346,#347,#348,#349,#350,#351,#352,#353,#354,#355,#356,#357,#358,#359,#360,#361),.UNSPECIFIED.,.F.,.U.,(6,3,3,3,3,3,6),(0.,1.12456734728,1.38760487198,1.55498367619,1.58293819363,1.59691546905,1.61089274448),.UNSPECIFIED.) ;
#372=B_SPLINE_CURVE_WITH_KNOTS('',5,(#373,#374,#375,#376,#377,#378),.UNSPECIFIED.,.F.,.U.,(6,6),(0.,1.38257075498),.UNSPECIFIED.) ;
#382=B_SPLINE_CURVE_WITH_KNOTS('',5,(#383,#384,#385,#386,#387,#388,#389,#390,#391,#392,#393,#394,#395,#396,#397),.UNSPECIFIED.,.F.,.U.,(6,3,3,3,6),(0.,0.699068208865,0.988010581431,1.14814146619,1.30827235094),.UNSPECIFIED.) ;
#401=B_SPLINE_CURVE_WITH_KNOTS('',5,(#402,#403,#404,#405,#406,#407,#408,#409,#410,#411,#412,#413,#414,#415,#416,#417,#418,#419,#420,#421,#422),.UNSPECIFIED.,.F.,.U.,(6,3,3,3,3,3,6),(0.,0.912669199127,1.04087531432,1.10497963953,1.13703185014,1.1530582922,1.16908473426),.UNSPECIFIED.) ;
#426=B_SPLINE_CURVE_WITH_KNOTS('',5,(#427,#428,#429,#430,#431,#432,#433,#434,#435,#436,#437,#438,#439,#440,#441,#442,#443,#444,#445,#446,#447,#448,#449,#450),.UNSPECIFIED.,.F.,.U.,(6,3,3,3,3,3,3,6),(0.,0.581038737213,0.791003555595,0.901485709091,0.956730721833,0.984355026781,0.998175345957,1.01199566513),.UNSPECIFIED.) ;
#454=B_SPLINE_CURVE_WITH_KNOTS('',5,(#455,#456,#457,#458,#459,#460),.UNSPECIFIED.,.F.,.U.,(6,6),(0.,11.8037744637),.UNSPECIFIED.) ;
#464=B_SPLINE_CURVE_WITH_KNOTS('',5,(#465,#466,#467,#468,#469,#470,#471,#472,#473,#474,#475,#476),.UNSPECIFIED.,.F.,.U.,(6,3,3,6),(0.,0.41932357754,0.804341402038,0.992485043554),.UNSPECIFIED.) ;
#480=B_SPLINE_CURVE_WITH_KNOTS('',5,(#481,#482,#483,#484,#485,#486,#487,#488,#489,#490,#491,#492,#493,#494,#495,#496,#497,#498,#499,#500,#501),.UNSPECIFIED.,.F.,.U.,(6,3,3,3,3,3,6),(0.,0.726417324111,0.944877215762,1.04897532626,1.10102795548,1.12705518264,1.1530824098),.UNSPECIFIED.) ;
#505=B_SPLINE_CURVE_WITH_KNOTS('',5,(#506,#507,#508,#509,#510,#511,#512,#513,#514,#515,#516,#517,#518,#519,#520,#521,#522,#523,#524,#525,#526,#527,#528,#529),.UNSPECIFIED.,.F.,.U.,(6,3,3,3,3,3,3,6),(0.,0.839305661057,1.07863407092,1.18963191378,1.24513316605,1.27288525418,1.28676645598,1.30064765779),.UNSPECIFIED.) ;
#533=B_SPLINE_CURVE_WITH_KNOTS('',5,(#534,#535,#536,#537,#538,#539,#540,#541,#542,#543,#544,#545,#546,#547,#548,#549,#550,#551,#552,#553,#554,#555,#556,#557),.UNSPECIFIED.,.F.,.U.,(6,3,3,3,3,3,3,6),(0.,0.208245192355,0.507758253814,0.602781683265,0.650294552449,0.674051508797,0.685931346659,0.697811184522),.UNSPECIFIED.) ;
#561=B_SPLINE_CURVE_WITH_KNOTS('',5,(#562,#563,#564,#565,#566,#567,#568,#569,#570,#571,#572,#573,#574,#575,#576,#577,#578,#579,#580,#581,#582,#583,#584,#585,#586,#587,#588),.UNSPECIFIED.,.F.,.U.,(6,3,3,3,3,3,3,3,6),(0.,0.558078828171,0.633737450178,0.671566967322,0.690481822255,0.699939552119,0.704672476616,0.707055901876,0.709439327135),.UNSPECIFIED.) ;
#677=B_SPLINE_CURVE_WITH_KNOTS('',5,(#678,#679,#680,#681,#682,#683,#684,#685,#686,#687,#688,#689),.UNSPECIFIED.,.F.,.U.,(6,3,3,6),(0.,2.39995622719,4.79991245701,7.18703026039),.UNSPECIFIED.) ;
#700=B_SPLINE_CURVE_WITH_KNOTS('',5,(#701,#702,#703,#704,#705,#706,#707,#708,#709),.UNSPECIFIED.,.F.,.U.,(6,3,6),(0.,0.468587079069,0.896154000747),.UNSPECIFIED.) ;
#713=B_SPLINE_CURVE_WITH_KNOTS('',5,(#714,#715,#716,#717,#718,#719,#720,#721,#722,#723,#724,#725,#726,#727,#728,#729,#730,#731,#732,#733,#734),.UNSPECIFIED.,.F.,.U.,(6,3,3,3,3,3,6),(0.,0.639632932319,0.728636139411,0.773138501264,0.795390426255,0.806522233244,0.817654040232),.UNSPECIFIED.) ;
#738=B_SPLINE_CURVE_WITH_KNOTS('',5,(#739,#740,#741,#742,#743,#744,#745,#746,#747,#748,#749,#750,#751,#752,#753,#754,#755,#756),.UNSPECIFIED.,.F.,.U.,(6,3,3,3,3,6),(0.,0.825942922501,1.12191003565,1.27816816933,1.35630884957,1.43444952981),.UNSPECIFIED.) ;
#767=B_SPLINE_CURVE_WITH_KNOTS('',5,(#768,#769,#770,#771,#772,#773),.UNSPECIFIED.,.F.,.U.,(6,6),(0.,1.56485099691),.UNSPECIFIED.) ;
#784=B_SPLINE_CURVE_WITH_KNOTS('',5,(#785,#786,#787,#788,#789,#790,#791,#792,#793),.UNSPECIFIED.,.F.,.U.,(6,3,6),(0.,0.945357078817,1.16028138754),.UNSPECIFIED.) ;
#797=B_SPLINE_CURVE_WITH_KNOTS('',5,(#798,#799,#800,#801,#802,#803,#804,#805,#806,#807,#808,#809,#810,#811,#812,#813,#814,#815,#816,#817,#818),.UNSPECIFIED.,.F.,.U.,(6,3,3,3,3,3,6),(0.,1.10322933029,1.21672969588,1.27348380796,1.30186241433,1.31605536615,1.33024831797),.UNSPECIFIED.) ;
#887=B_SPLINE_CURVE_WITH_KNOTS('',5,(#888,#889,#890,#891,#892,#893,#894,#895,#896,#897,#898,#899,#900,#901,#902,#903,#904,#905,#906,#907,#908,#909,#910,#911),.UNSPECIFIED.,.F.,.U.,(6,3,3,3,3,3,3,6),(0.,0.711271828231,0.886936554382,1.06260128053,1.41499031856,1.58858478073,1.6753990177,1.76221325467),.UNSPECIFIED.) ;
#915=B_SPLINE_CURVE_WITH_KNOTS('',5,(#916,#917,#918,#919,#920,#921),.UNSPECIFIED.,.F.,.U.,(6,6),(0.,0.601886316163),.UNSPECIFIED.) ;
#997=B_SPLINE_CURVE_WITH_KNOTS('',5,(#998,#999,#1000,#1001,#1002,#1003,#1004,#1005,#1006,#1007,#1008,#1009,#1010,#1011,#1012),.UNSPECIFIED.,.F.,.U.,(6,3,3,3,6),(0.,0.692813010202,1.38562603059,2.07843905666,2.22138911538),.UNSPECIFIED.) ;
#1021=B_SPLINE_CURVE_WITH_KNOTS('',5,(#1022,#1023,#1024,#1025,#1026,#1027,#1028,#1029,#1030,#1031,#1032,#1033,#1034,#1035,#1036),.UNSPECIFIED.,.F.,.U.,(6,3,3,3,6),(0.,0.692813041342,1.38562606193,2.07843908231,2.22138914147),.UNSPECIFIED.) ;
#1038=B_SPLINE_CURVE_WITH_KNOTS('',5,(#1039,#1040,#1041,#1042,#1043,#1044,#1045,#1046,#1047,#1048,#1049,#1050,#1051,#1052,#1053),.UNSPECIFIED.,.F.,.U.,(6,3,3,3,6),(0.,0.692813006031,1.3856260235,2.07843904858,2.22138911004),.UNSPECIFIED.) ;
#1082=B_SPLINE_CURVE_WITH_KNOTS('',5,(#1083,#1084,#1085,#1086,#1087,#1088),.UNSPECIFIED.,.F.,.U.,(6,6),(0.,0.947189559547),.UNSPECIFIED.) ;
#1092=B_SPLINE_CURVE_WITH_KNOTS('',5,(#1093,#1094,#1095,#1096,#1097,#1098),.UNSPECIFIED.,.F.,.U.,(6,6),(0.,0.947201223335),.UNSPECIFIED.) ;
#1102=B_SPLINE_CURVE_WITH_KNOTS('',5,(#1103,#1104,#1105,#1106,#1107,#1108),.UNSPECIFIED.,.F.,.U.,(6,6),(0.,0.947208318323),.UNSPECIFIED.) ;
#1112=B_SPLINE_CURVE_WITH_KNOTS('',5,(#1113,#1114,#1115,#1116,#1117,#1118),.UNSPECIFIED.,.F.,.U.,(6,6),(0.,0.947193109712),.UNSPECIFIED.) ;
#1122=B_SPLINE_CURVE_WITH_KNOTS('',5,(#1123,#1124,#1125,#1126,#1127,#1128),.UNSPECIFIED.,.F.,.U.,(6,6),(0.,0.947186170952),.UNSPECIFIED.) ;
#1132=B_SPLINE_CURVE_WITH_KNOTS('',5,(#1133,#1134,#1135,#1136,#1137,#1138),.UNSPECIFIED.,.F.,.U.,(6,6),(0.,0.947201214435),.UNSPECIFIED.) ;
#1142=B_SPLINE_CURVE_WITH_KNOTS('',5,(#1143,#1144,#1145,#1146,#1147,#1148),.UNSPECIFIED.,.F.,.U.,(6,6),(0.,0.947216775734),.UNSPECIFIED.) ;
#1152=B_SPLINE_CURVE_WITH_KNOTS('',5,(#1153,#1154,#1155,#1156,#1157,#1158),.UNSPECIFIED.,.F.,.U.,(6,6),(0.,0.94723133068),.UNSPECIFIED.) ;
#1198=B_SPLINE_CURVE_WITH_KNOTS('',5,(#1199,#1200,#1201,#1202,#1203,#1204),.UNSPECIFIED.,.F.,.U.,(6,6),(0.,0.947189588075),.UNSPECIFIED.) ;
#1208=B_SPLINE_CURVE_WITH_KNOTS('',5,(#1209,#1210,#1211,#1212,#1213,#1214),.UNSPECIFIED.,.F.,.U.,(6,6),(0.,0.947201241946),.UNSPECIFIED.) ;
#1218=B_SPLINE_CURVE_WITH_KNOTS('',5,(#1219,#1220,#1221,#1222,#1223,#1224),.UNSPECIFIED.,.F.,.U.,(6,6),(0.,0.947208282894),.UNSPECIFIED.) ;
#1228=B_SPLINE_CURVE_WITH_KNOTS('',5,(#1229,#1230,#1231,#1232,#1233,#1234),.UNSPECIFIED.,.F.,.U.,(6,6),(0.,0.947193108597),.UNSPECIFIED.) ;
#1238=B_SPLINE_CURVE_WITH_KNOTS('',5,(#1239,#1240,#1241,#1242,#1243,#1244),.UNSPECIFIED.,.F.,.U.,(6,6),(0.,0.947186209296),.UNSPECIFIED.) ;
#1248=B_SPLINE_CURVE_WITH_KNOTS('',5,(#1249,#1250,#1251,#1252,#1253,#1254),.UNSPECIFIED.,.F.,.U.,(6,6),(0.,0.947201252543),.UNSPECIFIED.) ;
#1258=B_SPLINE_CURVE_WITH_KNOTS('',5,(#1259,#1260,#1261,#1262,#1263,#1264),.UNSPECIFIED.,.F.,.U.,(6,6),(0.,0.947216788141),.UNSPECIFIED.) ;
#1268=B_SPLINE_CURVE_WITH_KNOTS('',5,(#1269,#1270,#1271,#1272,#1273,#1274),.UNSPECIFIED.,.F.,.U.,(6,6),(0.,0.94723132455),.UNSPECIFIED.) ;
#1287=B_SPLINE_CURVE_WITH_KNOTS('',5,(#1288,#1289,#1290,#1291,#1292,#1293),.UNSPECIFIED.,.F.,.U.,(6,6),(0.,0.947189564709),.UNSPECIFIED.) ;
#1299=B_SPLINE_CURVE_WITH_KNOTS('',5,(#1300,#1301,#1302,#1303,#1304,#1305),.UNSPECIFIED.,.F.,.U.,(6,6),(0.,0.947201231487),.UNSPECIFIED.) ;
#1309=B_SPLINE_CURVE_WITH_KNOTS('',5,(#1310,#1311,#1312,#1313,#1314,#1315),.UNSPECIFIED.,.F.,.U.,(6,6),(0.,0.947208322874),.UNSPECIFIED.) ;
#1319=B_SPLINE_CURVE_WITH_KNOTS('',5,(#1320,#1321,#1322,#1323,#1324,#1325),.UNSPECIFIED.,.F.,.U.,(6,6),(0.,0.947193144186),.UNSPECIFIED.) ;
#1329=B_SPLINE_CURVE_WITH_KNOTS('',5,(#1330,#1331,#1332,#1333,#1334,#1335),.UNSPECIFIED.,.F.,.U.,(6,6),(0.,0.94718620054),.UNSPECIFIED.) ;
#1339=B_SPLINE_CURVE_WITH_KNOTS('',5,(#1340,#1341,#1342,#1343,#1344,#1345),.UNSPECIFIED.,.F.,.U.,(6,6),(0.,0.947201235273),.UNSPECIFIED.) ;
#1349=B_SPLINE_CURVE_WITH_KNOTS('',5,(#1350,#1351,#1352,#1353,#1354,#1355),.UNSPECIFIED.,.F.,.U.,(6,6),(0.,0.947216764891),.UNSPECIFIED.) ;
#1359=B_SPLINE_CURVE_WITH_KNOTS('',5,(#1360,#1361,#1362,#1363,#1364,#1365),.UNSPECIFIED.,.F.,.U.,(6,6),(0.,0.947231318655),.UNSPECIFIED.) ;
#1415=B_SPLINE_CURVE_WITH_KNOTS('',5,(#1416,#1417,#1418,#1419,#1420,#1421,#1422,#1423,#1424,#1425,#1426,#1427,#1428,#1429,#1430,#1431,#1432,#1433,#1434,#1435,#1436,#1437,#1438,#1439,#1440,#1441,#1442),.UNSPECIFIED.,.F.,.U.,(6,3,3,3,3,3,3,3,6),(0.,14.6502601436,19.3675050507,21.7897950376,22.0549467774,22.1875226538,22.2538108241,22.286955293,22.3200997618),.UNSPECIFIED.) ;
#1446=B_SPLINE_CURVE_WITH_KNOTS('',5,(#1447,#1448,#1449,#1450,#1451,#1452),.UNSPECIFIED.,.F.,.U.,(6,6),(0.,22.4640126453),.UNSPECIFIED.) ;
#1463=B_SPLINE_CURVE_WITH_KNOTS('',5,(#1464,#1465,#1466,#1467,#1468,#1469,#1470,#1471,#1472,#1473,#1474,#1475,#1476,#1477,#1478,#1479,#1480,#1481,#1482,#1483,#1484),.UNSPECIFIED.,.F.,.U.,(6,3,3,3,3,3,6),(0.,10.9056225624,20.6457238267,22.2744424711,22.5443090658,22.6792425023,22.8141759389),.UNSPECIFIED.) ;
#1488=B_SPLINE_CURVE_WITH_KNOTS('',5,(#1489,#1490,#1491,#1492,#1493,#1494),.UNSPECIFIED.,.F.,.U.,(6,6),(0.,21.5931894811),.UNSPECIFIED.) ;
#1555=B_SPLINE_CURVE_WITH_KNOTS('',3,(#1556,#1557,#1558,#1559,#1560,#1561,#1562),.UNSPECIFIED.,.F.,.U.,(4,1,1,1,4),(-0.000917235515101,0.723079824706,1.44709368448,2.17110754425,2.89469406405),.UNSPECIFIED.) ;
#1566=B_SPLINE_CURVE_WITH_KNOTS('',3,(#1567,#1568,#1569,#1570,#1571,#1572,#1573),.UNSPECIFIED.,.F.,.U.,(4,1,1,1,4),(4.71248335622,20.131601058,27.8411595942,31.6959388623,32.6583362366),.UNSPECIFIED.) ;
#1606=B_SPLINE_CURVE_WITH_KNOTS('',3,(#1607,#1608,#1609,#1610),.UNSPECIFIED.,.F.,.U.,(4,4),(10.1915053324,16.1593653832),.UNSPECIFIED.) ;
#1614=B_SPLINE_CURVE_WITH_KNOTS('',3,(#1615,#1616,#1617,#1618,#1619),.UNSPECIFIED.,.F.,.U.,(4,1,4),(0.00298287965155,0.873455504995,1.52613565401),.UNSPECIFIED.) ;
#1623=B_SPLINE_CURVE_WITH_KNOTS('',4,(#1624,#1625,#1626,#1627,#1628),.UNSPECIFIED.,.F.,.U.,(5,5),(0.,4.14897695685),.UNSPECIFIED.) ;
#1654=B_SPLINE_CURVE_WITH_KNOTS('',3,(#1655,#1656,#1657,#1658),.UNSPECIFIED.,.F.,.U.,(4,4),(-1.36770150944,1.36770150944),.UNSPECIFIED.) ;
#1667=B_SPLINE_CURVE_WITH_KNOTS('',5,(#1668,#1669,#1670,#1671,#1672,#1673,#1674,#1675,#1676,#1677,#1678,#1679),.UNSPECIFIED.,.F.,.U.,(6,3,3,6),(0.,0.416952391802,0.555800346918,0.695325503501),.UNSPECIFIED.) ;
#1683=B_SPLINE_CURVE_WITH_KNOTS('',5,(#1684,#1685,#1686,#1687,#1688,#1689),.UNSPECIFIED.,.F.,.U.,(6,6),(0.,1.48153887889),.UNSPECIFIED.) ;
#1693=B_SPLINE_CURVE_WITH_KNOTS('',3,(#1694,#1695,#1696,#1697),.UNSPECIFIED.,.F.,.U.,(4,4),(0.,0.736775932175),.UNSPECIFIED.) ;
#1701=B_SPLINE_CURVE_WITH_KNOTS('',5,(#1702,#1703,#1704,#1705,#1706,#1707,#1708,#1709,#1710,#1711,#1712,#1713,#1714,#1715,#1716),.UNSPECIFIED.,.F.,.U.,(6,3,3,3,6),(0.,0.872289691351,1.16625951795,1.31393344182,1.4616232051),.UNSPECIFIED.) ;
#1720=B_SPLINE_CURVE_WITH_KNOTS('',5,(#1721,#1722,#1723,#1724,#1725,#1726,#1727,#1728,#1729,#1730,#1731,#1732),.UNSPECIFIED.,.F.,.U.,(6,3,3,6),(0.,0.417556002704,0.556882093127,0.697057734018),.UNSPECIFIED.) ;
#1736=B_SPLINE_CURVE_WITH_KNOTS('',3,(#1737,#1738,#1739,#1740),.UNSPECIFIED.,.F.,.U.,(4,4),(0.,0.751719146195),.UNSPECIFIED.) ;
#1777=B_SPLINE_CURVE_WITH_KNOTS('',3,(#1778,#1779,#1780,#1781,#1782),.UNSPECIFIED.,.F.,.U.,(4,1,4),(-0.00108406688911,0.945741455381,1.65585969956),.UNSPECIFIED.) ;
#1786=B_SPLINE_CURVE_WITH_KNOTS('',3,(#1787,#1788,#1789,#1790),.UNSPECIFIED.,.F.,.U.,(4,4),(0.,3.98167430814),.UNSPECIFIED.) ;
#1794=B_SPLINE_CURVE_WITH_KNOTS('',5,(#1795,#1796,#1797,#1798,#1799,#1800,#1801,#1802,#1803,#1804,#1805,#1806),.UNSPECIFIED.,.F.,.U.,(6,3,3,6),(0.,1.45551638111,1.66231538579,1.8691144322),.UNSPECIFIED.) ;
#1810=B_SPLINE_CURVE_WITH_KNOTS('',5,(#1811,#1812,#1813,#1814,#1815,#1816,#1817,#1818,#1819,#1820,#1821,#1822),.UNSPECIFIED.,.F.,.U.,(6,3,3,6),(0.,1.2403186566,1.64874704132,2.05503868763),.UNSPECIFIED.) ;
#1847=B_SPLINE_CURVE_WITH_KNOTS('',5,(#1848,#1849,#1850,#1851,#1852,#1853),.UNSPECIFIED.,.F.,.U.,(6,6),(0.,4.2443648663),.UNSPECIFIED.) ;
#1864=B_SPLINE_CURVE_WITH_KNOTS('',5,(#1865,#1866,#1867,#1868,#1869,#1870),.UNSPECIFIED.,.F.,.U.,(6,6),(0.,16.496336898),.UNSPECIFIED.) ;
#1918=B_SPLINE_CURVE_WITH_KNOTS('',3,(#1919,#1920,#1921,#1922,#1923),.UNSPECIFIED.,.F.,.U.,(4,1,4),(-0.00010606642184,0.965365714028,1.68947101929),.UNSPECIFIED.) ;
#1927=B_SPLINE_CURVE_WITH_KNOTS('',3,(#1928,#1929,#1930,#1931),.UNSPECIFIED.,.F.,.U.,(4,4),(0.,14.364776071),.UNSPECIFIED.) ;
#1947=B_SPLINE_CURVE_WITH_KNOTS('',5,(#1948,#1949,#1950,#1951,#1952,#1953,#1954,#1955,#1956,#1957,#1958,#1959,#1960,#1961,#1962,#1963,#1964,#1965),.UNSPECIFIED.,.F.,.U.,(6,3,3,3,3,6),(0.,11.9114203664,14.3773701686,15.0880663274,15.2065157883,15.324965255),.UNSPECIFIED.) ;
#1969=B_SPLINE_CURVE_WITH_KNOTS('',5,(#1970,#1971,#1972,#1973,#1974,#1975),.UNSPECIFIED.,.F.,.U.,(6,6),(0.,15.3457191059),.UNSPECIFIED.) ;
#2000=B_SPLINE_CURVE_WITH_KNOTS('',5,(#2001,#2002,#2003,#2004,#2005,#2006,#2007,#2008,#2009,#2010,#2011,#2012,#2013,#2014,#2015,#2016,#2017,#2018,#2019,#2020,#2021,#2022,#2023,#2024),.UNSPECIFIED.,.F.,.U.,(6,3,3,3,3,3,3,6),(0.,11.7262158425,17.7067607269,22.3178791206,23.002592366,23.5002167132,23.5937611623,23.6873056114),.UNSPECIFIED.) ;
#2028=B_SPLINE_CURVE_WITH_KNOTS('',5,(#2029,#2030,#2031,#2032,#2033,#2034,#2035,#2036,#2037),.UNSPECIFIED.,.F.,.U.,(6,3,6),(0.,15.1312434801,23.2258934156),.UNSPECIFIED.) ;
#2052=B_SPLINE_CURVE_WITH_KNOTS('',3,(#2053,#2054,#2055,#2056),.UNSPECIFIED.,.F.,.U.,(4,4),(0.,0.747008939998),.UNSPECIFIED.) ;
#2062=B_SPLINE_CURVE_WITH_KNOTS('',5,(#2063,#2064,#2065,#2066,#2067,#2068),.UNSPECIFIED.,.F.,.U.,(6,6),(0.,1.54954939349),.UNSPECIFIED.) ;
#2072=B_SPLINE_CURVE_WITH_KNOTS('',5,(#2073,#2074,#2075,#2076,#2077,#2078,#2079,#2080,#2081,#2082,#2083,#2084),.UNSPECIFIED.,.F.,.U.,(6,3,3,6),(0.,0.860498643055,2.14051750768,3.9001439721),.UNSPECIFIED.) ;
#2088=B_SPLINE_CURVE_WITH_KNOTS('',5,(#2089,#2090,#2091,#2092,#2093,#2094),.UNSPECIFIED.,.F.,.U.,(6,6),(0.,1.51299092676),.UNSPECIFIED.) ;
#2098=B_SPLINE_CURVE_WITH_KNOTS('',5,(#2099,#2100,#2101,#2102,#2103,#2104),.UNSPECIFIED.,.F.,.U.,(6,6),(0.,4.68135056272),.UNSPECIFIED.) ;
#2140=B_SPLINE_CURVE_WITH_KNOTS('',3,(#2141,#2142,#2143,#2144,#2145),.UNSPECIFIED.,.F.,.U.,(4,1,4),(8.35357248902,24.9257127331,43.0401081021),.UNSPECIFIED.) ;
#2151=B_SPLINE_CURVE_WITH_KNOTS('',3,(#2152,#2153,#2154,#2155),.UNSPECIFIED.,.F.,.U.,(4,4),(0.,0.241742347743),.UNSPECIFIED.) ;
#2157=B_SPLINE_CURVE_WITH_KNOTS('',3,(#2158,#2159,#2160,#2161),.UNSPECIFIED.,.F.,.U.,(4,4),(0.000919444905302,0.754888237767),.UNSPECIFIED.) ;
#2165=B_SPLINE_CURVE_WITH_KNOTS('',3,(#2166,#2167,#2168,#2169,#2170),.UNSPECIFIED.,.F.,.U.,(4,1,4),(0.754888237804,0.862683658111,1.50899530788),.UNSPECIFIED.) ;
#2188=B_SPLINE_CURVE_WITH_KNOTS('',5,(#2189,#2190,#2191,#2192,#2193,#2194,#2195,#2196,#2197,#2198,#2199,#2200,#2201,#2202,#2203,#2204,#2205,#2206),.UNSPECIFIED.,.F.,.U.,(6,3,3,3,3,6),(0.,0.663171497263,1.17344064697,1.70495657069,2.06648727367,2.32350040136),.UNSPECIFIED.) ;
#2295=B_SPLINE_CURVE_WITH_KNOTS('',1,(#2296,#2297),.UNSPECIFIED.,.F.,.U.,(2,2),(7.67835352161,11.1803055483),.UNSPECIFIED.) ;
#2303=B_SPLINE_CURVE_WITH_KNOTS('',3,(#2304,#2305,#2306,#2307),.UNSPECIFIED.,.F.,.U.,(4,4),(0.,9.27086097531),.UNSPECIFIED.) ;
#2311=B_SPLINE_CURVE_WITH_KNOTS('',5,(#2312,#2313,#2314,#2315,#2316,#2317,#2318,#2319,#2320,#2321,#2322,#2323,#2324,#2325,#2326,#2327,#2328,#2329,#2330,#2331,#2332),.UNSPECIFIED.,.F.,.U.,(6,3,3,3,3,3,6),(0.,8.21973090428,9.25540659542,9.77324444898,10.0321633759,10.1616229397,10.2910825036),.UNSPECIFIED.) ;
#2336=B_SPLINE_CURVE_WITH_KNOTS('',5,(#2337,#2338,#2339,#2340,#2341,#2342),.UNSPECIFIED.,.F.,.U.,(6,6),(0.,9.88514302339),.UNSPECIFIED.) ;
#2346=B_SPLINE_CURVE_WITH_KNOTS('',3,(#2347,#2348,#2349,#2350),.UNSPECIFIED.,.F.,.U.,(4,4),(0.,4.06087682852),.UNSPECIFIED.) ;
#2352=B_SPLINE_CURVE_WITH_KNOTS('',5,(#2353,#2354,#2355,#2356,#2357,#2358),.UNSPECIFIED.,.F.,.U.,(6,6),(0.,2.82104317363),.UNSPECIFIED.) ;
#2362=B_SPLINE_CURVE_WITH_KNOTS('',5,(#2363,#2364,#2365,#2366,#2367,#2368),.UNSPECIFIED.,.F.,.U.,(6,6),(0.,2.82254842806),.UNSPECIFIED.) ;
#2370=B_SPLINE_CURVE_WITH_KNOTS('',5,(#2371,#2372,#2373,#2374,#2375,#2376,#2377,#2378,#2379,#2380,#2381,#2382,#2383,#2384,#2385,#2386,#2387,#2388,#2389,#2390,#2391),.UNSPECIFIED.,.F.,.U.,(6,3,3,3,3,3,6),(0.,9.69910265428,14.7707437541,15.9459555315,16.834079483,16.9776233959,17.1211673088),.UNSPECIFIED.) ;
#2395=B_SPLINE_CURVE_WITH_KNOTS('',4,(#2396,#2397,#2398,#2399,#2400),.UNSPECIFIED.,.F.,.U.,(5,5),(0.,17.8373965805),.UNSPECIFIED.) ;
#2437=B_SPLINE_CURVE_WITH_KNOTS('',5,(#2438,#2439,#2440,#2441,#2442,#2443,#2444,#2445,#2446,#2447,#2448,#2449,#2450,#2451,#2452),.UNSPECIFIED.,.F.,.U.,(6,3,3,3,6),(0.,0.854876629716,1.70975325943,2.2103009871,2.71084871476),.UNSPECIFIED.) ;
#2510=B_SPLINE_CURVE_WITH_KNOTS('',5,(#2511,#2512,#2513,#2514,#2515,#2516,#2517,#2518,#2519,#2520,#2521,#2522,#2523,#2524,#2525),.UNSPECIFIED.,.F.,.U.,(6,3,3,3,6),(0.,9.63859928521,11.5532530848,11.7496228419,11.9459927583),.UNSPECIFIED.) ;
#2529=B_SPLINE_CURVE_WITH_KNOTS('',5,(#2530,#2531,#2532,#2533,#2534,#2535,#2536,#2537,#2538,#2539,#2540,#2541,#2542,#2543,#2544,#2545,#2546,#2547,#2548,#2549,#2550),.UNSPECIFIED.,.F.,.U.,(6,3,3,3,3,3,6),(0.,5.06976346665,5.70474905267,6.0222424545,6.18098922921,6.26036268693,6.33973614464),.UNSPECIFIED.) ;
#2554=B_SPLINE_CURVE_WITH_KNOTS('',3,(#2555,#2556,#2557,#2558),.UNSPECIFIED.,.F.,.U.,(4,4),(0.,6.69964478668),.UNSPECIFIED.) ;
#2562=B_SPLINE_CURVE_WITH_KNOTS('',5,(#2563,#2564,#2565,#2566,#2567,#2568,#2569,#2570,#2571),.UNSPECIFIED.,.F.,.U.,(6,3,6),(10.0772125643,11.9483031093,15.4824447423),.UNSPECIFIED.) ;
#2575=B_SPLINE_CURVE_WITH_KNOTS('',5,(#2576,#2577,#2578,#2579,#2580,#2581,#2582,#2583,#2584,#2585,#2586,#2587,#2588,#2589,#2590),.UNSPECIFIED.,.F.,.U.,(6,3,3,3,6),(0.,5.64815138572,6.81320511438,7.00060020068,7.18799553246),.UNSPECIFIED.) ;
#2594=B_SPLINE_CURVE_WITH_KNOTS('',5,(#2595,#2596,#2597,#2598,#2599,#2600,#2601,#2602,#2603,#2604,#2605,#2606,#2607,#2608,#2609,#2610,#2611,#2612,#2613,#2614,#2615,#2616,#2617,#2618,#2619,#2620,#2621),.UNSPECIFIED.,.F.,.U.,(6,3,3,3,3,3,3,3,6),(0.,4.03860793617,6.05791190426,7.54059741774,7.80890657327,7.94306120714,8.01013853509,8.04367720371,8.07721587234),.UNSPECIFIED.) ;
#2625=B_SPLINE_CURVE_WITH_KNOTS('',5,(#2626,#2627,#2628,#2629,#2630,#2631,#2632,#2633,#2634,#2635,#2636,#2637),.UNSPECIFIED.,.F.,.U.,(6,3,3,6),(0.,6.39704381358,15.3471500239,23.7163783184),.UNSPECIFIED.) ;
#2641=B_SPLINE_CURVE_WITH_KNOTS('',1,(#2642,#2643),.UNSPECIFIED.,.F.,.U.,(2,2),(8.0865242422,29.5158483829),.UNSPECIFIED.) ;
#2647=B_SPLINE_CURVE_WITH_KNOTS('',5,(#2648,#2649,#2650,#2651,#2652,#2653,#2654,#2655,#2656,#2657,#2658,#2659,#2660,#2661,#2662,#2663,#2664,#2665,#2666,#2667,#2668,#2669,#2670,#2671,#2672,#2673,#2674),.UNSPECIFIED.,.F.,.U.,(6,3,3,3,3,3,3,3,6),(0.,7.03553772499,13.5038712263,19.7192279584,23.005582842,23.5475083577,23.6400339882,23.6862968236,23.732559659),.UNSPECIFIED.) ;
#2678=B_SPLINE_CURVE_WITH_KNOTS('',5,(#2679,#2680,#2681,#2682,#2683,#2684,#2685,#2686,#2687,#2688,#2689,#2690,#2691,#2692,#2693),.UNSPECIFIED.,.F.,.U.,(6,3,3,3,6),(0.,6.60723713345,7.74509839616,7.93045249891,8.11633698119),.UNSPECIFIED.) ;
#2697=B_SPLINE_CURVE_WITH_KNOTS('',4,(#2698,#2699,#2700,#2701,#2702),.UNSPECIFIED.,.F.,.U.,(5,5),(0.,7.14506311077),.UNSPECIFIED.) ;
#2706=B_SPLINE_CURVE_WITH_KNOTS('',5,(#2707,#2708,#2709,#2710,#2711,#2712,#2713,#2714,#2715),.UNSPECIFIED.,.F.,.U.,(6,3,6),(11.6599889489,11.9483031093,15.4824440543),.UNSPECIFIED.) ;
#2719=B_SPLINE_CURVE_WITH_KNOTS('',5,(#2720,#2721,#2722,#2723,#2724,#2725,#2726,#2727,#2728,#2729,#2730,#2731),.UNSPECIFIED.,.F.,.U.,(6,3,3,6),(0.,3.96154337773,5.25760689439,6.53052001189),.UNSPECIFIED.) ;
#2735=B_SPLINE_CURVE_WITH_KNOTS('',5,(#2736,#2737,#2738,#2739,#2740,#2741,#2742,#2743,#2744,#2745,#2746,#2747,#2748,#2749,#2750),.UNSPECIFIED.,.F.,.U.,(6,3,3,3,6),(0.,3.8097892505,5.07008073346,5.69831133911,6.32654441344),.UNSPECIFIED.) ;
#2754=B_SPLINE_CURVE_WITH_KNOTS('',4,(#2755,#2756,#2757,#2758,#2759),.UNSPECIFIED.,.F.,.U.,(5,5),(0.,12.5255612497),.UNSPECIFIED.) ;
#2813=B_SPLINE_CURVE_WITH_KNOTS('',5,(#2814,#2815,#2816,#2817,#2818,#2819),.UNSPECIFIED.,.F.,.U.,(6,6),(0.,2.44607299867),.UNSPECIFIED.) ;
#2823=B_SPLINE_CURVE_WITH_KNOTS('',5,(#2824,#2825,#2826,#2827,#2828,#2829),.UNSPECIFIED.,.F.,.U.,(6,6),(2.44607299867,4.8918962006),.UNSPECIFIED.) ;
#2840=B_SPLINE_CURVE_WITH_KNOTS('',5,(#2841,#2842,#2843,#2844,#2845,#2846,#2847,#2848,#2849,#2850,#2851,#2852,#2853,#2854,#2855,#2856,#2857,#2858,#2859,#2860,#2861,#2862,#2863,#2864),.UNSPECIFIED.,.F.,.U.,(6,3,3,3,3,3,3,6),(0.,6.38743764647,8.51447199656,9.57801991686,10.1097950905,10.3756828538,10.5086274534,10.641572053),.UNSPECIFIED.) ;
#2868=B_SPLINE_CURVE_WITH_KNOTS('',5,(#2869,#2870,#2871,#2872,#2873,#2874),.UNSPECIFIED.,.F.,.U.,(6,6),(0.,10.863937953),.UNSPECIFIED.) ;
#2878=B_SPLINE_CURVE_WITH_KNOTS('',5,(#2879,#2880,#2881,#2882,#2883,#2884),.UNSPECIFIED.,.F.,.U.,(6,6),(0.,24.3739121731),.UNSPECIFIED.) ;
#2914=B_SPLINE_CURVE_WITH_KNOTS('',3,(#2915,#2916,#2917,#2918),.UNSPECIFIED.,.F.,.U.,(4,4),(0.,10.9261888411),.UNSPECIFIED.) ;
#2934=B_SPLINE_CURVE_WITH_KNOTS('',5,(#2935,#2936,#2937,#2938,#2939,#2940,#2941,#2942,#2943,#2944,#2945,#2946,#2947,#2948,#2949),.UNSPECIFIED.,.F.,.U.,(6,3,3,3,6),(0.,1.08364080292,1.4395491497,1.61628276825,1.79301957709),.UNSPECIFIED.) ;
#2953=B_SPLINE_CURVE_WITH_KNOTS('',5,(#2954,#2955,#2956,#2957,#2958,#2959,#2960,#2961,#2962,#2963,#2964,#2965,#2966,#2967,#2968),.UNSPECIFIED.,.F.,.U.,(6,3,3,3,6),(0.,1.09160313868,1.44485552832,1.61908179492,1.79331281223),.UNSPECIFIED.) ;
#2972=B_SPLINE_CURVE_WITH_KNOTS('',5,(#2973,#2974,#2975,#2976,#2977,#2978,#2979,#2980,#2981,#2982,#2983,#2984),.UNSPECIFIED.,.F.,.U.,(6,3,3,6),(0.,0.543769417887,0.720971487835,0.896616958173),.UNSPECIFIED.) ;
#2988=B_SPLINE_CURVE_WITH_KNOTS('',5,(#2989,#2990,#2991,#2992,#2993,#2994,#2995,#2996,#2997,#2998,#2999,#3000,#3001,#3002,#3003),.UNSPECIFIED.,.F.,.U.,(6,3,3,3,6),(0.,0.545698644642,0.722320489668,0.809461757759,0.896604234121),.UNSPECIFIED.) ;
#3007=B_SPLINE_CURVE_WITH_KNOTS('',5,(#3008,#3009,#3010,#3011,#3012,#3013,#3014,#3015,#3016,#3017,#3018,#3019),.UNSPECIFIED.,.F.,.U.,(6,3,3,6),(0.,0.547547439732,0.72331169823,0.89687406364),.UNSPECIFIED.) ;
#3023=B_SPLINE_CURVE_WITH_KNOTS('',3,(#3024,#3025,#3026,#3027),.UNSPECIFIED.,.F.,.U.,(4,4),(0.,0.896902257338),.UNSPECIFIED.) ;
#3087=B_SPLINE_CURVE_WITH_KNOTS('',3,(#3088,#3089,#3090,#3091),.UNSPECIFIED.,.F.,.U.,(4,4),(0.,4.94659853217),.UNSPECIFIED.) ;
#3104=B_SPLINE_CURVE_WITH_KNOTS('',3,(#3105,#3106,#3107,#3108),.UNSPECIFIED.,.F.,.U.,(4,4),(0.,4.94589732911),.UNSPECIFIED.) ;
#3112=B_SPLINE_CURVE_WITH_KNOTS('',3,(#3113,#3114,#3115,#3116),.UNSPECIFIED.,.F.,.U.,(4,4),(0.,2.4933360034),.UNSPECIFIED.) ;
#3125=B_SPLINE_CURVE_WITH_KNOTS('',3,(#3126,#3127,#3128,#3129),.UNSPECIFIED.,.F.,.U.,(4,4),(0.,4.01586071983),.UNSPECIFIED.) ;
#3168=B_SPLINE_CURVE_WITH_KNOTS('',5,(#3169,#3170,#3171,#3172,#3173,#3174,#3175,#3176,#3177,#3178,#3179,#3180),.UNSPECIFIED.,.F.,.U.,(6,3,3,6),(0.,1.51206089056,3.02647697193,4.19710825606),.UNSPECIFIED.) ;
#3224=B_SPLINE_CURVE_WITH_KNOTS('',5,(#3225,#3226,#3227,#3228,#3229,#3230,#3231,#3232,#3233,#3234,#3235,#3236),.UNSPECIFIED.,.F.,.U.,(6,3,3,6),(0.,1.03782780848,1.68426193356,2.33069605864),.UNSPECIFIED.) ;
#3264=B_SPLINE_CURVE_WITH_KNOTS('',5,(#3265,#3266,#3267,#3268,#3269,#3270,#3271,#3272,#3273,#3274,#3275,#3276,#3277,#3278,#3279,#3280,#3281,#3282,#3283,#3284,#3285),.UNSPECIFIED.,.F.,.U.,(6,3,3,3,3,3,6),(0.,1.35913608849,2.71827221212,4.07740832889,5.43654444721,6.79568054614,7.57597657697),.UNSPECIFIED.) ;
#3291=B_SPLINE_CURVE_WITH_KNOTS('',5,(#3292,#3293,#3294,#3295,#3296,#3297,#3298,#3299,#3300,#3301,#3302,#3303,#3304,#3305,#3306,#3307,#3308,#3309,#3310,#3311,#3312),.UNSPECIFIED.,.F.,.U.,(6,3,3,3,3,3,6),(0.,1.35913611164,2.71827221787,4.07740831764,5.43654443135,6.79568051806,7.57597649646),.UNSPECIFIED.) ;
#3374=B_SPLINE_CURVE_WITH_KNOTS('',5,(#3375,#3376,#3377,#3378,#3379,#3380,#3381,#3382,#3383,#3384,#3385,#3386,#3387,#3388,#3389,#3390,#3391,#3392,#3393,#3394,#3395,#3396,#3397,#3398,#3399,#3400,#3401),.UNSPECIFIED.,.F.,.U.,(6,3,3,3,3,3,3,3,6),(0.,0.934062744916,1.40365401509,1.89139093868,2.86541295577,3.38669941849,3.92366197884,4.4334807597,6.30516201109),.UNSPECIFIED.) ;
#3407=B_SPLINE_CURVE_WITH_KNOTS('',5,(#3408,#3409,#3410,#3411,#3412,#3413),.UNSPECIFIED.,.F.,.U.,(6,6),(4.54665603008,12.4890224672),.UNSPECIFIED.) ;
#3417=B_SPLINE_CURVE_WITH_KNOTS('',5,(#3418,#3419,#3420,#3421,#3422,#3423,#3424,#3425,#3426),.UNSPECIFIED.,.F.,.U.,(6,3,6),(0.,2.1565953259,4.3131906518),.UNSPECIFIED.) ;
#3430=B_SPLINE_CURVE_WITH_KNOTS('',5,(#3431,#3432,#3433,#3434,#3435,#3436),.UNSPECIFIED.,.F.,.U.,(6,6),(5.51788506543,12.4890224672),.UNSPECIFIED.) ;
#3459=B_SPLINE_CURVE_WITH_KNOTS('',5,(#3460,#3461,#3462,#3463,#3464,#3465,#3466,#3467,#3468,#3469,#3470,#3471,#3472,#3473,#3474,#3475,#3476,#3477,#3478,#3479,#3480),.UNSPECIFIED.,.F.,.U.,(6,3,3,3,3,3,6),(0.,6.89583102191,12.0996763483,12.9456691961,13.5674457582,13.679553901,13.7916620438),.UNSPECIFIED.) ;
#3484=B_SPLINE_CURVE_WITH_KNOTS('',3,(#3485,#3486,#3487,#3488),.UNSPECIFIED.,.F.,.U.,(4,4),(0.,13.8597183969),.UNSPECIFIED.) ;
#3490=B_SPLINE_CURVE_WITH_KNOTS('',5,(#3491,#3492,#3493,#3494,#3495,#3496,#3497,#3498,#3499,#3500,#3501,#3502),.UNSPECIFIED.,.F.,.U.,(6,3,3,6),(0.,1.94102730273,2.96222843023,4.29741541904),.UNSPECIFIED.) ;
#3506=B_SPLINE_CURVE_WITH_KNOTS('',4,(#3507,#3508,#3509,#3510,#3511),.UNSPECIFIED.,.F.,.U.,(5,5),(-7.99886131603,7.99886131603),.UNSPECIFIED.) ;
#3536=B_SPLINE_CURVE_WITH_KNOTS('',3,(#3537,#3538,#3539,#3540),.UNSPECIFIED.,.F.,.U.,(4,4),(0.,12.0025820399),.UNSPECIFIED.) ;
#3587=B_SPLINE_CURVE_WITH_KNOTS('',5,(#3588,#3589,#3590,#3591,#3592,#3593),.UNSPECIFIED.,.F.,.U.,(6,6),(0.,6.78773420761),.UNSPECIFIED.) ;
#3630=B_SPLINE_CURVE_WITH_KNOTS('',5,(#3631,#3632,#3633,#3634,#3635,#3636,#3637,#3638,#3639,#3640,#3641,#3642,#3643,#3644,#3645,#3646,#3647,#3648,#3649,#3650,#3651),.UNSPECIFIED.,.F.,.U.,(6,3,3,3,3,3,6),(0.,1.35913609982,2.7182722238,4.07740832123,5.43654444595,6.79568055119,7.57597655799),.UNSPECIFIED.) ;
#3657=B_SPLINE_CURVE_WITH_KNOTS('',5,(#3658,#3659,#3660,#3661,#3662,#3663,#3664,#3665,#3666,#3667,#3668,#3669,#3670,#3671,#3672,#3673,#3674,#3675,#3676,#3677,#3678),.UNSPECIFIED.,.F.,.U.,(6,3,3,3,3,3,6),(0.,1.35913610545,2.71827222251,4.07740832224,5.43654444106,6.79568053312,7.57597653657),.UNSPECIFIED.) ;
#3703=B_SPLINE_CURVE_WITH_KNOTS('',5,(#3704,#3705,#3706,#3707,#3708,#3709,#3710,#3711,#3712,#3713,#3714,#3715,#3716,#3717,#3718,#3719,#3720,#3721,#3722,#3723,#3724),.UNSPECIFIED.,.F.,.U.,(6,3,3,3,3,3,6),(0.,1.35913610895,2.71827222411,4.07740834072,5.43654447234,6.79568056903,7.57597656737),.UNSPECIFIED.) ;
#3730=B_SPLINE_CURVE_WITH_KNOTS('',5,(#3731,#3732,#3733,#3734,#3735,#3736,#3737,#3738,#3739,#3740,#3741,#3742,#3743,#3744,#3745,#3746,#3747,#3748,#3749,#3750,#3751),.UNSPECIFIED.,.F.,.U.,(6,3,3,3,3,3,6),(0.,1.35913608962,2.71827221646,4.07740834176,5.43654448599,6.79568058526,7.57597659799),.UNSPECIFIED.) ;
#3807=B_SPLINE_CURVE_WITH_KNOTS('',5,(#3808,#3809,#3810,#3811,#3812,#3813,#3814,#3815,#3816,#3817,#3818,#3819,#3820,#3821,#3822,#3823,#3824,#3825,#3826,#3827,#3828),.UNSPECIFIED.,.F.,.U.,(6,3,3,3,3,3,6),(0.,2.77050973116,3.13324736507,3.31461981856,3.40530638347,3.45064995678,3.49599353009),.UNSPECIFIED.) ;
#3834=B_SPLINE_CURVE_WITH_KNOTS('',5,(#3835,#3836,#3837,#3838,#3839,#3840,#3841,#3842,#3843,#3844,#3845,#3846,#3847,#3848,#3849,#3850,#3851,#3852,#3853,#3854,#3855),.UNSPECIFIED.,.F.,.U.,(6,3,3,3,3,3,6),(0.,2.74867848679,3.11625639391,3.30004670058,3.39194204782,3.43788980811,3.4838375684),.UNSPECIFIED.) ;
#3859=B_SPLINE_CURVE_WITH_KNOTS('',5,(#3860,#3861,#3862,#3863,#3864,#3865,#3866,#3867,#3868,#3869,#3870,#3871),.UNSPECIFIED.,.F.,.U.,(6,3,3,6),(0.,2.71346037194,3.1045734898,3.49569564313),.UNSPECIFIED.) ;
#3875=B_SPLINE_CURVE_WITH_KNOTS('',5,(#3876,#3877,#3878,#3879,#3880,#3881,#3882,#3883,#3884,#3885,#3886,#3887,#3888,#3889,#3890,#3891,#3892,#3893,#3894,#3895,#3896),.UNSPECIFIED.,.F.,.U.,(6,3,3,3,3,3,6),(0.,2.86150939083,3.17728841776,3.33518418138,3.41413292665,3.45360730382,3.49308168099),.UNSPECIFIED.) ;
#3900=B_SPLINE_CURVE_WITH_KNOTS('',5,(#3901,#3902,#3903,#3904,#3905,#3906,#3907,#3908,#3909,#3910,#3911,#3912,#3913,#3914,#3915),.UNSPECIFIED.,.F.,.U.,(6,3,3,3,6),(0.,5.60122498154,6.64662017786,6.81369492069,6.98076990083),.UNSPECIFIED.) ;
#3919=B_SPLINE_CURVE_WITH_KNOTS('',3,(#3920,#3921,#3922,#3923),.UNSPECIFIED.,.F.,.U.,(4,4),(0.,6.9436599589),.UNSPECIFIED.) ;
#3927=B_SPLINE_CURVE_WITH_KNOTS('',1,(#3928,#3929),.UNSPECIFIED.,.F.,.U.,(2,2),(0.0920363496153,7.1967224203),.UNSPECIFIED.) ;
#3933=B_SPLINE_CURVE_WITH_KNOTS('',3,(#3934,#3935,#3936,#3937),.UNSPECIFIED.,.F.,.U.,(4,4),(0.000654913764016,8.28521034482),.UNSPECIFIED.) ;
#3941=B_SPLINE_CURVE_WITH_KNOTS('',5,(#3942,#3943,#3944,#3945,#3946,#3947,#3948,#3949,#3950,#3951,#3952,#3953,#3954,#3955,#3956,#3957,#3958,#3959,#3960,#3961,#3962),.UNSPECIFIED.,.F.,.U.,(6,3,3,3,3,3,6),(0.,1.99984471109,2.80683485622,3.47009103738,3.58151392718,3.63722538568,3.69293684418),.UNSPECIFIED.) ;
#3966=B_SPLINE_CURVE_WITH_KNOTS('',4,(#3967,#3968,#3969,#3970,#3971),.UNSPECIFIED.,.F.,.U.,(5,5),(0.,3.65496774451),.UNSPECIFIED.) ;
#3975=B_SPLINE_CURVE_WITH_KNOTS('',4,(#3976,#3977,#3978,#3979,#3980),.UNSPECIFIED.,.F.,.U.,(5,5),(0.,10.3786862984),.UNSPECIFIED.) ;
#3984=B_SPLINE_CURVE_WITH_KNOTS('',4,(#3985,#3986,#3987,#3988,#3989),.UNSPECIFIED.,.F.,.U.,(5,5),(0.,10.6393729135),.UNSPECIFIED.) ;
#3993=B_SPLINE_CURVE_WITH_KNOTS('',5,(#3994,#3995,#3996,#3997,#3998,#3999,#4000,#4001,#4002,#4003,#4004,#4005,#4006,#4007,#4008),.UNSPECIFIED.,.F.,.U.,(6,3,3,3,6),(0.,7.27694848496,7.98714170254,8.34223853107,8.89332517003),.UNSPECIFIED.) ;
#4012=B_SPLINE_CURVE_WITH_KNOTS('',4,(#4013,#4014,#4015,#4016,#4017),.UNSPECIFIED.,.F.,.U.,(5,5),(0.,9.64943106826),.UNSPECIFIED.) ;
#4021=B_SPLINE_CURVE_WITH_KNOTS('',1,(#4022,#4023),.UNSPECIFIED.,.F.,.U.,(2,2),(11.2699331063,15.4314279522),.UNSPECIFIED.) ;
#4027=B_SPLINE_CURVE_WITH_KNOTS('',5,(#4028,#4029,#4030,#4031,#4032,#4033,#4034,#4035,#4036,#4037,#4038,#4039,#4040,#4041,#4042,#4043,#4044,#4045),.UNSPECIFIED.,.F.,.U.,(6,3,3,3,3,6),(0.622889399899,5.16939822016,9.71590580545,14.2624133908,18.8089209761,21.0723242975),.UNSPECIFIED.) ;
#4065=B_SPLINE_CURVE_WITH_KNOTS('',5,(#4066,#4067,#4068,#4069,#4070,#4071,#4072,#4073,#4074,#4075,#4076,#4077,#4078,#4079,#4080,#4081,#4082,#4083),.UNSPECIFIED.,.F.,.U.,(6,3,3,3,3,6),(0.,1.16252121514,2.31553768482,3.45843598261,4.60031762262,5.71312193119),.UNSPECIFIED.) ;
#4089=B_SPLINE_CURVE_WITH_KNOTS('',5,(#4090,#4091,#4092,#4093,#4094,#4095,#4096,#4097,#4098,#4099,#4100,#4101,#4102,#4103,#4104,#4105,#4106,#4107),.UNSPECIFIED.,.F.,.U.,(6,3,3,3,3,6),(0.,1.16724666711,2.30922515833,3.45095210289,4.60014931604,5.71228640305),.UNSPECIFIED.) ;
#4163=B_SPLINE_CURVE_WITH_KNOTS('',5,(#4164,#4165,#4166,#4167,#4168,#4169,#4170,#4171,#4172,#4173,#4174,#4175,#4176,#4177,#4178,#4179,#4180,#4181),.UNSPECIFIED.,.F.,.U.,(6,3,3,3,3,6),(0.,6.51475906165,8.21055305425,9.92896861239,10.3347020535,10.7404360898),.UNSPECIFIED.) ;
#4187=B_SPLINE_CURVE_WITH_KNOTS('',4,(#4188,#4189,#4190,#4191,#4192),.UNSPECIFIED.,.F.,.U.,(5,5),(0.,10.281661093),.UNSPECIFIED.) ;
#4196=B_SPLINE_CURVE_WITH_KNOTS('',5,(#4197,#4198,#4199,#4200,#4201,#4202,#4203,#4204,#4205,#4206,#4207,#4208,#4209,#4210,#4211,#4212,#4213,#4214,#4215,#4216,#4217),.UNSPECIFIED.,.F.,.U.,(6,3,3,3,3,3,6),(0.,2.86633336118,3.26107570884,3.45844935805,3.55713645409,3.60648022699,3.65582399989),.UNSPECIFIED.) ;
#4221=B_SPLINE_CURVE_WITH_KNOTS('',4,(#4222,#4223,#4224,#4225,#4226),.UNSPECIFIED.,.F.,.U.,(5,5),(0.,3.69432799901),.UNSPECIFIED.) ;
#4230=B_SPLINE_CURVE_WITH_KNOTS('',3,(#4231,#4232,#4233,#4234),.UNSPECIFIED.,.F.,.U.,(4,4),(0.,8.28523969203),.UNSPECIFIED.) ;
#4236=B_SPLINE_CURVE_WITH_KNOTS('',1,(#4237,#4238),.UNSPECIFIED.,.F.,.U.,(2,2),(0.0920363481289,7.19672008443),.UNSPECIFIED.) ;
#4242=B_SPLINE_CURVE_WITH_KNOTS('',5,(#4243,#4244,#4245,#4246,#4247,#4248,#4249,#4250,#4251,#4252,#4253,#4254,#4255,#4256,#4257,#4258,#4259,#4260),.UNSPECIFIED.,.F.,.U.,(6,3,3,3,3,6),(0.,4.17732260897,5.55951032398,6.24820149528,6.59254783374,6.93689437219),.UNSPECIFIED.) ;
#4264=B_SPLINE_CURVE_WITH_KNOTS('',5,(#4265,#4266,#4267,#4268,#4269,#4270,#4271,#4272,#4273,#4274,#4275,#4276,#4277,#4278,#4279,#4280,#4281,#4282,#4283,#4284,#4285),.UNSPECIFIED.,.F.,.U.,(6,3,3,3,3,3,6),(0.,4.09568045895,5.5105278681,6.60781806618,6.78791716532,6.87796673556,6.96801630579),.UNSPECIFIED.) ;
#4289=B_SPLINE_CURVE_WITH_KNOTS('',5,(#4290,#4291,#4292,#4293,#4294,#4295,#4296,#4297,#4298,#4299,#4300,#4301),.UNSPECIFIED.,.F.,.U.,(6,3,3,6),(0.,1.98906208234,2.72359000075,3.48945402899),.UNSPECIFIED.) ;
#4305=B_SPLINE_CURVE_WITH_KNOTS('',5,(#4306,#4307,#4308,#4309,#4310,#4311,#4312,#4313,#4314,#4315,#4316,#4317,#4318,#4319,#4320,#4321,#4322,#4323,#4324,#4325,#4326),.UNSPECIFIED.,.F.,.U.,(6,3,3,3,3,3,6),(0.,2.86359288235,3.17532177414,3.33119418624,3.40913150894,3.448100189,3.48706886905),.UNSPECIFIED.) ;
#4330=B_SPLINE_CURVE_WITH_KNOTS('',5,(#4331,#4332,#4333,#4334,#4335,#4336,#4337,#4338,#4339,#4340,#4341,#4342,#4343,#4344,#4345,#4346,#4347,#4348,#4349,#4350,#4351,#4352,#4353,#4354),.UNSPECIFIED.,.F.,.U.,(6,3,3,3,3,3,3,6),(0.,2.14103716272,2.81791818302,3.14797693744,3.31300859146,3.39552453307,3.4367828319,3.47804113073),.UNSPECIFIED.) ;
#4358=B_SPLINE_CURVE_WITH_KNOTS('',3,(#4359,#4360,#4361,#4362),.UNSPECIFIED.,.F.,.U.,(4,4),(0.,3.48676843423),.UNSPECIFIED.) ;
#4366=B_SPLINE_CURVE_WITH_KNOTS('',5,(#4367,#4368,#4369,#4370,#4371,#4372,#4373,#4374,#4375,#4376,#4377,#4378,#4379,#4380,#4381,#4382,#4383,#4384),.UNSPECIFIED.,.F.,.U.,(6,3,3,3,3,6),(16.2332962807,18.4966997244,23.04320922,27.5897187155,32.136228211,36.6827364716),.UNSPECIFIED.) ;
#4386=B_SPLINE_CURVE_WITH_KNOTS('',5,(#4387,#4388,#4389,#4390,#4391,#4392,#4393,#4394,#4395,#4396,#4397,#4398,#4399,#4400,#4401,#4402,#4403,#4404,#4405,#4406,#4407,#4408,#4409,#4410,#4411,#4412,#4413),.UNSPECIFIED.,.F.,.U.,(6,3,3,3,3,3,3,3,6),(0.,5.05779894469,6.93067064272,7.31601165222,7.47052417272,7.54779890696,7.73162824527,9.01843031141,18.6350942031),.UNSPECIFIED.) ;
#4432=B_SPLINE_CURVE_WITH_KNOTS('',5,(#4433,#4434,#4435,#4436,#4437,#4438,#4439,#4440,#4441,#4442,#4443,#4444,#4445,#4446,#4447,#4448,#4449,#4450),.UNSPECIFIED.,.F.,.U.,(6,3,3,3,3,6),(0.,1.16252129717,2.31553763153,3.45843684037,4.60031919273,5.71312299116),.UNSPECIFIED.) ;
#4456=B_SPLINE_CURVE_WITH_KNOTS('',5,(#4457,#4458,#4459,#4460,#4461,#4462,#4463,#4464,#4465,#4466,#4467,#4468,#4469,#4470,#4471,#4472,#4473,#4474),.UNSPECIFIED.,.F.,.U.,(6,3,3,3,3,6),(0.,1.16724673521,2.30922544085,3.45095270425,4.60015002621,5.71228745028),.UNSPECIFIED.) ;
#4486=B_SPLINE_CURVE_WITH_KNOTS('',5,(#4487,#4488,#4489,#4490,#4491,#4492,#4493,#4494,#4495,#4496,#4497,#4498,#4499,#4500,#4501,#4502,#4503,#4504),.UNSPECIFIED.,.F.,.U.,(6,3,3,3,3,6),(0.,1.1897773227,2.37955466939,3.56933202139,4.75910939316,5.79944481313),.UNSPECIFIED.) ;
#4510=B_SPLINE_CURVE_WITH_KNOTS('',5,(#4511,#4512,#4513,#4514,#4515,#4516,#4517,#4518,#4519,#4520,#4521,#4522,#4523,#4524,#4525,#4526,#4527,#4528),.UNSPECIFIED.,.F.,.U.,(6,3,3,3,3,6),(0.,1.18977732879,2.37955467437,3.56933203003,4.75910940567,5.79944482971),.UNSPECIFIED.) ;
#4540=B_SPLINE_CURVE_WITH_KNOTS('',5,(#4541,#4542,#4543,#4544,#4545,#4546,#4547,#4548,#4549,#4550,#4551,#4552,#4553,#4554,#4555,#4556,#4557,#4558),.UNSPECIFIED.,.F.,.U.,(6,3,3,3,3,6),(0.,1.18977732809,2.37955467282,3.569332027,4.75910940119,5.79944482542),.UNSPECIFIED.) ;
#4564=B_SPLINE_CURVE_WITH_KNOTS('',5,(#4565,#4566,#4567,#4568,#4569,#4570,#4571,#4572,#4573,#4574,#4575,#4576,#4577,#4578,#4579,#4580,#4581,#4582),.UNSPECIFIED.,.F.,.U.,(6,3,3,3,3,6),(0.,1.1897773282,2.37955467304,3.56933202754,4.75910940205,5.79944482686),.UNSPECIFIED.) ;
#4614=B_SPLINE_CURVE_WITH_KNOTS('',5,(#4615,#4616,#4617,#4618,#4619,#4620,#4621,#4622,#4623,#4624,#4625,#4626,#4627,#4628,#4629),.UNSPECIFIED.,.F.,.U.,(6,3,3,3,6),(7.74355823892E-05,0.720628353167,1.22364193602,1.72665551888,3.01772998194),.UNSPECIFIED.) ;
#4660=B_SPLINE_CURVE_WITH_KNOTS('',3,(#4661,#4662,#4663,#4664),.UNSPECIFIED.,.F.,.U.,(4,4),(0.,3.10619064084),.UNSPECIFIED.) ;
#4670=B_SPLINE_CURVE_WITH_KNOTS('',3,(#4671,#4672,#4673,#4674),.UNSPECIFIED.,.F.,.U.,(4,4),(0.,3.18169172123),.UNSPECIFIED.) ;
#4678=B_SPLINE_CURVE_WITH_KNOTS('',3,(#4679,#4680,#4681,#4682),.UNSPECIFIED.,.F.,.U.,(4,4),(0.,0.686696451253),.UNSPECIFIED.) ;
#4961=B_SPLINE_CURVE_WITH_KNOTS('',5,(#4962,#4963,#4964,#4965,#4966,#4967,#4968,#4969,#4970,#4971,#4972,#4973),.UNSPECIFIED.,.F.,.U.,(6,3,3,6),(0.,1.78124844776,2.32193824162,2.82366543823),.UNSPECIFIED.) ;
#4979=B_SPLINE_CURVE_WITH_KNOTS('',5,(#4980,#4981,#4982,#4983,#4984,#4985,#4986,#4987,#4988,#4989,#4990,#4991,#4992,#4993,#4994,#4995,#4996,#4997,#4998,#4999,#5000),.UNSPECIFIED.,.F.,.U.,(6,3,3,3,3,3,6),(0.,2.4090438982,2.67964792947,2.81495224246,2.88260444299,2.91643104321,2.95025764342),.UNSPECIFIED.) ;
#5004=B_SPLINE_CURVE_WITH_KNOTS('',4,(#5005,#5006,#5007,#5008,#5009),.UNSPECIFIED.,.F.,.U.,(5,5),(0.,1.7418947227),.UNSPECIFIED.) ;
#5013=B_SPLINE_CURVE_WITH_KNOTS('',5,(#5014,#5015,#5016,#5017,#5018,#5019,#5020,#5021,#5022,#5023,#5024,#5025,#5026,#5027,#5028,#5029,#5030,#5031,#5032,#5033,#5034),.UNSPECIFIED.,.F.,.U.,(6,3,3,3,3,3,6),(0.,1.36651435353,1.54954239531,1.64105692203,1.68681421574,1.70969316361,1.73257211147),.UNSPECIFIED.) ;
#5038=B_SPLINE_CURVE_WITH_KNOTS('',5,(#5039,#5040,#5041,#5042,#5043,#5044,#5045,#5046,#5047,#5048,#5049,#5050,#5051,#5052,#5053,#5054,#5055,#5056),.UNSPECIFIED.,.F.,.U.,(6,3,3,3,3,6),(0.,1.34953772152,1.52466407941,1.6122272909,1.65600904378,1.69979367837),.UNSPECIFIED.) ;
#5060=B_SPLINE_CURVE_WITH_KNOTS('',5,(#5061,#5062,#5063,#5064,#5065,#5066,#5067,#5068,#5069),.UNSPECIFIED.,.F.,.U.,(6,3,6),(0.,0.979447675823,1.60588576344),.UNSPECIFIED.) ;
#5073=B_SPLINE_CURVE_WITH_KNOTS('',4,(#5074,#5075,#5076,#5077,#5078),.UNSPECIFIED.,.F.,.U.,(5,5),(0.803882978633,4.38483407092),.UNSPECIFIED.) ;
#5082=B_SPLINE_CURVE_WITH_KNOTS('',3,(#5083,#5084,#5085,#5086),.UNSPECIFIED.,.F.,.U.,(4,4),(0.,0.803882978633),.UNSPECIFIED.) ;
#5090=B_SPLINE_CURVE_WITH_KNOTS('',5,(#5091,#5092,#5093,#5094,#5095,#5096,#5097,#5098,#5099,#5100,#5101,#5102,#5103,#5104,#5105),.UNSPECIFIED.,.F.,.U.,(6,3,3,3,6),(0.,2.62589470544,3.50326357302,3.94262278684,4.38198246733),.UNSPECIFIED.) ;
#5109=B_SPLINE_CURVE_WITH_KNOTS('',5,(#5110,#5111,#5112,#5113,#5114,#5115,#5116,#5117,#5118),.UNSPECIFIED.,.F.,.U.,(6,3,6),(21.2589931303,31.564795601,35.2428143446),.UNSPECIFIED.) ;
#5120=B_SPLINE_CURVE_WITH_KNOTS('',5,(#5121,#5122,#5123,#5124,#5125,#5126,#5127,#5128,#5129),.UNSPECIFIED.,.F.,.U.,(6,3,6),(0.,1.59132465644,3.18264931288),.UNSPECIFIED.) ;
#5133=B_SPLINE_CURVE_WITH_KNOTS('',5,(#5134,#5135,#5136,#5137,#5138,#5139,#5140,#5141,#5142,#5143,#5144,#5145,#5146,#5147,#5148,#5149,#5150,#5151,#5152,#5153,#5154,#5155,#5156,#5157,#5158,#5159,#5160,#5161,#5162,#5163),.UNSPECIFIED.,.F.,.U.,(6,3,3,3,3,3,3,3,3,6),(21.2591639053,31.564795601,35.8599192877,38.007481131,40.1550429743,43.6144080795,46.5921608304,48.081037206,49.1544337944,49.5699135814),.UNSPECIFIED.) ;
#5185=B_SPLINE_CURVE_WITH_KNOTS('',3,(#5186,#5187,#5188,#5189),.UNSPECIFIED.,.F.,.U.,(4,4),(0.,10.1813545543),.UNSPECIFIED.) ;
#5202=B_SPLINE_CURVE_WITH_KNOTS('',3,(#5203,#5204,#5205,#5206),.UNSPECIFIED.,.F.,.U.,(4,4),(0.,4.96353922688),.UNSPECIFIED.) ;
#5208=B_SPLINE_CURVE_WITH_KNOTS('',3,(#5209,#5210,#5211,#5212),.UNSPECIFIED.,.F.,.U.,(4,4),(0.,3.21365036196),.UNSPECIFIED.) ;
#5216=B_SPLINE_CURVE_WITH_KNOTS('',5,(#5217,#5218,#5219,#5220,#5221,#5222,#5223,#5224,#5225,#5226,#5227,#5228),.UNSPECIFIED.,.F.,.U.,(6,3,3,6),(0.,2.16100672074,2.8390018591,3.4960686469),.UNSPECIFIED.) ;
#5232=B_SPLINE_CURVE_WITH_KNOTS('',3,(#5233,#5234,#5235,#5236),.UNSPECIFIED.,.F.,.U.,(4,4),(0.,0.938395825161),.UNSPECIFIED.) ;
#5247=B_SPLINE_CURVE_WITH_KNOTS('',4,(#5248,#5249,#5250,#5251,#5252),.UNSPECIFIED.,.F.,.U.,(5,5),(0.,11.0066716935),.UNSPECIFIED.) ;
#5277=B_SPLINE_CURVE_WITH_KNOTS('',1,(#5278,#5279),.UNSPECIFIED.,.F.,.U.,(2,2),(0.00940705499146,1.57724955357),.UNSPECIFIED.) ;
#5296=B_SPLINE_CURVE_WITH_KNOTS('',5,(#5297,#5298,#5299,#5300,#5301,#5302,#5303,#5304,#5305,#5306,#5307,#5308,#5309,#5310,#5311,#5312,#5313,#5314),.UNSPECIFIED.,.F.,.U.,(6,3,3,3,3,6),(0.,1.18977732883,2.37955467486,3.56933203048,4.75910940603,5.79944483004),.UNSPECIFIED.) ;
#5320=B_SPLINE_CURVE_WITH_KNOTS('',5,(#5321,#5322,#5323,#5324,#5325,#5326,#5327,#5328,#5329,#5330,#5331,#5332,#5333,#5334,#5335,#5336,#5337,#5338),.UNSPECIFIED.,.F.,.U.,(6,3,3,3,3,6),(0.,1.18977732955,2.37955469263,3.56933204469,4.75910941641,5.79944483614),.UNSPECIFIED.) ;
#5350=B_SPLINE_CURVE_WITH_KNOTS('',5,(#5351,#5352,#5353,#5354,#5355,#5356,#5357,#5358,#5359,#5360,#5361,#5362,#5363,#5364,#5365,#5366,#5367,#5368),.UNSPECIFIED.,.F.,.U.,(6,3,3,3,3,6),(0.,1.18977732948,2.37955469352,3.56933204549,4.75910941643,5.79944483706),.UNSPECIFIED.) ;
#5374=B_SPLINE_CURVE_WITH_KNOTS('',5,(#5375,#5376,#5377,#5378,#5379,#5380,#5381,#5382,#5383,#5384,#5385,#5386,#5387,#5388,#5389,#5390,#5391,#5392),.UNSPECIFIED.,.F.,.U.,(6,3,3,3,3,6),(0.,1.18977732854,2.37955467458,3.56933203026,4.7591094058,5.79944483022),.UNSPECIFIED.) ;
#5404=B_SPLINE_CURVE_WITH_KNOTS('',5,(#5405,#5406,#5407,#5408,#5409,#5410,#5411,#5412,#5413,#5414,#5415,#5416,#5417,#5418,#5419,#5420,#5421,#5422),.UNSPECIFIED.,.F.,.U.,(6,3,3,3,3,6),(0.,1.1848700543,2.36974011417,3.55461017371,4.73948025061,5.7755892283),.UNSPECIFIED.) ;
#5428=B_SPLINE_CURVE_WITH_KNOTS('',5,(#5429,#5430,#5431,#5432,#5433,#5434,#5435,#5436,#5437,#5438,#5439,#5440,#5441,#5442,#5443,#5444,#5445,#5446),.UNSPECIFIED.,.F.,.U.,(6,3,3,3,3,6),(0.,1.18539752883,2.36974125469,3.55961161605,4.74147997963,5.79606649421),.UNSPECIFIED.) ;
#5458=B_SPLINE_CURVE_WITH_KNOTS('',5,(#5459,#5460,#5461,#5462,#5463,#5464,#5465,#5466,#5467,#5468,#5469,#5470,#5471,#5472,#5473,#5474,#5475,#5476),.UNSPECIFIED.,.F.,.U.,(6,3,3,3,3,6),(0.,1.18977732831,2.37955467368,3.56933202821,4.75910940332,5.7994448281),.UNSPECIFIED.) ;
#5482=B_SPLINE_CURVE_WITH_KNOTS('',5,(#5483,#5484,#5485,#5486,#5487,#5488,#5489,#5490,#5491,#5492,#5493,#5494,#5495,#5496,#5497,#5498,#5499,#5500),.UNSPECIFIED.,.F.,.U.,(6,3,3,3,3,6),(0.,1.18977732803,2.37955468521,3.56933203881,4.75910943011,5.7994448623),.UNSPECIFIED.) ;
#5521=B_SPLINE_CURVE_WITH_KNOTS('',5,(#5522,#5523,#5524,#5525,#5526,#5527),.UNSPECIFIED.,.F.,.U.,(6,6),(0.,7.74171882102),.UNSPECIFIED.) ;
#5529=B_SPLINE_CURVE_WITH_KNOTS('',5,(#5530,#5531,#5532,#5533,#5534,#5535),.UNSPECIFIED.,.F.,.U.,(6,6),(0.,7.73222782346),.UNSPECIFIED.) ;
#5549=B_SPLINE_CURVE_WITH_KNOTS('',5,(#5550,#5551,#5552,#5553,#5554,#5555,#5556,#5557,#5558,#5559,#5560,#5561),.UNSPECIFIED.,.F.,.U.,(6,3,3,6),(0.,1.60081114045,2.11246576572,2.62824064231),.UNSPECIFIED.) ;
#5565=B_SPLINE_CURVE_WITH_KNOTS('',5,(#5566,#5567,#5568,#5569,#5570,#5571,#5572,#5573,#5574),.UNSPECIFIED.,.F.,.U.,(6,3,6),(0.,1.45610297337,2.37000709311),.UNSPECIFIED.) ;
#5578=B_SPLINE_CURVE_WITH_KNOTS('',5,(#5579,#5580,#5581,#5582,#5583,#5584,#5585,#5586,#5587,#5588,#5589,#5590,#5591,#5592,#5593),.UNSPECIFIED.,.F.,.U.,(6,3,3,3,6),(0.000857736594652,1.09339879156,1.65359225236,2.84540201691,3.21281585856),.UNSPECIFIED.) ;
#5597=B_SPLINE_CURVE_WITH_KNOTS('',5,(#5598,#5599,#5600,#5601,#5602,#5603),.UNSPECIFIED.,.F.,.U.,(6,6),(0.,3.76937211558),.UNSPECIFIED.) ;
#5614=B_SPLINE_CURVE_WITH_KNOTS('',5,(#5615,#5616,#5617,#5618,#5619,#5620,#5621,#5622,#5623,#5624,#5625,#5626,#5627,#5628,#5629,#5630,#5631,#5632,#5633,#5634,#5635,#5636,#5637,#5638,#5639,#5640,#5641,#5642,#5643,#5644),.UNSPECIFIED.,.F.,.U.,(6,3,3,3,3,3,3,3,3,6),(0.,5.49048607345,7.77519517313,9.83076677319,12.5598478287,16.1228593134,18.8771679865,20.9553135202,25.8805104185,28.5645419494),.UNSPECIFIED.) ;
#5665=B_SPLINE_CURVE_WITH_KNOTS('',3,(#5666,#5667,#5668,#5669),.UNSPECIFIED.,.F.,.U.,(4,4),(0.,0.110844693774),.UNSPECIFIED.) ;
#5673=B_SPLINE_CURVE_WITH_KNOTS('',1,(#5674,#5675),.UNSPECIFIED.,.F.,.U.,(2,2),(0.,2.75297791136),.UNSPECIFIED.) ;
#5679=B_SPLINE_CURVE_WITH_KNOTS('',3,(#5680,#5681,#5682,#5683),.UNSPECIFIED.,.F.,.U.,(4,4),(0.14056329063,2.88434494636),.UNSPECIFIED.) ;
#5687=B_SPLINE_CURVE_WITH_KNOTS('',1,(#5688,#5689),.UNSPECIFIED.,.F.,.U.,(2,2),(0.,2.43814877981),.UNSPECIFIED.) ;
#5718=B_SPLINE_CURVE_WITH_KNOTS('',1,(#5719,#5720),.UNSPECIFIED.,.F.,.U.,(2,2),(0.,2.81225507148),.UNSPECIFIED.) ;
#5724=B_SPLINE_CURVE_WITH_KNOTS('',5,(#5725,#5726,#5727,#5728,#5729,#5730,#5731,#5732,#5733),.UNSPECIFIED.,.F.,.U.,(6,3,6),(0.102463701485,1.29717195011,2.3754646553),.UNSPECIFIED.) ;
#5753=B_SPLINE_CURVE_WITH_KNOTS('',4,(#5754,#5755,#5756,#5757,#5758),.UNSPECIFIED.,.F.,.U.,(5,5),(3.97151396096,4.26475928672),.UNSPECIFIED.) ;
#5780=B_SPLINE_CURVE_WITH_KNOTS('',3,(#5781,#5782,#5783,#5784),.UNSPECIFIED.,.F.,.U.,(4,4),(0.,5.09289592857),.UNSPECIFIED.) ;
#5790=B_SPLINE_CURVE_WITH_KNOTS('',5,(#5791,#5792,#5793,#5794,#5795,#5796,#5797,#5798,#5799,#5800,#5801,#5802,#5803,#5804,#5805),.UNSPECIFIED.,.F.,.U.,(6,3,3,3,6),(0.,2.08818306253,2.33970157194,2.46546085621,2.59122501655),.UNSPECIFIED.) ;
#5809=B_SPLINE_CURVE_WITH_KNOTS('',5,(#5810,#5811,#5812,#5813,#5814,#5815,#5816,#5817,#5818,#5819,#5820,#5821,#5822,#5823,#5824),.UNSPECIFIED.,.F.,.U.,(6,3,3,3,6),(0.,2.12855879222,2.37842100675,2.50335226154,2.62828993237),.UNSPECIFIED.) ;
#5826=B_SPLINE_CURVE_WITH_KNOTS('',3,(#5827,#5828,#5829,#5830),.UNSPECIFIED.,.F.,.U.,(4,4),(0.193595257794,7.4907380426),.UNSPECIFIED.) ;
#5834=B_SPLINE_CURVE_WITH_KNOTS('',1,(#5835,#5836),.UNSPECIFIED.,.F.,.U.,(2,2),(0.,1.84631650714),.UNSPECIFIED.) ;
#5847=B_SPLINE_CURVE_WITH_KNOTS('',3,(#5848,#5849,#5850,#5851),.UNSPECIFIED.,.F.,.U.,(4,4),(0.,5.07507974019),.UNSPECIFIED.) ;
#5857=B_SPLINE_CURVE_WITH_KNOTS('',5,(#5858,#5859,#5860,#5861,#5862,#5863,#5864,#5865,#5866,#5867,#5868,#5869,#5870,#5871,#5872),.UNSPECIFIED.,.F.,.U.,(6,3,3,3,6),(0.,3.08587520317,4.11537686501,4.63013790765,5.14489953791),.UNSPECIFIED.) ;
#5883=B_SPLINE_CURVE_WITH_KNOTS('',3,(#5884,#5885,#5886,#5887),.UNSPECIFIED.,.F.,.U.,(4,4),(0.,10.1813599264),.UNSPECIFIED.) ;
#5891=B_SPLINE_CURVE_WITH_KNOTS('',4,(#5892,#5893,#5894,#5895,#5896),.UNSPECIFIED.,.F.,.U.,(5,5),(0.,11.0092754861),.UNSPECIFIED.) ;
#5898=B_SPLINE_CURVE_WITH_KNOTS('',3,(#5899,#5900,#5901,#5902),.UNSPECIFIED.,.F.,.U.,(4,4),(0.,0.852747543123),.UNSPECIFIED.) ;
#5923=B_SPLINE_CURVE_WITH_KNOTS('',3,(#5924,#5925,#5926,#5927),.UNSPECIFIED.,.F.,.U.,(4,4),(-1.09083118871,1.09083118871),.UNSPECIFIED.) ;
#5940=B_SPLINE_CURVE_WITH_KNOTS('',3,(#5941,#5942,#5943,#5944),.UNSPECIFIED.,.F.,.U.,(4,4),(0.,3.10558017338),.UNSPECIFIED.) ;
#5948=B_SPLINE_CURVE_WITH_KNOTS('',3,(#5949,#5950,#5951,#5952),.UNSPECIFIED.,.F.,.U.,(4,4),(0.,3.09473006381),.UNSPECIFIED.) ;
#5961=B_SPLINE_CURVE_WITH_KNOTS('',3,(#5962,#5963,#5964,#5965),.UNSPECIFIED.,.F.,.U.,(4,4),(-1.09083019612,1.09083019612),.UNSPECIFIED.) ;
#6086=B_SPLINE_CURVE_WITH_KNOTS('',3,(#6087,#6088,#6089,#6090,#6091),.UNSPECIFIED.,.F.,.U.,(4,1,4),(0.000259256621267,0.864494450036,1.51267167515),.UNSPECIFIED.) ;
#6093=B_SPLINE_CURVE_WITH_KNOTS('',3,(#6094,#6095,#6096,#6097,#6098),.UNSPECIFIED.,.F.,.U.,(4,1,4),(0.000258072364822,0.864494450036,1.51271164859),.UNSPECIFIED.) ;
#6130=B_SPLINE_CURVE_WITH_KNOTS('',3,(#6131,#6132,#6133,#6134),.UNSPECIFIED.,.F.,.U.,(4,4),(-1.04815987241E-05,5.51240116229),.UNSPECIFIED.) ;
#6136=B_SPLINE_CURVE_WITH_KNOTS('',3,(#6137,#6138,#6139,#6140,#6141),.UNSPECIFIED.,.F.,.U.,(4,1,4),(0.000159619737132,0.882911948679,1.54490278887),.UNSPECIFIED.) ;
#6201=B_SPLINE_CURVE_WITH_KNOTS('',3,(#6202,#6203,#6204,#6205),.UNSPECIFIED.,.F.,.U.,(4,4),(3.49621589566,6.33288681776),.UNSPECIFIED.) ;
#6211=B_SPLINE_CURVE_WITH_KNOTS('',3,(#6212,#6213,#6214,#6215),.UNSPECIFIED.,.F.,.U.,(4,4),(0.00111803811678,3.49621584852),.UNSPECIFIED.) ;
#6217=B_SPLINE_CURVE_WITH_KNOTS('',3,(#6218,#6219,#6220,#6221,#6222),.UNSPECIFIED.,.F.,.U.,(4,1,4),(0.000349157944866,0.912523562028,1.59670917973),.UNSPECIFIED.) ;
#6224=B_SPLINE_CURVE_WITH_KNOTS('',5,(#6225,#6226,#6227,#6228,#6229,#6230,#6231,#6232,#6233,#6234,#6235,#6236),.UNSPECIFIED.,.F.,.U.,(6,3,3,6),(0.,1.04790704712,1.74025846541,2.43200418977),.UNSPECIFIED.) ;
#6267=B_SPLINE_CURVE_WITH_KNOTS('',3,(#6268,#6269,#6270,#6271,#6272),.UNSPECIFIED.,.F.,.U.,(4,1,4),(0.000258701351512,0.882908665857,1.54494469472),.UNSPECIFIED.) ;
#6308=B_SPLINE_CURVE_WITH_KNOTS('',3,(#6309,#6310,#6311,#6312,#6313),.UNSPECIFIED.,.F.,.U.,(4,1,4),(0.000250405259852,0.864495244339,1.51270901199),.UNSPECIFIED.) ;
#6445=B_SPLINE_CURVE_WITH_KNOTS('',3,(#6446,#6447,#6448,#6449,#6450,#6451,#6452,#6453,#6454,#6455,#6456,#6457),.UNSPECIFIED.,.F.,.U.,(4,1,1,1,1,1,1,1,1,4),(-0.00051079528075,4.72867968706,9.45787016955,11.8224654108,14.1870606519,16.5516558932,18.9162511344,23.645441617,28.3746320994,33.1038225809),.UNSPECIFIED.) ;
#6459=B_SPLINE_CURVE_WITH_KNOTS('',3,(#6460,#6461,#6462,#6463,#6464),.UNSPECIFIED.,.F.,.U.,(4,1,4),(0.000267897386664,0.930494311783,1.62814194412),.UNSPECIFIED.) ;
#6466=B_SPLINE_CURVE_WITH_KNOTS('',5,(#6467,#6468,#6469,#6470,#6471,#6472),.UNSPECIFIED.,.F.,.U.,(6,6),(-0.8139480671,0.8139480671),.UNSPECIFIED.) ;
#6496=B_SPLINE_CURVE_WITH_KNOTS('',5,(#6497,#6498,#6499,#6500,#6501,#6502,#6503,#6504,#6505),.UNSPECIFIED.,.F.,.U.,(6,3,6),(-2.04203522483,0.,2.04203522483),.UNSPECIFIED.) ;
#6565=B_SPLINE_CURVE_WITH_KNOTS('',5,(#6566,#6567,#6568,#6569,#6570,#6571,#6572,#6573,#6574),.UNSPECIFIED.,.F.,.U.,(6,3,6),(0.000727466686483,1.27234456881,2.12611247345),.UNSPECIFIED.) ;
#6617=B_SPLINE_CURVE_WITH_KNOTS('',5,(#6618,#6619,#6620,#6621,#6622,#6623,#6624,#6625,#6626,#6627,#6628,#6629,#6630,#6631,#6632,#6633,#6634,#6635,#6636,#6637,#6638,#6639,#6640,#6641,#6642,#6643,#6644,#6645,#6646,#6647),.UNSPECIFIED.,.F.,.U.,(6,3,3,3,3,3,3,3,3,6),(0.,0.507103251232,1.61460521298,2.25137104317,2.87588599214,4.14132242535,5.56105922006,6.04255998446,7.05130478937,7.62110891552),.UNSPECIFIED.) ;
#6653=B_SPLINE_CURVE_WITH_KNOTS('',5,(#6654,#6655,#6656,#6657,#6658,#6659,#6660,#6661,#6662),.UNSPECIFIED.,.F.,.U.,(6,3,6),(0.,1.77885934783,2.83657131631),.UNSPECIFIED.) ;
#6664=B_SPLINE_CURVE_WITH_KNOTS('',3,(#6665,#6666,#6667,#6668),.UNSPECIFIED.,.F.,.U.,(4,4),(0.,0.392983549585),.UNSPECIFIED.) ;
#6672=B_SPLINE_CURVE_WITH_KNOTS('',5,(#6673,#6674,#6675,#6676,#6677,#6678),.UNSPECIFIED.,.F.,.U.,(6,6),(0.,3.02543676093),.UNSPECIFIED.) ;
#6682=B_SPLINE_CURVE_WITH_KNOTS('',5,(#6683,#6684,#6685,#6686,#6687,#6688,#6689,#6690,#6691,#6692,#6693,#6694,#6695,#6696,#6697),.UNSPECIFIED.,.F.,.U.,(6,3,3,3,6),(0.,1.19727183517,1.34691388851,1.42173493041,1.49656002077),.UNSPECIFIED.) ;
#6701=B_SPLINE_CURVE_WITH_KNOTS('',4,(#6702,#6703,#6704,#6705,#6706),.UNSPECIFIED.,.F.,.U.,(5,5),(0.,0.758467123909),.UNSPECIFIED.) ;
#6710=B_SPLINE_CURVE_WITH_KNOTS('',5,(#6711,#6712,#6713,#6714,#6715,#6716,#6717,#6718,#6719,#6720,#6721,#6722),.UNSPECIFIED.,.F.,.U.,(6,3,3,6),(0.,0.286423486252,0.328966224377,0.371519754338),.UNSPECIFIED.) ;
#6726=B_SPLINE_CURVE_WITH_KNOTS('',5,(#6727,#6728,#6729,#6730,#6731,#6732,#6733,#6734,#6735,#6736,#6737,#6738,#6739,#6740,#6741,#6742,#6743,#6744,#6745,#6746,#6747),.UNSPECIFIED.,.F.,.U.,(6,3,3,3,3,3,6),(0.,0.111981533407,0.281128913176,0.337562058459,0.365779163692,0.379888439261,0.394004852813),.UNSPECIFIED.) ;
#6751=B_SPLINE_CURVE_WITH_KNOTS('',5,(#6752,#6753,#6754,#6755,#6756,#6757),.UNSPECIFIED.,.F.,.U.,(6,6),(0.,4.00548154974),.UNSPECIFIED.) ;
#6776=B_SPLINE_CURVE_WITH_KNOTS('',3,(#6777,#6778,#6779,#6780),.UNSPECIFIED.,.F.,.U.,(4,4),(-0.392722621794,0.392722621794),.UNSPECIFIED.) ;
#6793=B_SPLINE_CURVE_WITH_KNOTS('',3,(#6794,#6795,#6796,#6797),.UNSPECIFIED.,.F.,.U.,(4,4),(0.392722620564,1.17807370708),.UNSPECIFIED.) ;
#6801=B_SPLINE_CURVE_WITH_KNOTS('',3,(#6802,#6803,#6804,#6805),.UNSPECIFIED.,.F.,.U.,(4,4),(-0.392722620564,0.392722620564),.UNSPECIFIED.) ;
#6915=B_SPLINE_CURVE_WITH_KNOTS('',3,(#6916,#6917,#6918,#6919),.UNSPECIFIED.,.F.,.U.,(4,4),(0.,4.94579401903),.UNSPECIFIED.) ;
#6928=B_SPLINE_CURVE_WITH_KNOTS('',3,(#6929,#6930,#6931,#6932),.UNSPECIFIED.,.F.,.U.,(4,4),(0.,2.48990919782),.UNSPECIFIED.) ;
#6985=B_SPLINE_CURVE_WITH_KNOTS('',5,(#6986,#6987,#6988,#6989,#6990,#6991,#6992,#6993,#6994,#6995,#6996,#6997),.UNSPECIFIED.,.F.,.U.,(6,3,3,6),(0.,1.29624099388,2.67282999706,4.47829304562),.UNSPECIFIED.) ;
#7018=B_SPLINE_CURVE_WITH_KNOTS('',5,(#7019,#7020,#7021,#7022,#7023,#7024),.UNSPECIFIED.,.F.,.U.,(6,6),(-1.5707962845,1.5707962845),.UNSPECIFIED.) ;
#7115=B_SPLINE_CURVE_WITH_KNOTS('',5,(#7116,#7117,#7118,#7119,#7120,#7121,#7122,#7123,#7124),.UNSPECIFIED.,.F.,.U.,(6,3,6),(11.118999419,13.198262424,16.1480889805),.UNSPECIFIED.) ;
#7250=B_SPLINE_CURVE_WITH_KNOTS('',5,(#7251,#7252,#7253,#7254,#7255,#7256,#7257,#7258,#7259),.UNSPECIFIED.,.F.,.U.,(6,3,6),(0.,24.8916452625,44.9852521183),.UNSPECIFIED.) ;
#7326=B_SPLINE_CURVE_WITH_KNOTS('',5,(#7327,#7328,#7329,#7330,#7331,#7332),.UNSPECIFIED.,.F.,.U.,(6,6),(0.,7.74317182887),.UNSPECIFIED.) ;
#7387=B_SPLINE_CURVE_WITH_KNOTS('',5,(#7388,#7389,#7390,#7391,#7392,#7393,#7394,#7395,#7396,#7397,#7398,#7399),.UNSPECIFIED.,.F.,.U.,(6,3,3,6),(0.00116161103546,3.97282315176,5.29406392829,6.61534210693),.UNSPECIFIED.) ;
#7403=B_SPLINE_CURVE_WITH_KNOTS('',5,(#7404,#7405,#7406,#7407,#7408,#7409,#7410,#7411,#7412,#7413,#7414,#7415,#7416,#7417,#7418,#7419,#7420,#7421),.UNSPECIFIED.,.F.,.U.,(6,3,3,3,3,6),(0.,3.95235993397,5.26123137744,5.91386814637,6.24018706256,6.56650597875),.UNSPECIFIED.) ;
#7425=B_SPLINE_CURVE_WITH_KNOTS('',5,(#7426,#7427,#7428,#7429,#7430,#7431,#7432,#7433,#7434,#7435,#7436,#7437,#7438,#7439,#7440,#7441,#7442,#7443,#7444,#7445,#7446),.UNSPECIFIED.,.F.,.U.,(6,3,3,3,3,3,6),(0.,3.91621379291,5.20637118428,5.84783559473,6.16856843912,6.32893529901,6.4893021589),.UNSPECIFIED.) ;
#7450=B_SPLINE_CURVE_WITH_KNOTS('',5,(#7451,#7452,#7453,#7454,#7455,#7456),.UNSPECIFIED.,.F.,.U.,(6,6),(0.,6.3736075094),.UNSPECIFIED.) ;
#7547=B_SPLINE_CURVE_WITH_KNOTS('',3,(#7548,#7549,#7550,#7551),.UNSPECIFIED.,.F.,.U.,(4,4),(0.,4.97025860289),.UNSPECIFIED.) ;
#7568=B_SPLINE_CURVE_WITH_KNOTS('',5,(#7569,#7570,#7571,#7572,#7573,#7574),.UNSPECIFIED.,.F.,.U.,(6,6),(0.,4.9705241799),.UNSPECIFIED.) ;
#7620=B_SPLINE_CURVE_WITH_KNOTS('',3,(#7621,#7622,#7623,#7624),.UNSPECIFIED.,.F.,.U.,(4,4),(3.09600836888,9.2388361902),.UNSPECIFIED.) ;
#7626=B_SPLINE_CURVE_WITH_KNOTS('',5,(#7627,#7628,#7629,#7630,#7631,#7632,#7633,#7634,#7635,#7636,#7637,#7638,#7639,#7640,#7641),.UNSPECIFIED.,.F.,.U.,(6,3,3,3,6),(0.,0.880132617899,1.7602652358,2.23956473343,2.71886423107),.UNSPECIFIED.) ;
#7784=B_SPLINE_CURVE_WITH_KNOTS('',5,(#7785,#7786,#7787,#7788,#7789,#7790,#7791,#7792,#7793,#7794,#7795,#7796,#7797,#7798,#7799),.UNSPECIFIED.,.F.,.U.,(6,3,3,3,6),(0.,0.86983333375,1.7396666675,2.24354682607,2.74714340401),.UNSPECIFIED.) ;
#7836=B_SPLINE_CURVE_WITH_KNOTS('',3,(#7837,#7838,#7839,#7840),.UNSPECIFIED.,.F.,.U.,(4,4),(0.00057423454904,4.98825087019),.UNSPECIFIED.) ;
#7842=B_SPLINE_CURVE_WITH_KNOTS('',3,(#7843,#7844,#7845,#7846,#7847),.UNSPECIFIED.,.F.,.U.,(4,1,4),(0.00026315450339,0.925737617816,1.61984346577),.UNSPECIFIED.) ;
#8125=B_SPLINE_CURVE_WITH_KNOTS('',3,(#8126,#8127,#8128,#8129,#8130,#8131,#8132),.UNSPECIFIED.,.F.,.U.,(4,1,1,1,4),(4.64693989194,7.22745983351,10.8193445766,18.003114063,25.186883572),.UNSPECIFIED.) ;
#8157=B_SPLINE_CURVE_WITH_KNOTS('',2,(#8158,#8159,#8160),.UNSPECIFIED.,.F.,.U.,(3,3),(-1.90913826926,1.90913826926),.UNSPECIFIED.) ;
#8195=B_SPLINE_CURVE_WITH_KNOTS('',5,(#8196,#8197,#8198,#8199,#8200,#8201,#8202,#8203,#8204,#8205,#8206,#8207,#8208,#8209,#8210,#8211,#8212,#8213),.UNSPECIFIED.,.F.,.U.,(6,3,3,3,3,6),(0.,0.653706070609,0.872040456289,0.982580008995,1.03785281342,1.09314478513),.UNSPECIFIED.) ;
#8217=B_SPLINE_CURVE_WITH_KNOTS('',3,(#8218,#8219,#8220,#8221),.UNSPECIFIED.,.F.,.U.,(4,4),(0.,1.08455543924),.UNSPECIFIED.) ;
#1505=B_SPLINE_SURFACE_WITH_KNOTS('',3,3,((#1506,#1507,#1508,#1509,#1510,#1511,#1512),(#1513,#1514,#1515,#1516,#1517,#1518,#1519),(#1520,#1521,#1522,#1523,#1524,#1525,#1526),(#1527,#1528,#1529,#1530,#1531,#1532,#1533),(#1534,#1535,#1536,#1537,#1538,#1539,#1540),(#1541,#1542,#1543,#1544,#1545,#1546,#1547),(#1548,#1549,#1550,#1551,#1552,#1553,#1554)),.UNSPECIFIED.,.F.,.F.,.U.,(4,1,1,1,4),(4,1,1,1,4),(4.40673251337,20.131601058,27.8411595942,31.6959388623,35.8648084488),(-0.0755019975598,0.723079824706,1.44709368448,2.17110754425,2.96843124275),.UNSPECIFIED.) ;
#1585=B_SPLINE_SURFACE_WITH_KNOTS('',3,3,((#1586,#1587,#1588,#1589),(#1590,#1591,#1592,#1593),(#1594,#1595,#1596,#1597),(#1598,#1599,#1600,#1601),(#1602,#1603,#1604,#1605)),.UNSPECIFIED.,.F.,.F.,.U.,(4,1,4),(4,4),(-0.0599578107072,0.873455504995,1.58906333588),(10.1292935389,16.2193464937),.UNSPECIFIED.) ;
#1756=B_SPLINE_SURFACE_WITH_KNOTS('',3,3,((#1757,#1758,#1759,#1760),(#1761,#1762,#1763,#1764),(#1765,#1766,#1767,#1768),(#1769,#1770,#1771,#1772),(#1773,#1774,#1775,#1776)),.UNSPECIFIED.,.F.,.F.,.U.,(4,1,4),(4,4),(-0.0629206326383,0.945741455381,1.71909147446),(9.83891667962,15.6207756698),.UNSPECIFIED.) ;
#1897=B_SPLINE_SURFACE_WITH_KNOTS('',3,3,((#1898,#1899,#1900,#1901),(#1902,#1903,#1904,#1905),(#1906,#1907,#1908,#1909),(#1910,#1911,#1912,#1913),(#1914,#1915,#1916,#1917)),.UNSPECIFIED.,.F.,.F.,.U.,(4,1,4),(4,4),(-0.0617935040541,0.965365714028,1.75120811991),(-1.260625671,10.5208133551),.UNSPECIFIED.) ;
#2114=B_SPLINE_SURFACE_WITH_KNOTS('',3,3,((#2115,#2116,#2117,#2118,#2119),(#2120,#2121,#2122,#2123,#2124),(#2125,#2126,#2127,#2128,#2129),(#2130,#2131,#2132,#2133,#2134),(#2135,#2136,#2137,#2138,#2139)),.UNSPECIFIED.,.F.,.F.,.U.,(4,1,4),(4,1,4),(-0.0647085572321,0.862683658111,1.57463473927),(7.71344719003,24.9257127331,43.3861615589),.UNSPECIFIED.) ;
#2270=B_SPLINE_SURFACE_WITH_KNOTS('',5,1,((#2271,#2272),(#2273,#2274),(#2275,#2276),(#2277,#2278),(#2279,#2280),(#2281,#2282),(#2283,#2284),(#2285,#2286),(#2287,#2288),(#2289,#2290),(#2291,#2292),(#2293,#2294)),.UNSPECIFIED.,.F.,.F.,.U.,(6,3,3,6),(2,2),(0.304873086577,6.15853179482,12.0127498269,23.7211896584),(0.,11.2469872912),.UNSPECIFIED.) ;
#2416=B_SPLINE_SURFACE_WITH_KNOTS('',3,3,((#2417,#2418,#2419,#2420),(#2421,#2422,#2423,#2424),(#2425,#2426,#2427,#2428),(#2429,#2430,#2431,#2432),(#2433,#2434,#2435,#2436)),.UNSPECIFIED.,.F.,.F.,.U.,(4,1,4),(4,4),(-0.0609461504056,0.937595443769,1.70184380082),(-0.0599067860638,3.08922041689),.UNSPECIFIED.) ;
#2461=B_SPLINE_SURFACE_WITH_KNOTS('',5,1,((#2462,#2463),(#2464,#2465),(#2466,#2467),(#2468,#2469),(#2470,#2471),(#2472,#2473),(#2474,#2475),(#2476,#2477),(#2478,#2479),(#2480,#2481),(#2482,#2483),(#2484,#2485),(#2486,#2487),(#2488,#2489),(#2490,#2491),(#2492,#2493),(#2494,#2495),(#2496,#2497),(#2498,#2499),(#2500,#2501),(#2502,#2503),(#2504,#2505),(#2506,#2507),(#2508,#2509)),.UNSPECIFIED.,.F.,.F.,.U.,(6,3,3,3,3,3,3,6),(2,2),(0.198559773528,6.07343142847,11.9483031093,23.6980464708,29.5729181515,35.4477898323,41.3226615131,47.1975552702),(0.,41.5551110664),.UNSPECIFIED.) ;
#3319=B_SPLINE_SURFACE_WITH_KNOTS('',5,5,((#3320,#3321,#3322,#3323,#3324,#3325,#3326,#3327,#3328),(#3329,#3330,#3331,#3332,#3333,#3334,#3335,#3336,#3337),(#3338,#3339,#3340,#3341,#3342,#3343,#3344,#3345,#3346),(#3347,#3348,#3349,#3350,#3351,#3352,#3353,#3354,#3355),(#3356,#3357,#3358,#3359,#3360,#3361,#3362,#3363,#3364),(#3365,#3366,#3367,#3368,#3369,#3370,#3371,#3372,#3373)),.UNSPECIFIED.,.F.,.F.,.U.,(6,6),(6,3,6),(4.51241459367,12.4890224672),(0.,2.1565953259,4.3131906518),.UNSPECIFIED.) ;
#3758=B_SPLINE_SURFACE_WITH_KNOTS('',5,1,((#3759,#3760),(#3761,#3762),(#3763,#3764),(#3765,#3766),(#3767,#3768),(#3769,#3770),(#3771,#3772),(#3773,#3774),(#3775,#3776),(#3777,#3778),(#3779,#3780),(#3781,#3782),(#3783,#3784),(#3785,#3786),(#3787,#3788),(#3789,#3790),(#3791,#3792),(#3793,#3794),(#3795,#3796),(#3797,#3798),(#3799,#3800),(#3801,#3802),(#3803,#3804),(#3805,#3806)),.UNSPECIFIED.,.F.,.F.,.U.,(6,3,3,3,3,3,3,6),(2,2),(0.622882028815,5.16939822016,9.71590580545,14.2624133908,18.8089209761,27.9019361467,32.4484437319,36.9954650513),(0.,15.4314279522),.UNSPECIFIED.) ;
#4114=B_SPLINE_SURFACE_WITH_KNOTS('',5,1,((#4115,#4116),(#4117,#4118),(#4119,#4120),(#4121,#4122),(#4123,#4124),(#4125,#4126),(#4127,#4128),(#4129,#4130),(#4131,#4132),(#4133,#4134),(#4135,#4136),(#4137,#4138),(#4139,#4140),(#4141,#4142),(#4143,#4144),(#4145,#4146),(#4147,#4148),(#4149,#4150),(#4151,#4152),(#4153,#4154),(#4155,#4156),(#4157,#4158),(#4159,#4160),(#4161,#4162)),.UNSPECIFIED.,.F.,.F.,.U.,(6,3,3,3,3,3,3,6),(2,2),(0.310148125731,4.85717123784,9.40368073337,18.4966997244,23.04320922,27.5897187155,32.136228211,36.6827364716),(0.,15.431427703),.UNSPECIFIED.) ;
#4690=B_SPLINE_SURFACE_WITH_KNOTS('',5,5,((#4691,#4692,#4693,#4694,#4695,#4696,#4697,#4698,#4699),(#4700,#4701,#4702,#4703,#4704,#4705,#4706,#4707,#4708),(#4709,#4710,#4711,#4712,#4713,#4714,#4715,#4716,#4717),(#4718,#4719,#4720,#4721,#4722,#4723,#4724,#4725,#4726),(#4727,#4728,#4729,#4730,#4731,#4732,#4733,#4734,#4735),(#4736,#4737,#4738,#4739,#4740,#4741,#4742,#4743,#4744),(#4745,#4746,#4747,#4748,#4749,#4750,#4751,#4752,#4753),(#4754,#4755,#4756,#4757,#4758,#4759,#4760,#4761,#4762),(#4763,#4764,#4765,#4766,#4767,#4768,#4769,#4770,#4771),(#4772,#4773,#4774,#4775,#4776,#4777,#4778,#4779,#4780),(#4781,#4782,#4783,#4784,#4785,#4786,#4787,#4788,#4789),(#4790,#4791,#4792,#4793,#4794,#4795,#4796,#4797,#4798),(#4799,#4800,#4801,#4802,#4803,#4804,#4805,#4806,#4807),(#4808,#4809,#4810,#4811,#4812,#4813,#4814,#4815,#4816),(#4817,#4818,#4819,#4820,#4821,#4822,#4823,#4824,#4825),(#4826,#4827,#4828,#4829,#4830,#4831,#4832,#4833,#4834),(#4835,#4836,#4837,#4838,#4839,#4840,#4841,#4842,#4843),(#4844,#4845,#4846,#4847,#4848,#4849,#4850,#4851,#4852),(#4853,#4854,#4855,#4856,#4857,#4858,#4859,#4860,#4861),(#4862,#4863,#4864,#4865,#4866,#4867,#4868,#4869,#4870),(#4871,#4872,#4873,#4874,#4875,#4876,#4877,#4878,#4879),(#4880,#4881,#4882,#4883,#4884,#4885,#4886,#4887,#4888),(#4889,#4890,#4891,#4892,#4893,#4894,#4895,#4896,#4897),(#4898,#4899,#4900,#4901,#4902,#4903,#4904,#4905,#4906),(#4907,#4908,#4909,#4910,#4911,#4912,#4913,#4914,#4915),(#4916,#4917,#4918,#4919,#4920,#4921,#4922,#4923,#4924),(#4925,#4926,#4927,#4928,#4929,#4930,#4931,#4932,#4933),(#4934,#4935,#4936,#4937,#4938,#4939,#4940,#4941,#4942),(#4943,#4944,#4945,#4946,#4947,#4948,#4949,#4950,#4951),(#4952,#4953,#4954,#4955,#4956,#4957,#4958,#4959,#4960)),.UNSPECIFIED.,.F.,.F.,.U.,(6,3,3,3,3,3,3,3,3,6),(6,3,6),(21.2589931303,31.564795601,35.8599192877,38.007481131,40.1550429743,43.6144080795,46.5921608304,48.081037206,49.1544337944,49.5699135814),(0.,1.59132465644,3.18264931288),.UNSPECIFIED.) ;
#5268=B_SPLINE_SURFACE_WITH_KNOTS('',3,1,((#5269,#5270),(#5271,#5272),(#5273,#5274),(#5275,#5276)),.UNSPECIFIED.,.F.,.F.,.U.,(4,4),(2,2),(1.93508488752,6.66310248885),(0.,1.58665660856),.UNSPECIFIED.) ;
#5656=B_SPLINE_SURFACE_WITH_KNOTS('',3,1,((#5657,#5658),(#5659,#5660),(#5661,#5662),(#5663,#5664)),.UNSPECIFIED.,.F.,.F.,.U.,(4,4),(2,2),(0.14056329063,2.88434494636),(0.,2.76949577883),.UNSPECIFIED.) ;
#5699=B_SPLINE_SURFACE_WITH_KNOTS('',5,1,((#5700,#5701),(#5702,#5703),(#5704,#5705),(#5706,#5707),(#5708,#5709),(#5710,#5711),(#5712,#5713),(#5714,#5715),(#5716,#5717)),.UNSPECIFIED.,.F.,.F.,.U.,(6,3,6),(2,2),(0.101679773405,1.29717195011,2.37549245902),(0.,2.84839356731),.UNSPECIFIED.) ;
#5742=B_SPLINE_SURFACE_WITH_KNOTS('',4,1,((#5743,#5744),(#5745,#5746),(#5747,#5748),(#5749,#5750),(#5751,#5752)),.UNSPECIFIED.,.F.,.F.,.U.,(5,5),(2,2),(0.065686797533,4.26475928672),(0.,2.82912860007),.UNSPECIFIED.) ;
#5771=B_SPLINE_SURFACE_WITH_KNOTS('',3,1,((#5772,#5773),(#5774,#5775),(#5776,#5777),(#5778,#5779)),.UNSPECIFIED.,.F.,.F.,.U.,(4,4),(2,2),(0.193595257794,7.4907380426),(0.,2.45277767247),.UNSPECIFIED.) ;
#6060=B_SPLINE_SURFACE_WITH_KNOTS('',3,3,((#6061,#6062,#6063,#6064,#6065),(#6066,#6067,#6068,#6069,#6070),(#6071,#6072,#6073,#6074,#6075),(#6076,#6077,#6078,#6079,#6080),(#6081,#6082,#6083,#6084,#6085)),.UNSPECIFIED.,.F.,.F.,.U.,(4,1,4),(4,1,4),(-0.0605840886333,0.864494450036,1.57362791183),(-0.154074297553,8.78405080111,15.5227951406),.UNSPECIFIED.) ;
#6109=B_SPLINE_SURFACE_WITH_KNOTS('',3,3,((#6110,#6111,#6112,#6113),(#6114,#6115,#6116,#6117),(#6118,#6119,#6120,#6121),(#6122,#6123,#6124,#6125),(#6126,#6127,#6128,#6129)),.UNSPECIFIED.,.F.,.F.,.U.,(4,1,4),(4,4),(-0.0615889920046,0.882911948679,1.60678727903),(-0.0598116265348,5.57214712113),.UNSPECIFIED.) ;
#6180=B_SPLINE_SURFACE_WITH_KNOTS('',3,3,((#6181,#6182,#6183,#6184),(#6185,#6186,#6187,#6188),(#6189,#6190,#6191,#6192),(#6193,#6194,#6195,#6196),(#6197,#6198,#6199,#6200)),.UNSPECIFIED.,.F.,.F.,.U.,(4,1,4),(4,4),(-0.0618450414905,0.912523562028,1.65877778777),(-0.0622196200846,6.39743996214),.UNSPECIFIED.) ;
#6246=B_SPLINE_SURFACE_WITH_KNOTS('',3,3,((#6247,#6248,#6249,#6250),(#6251,#6252,#6253,#6254),(#6255,#6256,#6257,#6258),(#6259,#6260,#6261,#6262),(#6263,#6264,#6265,#6266)),.UNSPECIFIED.,.F.,.F.,.U.,(4,1,4),(4,4),(-0.0615882057223,0.882908665857,1.60678106276),(-0.0597590976055,5.57219723563),.UNSPECIFIED.) ;
#6282=B_SPLINE_SURFACE_WITH_KNOTS('',3,3,((#6283,#6284,#6285,#6286,#6287),(#6288,#6289,#6290,#6291,#6292),(#6293,#6294,#6295,#6296,#6297),(#6298,#6299,#6300,#6301,#6302),(#6303,#6304,#6305,#6306,#6307)),.UNSPECIFIED.,.F.,.F.,.U.,(4,1,4),(4,1,4),(-0.0605837165826,0.864495244339,1.57362891666),(-0.150643331656,6.5886731079,15.5268022641),.UNSPECIFIED.) ;
#6324=B_SPLINE_SURFACE_WITH_KNOTS('',3,3,((#6325,#6326,#6327,#6328,#6329,#6330,#6331,#6332,#6333,#6334),(#6335,#6336,#6337,#6338,#6339,#6340,#6341,#6342,#6343,#6344),(#6345,#6346,#6347,#6348,#6349,#6350,#6351,#6352,#6353,#6354),(#6355,#6356,#6357,#6358,#6359,#6360,#6361,#6362,#6363,#6364),(#6365,#6366,#6367,#6368,#6369,#6370,#6371,#6372,#6373,#6374)),.UNSPECIFIED.,.F.,.F.,.U.,(4,1,4),(4,1,1,1,1,1,1,4),(-0.0597345143344,0.851505761357,1.54993472683),(-0.213756302809,3.04838399766,6.09711131637,9.14583863511,12.1945659538,15.2432932726,18.2920205913,21.5534075208),.UNSPECIFIED.) ;
#6384=B_SPLINE_SURFACE_WITH_KNOTS('',3,3,((#6385,#6386,#6387,#6388,#6389,#6390,#6391,#6392,#6393,#6394,#6395,#6396),(#6397,#6398,#6399,#6400,#6401,#6402,#6403,#6404,#6405,#6406,#6407,#6408),(#6409,#6410,#6411,#6412,#6413,#6414,#6415,#6416,#6417,#6418,#6419,#6420),(#6421,#6422,#6423,#6424,#6425,#6426,#6427,#6428,#6429,#6430,#6431,#6432),(#6433,#6434,#6435,#6436,#6437,#6438,#6439,#6440,#6441,#6442,#6443,#6444)),.UNSPECIFIED.,.F.,.F.,.U.,(4,1,4),(4,1,1,1,1,1,1,1,1,4),(-0.0611544319442,0.930494311783,1.68959251656),(-0.331497503512,4.72867968706,9.45787016955,11.8224654108,14.1870606519,16.5516558932,18.9162511344,23.645441617,28.3746320994,33.4347947438),.UNSPECIFIED.) ;
#6945=B_SPLINE_SURFACE_WITH_KNOTS('',5,1,((#6946,#6947),(#6948,#6949),(#6950,#6951),(#6952,#6953),(#6954,#6955),(#6956,#6957),(#6958,#6959),(#6960,#6961),(#6962,#6963)),.UNSPECIFIED.,.F.,.F.,.U.,(6,3,6),(2,2),(0.158140637468,0.211771999166,14.3229127637),(0.,1.97435482158),.UNSPECIFIED.) ;
#7033=B_SPLINE_SURFACE_WITH_KNOTS('',5,5,((#7034,#7035,#7036,#7037,#7038,#7039,#7040,#7041,#7042),(#7043,#7044,#7045,#7046,#7047,#7048,#7049,#7050,#7051),(#7052,#7053,#7054,#7055,#7056,#7057,#7058,#7059,#7060),(#7061,#7062,#7063,#7064,#7065,#7066,#7067,#7068,#7069),(#7070,#7071,#7072,#7073,#7074,#7075,#7076,#7077,#7078),(#7079,#7080,#7081,#7082,#7083,#7084,#7085,#7086,#7087),(#7088,#7089,#7090,#7091,#7092,#7093,#7094,#7095,#7096),(#7097,#7098,#7099,#7100,#7101,#7102,#7103,#7104,#7105),(#7106,#7107,#7108,#7109,#7110,#7111,#7112,#7113,#7114)),.UNSPECIFIED.,.F.,.F.,.U.,(6,3,6),(6,3,6),(11.118999419,13.198262424,16.1480889805),(0.,1.93301372359,3.86602744717),.UNSPECIFIED.) ;
#7341=B_SPLINE_SURFACE_WITH_KNOTS('',3,3,((#7342,#7343,#7344,#7345),(#7346,#7347,#7348,#7349),(#7350,#7351,#7352,#7353),(#7354,#7355,#7356,#7357),(#7358,#7359,#7360,#7361)),.UNSPECIFIED.,.F.,.F.,.U.,(4,1,4),(4,4),(-0.0618459212225,0.91252757956,1.65878537122),(-0.0634343858558,6.39622527223),.UNSPECIFIED.) ;
#7475=B_SPLINE_SURFACE_WITH_KNOTS('',3,1,((#7476,#7477),(#7478,#7479),(#7480,#7481),(#7482,#7483)),.UNSPECIFIED.,.F.,.F.,.U.,(4,4),(2,2),(0.21027116319,18.7226400685),(0.,3.98646699858),.UNSPECIFIED.) ;
#7599=B_SPLINE_SURFACE_WITH_KNOTS('',3,3,((#7600,#7601,#7602,#7603),(#7604,#7605,#7606,#7607),(#7608,#7609,#7610,#7611),(#7612,#7613,#7614,#7615),(#7616,#7617,#7618,#7619)),.UNSPECIFIED.,.F.,.F.,.U.,(4,1,4),(4,4),(-0.0608400389257,0.925785270791,1.68107641288),(1.83499087699,9.31213753509),.UNSPECIFIED.) ;
#7650=B_SPLINE_SURFACE_WITH_KNOTS('',3,3,((#7651,#7652,#7653,#7654,#7655,#7656,#7657,#7658,#7659),(#7660,#7661,#7662,#7663,#7664,#7665,#7666,#7667,#7668),(#7669,#7670,#7671,#7672,#7673,#7674,#7675,#7676,#7677),(#7678,#7679,#7680,#7681,#7682,#7683,#7684,#7685,#7686),(#7687,#7688,#7689,#7690,#7691,#7692,#7693,#7694,#7695),(#7696,#7697,#7698,#7699,#7700,#7701,#7702,#7703,#7704)),.UNSPECIFIED.,.F.,.F.,.U.,(4,1,1,4),(4,1,1,1,1,1,4),(-0.0623201659878,0.472404740099,0.944743965898,1.71558593022),(-0.212291852908,6.05609066342,12.1121350413,15.1401572303,18.1681794193,19.6821905138,21.379136025),.UNSPECIFIED.) ;
#7729=B_SPLINE_SURFACE_WITH_KNOTS('',3,3,((#7730,#7731,#7732,#7733,#7734,#7735,#7736,#7737,#7738),(#7739,#7740,#7741,#7742,#7743,#7744,#7745,#7746,#7747),(#7748,#7749,#7750,#7751,#7752,#7753,#7754,#7755,#7756),(#7757,#7758,#7759,#7760,#7761,#7762,#7763,#7764,#7765),(#7766,#7767,#7768,#7769,#7770,#7771,#7772,#7773,#7774),(#7775,#7776,#7777,#7778,#7779,#7780,#7781,#7782,#7783)),.UNSPECIFIED.,.F.,.F.,.U.,(4,1,1,4),(4,1,1,1,1,1,4),(-0.0623133963991,0.472451646298,0.944837100245,1.71584612205),(-0.182022047885,1.51403624416,3.02803341316,6.05602775113,9.08402208912,15.1400107651,21.4083234559),.UNSPECIFIED.) ;
#7815=B_SPLINE_SURFACE_WITH_KNOTS('',3,3,((#7816,#7817,#7818,#7819),(#7820,#7821,#7822,#7823),(#7824,#7825,#7826,#7827),(#7828,#7829,#7830,#7831),(#7832,#7833,#7834,#7835)),.UNSPECIFIED.,.F.,.F.,.U.,(4,1,4),(4,4),(-0.0608486592421,0.925737617816,1.68099191543),(-0.0597210178855,5.0478831312),.UNSPECIFIED.) ;
#7873=B_SPLINE_SURFACE_WITH_KNOTS('',3,3,((#7874,#7875,#7876,#7877,#7878,#7879),(#7880,#7881,#7882,#7883,#7884,#7885),(#7886,#7887,#7888,#7889,#7890,#7891),(#7892,#7893,#7894,#7895,#7896,#7897),(#7898,#7899,#7900,#7901,#7902,#7903),(#7904,#7905,#7906,#7907,#7908,#7909)),.UNSPECIFIED.,.F.,.F.,.U.,(4,1,1,4),(4,1,1,4),(-0.0626843637054,0.482170247471,0.964159448075,1.74978517327),(-0.19184457023,9.26384062149,15.4241257051,21.7939429028),.UNSPECIFIED.) ;
#8018=B_SPLINE_SURFACE_WITH_KNOTS('',3,3,((#8019,#8020,#8021,#8022,#8023),(#8024,#8025,#8026,#8027,#8028),(#8029,#8030,#8031,#8032,#8033),(#8034,#8035,#8036,#8037,#8038),(#8039,#8040,#8041,#8042,#8043)),.UNSPECIFIED.,.F.,.F.,.U.,(4,1,4),(4,1,4),(-0.0620915009713,0.945653218341,1.71709742548),(-0.217693673186,9.34115651159,22.0131478815),.UNSPECIFIED.) ;
#8089=B_SPLINE_SURFACE_WITH_KNOTS('',3,3,((#8090,#8091,#8092,#8093,#8094,#8095,#8096),(#8097,#8098,#8099,#8100,#8101,#8102,#8103),(#8104,#8105,#8106,#8107,#8108,#8109,#8110),(#8111,#8112,#8113,#8114,#8115,#8116,#8117),(#8118,#8119,#8120,#8121,#8122,#8123,#8124)),.UNSPECIFIED.,.F.,.F.,.U.,(4,1,4),(4,1,1,1,4),(-0.0651968620434,0.846729346623,1.54728829667),(0.563790421959,7.22745983351,10.8193445766,18.003114063,25.4307152247),.UNSPECIFIED.) ;
#8169=B_SPLINE_SURFACE_WITH_KNOTS('',3,3,((#8170,#8171,#8172,#8173,#8174),(#8175,#8176,#8177,#8178,#8179),(#8180,#8181,#8182,#8183,#8184),(#8185,#8186,#8187,#8188,#8189),(#8190,#8191,#8192,#8193,#8194)),.UNSPECIFIED.,.F.,.F.,.U.,(4,1,4),(4,1,4),(-0.0657763610059,0.85990020836,1.5701952521),(0.585400774844,14.6079125641,33.1914546903),.UNSPECIFIED.) ;
#22=COLOUR_RGB('Colour',0.823529411765,0.823529411765,1.) ;
#53=FACE_OUTER_BOUND('',#50,.T.) ;
#187=FACE_OUTER_BOUND('',#180,.T.) ;
#623=FACE_OUTER_BOUND('',#597,.T.) ;
#670=FACE_OUTER_BOUND('',#663,.T.) ;
#880=FACE_OUTER_BOUND('',#862,.T.) ;
#942=FACE_OUTER_BOUND('',#935,.T.) ;
#966=FACE_OUTER_BOUND('',#961,.T.) ;
#990=FACE_OUTER_BOUND('',#985,.T.) ;
#1072=FACE_OUTER_BOUND('',#1062,.T.) ;
#1408=FACE_OUTER_BOUND('',#1403,.T.) ;
#1503=FACE_OUTER_BOUND('',#1496,.T.) ;
#1583=FACE_OUTER_BOUND('',#1575,.T.) ;
#1638=FACE_OUTER_BOUND('',#1630,.T.) ;
#1754=FACE_OUTER_BOUND('',#1742,.T.) ;
#1835=FACE_OUTER_BOUND('',#1824,.T.) ;
#1882=FACE_OUTER_BOUND('',#1872,.T.) ;
#1895=FACE_OUTER_BOUND('',#1889,.T.) ;
#1940=FACE_OUTER_BOUND('',#1933,.T.) ;
#2051=FACE_OUTER_BOUND('',#2039,.T.) ;
#2181=FACE_OUTER_BOUND('',#2172,.T.) ;
#2227=FACE_OUTER_BOUND('',#2222,.T.) ;
#2251=FACE_OUTER_BOUND('',#2246,.T.) ;
#2268=FACE_OUTER_BOUND('',#2263,.T.) ;
#2414=FACE_OUTER_BOUND('',#2402,.T.) ;
#2459=FACE_OUTER_BOUND('',#2454,.T.) ;
#2778=FACE_OUTER_BOUND('',#2761,.T.) ;
#2898=FACE_OUTER_BOUND('',#2886,.T.) ;
#3041=FACE_OUTER_BOUND('',#3029,.T.) ;
#3080=FACE_OUTER_BOUND('',#3074,.T.) ;
#3140=FACE_OUTER_BOUND('',#3131,.T.) ;
#3196=FACE_OUTER_BOUND('',#3189,.T.) ;
#3244=FACE_OUTER_BOUND('',#3238,.T.) ;
#3263=FACE_OUTER_BOUND('',#3260,.T.) ;
#3443=FACE_OUTER_BOUND('',#3438,.T.) ;
#3520=FACE_OUTER_BOUND('',#3513,.T.) ;
#3552=FACE_OUTER_BOUND('',#3547,.T.) ;
#3610=FACE_OUTER_BOUND('',#3602,.T.) ;
#3629=FACE_OUTER_BOUND('',#3626,.T.) ;
#3702=FACE_OUTER_BOUND('',#3699,.T.) ;
#4064=FACE_OUTER_BOUND('',#4047,.T.) ;
#4431=FACE_OUTER_BOUND('',#4415,.T.) ;
#4533=FACE_OUTER_BOUND('',#4530,.T.) ;
#4587=FACE_OUTER_BOUND('',#4584,.T.) ;
#4653=FACE_OUTER_BOUND('',#4649,.T.) ;
#4688=FACE_OUTER_BOUND('',#4684,.T.) ;
#5178=FACE_OUTER_BOUND('',#5165,.T.) ;
#5266=FACE_OUTER_BOUND('',#5254,.T.) ;
#5289=FACE_OUTER_BOUND('',#5281,.T.) ;
#5343=FACE_OUTER_BOUND('',#5340,.T.) ;
#5397=FACE_OUTER_BOUND('',#5394,.T.) ;
#5451=FACE_OUTER_BOUND('',#5448,.T.) ;
#5505=FACE_OUTER_BOUND('',#5502,.T.) ;
#5542=FACE_OUTER_BOUND('',#5537,.T.) ;
#5654=FACE_OUTER_BOUND('',#5646,.T.) ;
#5697=FACE_OUTER_BOUND('',#5691,.T.) ;
#5740=FACE_OUTER_BOUND('',#5735,.T.) ;
#5769=FACE_OUTER_BOUND('',#5760,.T.) ;
#5845=FACE_OUTER_BOUND('',#5838,.T.) ;
#5916=FACE_OUTER_BOUND('',#5904,.T.) ;
#5974=FACE_OUTER_BOUND('',#5967,.T.) ;
#6011=FACE_OUTER_BOUND('',#6005,.T.) ;
#6029=FACE_OUTER_BOUND('',#6023,.T.) ;
#6051=FACE_OUTER_BOUND('',#6046,.T.) ;
#6058=FACE_OUTER_BOUND('',#6053,.T.) ;
#6107=FACE_OUTER_BOUND('',#6100,.T.) ;
#6149=FACE_OUTER_BOUND('',#6143,.T.) ;
#6171=FACE_OUTER_BOUND('',#6166,.T.) ;
#6178=FACE_OUTER_BOUND('',#6173,.T.) ;
#6244=FACE_OUTER_BOUND('',#6238,.T.) ;
#6280=FACE_OUTER_BOUND('',#6274,.T.) ;
#6322=FACE_OUTER_BOUND('',#6315,.T.) ;
#6382=FACE_OUTER_BOUND('',#6375,.T.) ;
#6480=FACE_OUTER_BOUND('',#6474,.T.) ;
#6512=FACE_OUTER_BOUND('',#6507,.T.) ;
#6524=FACE_OUTER_BOUND('',#6519,.T.) ;
#6582=FACE_OUTER_BOUND('',#6576,.T.) ;
#6769=FACE_OUTER_BOUND('',#6759,.T.) ;
#6826=FACE_OUTER_BOUND('',#6819,.T.) ;
#6849=FACE_OUTER_BOUND('',#6843,.T.) ;
#6871=FACE_OUTER_BOUND('',#6866,.T.) ;
#6889=FACE_OUTER_BOUND('',#6883,.T.) ;
#6913=FACE_OUTER_BOUND('',#6908,.T.) ;
#6943=FACE_OUTER_BOUND('',#6934,.T.) ;
#6971=FACE_OUTER_BOUND('',#6964,.T.) ;
#7004=FACE_OUTER_BOUND('',#6999,.T.) ;
#7031=FACE_OUTER_BOUND('',#7026,.T.) ;
#7131=FACE_OUTER_BOUND('',#7126,.T.) ;
#7162=FACE_OUTER_BOUND('',#7157,.T.) ;
#7174=FACE_OUTER_BOUND('',#7169,.T.) ;
#7205=FACE_OUTER_BOUND('',#7200,.T.) ;
#7217=FACE_OUTER_BOUND('',#7212,.T.) ;
#7248=FACE_OUTER_BOUND('',#7243,.T.) ;
#7278=FACE_OUTER_BOUND('',#7268,.T.) ;
#7307=FACE_OUTER_BOUND('',#7302,.T.) ;
#7324=FACE_OUTER_BOUND('',#7319,.T.) ;
#7339=FACE_OUTER_BOUND('',#7334,.T.) ;
#7368=FACE_OUTER_BOUND('',#7362,.T.) ;
#7473=FACE_OUTER_BOUND('',#7458,.T.) ;
#7497=FACE_OUTER_BOUND('',#7484,.T.) ;
#7519=FACE_OUTER_BOUND('',#7509,.T.) ;
#7540=FACE_OUTER_BOUND('',#7531,.T.) ;
#7561=FACE_OUTER_BOUND('',#7553,.T.) ;
#7580=FACE_OUTER_BOUND('',#7576,.T.) ;
#7597=FACE_OUTER_BOUND('',#7587,.T.) ;
#7648=FACE_OUTER_BOUND('',#7643,.T.) ;
#7717=FACE_OUTER_BOUND('',#7705,.T.) ;
#7727=FACE_OUTER_BOUND('',#7724,.T.) ;
#7813=FACE_OUTER_BOUND('',#7801,.T.) ;
#7854=FACE_OUTER_BOUND('',#7849,.T.) ;
#7871=FACE_OUTER_BOUND('',#7866,.T.) ;
#7920=FACE_OUTER_BOUND('',#7910,.T.) ;
#7943=FACE_OUTER_BOUND('',#7937,.T.) ;
#7962=FACE_OUTER_BOUND('',#7955,.T.) ;
#7986=FACE_OUTER_BOUND('',#7979,.T.) ;
#7994=FACE_OUTER_BOUND('',#7988,.T.) ;
#8005=FACE_OUTER_BOUND('',#8001,.T.) ;
#8016=FACE_OUTER_BOUND('',#8007,.T.) ;
#8052=FACE_OUTER_BOUND('',#8044,.T.) ;
#8077=FACE_OUTER_BOUND('',#8069,.T.) ;
#8087=FACE_OUTER_BOUND('',#8079,.T.) ;
#8145=FACE_OUTER_BOUND('',#8134,.T.) ;
#8167=FACE_OUTER_BOUND('',#8162,.T.) ;
#8231=FACE_OUTER_BOUND('',#8223,.T.) ;
#8249=FACE_OUTER_BOUND('',#8238,.T.) ;
#8282=FACE_OUTER_BOUND('',#8270,.T.) ;
#8289=FACE_OUTER_BOUND('',#8284,.T.) ;
#8311=FACE_OUTER_BOUND('',#8306,.T.) ;
#8325=FACE_OUTER_BOUND('',#8313,.T.) ;
#8347=FACE_OUTER_BOUND('',#8342,.T.) ;
#8361=FACE_OUTER_BOUND('',#8349,.T.) ;
#8376=FACE_OUTER_BOUND('',#8368,.T.) ;
#8384=FACE_OUTER_BOUND('',#8378,.T.) ;
#8400=FACE_OUTER_BOUND('',#8386,.T.) ;
#8430=FACE_OUTER_BOUND('',#8425,.T.) ;
#8437=FACE_OUTER_BOUND('',#8432,.T.) ;
#8449=FACE_OUTER_BOUND('',#8444,.T.) ;
#8461=FACE_OUTER_BOUND('',#8456,.T.) ;
#8474=FACE_OUTER_BOUND('',#8468,.T.) ;
#8496=FACE_OUTER_BOUND('',#8491,.T.) ;
#8503=FACE_OUTER_BOUND('',#8498,.T.) ;
#8525=FACE_OUTER_BOUND('',#8520,.T.) ;
#8532=FACE_OUTER_BOUND('',#8527,.T.) ;
#9=PRODUCT_CATEGORY_RELATIONSHIP(' ',' ',#7,#8) ;
#6=PRODUCT_DEFINITION_FORMATION_WITH_SPECIFIED_SOURCE('ANY',' ',#5,.NOT_KNOWN.) ;
#20=SHAPE_DEFINITION_REPRESENTATION(#11,#19) ;
#4633=(BOUNDED_CURVE()B_SPLINE_CURVE(3,(#4634,#4635,#4636,#4637),.UNSPECIFIED.,.F.,.U.)B_SPLINE_CURVE_WITH_KNOTS((4,4),(-0.00063814903521,0.891480686775),.UNSPECIFIED.)CURVE()GEOMETRIC_REPRESENTATION_ITEM()RATIONAL_B_SPLINE_CURVE((1.00005790284,0.956003698528,0.95598438842,0.999999972518))REPRESENTATION_ITEM('')) ;
#4641=(BOUNDED_CURVE()B_SPLINE_CURVE(3,(#4642,#4643,#4644,#4645,#4646,#4647),.UNSPECIFIED.,.F.,.U.)B_SPLINE_CURVE_WITH_KNOTS((4,1,1,4),(-0.000386420806698,0.96307723787,1.20394384198,1.92651495898),.UNSPECIFIED.)CURVE()GEOMETRIC_REPRESENTATION_ITEM()RATIONAL_B_SPLINE_CURVE((0.999999972518,0.999999971975,0.999999980315,0.999999995202,0.99999999999,1.))REPRESENTATION_ITEM('')) ;
#6543=(BOUNDED_CURVE()B_SPLINE_CURVE(3,(#6544,#6545,#6546,#6547),.UNSPECIFIED.,.F.,.U.)B_SPLINE_CURVE_WITH_KNOTS((4,4),(0.13926950621,0.359579070481),.UNSPECIFIED.)CURVE()GEOMETRIC_REPRESENTATION_ITEM()RATIONAL_B_SPLINE_CURVE((0.999999999955,0.999999999954,0.999999999953,0.999999999951))REPRESENTATION_ITEM('')) ;
#6553=(BOUNDED_CURVE()B_SPLINE_CURVE(3,(#6554,#6555,#6556,#6557),.UNSPECIFIED.,.F.,.U.)B_SPLINE_CURVE_WITH_KNOTS((4,4),(0.0333440230601,0.139269506231),.UNSPECIFIED.)CURVE()GEOMETRIC_REPRESENTATION_ITEM()RATIONAL_B_SPLINE_CURVE((0.999999979699,0.999999979705,0.999999979687,0.999999979644))REPRESENTATION_ITEM('')) ;
#6559=(BOUNDED_CURVE()B_SPLINE_CURVE(3,(#6560,#6561,#6562,#6563),.UNSPECIFIED.,.F.,.U.)B_SPLINE_CURVE_WITH_KNOTS((4,4),(0.0333569492432,0.345168837021),.UNSPECIFIED.)CURVE()GEOMETRIC_REPRESENTATION_ITEM()RATIONAL_B_SPLINE_CURVE((1.00007723891,1.00007716663,1.00007790154,1.00007944227))REPRESENTATION_ITEM('')) ;
#4589=(BOUNDED_SURFACE()B_SPLINE_SURFACE(3,3,((#4590,#4591,#4592,#4593),(#4594,#4595,#4596,#4597),(#4598,#4599,#4600,#4601),(#4602,#4603,#4604,#4605),(#4606,#4607,#4608,#4609),(#4610,#4611,#4612,#4613)),.UNSPECIFIED.,.F.,.F.,.U.)B_SPLINE_SURFACE_WITH_KNOTS((4,1,1,4),(4,4),(-0.088883580034,0.96307723787,1.20394384198,1.92654365433),(-0.0380110386067,0.92907482043),.UNSPECIFIED.)GEOMETRIC_REPRESENTATION_ITEM()RATIONAL_B_SPLINE_SURFACE(((1.00575453246,0.954636684963,0.954627702525,1.00572758515),(1.00620118187,0.951115721675,0.951106042048,1.00617214299),(1.00431853146,0.965956764639,0.965950023702,1.00429830865),(1.00101634357,0.991988104397,0.991986517954,1.00101158423),(1.00000235258,0.999981454436,0.999981450764,1.00000234157),(1.,1.,1.,1.)))REPRESENTATION_ITEM('Rational BSpline Surface')SURFACE()) ;
#6526=(BOUNDED_SURFACE()B_SPLINE_SURFACE(3,3,((#6527,#6528,#6529,#6530),(#6531,#6532,#6533,#6534),(#6535,#6536,#6537,#6538),(#6539,#6540,#6541,#6542)),.UNSPECIFIED.,.F.,.F.,.U.)B_SPLINE_SURFACE_WITH_KNOTS((4,4),(4,4),(-0.0833502786797,0.475410206285),(-0.0655602967135,1.58025506883),.UNSPECIFIED.)GEOMETRIC_REPRESENTATION_ITEM()RATIONAL_B_SPLINE_SURFACE(((1.00588482656,0.95377007036,0.953802604719,1.00598242963),(1.00579293693,0.954491935494,0.954523961841,1.00588901597),(1.00589758508,0.953669842134,0.953702447033,1.00599539978),(1.0061981837,0.951308404126,0.951342670888,1.00630098399)))REPRESENTATION_ITEM('Rational BSpline Surface')SURFACE()) ;
#6584=(BOUNDED_SURFACE()B_SPLINE_SURFACE(3,3,((#6585,#6586,#6587,#6588),(#6589,#6590,#6591,#6592),(#6593,#6594,#6595,#6596),(#6597,#6598,#6599,#6600),(#6601,#6602,#6603,#6604),(#6605,#6606,#6607,#6608),(#6609,#6610,#6611,#6612),(#6613,#6614,#6615,#6616)),.UNSPECIFIED.,.F.,.F.,.U.)B_SPLINE_SURFACE_WITH_KNOTS((4,1,1,1,1,4),(4,4),(-3.46947133467E-05,0.0391358206105,1.88015004082,2.50687828602,4.9354502361,5.09380885149),(-0.11152148836,2.55399619503),.UNSPECIFIED.)GEOMETRIC_REPRESENTATION_ITEM()RATIONAL_B_SPLINE_SURFACE(((1.00594525473,0.952658828807,0.952647482799,1.00591121671),(1.00593331077,0.952753936812,0.952742613597,1.00589934112),(1.00679505047,0.945892032885,0.945879065114,1.00675614716),(1.009375014,0.925348170451,0.925330279042,1.00932133978),(1.01603301506,0.872331507273,0.87230090964,1.01594122216),(1.02121288847,0.831084952695,0.831044469718,1.02109143953),(1.02591430792,0.793648255123,0.793598799889,1.02576594223),(1.02473113044,0.803069719863,0.803022522622,1.02458953872)))REPRESENTATION_ITEM('Rational BSpline Surface')SURFACE()) ;
#12=(LENGTH_UNIT()NAMED_UNIT(*)SI_UNIT(.MILLI.,.METRE.)) ;
#13=(NAMED_UNIT(*)PLANE_ANGLE_UNIT()SI_UNIT($,.RADIAN.)) ;
#14=(NAMED_UNIT(*)SI_UNIT($,.STERADIAN.)SOLID_ANGLE_UNIT()) ;
#16=(GEOMETRIC_REPRESENTATION_CONTEXT(3)GLOBAL_UNCERTAINTY_ASSIGNED_CONTEXT((#15))GLOBAL_UNIT_ASSIGNED_CONTEXT((#12,#13,#14))REPRESENTATION_CONTEXT(' ',' ')) ;
ENDSEC;
END-ISO-10303-21;
